trade_date,family,field,quality,reason,count,source_path,source_sha256,knowledge_lineage,AS_RECORDED,PIT_ELIGIBLE
2026-09-28,CORE,amount_ratio20,KNOWN,,5200,docs/evidence/r4_3_four_session_closeout_20261009/owner_v3/owners/2026-09-28/core.jsonl.gz,1d4dc8dfd74361f02a1eefe002e74f4838a37e54b1a1de04ab57adcf92e68841,RECONSTRUCTED_CORRECTED,False,False
2026-09-28,CORE,amount_ratio20,UNKNOWN,"""CURRENT_BAR_UNAVAILABLE""",12,docs/evidence/r4_3_four_session_closeout_20261009/owner_v3/owners/2026-09-28/core.jsonl.gz,1d4dc8dfd74361f02a1eefe002e74f4838a37e54b1a1de04ab57adcf92e68841,RECONSTRUCTED_CORRECTED,False,False
2026-09-28,CORE,amount_ratio20,UNKNOWN,"""INSUFFICIENT_HISTORY""",10,docs/evidence/r4_3_four_session_closeout_20261009/owner_v3/owners/2026-09-28/core.jsonl.gz,1d4dc8dfd74361f02a1eefe002e74f4838a37e54b1a1de04ab57adcf92e68841,RECONSTRUCTED_CORRECTED,False,False
2026-09-28,CORE,amount_ratio5,KNOWN,,5209,docs/evidence/r4_3_four_session_closeout_20261009/owner_v3/owners/2026-09-28/core.jsonl.gz,1d4dc8dfd74361f02a1eefe002e74f4838a37e54b1a1de04ab57adcf92e68841,RECONSTRUCTED_CORRECTED,False,False
2026-09-28,CORE,amount_ratio5,UNKNOWN,"""CURRENT_BAR_UNAVAILABLE""",12,docs/evidence/r4_3_four_session_closeout_20261009/owner_v3/owners/2026-09-28/core.jsonl.gz,1d4dc8dfd74361f02a1eefe002e74f4838a37e54b1a1de04ab57adcf92e68841,RECONSTRUCTED_CORRECTED,False,False
2026-09-28,CORE,amount_ratio5,UNKNOWN,"""INSUFFICIENT_HISTORY""",1,docs/evidence/r4_3_four_session_closeout_20261009/owner_v3/owners/2026-09-28/core.jsonl.gz,1d4dc8dfd74361f02a1eefe002e74f4838a37e54b1a1de04ab57adcf92e68841,RECONSTRUCTED_CORRECTED,False,False
2026-09-28,CORE,atr20,KNOWN,,5212,docs/evidence/r4_3_four_session_closeout_20261009/owner_v3/owners/2026-09-28/core.jsonl.gz,1d4dc8dfd74361f02a1eefe002e74f4838a37e54b1a1de04ab57adcf92e68841,RECONSTRUCTED_CORRECTED,False,False
2026-09-28,CORE,atr20,UNKNOWN,"""INSUFFICIENT_HISTORY""",10,docs/evidence/r4_3_four_session_closeout_20261009/owner_v3/owners/2026-09-28/core.jsonl.gz,1d4dc8dfd74361f02a1eefe002e74f4838a37e54b1a1de04ab57adcf92e68841,RECONSTRUCTED_CORRECTED,False,False
2026-09-28,CORE,atr5,KNOWN,,5221,docs/evidence/r4_3_four_session_closeout_20261009/owner_v3/owners/2026-09-28/core.jsonl.gz,1d4dc8dfd74361f02a1eefe002e74f4838a37e54b1a1de04ab57adcf92e68841,RECONSTRUCTED_CORRECTED,False,False
2026-09-28,CORE,atr5,UNKNOWN,"""INSUFFICIENT_HISTORY""",1,docs/evidence/r4_3_four_session_closeout_20261009/owner_v3/owners/2026-09-28/core.jsonl.gz,1d4dc8dfd74361f02a1eefe002e74f4838a37e54b1a1de04ab57adcf92e68841,RECONSTRUCTED_CORRECTED,False,False
2026-09-28,CORE,atr_ratio,KNOWN,,5212,docs/evidence/r4_3_four_session_closeout_20261009/owner_v3/owners/2026-09-28/core.jsonl.gz,1d4dc8dfd74361f02a1eefe002e74f4838a37e54b1a1de04ab57adcf92e68841,RECONSTRUCTED_CORRECTED,False,False
2026-09-28,CORE,atr_ratio,UNKNOWN,"""INSUFFICIENT_HISTORY""",10,docs/evidence/r4_3_four_session_closeout_20261009/owner_v3/owners/2026-09-28/core.jsonl.gz,1d4dc8dfd74361f02a1eefe002e74f4838a37e54b1a1de04ab57adcf92e68841,RECONSTRUCTED_CORRECTED,False,False
2026-09-28,CORE,clv,KNOWN,,5207,docs/evidence/r4_3_four_session_closeout_20261009/owner_v3/owners/2026-09-28/core.jsonl.gz,1d4dc8dfd74361f02a1eefe002e74f4838a37e54b1a1de04ab57adcf92e68841,RECONSTRUCTED_CORRECTED,False,False
2026-09-28,CORE,clv,UNKNOWN,"""CURRENT_BAR_UNAVAILABLE""",12,docs/evidence/r4_3_four_session_closeout_20261009/owner_v3/owners/2026-09-28/core.jsonl.gz,1d4dc8dfd74361f02a1eefe002e74f4838a37e54b1a1de04ab57adcf92e68841,RECONSTRUCTED_CORRECTED,False,False
2026-09-28,CORE,clv,UNKNOWN,"""ZERO_DENOMINATOR""",3,docs/evidence/r4_3_four_session_closeout_20261009/owner_v3/owners/2026-09-28/core.jsonl.gz,1d4dc8dfd74361f02a1eefe002e74f4838a37e54b1a1de04ab57adcf92e68841,RECONSTRUCTED_CORRECTED,False,False
2026-09-28,CORE,core_price_damage,KNOWN,,5199,docs/evidence/r4_3_four_session_closeout_20261009/owner_v3/owners/2026-09-28/core.jsonl.gz,1d4dc8dfd74361f02a1eefe002e74f4838a37e54b1a1de04ab57adcf92e68841,RECONSTRUCTED_CORRECTED,False,False
2026-09-28,CORE,core_price_damage,UNKNOWN,"""MISSING_OR_SUSPENDED_ENDPOINT""",13,docs/evidence/r4_3_four_session_closeout_20261009/owner_v3/owners/2026-09-28/core.jsonl.gz,1d4dc8dfd74361f02a1eefe002e74f4838a37e54b1a1de04ab57adcf92e68841,RECONSTRUCTED_CORRECTED,False,False
2026-09-28,CORE,core_price_damage,UNKNOWN,"""INSUFFICIENT_HISTORY""",10,docs/evidence/r4_3_four_session_closeout_20261009/owner_v3/owners/2026-09-28/core.jsonl.gz,1d4dc8dfd74361f02a1eefe002e74f4838a37e54b1a1de04ab57adcf92e68841,RECONSTRUCTED_CORRECTED,False,False
2026-09-28,CORE,hh_progress,KNOWN,,5219,docs/evidence/r4_3_four_session_closeout_20261009/owner_v3/owners/2026-09-28/core.jsonl.gz,1d4dc8dfd74361f02a1eefe002e74f4838a37e54b1a1de04ab57adcf92e68841,RECONSTRUCTED_CORRECTED,False,False
2026-09-28,CORE,hh_progress,UNKNOWN,"""INSUFFICIENT_HISTORY""",3,docs/evidence/r4_3_four_session_closeout_20261009/owner_v3/owners/2026-09-28/core.jsonl.gz,1d4dc8dfd74361f02a1eefe002e74f4838a37e54b1a1de04ab57adcf92e68841,RECONSTRUCTED_CORRECTED,False,False
2026-09-28,CORE,hhv20,KNOWN,,5212,docs/evidence/r4_3_four_session_closeout_20261009/owner_v3/owners/2026-09-28/core.jsonl.gz,1d4dc8dfd74361f02a1eefe002e74f4838a37e54b1a1de04ab57adcf92e68841,RECONSTRUCTED_CORRECTED,False,False
2026-09-28,CORE,hhv20,UNKNOWN,"""INSUFFICIENT_HISTORY""",10,docs/evidence/r4_3_four_session_closeout_20261009/owner_v3/owners/2026-09-28/core.jsonl.gz,1d4dc8dfd74361f02a1eefe002e74f4838a37e54b1a1de04ab57adcf92e68841,RECONSTRUCTED_CORRECTED,False,False
2026-09-28,CORE,hhv5,KNOWN,,5221,docs/evidence/r4_3_four_session_closeout_20261009/owner_v3/owners/2026-09-28/core.jsonl.gz,1d4dc8dfd74361f02a1eefe002e74f4838a37e54b1a1de04ab57adcf92e68841,RECONSTRUCTED_CORRECTED,False,False
2026-09-28,CORE,hhv5,UNKNOWN,"""INSUFFICIENT_HISTORY""",1,docs/evidence/r4_3_four_session_closeout_20261009/owner_v3/owners/2026-09-28/core.jsonl.gz,1d4dc8dfd74361f02a1eefe002e74f4838a37e54b1a1de04ab57adcf92e68841,RECONSTRUCTED_CORRECTED,False,False
2026-09-28,CORE,hhv60,KNOWN,,5199,docs/evidence/r4_3_four_session_closeout_20261009/owner_v3/owners/2026-09-28/core.jsonl.gz,1d4dc8dfd74361f02a1eefe002e74f4838a37e54b1a1de04ab57adcf92e68841,RECONSTRUCTED_CORRECTED,False,False
2026-09-28,CORE,hhv60,UNKNOWN,"""INSUFFICIENT_HISTORY""",23,docs/evidence/r4_3_four_session_closeout_20261009/owner_v3/owners/2026-09-28/core.jsonl.gz,1d4dc8dfd74361f02a1eefe002e74f4838a37e54b1a1de04ab57adcf92e68841,RECONSTRUCTED_CORRECTED,False,False
2026-09-28,CORE,ll_progress,KNOWN,,5219,docs/evidence/r4_3_four_session_closeout_20261009/owner_v3/owners/2026-09-28/core.jsonl.gz,1d4dc8dfd74361f02a1eefe002e74f4838a37e54b1a1de04ab57adcf92e68841,RECONSTRUCTED_CORRECTED,False,False
2026-09-28,CORE,ll_progress,UNKNOWN,"""INSUFFICIENT_HISTORY""",3,docs/evidence/r4_3_four_session_closeout_20261009/owner_v3/owners/2026-09-28/core.jsonl.gz,1d4dc8dfd74361f02a1eefe002e74f4838a37e54b1a1de04ab57adcf92e68841,RECONSTRUCTED_CORRECTED,False,False
2026-09-28,CORE,llv20,KNOWN,,5212,docs/evidence/r4_3_four_session_closeout_20261009/owner_v3/owners/2026-09-28/core.jsonl.gz,1d4dc8dfd74361f02a1eefe002e74f4838a37e54b1a1de04ab57adcf92e68841,RECONSTRUCTED_CORRECTED,False,False
2026-09-28,CORE,llv20,UNKNOWN,"""INSUFFICIENT_HISTORY""",10,docs/evidence/r4_3_four_session_closeout_20261009/owner_v3/owners/2026-09-28/core.jsonl.gz,1d4dc8dfd74361f02a1eefe002e74f4838a37e54b1a1de04ab57adcf92e68841,RECONSTRUCTED_CORRECTED,False,False
2026-09-28,CORE,llv5,KNOWN,,5221,docs/evidence/r4_3_four_session_closeout_20261009/owner_v3/owners/2026-09-28/core.jsonl.gz,1d4dc8dfd74361f02a1eefe002e74f4838a37e54b1a1de04ab57adcf92e68841,RECONSTRUCTED_CORRECTED,False,False
2026-09-28,CORE,llv5,UNKNOWN,"""INSUFFICIENT_HISTORY""",1,docs/evidence/r4_3_four_session_closeout_20261009/owner_v3/owners/2026-09-28/core.jsonl.gz,1d4dc8dfd74361f02a1eefe002e74f4838a37e54b1a1de04ab57adcf92e68841,RECONSTRUCTED_CORRECTED,False,False
2026-09-28,CORE,llv60,KNOWN,,5199,docs/evidence/r4_3_four_session_closeout_20261009/owner_v3/owners/2026-09-28/core.jsonl.gz,1d4dc8dfd74361f02a1eefe002e74f4838a37e54b1a1de04ab57adcf92e68841,RECONSTRUCTED_CORRECTED,False,False
2026-09-28,CORE,llv60,UNKNOWN,"""INSUFFICIENT_HISTORY""",23,docs/evidence/r4_3_four_session_closeout_20261009/owner_v3/owners/2026-09-28/core.jsonl.gz,1d4dc8dfd74361f02a1eefe002e74f4838a37e54b1a1de04ab57adcf92e68841,RECONSTRUCTED_CORRECTED,False,False
2026-09-28,CORE,ma20,KNOWN,,5212,docs/evidence/r4_3_four_session_closeout_20261009/owner_v3/owners/2026-09-28/core.jsonl.gz,1d4dc8dfd74361f02a1eefe002e74f4838a37e54b1a1de04ab57adcf92e68841,RECONSTRUCTED_CORRECTED,False,False
2026-09-28,CORE,ma20,UNKNOWN,"""INSUFFICIENT_HISTORY""",10,docs/evidence/r4_3_four_session_closeout_20261009/owner_v3/owners/2026-09-28/core.jsonl.gz,1d4dc8dfd74361f02a1eefe002e74f4838a37e54b1a1de04ab57adcf92e68841,RECONSTRUCTED_CORRECTED,False,False
2026-09-28,CORE,ma5,KNOWN,,5221,docs/evidence/r4_3_four_session_closeout_20261009/owner_v3/owners/2026-09-28/core.jsonl.gz,1d4dc8dfd74361f02a1eefe002e74f4838a37e54b1a1de04ab57adcf92e68841,RECONSTRUCTED_CORRECTED,False,False
2026-09-28,CORE,ma5,UNKNOWN,"""INSUFFICIENT_HISTORY""",1,docs/evidence/r4_3_four_session_closeout_20261009/owner_v3/owners/2026-09-28/core.jsonl.gz,1d4dc8dfd74361f02a1eefe002e74f4838a37e54b1a1de04ab57adcf92e68841,RECONSTRUCTED_CORRECTED,False,False
2026-09-28,CORE,ma60,KNOWN,,5199,docs/evidence/r4_3_four_session_closeout_20261009/owner_v3/owners/2026-09-28/core.jsonl.gz,1d4dc8dfd74361f02a1eefe002e74f4838a37e54b1a1de04ab57adcf92e68841,RECONSTRUCTED_CORRECTED,False,False
2026-09-28,CORE,ma60,UNKNOWN,"""INSUFFICIENT_HISTORY""",23,docs/evidence/r4_3_four_session_closeout_20261009/owner_v3/owners/2026-09-28/core.jsonl.gz,1d4dc8dfd74361f02a1eefe002e74f4838a37e54b1a1de04ab57adcf92e68841,RECONSTRUCTED_CORRECTED,False,False
2026-09-28,CORE,pos60,KNOWN,,5187,docs/evidence/r4_3_four_session_closeout_20261009/owner_v3/owners/2026-09-28/core.jsonl.gz,1d4dc8dfd74361f02a1eefe002e74f4838a37e54b1a1de04ab57adcf92e68841,RECONSTRUCTED_CORRECTED,False,False
2026-09-28,CORE,pos60,UNKNOWN,"""CURRENT_BAR_UNAVAILABLE""",12,docs/evidence/r4_3_four_session_closeout_20261009/owner_v3/owners/2026-09-28/core.jsonl.gz,1d4dc8dfd74361f02a1eefe002e74f4838a37e54b1a1de04ab57adcf92e68841,RECONSTRUCTED_CORRECTED,False,False
2026-09-28,CORE,pos60,UNKNOWN,"""INSUFFICIENT_HISTORY""",23,docs/evidence/r4_3_four_session_closeout_20261009/owner_v3/owners/2026-09-28/core.jsonl.gz,1d4dc8dfd74361f02a1eefe002e74f4838a37e54b1a1de04ab57adcf92e68841,RECONSTRUCTED_CORRECTED,False,False
2026-09-28,CORE,prior60_percentile,KNOWN,,5187,docs/evidence/r4_3_four_session_closeout_20261009/owner_v3/owners/2026-09-28/core.jsonl.gz,1d4dc8dfd74361f02a1eefe002e74f4838a37e54b1a1de04ab57adcf92e68841,RECONSTRUCTED_CORRECTED,False,False
2026-09-28,CORE,prior60_percentile,UNKNOWN,"""MISSING_OR_SUSPENDED_ENDPOINT""",12,docs/evidence/r4_3_four_session_closeout_20261009/owner_v3/owners/2026-09-28/core.jsonl.gz,1d4dc8dfd74361f02a1eefe002e74f4838a37e54b1a1de04ab57adcf92e68841,RECONSTRUCTED_CORRECTED,False,False
2026-09-28,CORE,prior60_percentile,UNKNOWN,"""INSUFFICIENT_HISTORY""",23,docs/evidence/r4_3_four_session_closeout_20261009/owner_v3/owners/2026-09-28/core.jsonl.gz,1d4dc8dfd74361f02a1eefe002e74f4838a37e54b1a1de04ab57adcf92e68841,RECONSTRUCTED_CORRECTED,False,False
2026-09-28,CORE,prior_high20,KNOWN,,5212,docs/evidence/r4_3_four_session_closeout_20261009/owner_v3/owners/2026-09-28/core.jsonl.gz,1d4dc8dfd74361f02a1eefe002e74f4838a37e54b1a1de04ab57adcf92e68841,RECONSTRUCTED_CORRECTED,False,False
2026-09-28,CORE,prior_high20,UNKNOWN,"""INSUFFICIENT_HISTORY""",10,docs/evidence/r4_3_four_session_closeout_20261009/owner_v3/owners/2026-09-28/core.jsonl.gz,1d4dc8dfd74361f02a1eefe002e74f4838a37e54b1a1de04ab57adcf92e68841,RECONSTRUCTED_CORRECTED,False,False
2026-09-28,CORE,prior_high5,KNOWN,,5221,docs/evidence/r4_3_four_session_closeout_20261009/owner_v3/owners/2026-09-28/core.jsonl.gz,1d4dc8dfd74361f02a1eefe002e74f4838a37e54b1a1de04ab57adcf92e68841,RECONSTRUCTED_CORRECTED,False,False
2026-09-28,CORE,prior_high5,UNKNOWN,"""INSUFFICIENT_HISTORY""",1,docs/evidence/r4_3_four_session_closeout_20261009/owner_v3/owners/2026-09-28/core.jsonl.gz,1d4dc8dfd74361f02a1eefe002e74f4838a37e54b1a1de04ab57adcf92e68841,RECONSTRUCTED_CORRECTED,False,False
2026-09-28,CORE,prior_high60,KNOWN,,5199,docs/evidence/r4_3_four_session_closeout_20261009/owner_v3/owners/2026-09-28/core.jsonl.gz,1d4dc8dfd74361f02a1eefe002e74f4838a37e54b1a1de04ab57adcf92e68841,RECONSTRUCTED_CORRECTED,False,False
2026-09-28,CORE,prior_high60,UNKNOWN,"""INSUFFICIENT_HISTORY""",23,docs/evidence/r4_3_four_session_closeout_20261009/owner_v3/owners/2026-09-28/core.jsonl.gz,1d4dc8dfd74361f02a1eefe002e74f4838a37e54b1a1de04ab57adcf92e68841,RECONSTRUCTED_CORRECTED,False,False
2026-09-28,CORE,prior_low20,KNOWN,,5212,docs/evidence/r4_3_four_session_closeout_20261009/owner_v3/owners/2026-09-28/core.jsonl.gz,1d4dc8dfd74361f02a1eefe002e74f4838a37e54b1a1de04ab57adcf92e68841,RECONSTRUCTED_CORRECTED,False,False
2026-09-28,CORE,prior_low20,UNKNOWN,"""INSUFFICIENT_HISTORY""",10,docs/evidence/r4_3_four_session_closeout_20261009/owner_v3/owners/2026-09-28/core.jsonl.gz,1d4dc8dfd74361f02a1eefe002e74f4838a37e54b1a1de04ab57adcf92e68841,RECONSTRUCTED_CORRECTED,False,False
2026-09-28,CORE,prior_low5,KNOWN,,5221,docs/evidence/r4_3_four_session_closeout_20261009/owner_v3/owners/2026-09-28/core.jsonl.gz,1d4dc8dfd74361f02a1eefe002e74f4838a37e54b1a1de04ab57adcf92e68841,RECONSTRUCTED_CORRECTED,False,False
2026-09-28,CORE,prior_low5,UNKNOWN,"""INSUFFICIENT_HISTORY""",1,docs/evidence/r4_3_four_session_closeout_20261009/owner_v3/owners/2026-09-28/core.jsonl.gz,1d4dc8dfd74361f02a1eefe002e74f4838a37e54b1a1de04ab57adcf92e68841,RECONSTRUCTED_CORRECTED,False,False
2026-09-28,CORE,prior_low60,KNOWN,,5199,docs/evidence/r4_3_four_session_closeout_20261009/owner_v3/owners/2026-09-28/core.jsonl.gz,1d4dc8dfd74361f02a1eefe002e74f4838a37e54b1a1de04ab57adcf92e68841,RECONSTRUCTED_CORRECTED,False,False
2026-09-28,CORE,prior_low60,UNKNOWN,"""INSUFFICIENT_HISTORY""",23,docs/evidence/r4_3_four_session_closeout_20261009/owner_v3/owners/2026-09-28/core.jsonl.gz,1d4dc8dfd74361f02a1eefe002e74f4838a37e54b1a1de04ab57adcf92e68841,RECONSTRUCTED_CORRECTED,False,False
2026-09-28,CORE,range_ratio,KNOWN,,5212,docs/evidence/r4_3_four_session_closeout_20261009/owner_v3/owners/2026-09-28/core.jsonl.gz,1d4dc8dfd74361f02a1eefe002e74f4838a37e54b1a1de04ab57adcf92e68841,RECONSTRUCTED_CORRECTED,False,False
2026-09-28,CORE,range_ratio,UNKNOWN,"""INSUFFICIENT_HISTORY""",10,docs/evidence/r4_3_four_session_closeout_20261009/owner_v3/owners/2026-09-28/core.jsonl.gz,1d4dc8dfd74361f02a1eefe002e74f4838a37e54b1a1de04ab57adcf92e68841,RECONSTRUCTED_CORRECTED,False,False
2026-09-28,CORE,rel_market_1,KNOWN,,5209,docs/evidence/r4_3_four_session_closeout_20261009/owner_v3/owners/2026-09-28/core.jsonl.gz,1d4dc8dfd74361f02a1eefe002e74f4838a37e54b1a1de04ab57adcf92e68841,RECONSTRUCTED_CORRECTED,False,False
2026-09-28,CORE,rel_market_1,UNKNOWN,"""DATED_MARKET_REFERENCE_UNPROVEN""",13,docs/evidence/r4_3_four_session_closeout_20261009/owner_v3/owners/2026-09-28/core.jsonl.gz,1d4dc8dfd74361f02a1eefe002e74f4838a37e54b1a1de04ab57adcf92e68841,RECONSTRUCTED_CORRECTED,False,False
2026-09-28,CORE,rel_market_3,KNOWN,,5208,docs/evidence/r4_3_four_session_closeout_20261009/owner_v3/owners/2026-09-28/core.jsonl.gz,1d4dc8dfd74361f02a1eefe002e74f4838a37e54b1a1de04ab57adcf92e68841,RECONSTRUCTED_CORRECTED,False,False
2026-09-28,CORE,rel_market_3,UNKNOWN,"""DATED_MARKET_REFERENCE_UNPROVEN""",14,docs/evidence/r4_3_four_session_closeout_20261009/owner_v3/owners/2026-09-28/core.jsonl.gz,1d4dc8dfd74361f02a1eefe002e74f4838a37e54b1a1de04ab57adcf92e68841,RECONSTRUCTED_CORRECTED,False,False
2026-09-28,CORE,rel_market_5,KNOWN,,5206,docs/evidence/r4_3_four_session_closeout_20261009/owner_v3/owners/2026-09-28/core.jsonl.gz,1d4dc8dfd74361f02a1eefe002e74f4838a37e54b1a1de04ab57adcf92e68841,RECONSTRUCTED_CORRECTED,False,False
2026-09-28,CORE,rel_market_5,UNKNOWN,"""DATED_MARKET_REFERENCE_UNPROVEN""",16,docs/evidence/r4_3_four_session_closeout_20261009/owner_v3/owners/2026-09-28/core.jsonl.gz,1d4dc8dfd74361f02a1eefe002e74f4838a37e54b1a1de04ab57adcf92e68841,RECONSTRUCTED_CORRECTED,False,False
2026-09-28,CORE,ret1,KNOWN,,5209,docs/evidence/r4_3_four_session_closeout_20261009/owner_v3/owners/2026-09-28/core.jsonl.gz,1d4dc8dfd74361f02a1eefe002e74f4838a37e54b1a1de04ab57adcf92e68841,RECONSTRUCTED_CORRECTED,False,False
2026-09-28,CORE,ret1,UNKNOWN,"""MISSING_OR_SUSPENDED_ENDPOINT""",13,docs/evidence/r4_3_four_session_closeout_20261009/owner_v3/owners/2026-09-28/core.jsonl.gz,1d4dc8dfd74361f02a1eefe002e74f4838a37e54b1a1de04ab57adcf92e68841,RECONSTRUCTED_CORRECTED,False,False
2026-09-28,CORE,ret20,KNOWN,,5196,docs/evidence/r4_3_four_session_closeout_20261009/owner_v3/owners/2026-09-28/core.jsonl.gz,1d4dc8dfd74361f02a1eefe002e74f4838a37e54b1a1de04ab57adcf92e68841,RECONSTRUCTED_CORRECTED,False,False
2026-09-28,CORE,ret20,UNKNOWN,"""MISSING_OR_SUSPENDED_ENDPOINT""",16,docs/evidence/r4_3_four_session_closeout_20261009/owner_v3/owners/2026-09-28/core.jsonl.gz,1d4dc8dfd74361f02a1eefe002e74f4838a37e54b1a1de04ab57adcf92e68841,RECONSTRUCTED_CORRECTED,False,False
2026-09-28,CORE,ret20,UNKNOWN,"""INSUFFICIENT_SESSION_HISTORY""",10,docs/evidence/r4_3_four_session_closeout_20261009/owner_v3/owners/2026-09-28/core.jsonl.gz,1d4dc8dfd74361f02a1eefe002e74f4838a37e54b1a1de04ab57adcf92e68841,RECONSTRUCTED_CORRECTED,False,False
2026-09-28,CORE,ret3,KNOWN,,5208,docs/evidence/r4_3_four_session_closeout_20261009/owner_v3/owners/2026-09-28/core.jsonl.gz,1d4dc8dfd74361f02a1eefe002e74f4838a37e54b1a1de04ab57adcf92e68841,RECONSTRUCTED_CORRECTED,False,False
2026-09-28,CORE,ret3,UNKNOWN,"""MISSING_OR_SUSPENDED_ENDPOINT""",14,docs/evidence/r4_3_four_session_closeout_20261009/owner_v3/owners/2026-09-28/core.jsonl.gz,1d4dc8dfd74361f02a1eefe002e74f4838a37e54b1a1de04ab57adcf92e68841,RECONSTRUCTED_CORRECTED,False,False
2026-09-28,CORE,ret5,KNOWN,,5206,docs/evidence/r4_3_four_session_closeout_20261009/owner_v3/owners/2026-09-28/core.jsonl.gz,1d4dc8dfd74361f02a1eefe002e74f4838a37e54b1a1de04ab57adcf92e68841,RECONSTRUCTED_CORRECTED,False,False
2026-09-28,CORE,ret5,UNKNOWN,"""MISSING_OR_SUSPENDED_ENDPOINT""",15,docs/evidence/r4_3_four_session_closeout_20261009/owner_v3/owners/2026-09-28/core.jsonl.gz,1d4dc8dfd74361f02a1eefe002e74f4838a37e54b1a1de04ab57adcf92e68841,RECONSTRUCTED_CORRECTED,False,False
2026-09-28,CORE,ret5,UNKNOWN,"""INSUFFICIENT_SESSION_HISTORY""",1,docs/evidence/r4_3_four_session_closeout_20261009/owner_v3/owners/2026-09-28/core.jsonl.gz,1d4dc8dfd74361f02a1eefe002e74f4838a37e54b1a1de04ab57adcf92e68841,RECONSTRUCTED_CORRECTED,False,False
2026-09-28,CORE,rps20,KNOWN,,5196,docs/evidence/r4_3_four_session_closeout_20261009/owner_v3/owners/2026-09-28/core.jsonl.gz,1d4dc8dfd74361f02a1eefe002e74f4838a37e54b1a1de04ab57adcf92e68841,RECONSTRUCTED_CORRECTED,False,False
2026-09-28,CORE,rps20,UNKNOWN,"""RETURN_OR_UNIVERSE_UNKNOWN""",26,docs/evidence/r4_3_four_session_closeout_20261009/owner_v3/owners/2026-09-28/core.jsonl.gz,1d4dc8dfd74361f02a1eefe002e74f4838a37e54b1a1de04ab57adcf92e68841,RECONSTRUCTED_CORRECTED,False,False
2026-09-28,CORE,rps20_delta3,KNOWN,,5191,docs/evidence/r4_3_four_session_closeout_20261009/owner_v3/owners/2026-09-28/core.jsonl.gz,1d4dc8dfd74361f02a1eefe002e74f4838a37e54b1a1de04ab57adcf92e68841,RECONSTRUCTED_CORRECTED,False,False
2026-09-28,CORE,rps20_delta3,UNKNOWN,"""EXACT_DATED_RPS_ENDPOINT_UNKNOWN""",31,docs/evidence/r4_3_four_session_closeout_20261009/owner_v3/owners/2026-09-28/core.jsonl.gz,1d4dc8dfd74361f02a1eefe002e74f4838a37e54b1a1de04ab57adcf92e68841,RECONSTRUCTED_CORRECTED,False,False
2026-09-28,CORE,rps5,KNOWN,,5206,docs/evidence/r4_3_four_session_closeout_20261009/owner_v3/owners/2026-09-28/core.jsonl.gz,1d4dc8dfd74361f02a1eefe002e74f4838a37e54b1a1de04ab57adcf92e68841,RECONSTRUCTED_CORRECTED,False,False
2026-09-28,CORE,rps5,UNKNOWN,"""RETURN_OR_UNIVERSE_UNKNOWN""",16,docs/evidence/r4_3_four_session_closeout_20261009/owner_v3/owners/2026-09-28/core.jsonl.gz,1d4dc8dfd74361f02a1eefe002e74f4838a37e54b1a1de04ab57adcf92e68841,RECONSTRUCTED_CORRECTED,False,False
2026-09-28,CORE,rps5_delta1,KNOWN,,5205,docs/evidence/r4_3_four_session_closeout_20261009/owner_v3/owners/2026-09-28/core.jsonl.gz,1d4dc8dfd74361f02a1eefe002e74f4838a37e54b1a1de04ab57adcf92e68841,RECONSTRUCTED_CORRECTED,False,False
2026-09-28,CORE,rps5_delta1,UNKNOWN,"""EXACT_DATED_RPS_ENDPOINT_UNKNOWN""",17,docs/evidence/r4_3_four_session_closeout_20261009/owner_v3/owners/2026-09-28/core.jsonl.gz,1d4dc8dfd74361f02a1eefe002e74f4838a37e54b1a1de04ab57adcf92e68841,RECONSTRUCTED_CORRECTED,False,False
2026-09-28,CORE,rps5_delta3,KNOWN,,5201,docs/evidence/r4_3_four_session_closeout_20261009/owner_v3/owners/2026-09-28/core.jsonl.gz,1d4dc8dfd74361f02a1eefe002e74f4838a37e54b1a1de04ab57adcf92e68841,RECONSTRUCTED_CORRECTED,False,False
2026-09-28,CORE,rps5_delta3,UNKNOWN,"""EXACT_DATED_RPS_ENDPOINT_UNKNOWN""",21,docs/evidence/r4_3_four_session_closeout_20261009/owner_v3/owners/2026-09-28/core.jsonl.gz,1d4dc8dfd74361f02a1eefe002e74f4838a37e54b1a1de04ab57adcf92e68841,RECONSTRUCTED_CORRECTED,False,False
2026-09-28,CORE,slope20,KNOWN,,5211,docs/evidence/r4_3_four_session_closeout_20261009/owner_v3/owners/2026-09-28/core.jsonl.gz,1d4dc8dfd74361f02a1eefe002e74f4838a37e54b1a1de04ab57adcf92e68841,RECONSTRUCTED_CORRECTED,False,False
2026-09-28,CORE,slope20,UNKNOWN,"""INSUFFICIENT_HISTORY""",11,docs/evidence/r4_3_four_session_closeout_20261009/owner_v3/owners/2026-09-28/core.jsonl.gz,1d4dc8dfd74361f02a1eefe002e74f4838a37e54b1a1de04ab57adcf92e68841,RECONSTRUCTED_CORRECTED,False,False
2026-09-28,CORE,slope60,KNOWN,,5195,docs/evidence/r4_3_four_session_closeout_20261009/owner_v3/owners/2026-09-28/core.jsonl.gz,1d4dc8dfd74361f02a1eefe002e74f4838a37e54b1a1de04ab57adcf92e68841,RECONSTRUCTED_CORRECTED,False,False
2026-09-28,CORE,slope60,UNKNOWN,"""INSUFFICIENT_HISTORY""",26,docs/evidence/r4_3_four_session_closeout_20261009/owner_v3/owners/2026-09-28/core.jsonl.gz,1d4dc8dfd74361f02a1eefe002e74f4838a37e54b1a1de04ab57adcf92e68841,RECONSTRUCTED_CORRECTED,False,False
2026-09-28,CORE,slope60,UNKNOWN,"""ADJUSTMENT_UNKNOWN""",1,docs/evidence/r4_3_four_session_closeout_20261009/owner_v3/owners/2026-09-28/core.jsonl.gz,1d4dc8dfd74361f02a1eefe002e74f4838a37e54b1a1de04ab57adcf92e68841,RECONSTRUCTED_CORRECTED,False,False
2026-09-28,CORE,tr,KNOWN,,5210,docs/evidence/r4_3_four_session_closeout_20261009/owner_v3/owners/2026-09-28/core.jsonl.gz,1d4dc8dfd74361f02a1eefe002e74f4838a37e54b1a1de04ab57adcf92e68841,RECONSTRUCTED_CORRECTED,False,False
2026-09-28,CORE,tr,UNKNOWN,"""CURRENT_BAR_UNAVAILABLE""",12,docs/evidence/r4_3_four_session_closeout_20261009/owner_v3/owners/2026-09-28/core.jsonl.gz,1d4dc8dfd74361f02a1eefe002e74f4838a37e54b1a1de04ab57adcf92e68841,RECONSTRUCTED_CORRECTED,False,False
2026-09-28,CORE,vol20,KNOWN,,5180,docs/evidence/r4_3_four_session_closeout_20261009/owner_v3/owners/2026-09-28/core.jsonl.gz,1d4dc8dfd74361f02a1eefe002e74f4838a37e54b1a1de04ab57adcf92e68841,RECONSTRUCTED_CORRECTED,False,False
2026-09-28,CORE,vol20,UNKNOWN,"""MISSING_OR_SUSPENDED_ENDPOINT""",32,docs/evidence/r4_3_four_session_closeout_20261009/owner_v3/owners/2026-09-28/core.jsonl.gz,1d4dc8dfd74361f02a1eefe002e74f4838a37e54b1a1de04ab57adcf92e68841,RECONSTRUCTED_CORRECTED,False,False
2026-09-28,CORE,vol20,UNKNOWN,"""INSUFFICIENT_SESSION_HISTORY""",10,docs/evidence/r4_3_four_session_closeout_20261009/owner_v3/owners/2026-09-28/core.jsonl.gz,1d4dc8dfd74361f02a1eefe002e74f4838a37e54b1a1de04ab57adcf92e68841,RECONSTRUCTED_CORRECTED,False,False
2026-09-28,CORE,vol5,KNOWN,,5204,docs/evidence/r4_3_four_session_closeout_20261009/owner_v3/owners/2026-09-28/core.jsonl.gz,1d4dc8dfd74361f02a1eefe002e74f4838a37e54b1a1de04ab57adcf92e68841,RECONSTRUCTED_CORRECTED,False,False
2026-09-28,CORE,vol5,UNKNOWN,"""MISSING_OR_SUSPENDED_ENDPOINT""",17,docs/evidence/r4_3_four_session_closeout_20261009/owner_v3/owners/2026-09-28/core.jsonl.gz,1d4dc8dfd74361f02a1eefe002e74f4838a37e54b1a1de04ab57adcf92e68841,RECONSTRUCTED_CORRECTED,False,False
2026-09-28,CORE,vol5,UNKNOWN,"""INSUFFICIENT_SESSION_HISTORY""",1,docs/evidence/r4_3_four_session_closeout_20261009/owner_v3/owners/2026-09-28/core.jsonl.gz,1d4dc8dfd74361f02a1eefe002e74f4838a37e54b1a1de04ab57adcf92e68841,RECONSTRUCTED_CORRECTED,False,False
2026-09-28,CORE,vol_ratio,KNOWN,,5180,docs/evidence/r4_3_four_session_closeout_20261009/owner_v3/owners/2026-09-28/core.jsonl.gz,1d4dc8dfd74361f02a1eefe002e74f4838a37e54b1a1de04ab57adcf92e68841,RECONSTRUCTED_CORRECTED,False,False
2026-09-28,CORE,vol_ratio,UNKNOWN,"""MISSING_OR_SUSPENDED_ENDPOINT""",32,docs/evidence/r4_3_four_session_closeout_20261009/owner_v3/owners/2026-09-28/core.jsonl.gz,1d4dc8dfd74361f02a1eefe002e74f4838a37e54b1a1de04ab57adcf92e68841,RECONSTRUCTED_CORRECTED,False,False
2026-09-28,CORE,vol_ratio,UNKNOWN,"""INSUFFICIENT_SESSION_HISTORY""",10,docs/evidence/r4_3_four_session_closeout_20261009/owner_v3/owners/2026-09-28/core.jsonl.gz,1d4dc8dfd74361f02a1eefe002e74f4838a37e54b1a1de04ab57adcf92e68841,RECONSTRUCTED_CORRECTED,False,False
2026-09-28,CORE,volume_ratio20,KNOWN,,5200,docs/evidence/r4_3_four_session_closeout_20261009/owner_v3/owners/2026-09-28/core.jsonl.gz,1d4dc8dfd74361f02a1eefe002e74f4838a37e54b1a1de04ab57adcf92e68841,RECONSTRUCTED_CORRECTED,False,False
2026-09-28,CORE,volume_ratio20,UNKNOWN,"""CURRENT_BAR_UNAVAILABLE""",12,docs/evidence/r4_3_four_session_closeout_20261009/owner_v3/owners/2026-09-28/core.jsonl.gz,1d4dc8dfd74361f02a1eefe002e74f4838a37e54b1a1de04ab57adcf92e68841,RECONSTRUCTED_CORRECTED,False,False
2026-09-28,CORE,volume_ratio20,UNKNOWN,"""INSUFFICIENT_HISTORY""",10,docs/evidence/r4_3_four_session_closeout_20261009/owner_v3/owners/2026-09-28/core.jsonl.gz,1d4dc8dfd74361f02a1eefe002e74f4838a37e54b1a1de04ab57adcf92e68841,RECONSTRUCTED_CORRECTED,False,False
2026-09-28,CORE,volume_ratio5,KNOWN,,5209,docs/evidence/r4_3_four_session_closeout_20261009/owner_v3/owners/2026-09-28/core.jsonl.gz,1d4dc8dfd74361f02a1eefe002e74f4838a37e54b1a1de04ab57adcf92e68841,RECONSTRUCTED_CORRECTED,False,False
2026-09-28,CORE,volume_ratio5,UNKNOWN,"""CURRENT_BAR_UNAVAILABLE""",12,docs/evidence/r4_3_four_session_closeout_20261009/owner_v3/owners/2026-09-28/core.jsonl.gz,1d4dc8dfd74361f02a1eefe002e74f4838a37e54b1a1de04ab57adcf92e68841,RECONSTRUCTED_CORRECTED,False,False
2026-09-28,CORE,volume_ratio5,UNKNOWN,"""INSUFFICIENT_HISTORY""",1,docs/evidence/r4_3_four_session_closeout_20261009/owner_v3/owners/2026-09-28/core.jsonl.gz,1d4dc8dfd74361f02a1eefe002e74f4838a37e54b1a1de04ab57adcf92e68841,RECONSTRUCTED_CORRECTED,False,False
2026-09-28,PROFILE,amount_state,KNOWN,,5200,docs/evidence/r4_3_four_session_closeout_20261009/owner_v3/owners/2026-09-28/profiles.jsonl.gz,ddf76f07f47ed2dc89337ac1f2bba19c92d11dab0d986ac881a0e792fd20d566,RECONSTRUCTED_LATEST_MEMBERSHIP,False,False
2026-09-28,PROFILE,amount_state,UNKNOWN,"""REQUIRED_INPUT_UNKNOWN""",22,docs/evidence/r4_3_four_session_closeout_20261009/owner_v3/owners/2026-09-28/profiles.jsonl.gz,ddf76f07f47ed2dc89337ac1f2bba19c92d11dab0d986ac881a0e792fd20d566,RECONSTRUCTED_LATEST_MEMBERSHIP,False,False
2026-09-28,PROFILE,compression_state,KNOWN,,5180,docs/evidence/r4_3_four_session_closeout_20261009/owner_v3/owners/2026-09-28/profiles.jsonl.gz,ddf76f07f47ed2dc89337ac1f2bba19c92d11dab0d986ac881a0e792fd20d566,RECONSTRUCTED_LATEST_MEMBERSHIP,False,False
2026-09-28,PROFILE,compression_state,UNKNOWN,"""REQUIRED_INPUT_UNKNOWN""",42,docs/evidence/r4_3_four_session_closeout_20261009/owner_v3/owners/2026-09-28/profiles.jsonl.gz,ddf76f07f47ed2dc89337ac1f2bba19c92d11dab0d986ac881a0e792fd20d566,RECONSTRUCTED_LATEST_MEMBERSHIP,False,False
2026-09-28,PROFILE,core_extension_risk,KNOWN,,5197,docs/evidence/r4_3_four_session_closeout_20261009/owner_v3/owners/2026-09-28/profiles.jsonl.gz,ddf76f07f47ed2dc89337ac1f2bba19c92d11dab0d986ac881a0e792fd20d566,RECONSTRUCTED_LATEST_MEMBERSHIP,False,False
2026-09-28,PROFILE,core_extension_risk,UNKNOWN,"""REQUIRED_INPUT_UNKNOWN""",25,docs/evidence/r4_3_four_session_closeout_20261009/owner_v3/owners/2026-09-28/profiles.jsonl.gz,ddf76f07f47ed2dc89337ac1f2bba19c92d11dab0d986ac881a0e792fd20d566,RECONSTRUCTED_LATEST_MEMBERSHIP,False,False
2026-09-28,PROFILE,core_participation_result,KNOWN,,5199,docs/evidence/r4_3_four_session_closeout_20261009/owner_v3/owners/2026-09-28/profiles.jsonl.gz,ddf76f07f47ed2dc89337ac1f2bba19c92d11dab0d986ac881a0e792fd20d566,RECONSTRUCTED_LATEST_MEMBERSHIP,False,False
2026-09-28,PROFILE,core_participation_result,UNKNOWN,"""REQUIRED_INPUT_UNKNOWN""",23,docs/evidence/r4_3_four_session_closeout_20261009/owner_v3/owners/2026-09-28/profiles.jsonl.gz,ddf76f07f47ed2dc89337ac1f2bba19c92d11dab0d986ac881a0e792fd20d566,RECONSTRUCTED_LATEST_MEMBERSHIP,False,False
2026-09-28,PROFILE,drawdown20_state,KNOWN,,5200,docs/evidence/r4_3_four_session_closeout_20261009/owner_v3/owners/2026-09-28/profiles.jsonl.gz,ddf76f07f47ed2dc89337ac1f2bba19c92d11dab0d986ac881a0e792fd20d566,RECONSTRUCTED_LATEST_MEMBERSHIP,False,False
2026-09-28,PROFILE,drawdown20_state,UNKNOWN,"""REQUIRED_INPUT_UNKNOWN_OR_ZERO_HIGH""",22,docs/evidence/r4_3_four_session_closeout_20261009/owner_v3/owners/2026-09-28/profiles.jsonl.gz,ddf76f07f47ed2dc89337ac1f2bba19c92d11dab0d986ac881a0e792fd20d566,RECONSTRUCTED_LATEST_MEMBERSHIP,False,False
2026-09-28,PROFILE,drawdown60_state,KNOWN,,5187,docs/evidence/r4_3_four_session_closeout_20261009/owner_v3/owners/2026-09-28/profiles.jsonl.gz,ddf76f07f47ed2dc89337ac1f2bba19c92d11dab0d986ac881a0e792fd20d566,RECONSTRUCTED_LATEST_MEMBERSHIP,False,False
2026-09-28,PROFILE,drawdown60_state,UNKNOWN,"""REQUIRED_INPUT_UNKNOWN_OR_ZERO_HIGH""",35,docs/evidence/r4_3_four_session_closeout_20261009/owner_v3/owners/2026-09-28/profiles.jsonl.gz,ddf76f07f47ed2dc89337ac1f2bba19c92d11dab0d986ac881a0e792fd20d566,RECONSTRUCTED_LATEST_MEMBERSHIP,False,False
2026-09-28,PROFILE,ma_structure_state,KNOWN,,5199,docs/evidence/r4_3_four_session_closeout_20261009/owner_v3/owners/2026-09-28/profiles.jsonl.gz,ddf76f07f47ed2dc89337ac1f2bba19c92d11dab0d986ac881a0e792fd20d566,RECONSTRUCTED_LATEST_MEMBERSHIP,False,False
2026-09-28,PROFILE,ma_structure_state,UNKNOWN,"""REQUIRED_INPUT_UNKNOWN""",23,docs/evidence/r4_3_four_session_closeout_20261009/owner_v3/owners/2026-09-28/profiles.jsonl.gz,ddf76f07f47ed2dc89337ac1f2bba19c92d11dab0d986ac881a0e792fd20d566,RECONSTRUCTED_LATEST_MEMBERSHIP,False,False
2026-09-28,PROFILE,monthly_trend_state,KNOWN,,5194,docs/evidence/r4_3_four_session_closeout_20261009/owner_v3/owners/2026-09-28/profiles.jsonl.gz,ddf76f07f47ed2dc89337ac1f2bba19c92d11dab0d986ac881a0e792fd20d566,RECONSTRUCTED_LATEST_MEMBERSHIP,False,False
2026-09-28,PROFILE,monthly_trend_state,UNKNOWN,"""CLOSED_PERIOD_OR_INPUT_UNAVAILABLE""",28,docs/evidence/r4_3_four_session_closeout_20261009/owner_v3/owners/2026-09-28/profiles.jsonl.gz,ddf76f07f47ed2dc89337ac1f2bba19c92d11dab0d986ac881a0e792fd20d566,RECONSTRUCTED_LATEST_MEMBERSHIP,False,False
2026-09-28,PROFILE,near_high20_state,KNOWN,,5200,docs/evidence/r4_3_four_session_closeout_20261009/owner_v3/owners/2026-09-28/profiles.jsonl.gz,ddf76f07f47ed2dc89337ac1f2bba19c92d11dab0d986ac881a0e792fd20d566,RECONSTRUCTED_LATEST_MEMBERSHIP,False,False
2026-09-28,PROFILE,near_high20_state,UNKNOWN,"""REQUIRED_INPUT_UNKNOWN_OR_ZERO_ATR""",22,docs/evidence/r4_3_four_session_closeout_20261009/owner_v3/owners/2026-09-28/profiles.jsonl.gz,ddf76f07f47ed2dc89337ac1f2bba19c92d11dab0d986ac881a0e792fd20d566,RECONSTRUCTED_LATEST_MEMBERSHIP,False,False
2026-09-28,PROFILE,near_high60_state,KNOWN,,5187,docs/evidence/r4_3_four_session_closeout_20261009/owner_v3/owners/2026-09-28/profiles.jsonl.gz,ddf76f07f47ed2dc89337ac1f2bba19c92d11dab0d986ac881a0e792fd20d566,RECONSTRUCTED_LATEST_MEMBERSHIP,False,False
2026-09-28,PROFILE,near_high60_state,UNKNOWN,"""REQUIRED_INPUT_UNKNOWN_OR_ZERO_ATR""",35,docs/evidence/r4_3_four_session_closeout_20261009/owner_v3/owners/2026-09-28/profiles.jsonl.gz,ddf76f07f47ed2dc89337ac1f2bba19c92d11dab0d986ac881a0e792fd20d566,RECONSTRUCTED_LATEST_MEMBERSHIP,False,False
2026-09-28,PROFILE,position_state,KNOWN,,5187,docs/evidence/r4_3_four_session_closeout_20261009/owner_v3/owners/2026-09-28/profiles.jsonl.gz,ddf76f07f47ed2dc89337ac1f2bba19c92d11dab0d986ac881a0e792fd20d566,RECONSTRUCTED_LATEST_MEMBERSHIP,False,False
2026-09-28,PROFILE,position_state,UNKNOWN,"""REQUIRED_INPUT_UNKNOWN""",35,docs/evidence/r4_3_four_session_closeout_20261009/owner_v3/owners/2026-09-28/profiles.jsonl.gz,ddf76f07f47ed2dc89337ac1f2bba19c92d11dab0d986ac881a0e792fd20d566,RECONSTRUCTED_LATEST_MEMBERSHIP,False,False
2026-09-28,PROFILE,regime_ui,UNKNOWN,"""CORRECTED_MARKET_AXES_NOT_YET_BOUND""",5222,docs/evidence/r4_3_four_session_closeout_20261009/owner_v3/owners/2026-09-28/profiles.jsonl.gz,ddf76f07f47ed2dc89337ac1f2bba19c92d11dab0d986ac881a0e792fd20d566,RECONSTRUCTED_LATEST_MEMBERSHIP,False,False
2026-09-28,PROFILE,relative_market_state,KNOWN,,5176,docs/evidence/r4_3_four_session_closeout_20261009/owner_v3/owners/2026-09-28/profiles.jsonl.gz,ddf76f07f47ed2dc89337ac1f2bba19c92d11dab0d986ac881a0e792fd20d566,RECONSTRUCTED_LATEST_MEMBERSHIP,False,False
2026-09-28,PROFILE,relative_market_state,UNKNOWN,"""REQUIRED_INPUT_UNKNOWN""",46,docs/evidence/r4_3_four_session_closeout_20261009/owner_v3/owners/2026-09-28/profiles.jsonl.gz,ddf76f07f47ed2dc89337ac1f2bba19c92d11dab0d986ac881a0e792fd20d566,RECONSTRUCTED_LATEST_MEMBERSHIP,False,False
2026-09-28,PROFILE,severe_extension,KNOWN,,5197,docs/evidence/r4_3_four_session_closeout_20261009/owner_v3/owners/2026-09-28/profiles.jsonl.gz,ddf76f07f47ed2dc89337ac1f2bba19c92d11dab0d986ac881a0e792fd20d566,RECONSTRUCTED_LATEST_MEMBERSHIP,False,False
2026-09-28,PROFILE,severe_extension,UNKNOWN,"""REQUIRED_INPUT_UNKNOWN""",25,docs/evidence/r4_3_four_session_closeout_20261009/owner_v3/owners/2026-09-28/profiles.jsonl.gz,ddf76f07f47ed2dc89337ac1f2bba19c92d11dab0d986ac881a0e792fd20d566,RECONSTRUCTED_LATEST_MEMBERSHIP,False,False
2026-09-28,PROFILE,trend_state,KNOWN,,5182,docs/evidence/r4_3_four_session_closeout_20261009/owner_v3/owners/2026-09-28/profiles.jsonl.gz,ddf76f07f47ed2dc89337ac1f2bba19c92d11dab0d986ac881a0e792fd20d566,RECONSTRUCTED_LATEST_MEMBERSHIP,False,False
2026-09-28,PROFILE,trend_state,UNKNOWN,"""REQUIRED_INPUT_UNKNOWN""",40,docs/evidence/r4_3_four_session_closeout_20261009/owner_v3/owners/2026-09-28/profiles.jsonl.gz,ddf76f07f47ed2dc89337ac1f2bba19c92d11dab0d986ac881a0e792fd20d566,RECONSTRUCTED_LATEST_MEMBERSHIP,False,False
2026-09-28,PROFILE,volume_state,KNOWN,,5200,docs/evidence/r4_3_four_session_closeout_20261009/owner_v3/owners/2026-09-28/profiles.jsonl.gz,ddf76f07f47ed2dc89337ac1f2bba19c92d11dab0d986ac881a0e792fd20d566,RECONSTRUCTED_LATEST_MEMBERSHIP,False,False
2026-09-28,PROFILE,volume_state,UNKNOWN,"""REQUIRED_INPUT_UNKNOWN""",22,docs/evidence/r4_3_four_session_closeout_20261009/owner_v3/owners/2026-09-28/profiles.jsonl.gz,ddf76f07f47ed2dc89337ac1f2bba19c92d11dab0d986ac881a0e792fd20d566,RECONSTRUCTED_LATEST_MEMBERSHIP,False,False
2026-09-28,PROFILE,weekly_trend_state,KNOWN,,5211,docs/evidence/r4_3_four_session_closeout_20261009/owner_v3/owners/2026-09-28/profiles.jsonl.gz,ddf76f07f47ed2dc89337ac1f2bba19c92d11dab0d986ac881a0e792fd20d566,RECONSTRUCTED_LATEST_MEMBERSHIP,False,False
2026-09-28,PROFILE,weekly_trend_state,UNKNOWN,"""CLOSED_PERIOD_OR_INPUT_UNAVAILABLE""",11,docs/evidence/r4_3_four_session_closeout_20261009/owner_v3/owners/2026-09-28/profiles.jsonl.gz,ddf76f07f47ed2dc89337ac1f2bba19c92d11dab0d986ac881a0e792fd20d566,RECONSTRUCTED_LATEST_MEMBERSHIP,False,False
2026-09-28,STRUCTURE,acceptance_state,UNKNOWN,"""UNKNOWN_ACCEPTED_SOURCE_METADATA_UNAVAILABLE""",5126,docs/evidence/r4_3_four_session_closeout_20261009/owner_v3/owners/2026-09-28/advanced_structure_projection.jsonl.gz,b79a9f7b119cdab1a470ec073cdca3d6bf5208cfe93541f0558e397c6d3b9dca,RECONSTRUCTED_LATEST_MEMBERSHIP,False,False
2026-09-28,STRUCTURE,acceptance_state,KNOWN,,96,docs/evidence/r4_3_four_session_closeout_20261009/owner_v3/owners/2026-09-28/advanced_structure_projection.jsonl.gz,b79a9f7b119cdab1a470ec073cdca3d6bf5208cfe93541f0558e397c6d3b9dca,RECONSTRUCTED_LATEST_MEMBERSHIP,False,False
2026-09-28,STRUCTURE,active_anchor_id,UNKNOWN,"""NO_ACTIVE_ANCHOR""",5126,docs/evidence/r4_3_four_session_closeout_20261009/owner_v3/owners/2026-09-28/advanced_structure_projection.jsonl.gz,b79a9f7b119cdab1a470ec073cdca3d6bf5208cfe93541f0558e397c6d3b9dca,RECONSTRUCTED_LATEST_MEMBERSHIP,False,False
2026-09-28,STRUCTURE,active_anchor_id,KNOWN,,96,docs/evidence/r4_3_four_session_closeout_20261009/owner_v3/owners/2026-09-28/advanced_structure_projection.jsonl.gz,b79a9f7b119cdab1a470ec073cdca3d6bf5208cfe93541f0558e397c6d3b9dca,RECONSTRUCTED_LATEST_MEMBERSHIP,False,False
2026-09-28,STRUCTURE,anchor_view_asof_t,UNKNOWN,"""UNKNOWN_ACCEPTED_SOURCE_METADATA_UNAVAILABLE""",5126,docs/evidence/r4_3_four_session_closeout_20261009/owner_v3/owners/2026-09-28/advanced_structure_projection.jsonl.gz,b79a9f7b119cdab1a470ec073cdca3d6bf5208cfe93541f0558e397c6d3b9dca,RECONSTRUCTED_LATEST_MEMBERSHIP,False,False
2026-09-28,STRUCTURE,anchor_view_asof_t,KNOWN,,96,docs/evidence/r4_3_four_session_closeout_20261009/owner_v3/owners/2026-09-28/advanced_structure_projection.jsonl.gz,b79a9f7b119cdab1a470ec073cdca3d6bf5208cfe93541f0558e397c6d3b9dca,RECONSTRUCTED_LATEST_MEMBERSHIP,False,False
2026-09-28,STRUCTURE,basic_breakout_state,UNKNOWN,"[""NO_ACCEPTED_PRIOR_D1_PUBLICATION"", ""NO_KNOWN_EMPTY_BREAKOUT_EPISODE""]",5200,docs/evidence/r4_3_four_session_closeout_20261009/owner_v3/owners/2026-09-28/advanced_structure_projection.jsonl.gz,b79a9f7b119cdab1a470ec073cdca3d6bf5208cfe93541f0558e397c6d3b9dca,RECONSTRUCTED_LATEST_MEMBERSHIP,False,False
2026-09-28,STRUCTURE,basic_breakout_state,UNKNOWN,"[""UNKNOWN_REQUIRED_OBSERVATION""]",12,docs/evidence/r4_3_four_session_closeout_20261009/owner_v3/owners/2026-09-28/advanced_structure_projection.jsonl.gz,b79a9f7b119cdab1a470ec073cdca3d6bf5208cfe93541f0558e397c6d3b9dca,RECONSTRUCTED_LATEST_MEMBERSHIP,False,False
2026-09-28,STRUCTURE,basic_breakout_state,UNKNOWN,"[""CORRECTED_FIELD_UNAVAILABLE""]",10,docs/evidence/r4_3_four_session_closeout_20261009/owner_v3/owners/2026-09-28/advanced_structure_projection.jsonl.gz,b79a9f7b119cdab1a470ec073cdca3d6bf5208cfe93541f0558e397c6d3b9dca,RECONSTRUCTED_LATEST_MEMBERSHIP,False,False
2026-09-28,STRUCTURE,basic_pullback_state,UNKNOWN,"""UNKNOWN_ACCEPTED_SOURCE_METADATA_UNAVAILABLE""",5126,docs/evidence/r4_3_four_session_closeout_20261009/owner_v3/owners/2026-09-28/advanced_structure_projection.jsonl.gz,b79a9f7b119cdab1a470ec073cdca3d6bf5208cfe93541f0558e397c6d3b9dca,RECONSTRUCTED_LATEST_MEMBERSHIP,False,False
2026-09-28,STRUCTURE,basic_pullback_state,KNOWN,,96,docs/evidence/r4_3_four_session_closeout_20261009/owner_v3/owners/2026-09-28/advanced_structure_projection.jsonl.gz,b79a9f7b119cdab1a470ec073cdca3d6bf5208cfe93541f0558e397c6d3b9dca,RECONSTRUCTED_LATEST_MEMBERSHIP,False,False
2026-09-28,STRUCTURE,basic_recovery_state,UNKNOWN,"""UNKNOWN_ACCEPTED_SOURCE_METADATA_UNAVAILABLE""",5126,docs/evidence/r4_3_four_session_closeout_20261009/owner_v3/owners/2026-09-28/advanced_structure_projection.jsonl.gz,b79a9f7b119cdab1a470ec073cdca3d6bf5208cfe93541f0558e397c6d3b9dca,RECONSTRUCTED_LATEST_MEMBERSHIP,False,False
2026-09-28,STRUCTURE,basic_recovery_state,KNOWN,,96,docs/evidence/r4_3_four_session_closeout_20261009/owner_v3/owners/2026-09-28/advanced_structure_projection.jsonl.gz,b79a9f7b119cdab1a470ec073cdca3d6bf5208cfe93541f0558e397c6d3b9dca,RECONSTRUCTED_LATEST_MEMBERSHIP,False,False
2026-09-28,STRUCTURE,retest_count,UNKNOWN,"""UNKNOWN_ACCEPTED_SOURCE_METADATA_UNAVAILABLE""",5126,docs/evidence/r4_3_four_session_closeout_20261009/owner_v3/owners/2026-09-28/advanced_structure_projection.jsonl.gz,b79a9f7b119cdab1a470ec073cdca3d6bf5208cfe93541f0558e397c6d3b9dca,RECONSTRUCTED_LATEST_MEMBERSHIP,False,False
2026-09-28,STRUCTURE,retest_count,KNOWN,,96,docs/evidence/r4_3_four_session_closeout_20261009/owner_v3/owners/2026-09-28/advanced_structure_projection.jsonl.gz,b79a9f7b119cdab1a470ec073cdca3d6bf5208cfe93541f0558e397c6d3b9dca,RECONSTRUCTED_LATEST_MEMBERSHIP,False,False
2026-09-28,STRUCTURE,structure_events,UNKNOWN,"""UNKNOWN_ACCEPTED_SOURCE_METADATA_UNAVAILABLE""",5222,docs/evidence/r4_3_four_session_closeout_20261009/owner_v3/owners/2026-09-28/advanced_structure_projection.jsonl.gz,b79a9f7b119cdab1a470ec073cdca3d6bf5208cfe93541f0558e397c6d3b9dca,RECONSTRUCTED_LATEST_MEMBERSHIP,False,False
2026-09-28,STRUCTURE,structure_health,UNKNOWN,"""UNKNOWN_ACCEPTED_SOURCE_METADATA_UNAVAILABLE""",5222,docs/evidence/r4_3_four_session_closeout_20261009/owner_v3/owners/2026-09-28/advanced_structure_projection.jsonl.gz,b79a9f7b119cdab1a470ec073cdca3d6bf5208cfe93541f0558e397c6d3b9dca,RECONSTRUCTED_LATEST_MEMBERSHIP,False,False
2026-09-28,STRUCTURE,support_state,UNKNOWN,"""UNKNOWN_ACCEPTED_SOURCE_METADATA_UNAVAILABLE""",5126,docs/evidence/r4_3_four_session_closeout_20261009/owner_v3/owners/2026-09-28/advanced_structure_projection.jsonl.gz,b79a9f7b119cdab1a470ec073cdca3d6bf5208cfe93541f0558e397c6d3b9dca,RECONSTRUCTED_LATEST_MEMBERSHIP,False,False
2026-09-28,STRUCTURE,support_state,KNOWN,,96,docs/evidence/r4_3_four_session_closeout_20261009/owner_v3/owners/2026-09-28/advanced_structure_projection.jsonl.gz,b79a9f7b119cdab1a470ec073cdca3d6bf5208cfe93541f0558e397c6d3b9dca,RECONSTRUCTED_LATEST_MEMBERSHIP,False,False
2026-09-29,CORE,amount_ratio20,KNOWN,,5200,docs/evidence/r4_3_four_session_closeout_20261009/owner_v3/owners/2026-09-29/core.jsonl.gz,b880b389c65b9b1dcfe716ff0a9bda5933f2708e4e51c438ad85456a2c3cbea2,RECONSTRUCTED_CORRECTED,False,False
2026-09-29,CORE,amount_ratio20,UNKNOWN,"""CURRENT_BAR_UNAVAILABLE""",12,docs/evidence/r4_3_four_session_closeout_20261009/owner_v3/owners/2026-09-29/core.jsonl.gz,b880b389c65b9b1dcfe716ff0a9bda5933f2708e4e51c438ad85456a2c3cbea2,RECONSTRUCTED_CORRECTED,False,False
2026-09-29,CORE,amount_ratio20,UNKNOWN,"""INSUFFICIENT_HISTORY""",11,docs/evidence/r4_3_four_session_closeout_20261009/owner_v3/owners/2026-09-29/core.jsonl.gz,b880b389c65b9b1dcfe716ff0a9bda5933f2708e4e51c438ad85456a2c3cbea2,RECONSTRUCTED_CORRECTED,False,False
2026-09-29,CORE,amount_ratio5,KNOWN,,5209,docs/evidence/r4_3_four_session_closeout_20261009/owner_v3/owners/2026-09-29/core.jsonl.gz,b880b389c65b9b1dcfe716ff0a9bda5933f2708e4e51c438ad85456a2c3cbea2,RECONSTRUCTED_CORRECTED,False,False
2026-09-29,CORE,amount_ratio5,UNKNOWN,"""CURRENT_BAR_UNAVAILABLE""",12,docs/evidence/r4_3_four_session_closeout_20261009/owner_v3/owners/2026-09-29/core.jsonl.gz,b880b389c65b9b1dcfe716ff0a9bda5933f2708e4e51c438ad85456a2c3cbea2,RECONSTRUCTED_CORRECTED,False,False
2026-09-29,CORE,amount_ratio5,UNKNOWN,"""INSUFFICIENT_HISTORY""",2,docs/evidence/r4_3_four_session_closeout_20261009/owner_v3/owners/2026-09-29/core.jsonl.gz,b880b389c65b9b1dcfe716ff0a9bda5933f2708e4e51c438ad85456a2c3cbea2,RECONSTRUCTED_CORRECTED,False,False
2026-09-29,CORE,atr20,KNOWN,,5212,docs/evidence/r4_3_four_session_closeout_20261009/owner_v3/owners/2026-09-29/core.jsonl.gz,b880b389c65b9b1dcfe716ff0a9bda5933f2708e4e51c438ad85456a2c3cbea2,RECONSTRUCTED_CORRECTED,False,False
2026-09-29,CORE,atr20,UNKNOWN,"""INSUFFICIENT_HISTORY""",11,docs/evidence/r4_3_four_session_closeout_20261009/owner_v3/owners/2026-09-29/core.jsonl.gz,b880b389c65b9b1dcfe716ff0a9bda5933f2708e4e51c438ad85456a2c3cbea2,RECONSTRUCTED_CORRECTED,False,False
2026-09-29,CORE,atr5,KNOWN,,5221,docs/evidence/r4_3_four_session_closeout_20261009/owner_v3/owners/2026-09-29/core.jsonl.gz,b880b389c65b9b1dcfe716ff0a9bda5933f2708e4e51c438ad85456a2c3cbea2,RECONSTRUCTED_CORRECTED,False,False
2026-09-29,CORE,atr5,UNKNOWN,"""INSUFFICIENT_HISTORY""",2,docs/evidence/r4_3_four_session_closeout_20261009/owner_v3/owners/2026-09-29/core.jsonl.gz,b880b389c65b9b1dcfe716ff0a9bda5933f2708e4e51c438ad85456a2c3cbea2,RECONSTRUCTED_CORRECTED,False,False
2026-09-29,CORE,atr_ratio,KNOWN,,5212,docs/evidence/r4_3_four_session_closeout_20261009/owner_v3/owners/2026-09-29/core.jsonl.gz,b880b389c65b9b1dcfe716ff0a9bda5933f2708e4e51c438ad85456a2c3cbea2,RECONSTRUCTED_CORRECTED,False,False
2026-09-29,CORE,atr_ratio,UNKNOWN,"""INSUFFICIENT_HISTORY""",11,docs/evidence/r4_3_four_session_closeout_20261009/owner_v3/owners/2026-09-29/core.jsonl.gz,b880b389c65b9b1dcfe716ff0a9bda5933f2708e4e51c438ad85456a2c3cbea2,RECONSTRUCTED_CORRECTED,False,False
2026-09-29,CORE,clv,KNOWN,,5203,docs/evidence/r4_3_four_session_closeout_20261009/owner_v3/owners/2026-09-29/core.jsonl.gz,b880b389c65b9b1dcfe716ff0a9bda5933f2708e4e51c438ad85456a2c3cbea2,RECONSTRUCTED_CORRECTED,False,False
2026-09-29,CORE,clv,UNKNOWN,"""CURRENT_BAR_UNAVAILABLE""",12,docs/evidence/r4_3_four_session_closeout_20261009/owner_v3/owners/2026-09-29/core.jsonl.gz,b880b389c65b9b1dcfe716ff0a9bda5933f2708e4e51c438ad85456a2c3cbea2,RECONSTRUCTED_CORRECTED,False,False
2026-09-29,CORE,clv,UNKNOWN,"""ZERO_DENOMINATOR""",8,docs/evidence/r4_3_four_session_closeout_20261009/owner_v3/owners/2026-09-29/core.jsonl.gz,b880b389c65b9b1dcfe716ff0a9bda5933f2708e4e51c438ad85456a2c3cbea2,RECONSTRUCTED_CORRECTED,False,False
2026-09-29,CORE,core_price_damage,KNOWN,,5197,docs/evidence/r4_3_four_session_closeout_20261009/owner_v3/owners/2026-09-29/core.jsonl.gz,b880b389c65b9b1dcfe716ff0a9bda5933f2708e4e51c438ad85456a2c3cbea2,RECONSTRUCTED_CORRECTED,False,False
2026-09-29,CORE,core_price_damage,UNKNOWN,"""MISSING_OR_SUSPENDED_ENDPOINT""",15,docs/evidence/r4_3_four_session_closeout_20261009/owner_v3/owners/2026-09-29/core.jsonl.gz,b880b389c65b9b1dcfe716ff0a9bda5933f2708e4e51c438ad85456a2c3cbea2,RECONSTRUCTED_CORRECTED,False,False
2026-09-29,CORE,core_price_damage,UNKNOWN,"""INSUFFICIENT_HISTORY""",11,docs/evidence/r4_3_four_session_closeout_20261009/owner_v3/owners/2026-09-29/core.jsonl.gz,b880b389c65b9b1dcfe716ff0a9bda5933f2708e4e51c438ad85456a2c3cbea2,RECONSTRUCTED_CORRECTED,False,False
2026-09-29,CORE,hh_progress,KNOWN,,5219,docs/evidence/r4_3_four_session_closeout_20261009/owner_v3/owners/2026-09-29/core.jsonl.gz,b880b389c65b9b1dcfe716ff0a9bda5933f2708e4e51c438ad85456a2c3cbea2,RECONSTRUCTED_CORRECTED,False,False
2026-09-29,CORE,hh_progress,UNKNOWN,"""INSUFFICIENT_HISTORY""",4,docs/evidence/r4_3_four_session_closeout_20261009/owner_v3/owners/2026-09-29/core.jsonl.gz,b880b389c65b9b1dcfe716ff0a9bda5933f2708e4e51c438ad85456a2c3cbea2,RECONSTRUCTED_CORRECTED,False,False
2026-09-29,CORE,hhv20,KNOWN,,5214,docs/evidence/r4_3_four_session_closeout_20261009/owner_v3/owners/2026-09-29/core.jsonl.gz,b880b389c65b9b1dcfe716ff0a9bda5933f2708e4e51c438ad85456a2c3cbea2,RECONSTRUCTED_CORRECTED,False,False
2026-09-29,CORE,hhv20,UNKNOWN,"""INSUFFICIENT_HISTORY""",9,docs/evidence/r4_3_four_session_closeout_20261009/owner_v3/owners/2026-09-29/core.jsonl.gz,b880b389c65b9b1dcfe716ff0a9bda5933f2708e4e51c438ad85456a2c3cbea2,RECONSTRUCTED_CORRECTED,False,False
2026-09-29,CORE,hhv5,KNOWN,,5222,docs/evidence/r4_3_four_session_closeout_20261009/owner_v3/owners/2026-09-29/core.jsonl.gz,b880b389c65b9b1dcfe716ff0a9bda5933f2708e4e51c438ad85456a2c3cbea2,RECONSTRUCTED_CORRECTED,False,False
2026-09-29,CORE,hhv5,UNKNOWN,"""INSUFFICIENT_HISTORY""",1,docs/evidence/r4_3_four_session_closeout_20261009/owner_v3/owners/2026-09-29/core.jsonl.gz,b880b389c65b9b1dcfe716ff0a9bda5933f2708e4e51c438ad85456a2c3cbea2,RECONSTRUCTED_CORRECTED,False,False
2026-09-29,CORE,hhv60,KNOWN,,5199,docs/evidence/r4_3_four_session_closeout_20261009/owner_v3/owners/2026-09-29/core.jsonl.gz,b880b389c65b9b1dcfe716ff0a9bda5933f2708e4e51c438ad85456a2c3cbea2,RECONSTRUCTED_CORRECTED,False,False
2026-09-29,CORE,hhv60,UNKNOWN,"""INSUFFICIENT_HISTORY""",24,docs/evidence/r4_3_four_session_closeout_20261009/owner_v3/owners/2026-09-29/core.jsonl.gz,b880b389c65b9b1dcfe716ff0a9bda5933f2708e4e51c438ad85456a2c3cbea2,RECONSTRUCTED_CORRECTED,False,False
2026-09-29,CORE,ll_progress,KNOWN,,5219,docs/evidence/r4_3_four_session_closeout_20261009/owner_v3/owners/2026-09-29/core.jsonl.gz,b880b389c65b9b1dcfe716ff0a9bda5933f2708e4e51c438ad85456a2c3cbea2,RECONSTRUCTED_CORRECTED,False,False
2026-09-29,CORE,ll_progress,UNKNOWN,"""INSUFFICIENT_HISTORY""",4,docs/evidence/r4_3_four_session_closeout_20261009/owner_v3/owners/2026-09-29/core.jsonl.gz,b880b389c65b9b1dcfe716ff0a9bda5933f2708e4e51c438ad85456a2c3cbea2,RECONSTRUCTED_CORRECTED,False,False
2026-09-29,CORE,llv20,KNOWN,,5214,docs/evidence/r4_3_four_session_closeout_20261009/owner_v3/owners/2026-09-29/core.jsonl.gz,b880b389c65b9b1dcfe716ff0a9bda5933f2708e4e51c438ad85456a2c3cbea2,RECONSTRUCTED_CORRECTED,False,False
2026-09-29,CORE,llv20,UNKNOWN,"""INSUFFICIENT_HISTORY""",9,docs/evidence/r4_3_four_session_closeout_20261009/owner_v3/owners/2026-09-29/core.jsonl.gz,b880b389c65b9b1dcfe716ff0a9bda5933f2708e4e51c438ad85456a2c3cbea2,RECONSTRUCTED_CORRECTED,False,False
2026-09-29,CORE,llv5,KNOWN,,5222,docs/evidence/r4_3_four_session_closeout_20261009/owner_v3/owners/2026-09-29/core.jsonl.gz,b880b389c65b9b1dcfe716ff0a9bda5933f2708e4e51c438ad85456a2c3cbea2,RECONSTRUCTED_CORRECTED,False,False
2026-09-29,CORE,llv5,UNKNOWN,"""INSUFFICIENT_HISTORY""",1,docs/evidence/r4_3_four_session_closeout_20261009/owner_v3/owners/2026-09-29/core.jsonl.gz,b880b389c65b9b1dcfe716ff0a9bda5933f2708e4e51c438ad85456a2c3cbea2,RECONSTRUCTED_CORRECTED,False,False
2026-09-29,CORE,llv60,KNOWN,,5199,docs/evidence/r4_3_four_session_closeout_20261009/owner_v3/owners/2026-09-29/core.jsonl.gz,b880b389c65b9b1dcfe716ff0a9bda5933f2708e4e51c438ad85456a2c3cbea2,RECONSTRUCTED_CORRECTED,False,False
2026-09-29,CORE,llv60,UNKNOWN,"""INSUFFICIENT_HISTORY""",24,docs/evidence/r4_3_four_session_closeout_20261009/owner_v3/owners/2026-09-29/core.jsonl.gz,b880b389c65b9b1dcfe716ff0a9bda5933f2708e4e51c438ad85456a2c3cbea2,RECONSTRUCTED_CORRECTED,False,False
2026-09-29,CORE,ma20,KNOWN,,5214,docs/evidence/r4_3_four_session_closeout_20261009/owner_v3/owners/2026-09-29/core.jsonl.gz,b880b389c65b9b1dcfe716ff0a9bda5933f2708e4e51c438ad85456a2c3cbea2,RECONSTRUCTED_CORRECTED,False,False
2026-09-29,CORE,ma20,UNKNOWN,"""INSUFFICIENT_HISTORY""",9,docs/evidence/r4_3_four_session_closeout_20261009/owner_v3/owners/2026-09-29/core.jsonl.gz,b880b389c65b9b1dcfe716ff0a9bda5933f2708e4e51c438ad85456a2c3cbea2,RECONSTRUCTED_CORRECTED,False,False
2026-09-29,CORE,ma5,KNOWN,,5222,docs/evidence/r4_3_four_session_closeout_20261009/owner_v3/owners/2026-09-29/core.jsonl.gz,b880b389c65b9b1dcfe716ff0a9bda5933f2708e4e51c438ad85456a2c3cbea2,RECONSTRUCTED_CORRECTED,False,False
2026-09-29,CORE,ma5,UNKNOWN,"""INSUFFICIENT_HISTORY""",1,docs/evidence/r4_3_four_session_closeout_20261009/owner_v3/owners/2026-09-29/core.jsonl.gz,b880b389c65b9b1dcfe716ff0a9bda5933f2708e4e51c438ad85456a2c3cbea2,RECONSTRUCTED_CORRECTED,False,False
2026-09-29,CORE,ma60,KNOWN,,5199,docs/evidence/r4_3_four_session_closeout_20261009/owner_v3/owners/2026-09-29/core.jsonl.gz,b880b389c65b9b1dcfe716ff0a9bda5933f2708e4e51c438ad85456a2c3cbea2,RECONSTRUCTED_CORRECTED,False,False
2026-09-29,CORE,ma60,UNKNOWN,"""INSUFFICIENT_HISTORY""",24,docs/evidence/r4_3_four_session_closeout_20261009/owner_v3/owners/2026-09-29/core.jsonl.gz,b880b389c65b9b1dcfe716ff0a9bda5933f2708e4e51c438ad85456a2c3cbea2,RECONSTRUCTED_CORRECTED,False,False
2026-09-29,CORE,pos60,KNOWN,,5187,docs/evidence/r4_3_four_session_closeout_20261009/owner_v3/owners/2026-09-29/core.jsonl.gz,b880b389c65b9b1dcfe716ff0a9bda5933f2708e4e51c438ad85456a2c3cbea2,RECONSTRUCTED_CORRECTED,False,False
2026-09-29,CORE,pos60,UNKNOWN,"""CURRENT_BAR_UNAVAILABLE""",12,docs/evidence/r4_3_four_session_closeout_20261009/owner_v3/owners/2026-09-29/core.jsonl.gz,b880b389c65b9b1dcfe716ff0a9bda5933f2708e4e51c438ad85456a2c3cbea2,RECONSTRUCTED_CORRECTED,False,False
2026-09-29,CORE,pos60,UNKNOWN,"""INSUFFICIENT_HISTORY""",24,docs/evidence/r4_3_four_session_closeout_20261009/owner_v3/owners/2026-09-29/core.jsonl.gz,b880b389c65b9b1dcfe716ff0a9bda5933f2708e4e51c438ad85456a2c3cbea2,RECONSTRUCTED_CORRECTED,False,False
2026-09-29,CORE,prior60_percentile,KNOWN,,5187,docs/evidence/r4_3_four_session_closeout_20261009/owner_v3/owners/2026-09-29/core.jsonl.gz,b880b389c65b9b1dcfe716ff0a9bda5933f2708e4e51c438ad85456a2c3cbea2,RECONSTRUCTED_CORRECTED,False,False
2026-09-29,CORE,prior60_percentile,UNKNOWN,"""MISSING_OR_SUSPENDED_ENDPOINT""",12,docs/evidence/r4_3_four_session_closeout_20261009/owner_v3/owners/2026-09-29/core.jsonl.gz,b880b389c65b9b1dcfe716ff0a9bda5933f2708e4e51c438ad85456a2c3cbea2,RECONSTRUCTED_CORRECTED,False,False
2026-09-29,CORE,prior60_percentile,UNKNOWN,"""INSUFFICIENT_HISTORY""",24,docs/evidence/r4_3_four_session_closeout_20261009/owner_v3/owners/2026-09-29/core.jsonl.gz,b880b389c65b9b1dcfe716ff0a9bda5933f2708e4e51c438ad85456a2c3cbea2,RECONSTRUCTED_CORRECTED,False,False
2026-09-29,CORE,prior_high20,KNOWN,,5212,docs/evidence/r4_3_four_session_closeout_20261009/owner_v3/owners/2026-09-29/core.jsonl.gz,b880b389c65b9b1dcfe716ff0a9bda5933f2708e4e51c438ad85456a2c3cbea2,RECONSTRUCTED_CORRECTED,False,False
2026-09-29,CORE,prior_high20,UNKNOWN,"""INSUFFICIENT_HISTORY""",11,docs/evidence/r4_3_four_session_closeout_20261009/owner_v3/owners/2026-09-29/core.jsonl.gz,b880b389c65b9b1dcfe716ff0a9bda5933f2708e4e51c438ad85456a2c3cbea2,RECONSTRUCTED_CORRECTED,False,False
2026-09-29,CORE,prior_high5,KNOWN,,5221,docs/evidence/r4_3_four_session_closeout_20261009/owner_v3/owners/2026-09-29/core.jsonl.gz,b880b389c65b9b1dcfe716ff0a9bda5933f2708e4e51c438ad85456a2c3cbea2,RECONSTRUCTED_CORRECTED,False,False
2026-09-29,CORE,prior_high5,UNKNOWN,"""INSUFFICIENT_HISTORY""",2,docs/evidence/r4_3_four_session_closeout_20261009/owner_v3/owners/2026-09-29/core.jsonl.gz,b880b389c65b9b1dcfe716ff0a9bda5933f2708e4e51c438ad85456a2c3cbea2,RECONSTRUCTED_CORRECTED,False,False
2026-09-29,CORE,prior_high60,KNOWN,,5199,docs/evidence/r4_3_four_session_closeout_20261009/owner_v3/owners/2026-09-29/core.jsonl.gz,b880b389c65b9b1dcfe716ff0a9bda5933f2708e4e51c438ad85456a2c3cbea2,RECONSTRUCTED_CORRECTED,False,False
2026-09-29,CORE,prior_high60,UNKNOWN,"""INSUFFICIENT_HISTORY""",24,docs/evidence/r4_3_four_session_closeout_20261009/owner_v3/owners/2026-09-29/core.jsonl.gz,b880b389c65b9b1dcfe716ff0a9bda5933f2708e4e51c438ad85456a2c3cbea2,RECONSTRUCTED_CORRECTED,False,False
2026-09-29,CORE,prior_low20,KNOWN,,5212,docs/evidence/r4_3_four_session_closeout_20261009/owner_v3/owners/2026-09-29/core.jsonl.gz,b880b389c65b9b1dcfe716ff0a9bda5933f2708e4e51c438ad85456a2c3cbea2,RECONSTRUCTED_CORRECTED,False,False
2026-09-29,CORE,prior_low20,UNKNOWN,"""INSUFFICIENT_HISTORY""",11,docs/evidence/r4_3_four_session_closeout_20261009/owner_v3/owners/2026-09-29/core.jsonl.gz,b880b389c65b9b1dcfe716ff0a9bda5933f2708e4e51c438ad85456a2c3cbea2,RECONSTRUCTED_CORRECTED,False,False
2026-09-29,CORE,prior_low5,KNOWN,,5221,docs/evidence/r4_3_four_session_closeout_20261009/owner_v3/owners/2026-09-29/core.jsonl.gz,b880b389c65b9b1dcfe716ff0a9bda5933f2708e4e51c438ad85456a2c3cbea2,RECONSTRUCTED_CORRECTED,False,False
2026-09-29,CORE,prior_low5,UNKNOWN,"""INSUFFICIENT_HISTORY""",2,docs/evidence/r4_3_four_session_closeout_20261009/owner_v3/owners/2026-09-29/core.jsonl.gz,b880b389c65b9b1dcfe716ff0a9bda5933f2708e4e51c438ad85456a2c3cbea2,RECONSTRUCTED_CORRECTED,False,False
2026-09-29,CORE,prior_low60,KNOWN,,5199,docs/evidence/r4_3_four_session_closeout_20261009/owner_v3/owners/2026-09-29/core.jsonl.gz,b880b389c65b9b1dcfe716ff0a9bda5933f2708e4e51c438ad85456a2c3cbea2,RECONSTRUCTED_CORRECTED,False,False
2026-09-29,CORE,prior_low60,UNKNOWN,"""INSUFFICIENT_HISTORY""",24,docs/evidence/r4_3_four_session_closeout_20261009/owner_v3/owners/2026-09-29/core.jsonl.gz,b880b389c65b9b1dcfe716ff0a9bda5933f2708e4e51c438ad85456a2c3cbea2,RECONSTRUCTED_CORRECTED,False,False
2026-09-29,CORE,range_ratio,KNOWN,,5214,docs/evidence/r4_3_four_session_closeout_20261009/owner_v3/owners/2026-09-29/core.jsonl.gz,b880b389c65b9b1dcfe716ff0a9bda5933f2708e4e51c438ad85456a2c3cbea2,RECONSTRUCTED_CORRECTED,False,False
2026-09-29,CORE,range_ratio,UNKNOWN,"""INSUFFICIENT_HISTORY""",9,docs/evidence/r4_3_four_session_closeout_20261009/owner_v3/owners/2026-09-29/core.jsonl.gz,b880b389c65b9b1dcfe716ff0a9bda5933f2708e4e51c438ad85456a2c3cbea2,RECONSTRUCTED_CORRECTED,False,False
2026-09-29,CORE,rel_market_1,KNOWN,,5207,docs/evidence/r4_3_four_session_closeout_20261009/owner_v3/owners/2026-09-29/core.jsonl.gz,b880b389c65b9b1dcfe716ff0a9bda5933f2708e4e51c438ad85456a2c3cbea2,RECONSTRUCTED_CORRECTED,False,False
2026-09-29,CORE,rel_market_1,UNKNOWN,"""DATED_MARKET_REFERENCE_UNPROVEN""",16,docs/evidence/r4_3_four_session_closeout_20261009/owner_v3/owners/2026-09-29/core.jsonl.gz,b880b389c65b9b1dcfe716ff0a9bda5933f2708e4e51c438ad85456a2c3cbea2,RECONSTRUCTED_CORRECTED,False,False
2026-09-29,CORE,rel_market_3,KNOWN,,5207,docs/evidence/r4_3_four_session_closeout_20261009/owner_v3/owners/2026-09-29/core.jsonl.gz,b880b389c65b9b1dcfe716ff0a9bda5933f2708e4e51c438ad85456a2c3cbea2,RECONSTRUCTED_CORRECTED,False,False
2026-09-29,CORE,rel_market_3,UNKNOWN,"""DATED_MARKET_REFERENCE_UNPROVEN""",16,docs/evidence/r4_3_four_session_closeout_20261009/owner_v3/owners/2026-09-29/core.jsonl.gz,b880b389c65b9b1dcfe716ff0a9bda5933f2708e4e51c438ad85456a2c3cbea2,RECONSTRUCTED_CORRECTED,False,False
2026-09-29,CORE,rel_market_5,KNOWN,,5205,docs/evidence/r4_3_four_session_closeout_20261009/owner_v3/owners/2026-09-29/core.jsonl.gz,b880b389c65b9b1dcfe716ff0a9bda5933f2708e4e51c438ad85456a2c3cbea2,RECONSTRUCTED_CORRECTED,False,False
2026-09-29,CORE,rel_market_5,UNKNOWN,"""DATED_MARKET_REFERENCE_UNPROVEN""",18,docs/evidence/r4_3_four_session_closeout_20261009/owner_v3/owners/2026-09-29/core.jsonl.gz,b880b389c65b9b1dcfe716ff0a9bda5933f2708e4e51c438ad85456a2c3cbea2,RECONSTRUCTED_CORRECTED,False,False
2026-09-29,CORE,ret1,KNOWN,,5207,docs/evidence/r4_3_four_session_closeout_20261009/owner_v3/owners/2026-09-29/core.jsonl.gz,b880b389c65b9b1dcfe716ff0a9bda5933f2708e4e51c438ad85456a2c3cbea2,RECONSTRUCTED_CORRECTED,False,False
2026-09-29,CORE,ret1,UNKNOWN,"""MISSING_OR_SUSPENDED_ENDPOINT""",15,docs/evidence/r4_3_four_session_closeout_20261009/owner_v3/owners/2026-09-29/core.jsonl.gz,b880b389c65b9b1dcfe716ff0a9bda5933f2708e4e51c438ad85456a2c3cbea2,RECONSTRUCTED_CORRECTED,False,False
2026-09-29,CORE,ret1,UNKNOWN,"""INSUFFICIENT_SESSION_HISTORY""",1,docs/evidence/r4_3_four_session_closeout_20261009/owner_v3/owners/2026-09-29/core.jsonl.gz,b880b389c65b9b1dcfe716ff0a9bda5933f2708e4e51c438ad85456a2c3cbea2,RECONSTRUCTED_CORRECTED,False,False
2026-09-29,CORE,ret20,KNOWN,,5195,docs/evidence/r4_3_four_session_closeout_20261009/owner_v3/owners/2026-09-29/core.jsonl.gz,b880b389c65b9b1dcfe716ff0a9bda5933f2708e4e51c438ad85456a2c3cbea2,RECONSTRUCTED_CORRECTED,False,False
2026-09-29,CORE,ret20,UNKNOWN,"""MISSING_OR_SUSPENDED_ENDPOINT""",17,docs/evidence/r4_3_four_session_closeout_20261009/owner_v3/owners/2026-09-29/core.jsonl.gz,b880b389c65b9b1dcfe716ff0a9bda5933f2708e4e51c438ad85456a2c3cbea2,RECONSTRUCTED_CORRECTED,False,False
2026-09-29,CORE,ret20,UNKNOWN,"""INSUFFICIENT_SESSION_HISTORY""",11,docs/evidence/r4_3_four_session_closeout_20261009/owner_v3/owners/2026-09-29/core.jsonl.gz,b880b389c65b9b1dcfe716ff0a9bda5933f2708e4e51c438ad85456a2c3cbea2,RECONSTRUCTED_CORRECTED,False,False
2026-09-29,CORE,ret3,KNOWN,,5207,docs/evidence/r4_3_four_session_closeout_20261009/owner_v3/owners/2026-09-29/core.jsonl.gz,b880b389c65b9b1dcfe716ff0a9bda5933f2708e4e51c438ad85456a2c3cbea2,RECONSTRUCTED_CORRECTED,False,False
2026-09-29,CORE,ret3,UNKNOWN,"""MISSING_OR_SUSPENDED_ENDPOINT""",15,docs/evidence/r4_3_four_session_closeout_20261009/owner_v3/owners/2026-09-29/core.jsonl.gz,b880b389c65b9b1dcfe716ff0a9bda5933f2708e4e51c438ad85456a2c3cbea2,RECONSTRUCTED_CORRECTED,False,False
2026-09-29,CORE,ret3,UNKNOWN,"""INSUFFICIENT_SESSION_HISTORY""",1,docs/evidence/r4_3_four_session_closeout_20261009/owner_v3/owners/2026-09-29/core.jsonl.gz,b880b389c65b9b1dcfe716ff0a9bda5933f2708e4e51c438ad85456a2c3cbea2,RECONSTRUCTED_CORRECTED,False,False
2026-09-29,CORE,ret5,KNOWN,,5205,docs/evidence/r4_3_four_session_closeout_20261009/owner_v3/owners/2026-09-29/core.jsonl.gz,b880b389c65b9b1dcfe716ff0a9bda5933f2708e4e51c438ad85456a2c3cbea2,RECONSTRUCTED_CORRECTED,False,False
2026-09-29,CORE,ret5,UNKNOWN,"""MISSING_OR_SUSPENDED_ENDPOINT""",16,docs/evidence/r4_3_four_session_closeout_20261009/owner_v3/owners/2026-09-29/core.jsonl.gz,b880b389c65b9b1dcfe716ff0a9bda5933f2708e4e51c438ad85456a2c3cbea2,RECONSTRUCTED_CORRECTED,False,False
2026-09-29,CORE,ret5,UNKNOWN,"""INSUFFICIENT_SESSION_HISTORY""",2,docs/evidence/r4_3_four_session_closeout_20261009/owner_v3/owners/2026-09-29/core.jsonl.gz,b880b389c65b9b1dcfe716ff0a9bda5933f2708e4e51c438ad85456a2c3cbea2,RECONSTRUCTED_CORRECTED,False,False
2026-09-29,CORE,rps20,KNOWN,,5195,docs/evidence/r4_3_four_session_closeout_20261009/owner_v3/owners/2026-09-29/core.jsonl.gz,b880b389c65b9b1dcfe716ff0a9bda5933f2708e4e51c438ad85456a2c3cbea2,RECONSTRUCTED_CORRECTED,False,False
2026-09-29,CORE,rps20,UNKNOWN,"""RETURN_OR_UNIVERSE_UNKNOWN""",28,docs/evidence/r4_3_four_session_closeout_20261009/owner_v3/owners/2026-09-29/core.jsonl.gz,b880b389c65b9b1dcfe716ff0a9bda5933f2708e4e51c438ad85456a2c3cbea2,RECONSTRUCTED_CORRECTED,False,False
2026-09-29,CORE,rps20_delta3,KNOWN,,5191,docs/evidence/r4_3_four_session_closeout_20261009/owner_v3/owners/2026-09-29/core.jsonl.gz,b880b389c65b9b1dcfe716ff0a9bda5933f2708e4e51c438ad85456a2c3cbea2,RECONSTRUCTED_CORRECTED,False,False
2026-09-29,CORE,rps20_delta3,UNKNOWN,"""EXACT_DATED_RPS_ENDPOINT_UNKNOWN""",32,docs/evidence/r4_3_four_session_closeout_20261009/owner_v3/owners/2026-09-29/core.jsonl.gz,b880b389c65b9b1dcfe716ff0a9bda5933f2708e4e51c438ad85456a2c3cbea2,RECONSTRUCTED_CORRECTED,False,False
2026-09-29,CORE,rps5,KNOWN,,5205,docs/evidence/r4_3_four_session_closeout_20261009/owner_v3/owners/2026-09-29/core.jsonl.gz,b880b389c65b9b1dcfe716ff0a9bda5933f2708e4e51c438ad85456a2c3cbea2,RECONSTRUCTED_CORRECTED,False,False
2026-09-29,CORE,rps5,UNKNOWN,"""RETURN_OR_UNIVERSE_UNKNOWN""",18,docs/evidence/r4_3_four_session_closeout_20261009/owner_v3/owners/2026-09-29/core.jsonl.gz,b880b389c65b9b1dcfe716ff0a9bda5933f2708e4e51c438ad85456a2c3cbea2,RECONSTRUCTED_CORRECTED,False,False
2026-09-29,CORE,rps5_delta1,KNOWN,,5202,docs/evidence/r4_3_four_session_closeout_20261009/owner_v3/owners/2026-09-29/core.jsonl.gz,b880b389c65b9b1dcfe716ff0a9bda5933f2708e4e51c438ad85456a2c3cbea2,RECONSTRUCTED_CORRECTED,False,False
2026-09-29,CORE,rps5_delta1,UNKNOWN,"""EXACT_DATED_RPS_ENDPOINT_UNKNOWN""",21,docs/evidence/r4_3_four_session_closeout_20261009/owner_v3/owners/2026-09-29/core.jsonl.gz,b880b389c65b9b1dcfe716ff0a9bda5933f2708e4e51c438ad85456a2c3cbea2,RECONSTRUCTED_CORRECTED,False,False
2026-09-29,CORE,rps5_delta3,KNOWN,,5200,docs/evidence/r4_3_four_session_closeout_20261009/owner_v3/owners/2026-09-29/core.jsonl.gz,b880b389c65b9b1dcfe716ff0a9bda5933f2708e4e51c438ad85456a2c3cbea2,RECONSTRUCTED_CORRECTED,False,False
2026-09-29,CORE,rps5_delta3,UNKNOWN,"""EXACT_DATED_RPS_ENDPOINT_UNKNOWN""",23,docs/evidence/r4_3_four_session_closeout_20261009/owner_v3/owners/2026-09-29/core.jsonl.gz,b880b389c65b9b1dcfe716ff0a9bda5933f2708e4e51c438ad85456a2c3cbea2,RECONSTRUCTED_CORRECTED,False,False
2026-09-29,CORE,slope20,KNOWN,,5212,docs/evidence/r4_3_four_session_closeout_20261009/owner_v3/owners/2026-09-29/core.jsonl.gz,b880b389c65b9b1dcfe716ff0a9bda5933f2708e4e51c438ad85456a2c3cbea2,RECONSTRUCTED_CORRECTED,False,False
2026-09-29,CORE,slope20,UNKNOWN,"""INSUFFICIENT_HISTORY""",11,docs/evidence/r4_3_four_session_closeout_20261009/owner_v3/owners/2026-09-29/core.jsonl.gz,b880b389c65b9b1dcfe716ff0a9bda5933f2708e4e51c438ad85456a2c3cbea2,RECONSTRUCTED_CORRECTED,False,False
2026-09-29,CORE,slope60,KNOWN,,5196,docs/evidence/r4_3_four_session_closeout_20261009/owner_v3/owners/2026-09-29/core.jsonl.gz,b880b389c65b9b1dcfe716ff0a9bda5933f2708e4e51c438ad85456a2c3cbea2,RECONSTRUCTED_CORRECTED,False,False
2026-09-29,CORE,slope60,UNKNOWN,"""INSUFFICIENT_HISTORY""",27,docs/evidence/r4_3_four_session_closeout_20261009/owner_v3/owners/2026-09-29/core.jsonl.gz,b880b389c65b9b1dcfe716ff0a9bda5933f2708e4e51c438ad85456a2c3cbea2,RECONSTRUCTED_CORRECTED,False,False
2026-09-29,CORE,tr,KNOWN,,5210,docs/evidence/r4_3_four_session_closeout_20261009/owner_v3/owners/2026-09-29/core.jsonl.gz,b880b389c65b9b1dcfe716ff0a9bda5933f2708e4e51c438ad85456a2c3cbea2,RECONSTRUCTED_CORRECTED,False,False
2026-09-29,CORE,tr,UNKNOWN,"""CURRENT_BAR_UNAVAILABLE""",12,docs/evidence/r4_3_four_session_closeout_20261009/owner_v3/owners/2026-09-29/core.jsonl.gz,b880b389c65b9b1dcfe716ff0a9bda5933f2708e4e51c438ad85456a2c3cbea2,RECONSTRUCTED_CORRECTED,False,False
2026-09-29,CORE,tr,UNKNOWN,"""INSUFFICIENT_HISTORY""",1,docs/evidence/r4_3_four_session_closeout_20261009/owner_v3/owners/2026-09-29/core.jsonl.gz,b880b389c65b9b1dcfe716ff0a9bda5933f2708e4e51c438ad85456a2c3cbea2,RECONSTRUCTED_CORRECTED,False,False
2026-09-29,CORE,vol20,KNOWN,,5179,docs/evidence/r4_3_four_session_closeout_20261009/owner_v3/owners/2026-09-29/core.jsonl.gz,b880b389c65b9b1dcfe716ff0a9bda5933f2708e4e51c438ad85456a2c3cbea2,RECONSTRUCTED_CORRECTED,False,False
2026-09-29,CORE,vol20,UNKNOWN,"""MISSING_OR_SUSPENDED_ENDPOINT""",33,docs/evidence/r4_3_four_session_closeout_20261009/owner_v3/owners/2026-09-29/core.jsonl.gz,b880b389c65b9b1dcfe716ff0a9bda5933f2708e4e51c438ad85456a2c3cbea2,RECONSTRUCTED_CORRECTED,False,False
2026-09-29,CORE,vol20,UNKNOWN,"""INSUFFICIENT_SESSION_HISTORY""",11,docs/evidence/r4_3_four_session_closeout_20261009/owner_v3/owners/2026-09-29/core.jsonl.gz,b880b389c65b9b1dcfe716ff0a9bda5933f2708e4e51c438ad85456a2c3cbea2,RECONSTRUCTED_CORRECTED,False,False
2026-09-29,CORE,vol5,KNOWN,,5203,docs/evidence/r4_3_four_session_closeout_20261009/owner_v3/owners/2026-09-29/core.jsonl.gz,b880b389c65b9b1dcfe716ff0a9bda5933f2708e4e51c438ad85456a2c3cbea2,RECONSTRUCTED_CORRECTED,False,False
2026-09-29,CORE,vol5,UNKNOWN,"""MISSING_OR_SUSPENDED_ENDPOINT""",18,docs/evidence/r4_3_four_session_closeout_20261009/owner_v3/owners/2026-09-29/core.jsonl.gz,b880b389c65b9b1dcfe716ff0a9bda5933f2708e4e51c438ad85456a2c3cbea2,RECONSTRUCTED_CORRECTED,False,False
2026-09-29,CORE,vol5,UNKNOWN,"""INSUFFICIENT_SESSION_HISTORY""",2,docs/evidence/r4_3_four_session_closeout_20261009/owner_v3/owners/2026-09-29/core.jsonl.gz,b880b389c65b9b1dcfe716ff0a9bda5933f2708e4e51c438ad85456a2c3cbea2,RECONSTRUCTED_CORRECTED,False,False
2026-09-29,CORE,vol_ratio,KNOWN,,5179,docs/evidence/r4_3_four_session_closeout_20261009/owner_v3/owners/2026-09-29/core.jsonl.gz,b880b389c65b9b1dcfe716ff0a9bda5933f2708e4e51c438ad85456a2c3cbea2,RECONSTRUCTED_CORRECTED,False,False
2026-09-29,CORE,vol_ratio,UNKNOWN,"""MISSING_OR_SUSPENDED_ENDPOINT""",33,docs/evidence/r4_3_four_session_closeout_20261009/owner_v3/owners/2026-09-29/core.jsonl.gz,b880b389c65b9b1dcfe716ff0a9bda5933f2708e4e51c438ad85456a2c3cbea2,RECONSTRUCTED_CORRECTED,False,False
2026-09-29,CORE,vol_ratio,UNKNOWN,"""INSUFFICIENT_SESSION_HISTORY""",11,docs/evidence/r4_3_four_session_closeout_20261009/owner_v3/owners/2026-09-29/core.jsonl.gz,b880b389c65b9b1dcfe716ff0a9bda5933f2708e4e51c438ad85456a2c3cbea2,RECONSTRUCTED_CORRECTED,False,False
2026-09-29,CORE,volume_ratio20,KNOWN,,5200,docs/evidence/r4_3_four_session_closeout_20261009/owner_v3/owners/2026-09-29/core.jsonl.gz,b880b389c65b9b1dcfe716ff0a9bda5933f2708e4e51c438ad85456a2c3cbea2,RECONSTRUCTED_CORRECTED,False,False
2026-09-29,CORE,volume_ratio20,UNKNOWN,"""CURRENT_BAR_UNAVAILABLE""",12,docs/evidence/r4_3_four_session_closeout_20261009/owner_v3/owners/2026-09-29/core.jsonl.gz,b880b389c65b9b1dcfe716ff0a9bda5933f2708e4e51c438ad85456a2c3cbea2,RECONSTRUCTED_CORRECTED,False,False
2026-09-29,CORE,volume_ratio20,UNKNOWN,"""INSUFFICIENT_HISTORY""",11,docs/evidence/r4_3_four_session_closeout_20261009/owner_v3/owners/2026-09-29/core.jsonl.gz,b880b389c65b9b1dcfe716ff0a9bda5933f2708e4e51c438ad85456a2c3cbea2,RECONSTRUCTED_CORRECTED,False,False
2026-09-29,CORE,volume_ratio5,KNOWN,,5209,docs/evidence/r4_3_four_session_closeout_20261009/owner_v3/owners/2026-09-29/core.jsonl.gz,b880b389c65b9b1dcfe716ff0a9bda5933f2708e4e51c438ad85456a2c3cbea2,RECONSTRUCTED_CORRECTED,False,False
2026-09-29,CORE,volume_ratio5,UNKNOWN,"""CURRENT_BAR_UNAVAILABLE""",12,docs/evidence/r4_3_four_session_closeout_20261009/owner_v3/owners/2026-09-29/core.jsonl.gz,b880b389c65b9b1dcfe716ff0a9bda5933f2708e4e51c438ad85456a2c3cbea2,RECONSTRUCTED_CORRECTED,False,False
2026-09-29,CORE,volume_ratio5,UNKNOWN,"""INSUFFICIENT_HISTORY""",2,docs/evidence/r4_3_four_session_closeout_20261009/owner_v3/owners/2026-09-29/core.jsonl.gz,b880b389c65b9b1dcfe716ff0a9bda5933f2708e4e51c438ad85456a2c3cbea2,RECONSTRUCTED_CORRECTED,False,False
2026-09-29,PROFILE,amount_state,KNOWN,,5200,docs/evidence/r4_3_four_session_closeout_20261009/owner_v3/owners/2026-09-29/profiles.jsonl.gz,1f2dfb7d5856ea064744e8e81a0f5341bc10364b6cc67b24e8f529bc59fa1b21,RECONSTRUCTED_LATEST_MEMBERSHIP,False,False
2026-09-29,PROFILE,amount_state,UNKNOWN,"""REQUIRED_INPUT_UNKNOWN""",23,docs/evidence/r4_3_four_session_closeout_20261009/owner_v3/owners/2026-09-29/profiles.jsonl.gz,1f2dfb7d5856ea064744e8e81a0f5341bc10364b6cc67b24e8f529bc59fa1b21,RECONSTRUCTED_LATEST_MEMBERSHIP,False,False
2026-09-29,PROFILE,compression_state,KNOWN,,5179,docs/evidence/r4_3_four_session_closeout_20261009/owner_v3/owners/2026-09-29/profiles.jsonl.gz,1f2dfb7d5856ea064744e8e81a0f5341bc10364b6cc67b24e8f529bc59fa1b21,RECONSTRUCTED_LATEST_MEMBERSHIP,False,False
2026-09-29,PROFILE,compression_state,UNKNOWN,"""REQUIRED_INPUT_UNKNOWN""",44,docs/evidence/r4_3_four_session_closeout_20261009/owner_v3/owners/2026-09-29/profiles.jsonl.gz,1f2dfb7d5856ea064744e8e81a0f5341bc10364b6cc67b24e8f529bc59fa1b21,RECONSTRUCTED_LATEST_MEMBERSHIP,False,False
2026-09-29,PROFILE,core_extension_risk,KNOWN,,5195,docs/evidence/r4_3_four_session_closeout_20261009/owner_v3/owners/2026-09-29/profiles.jsonl.gz,1f2dfb7d5856ea064744e8e81a0f5341bc10364b6cc67b24e8f529bc59fa1b21,RECONSTRUCTED_LATEST_MEMBERSHIP,False,False
2026-09-29,PROFILE,core_extension_risk,UNKNOWN,"""REQUIRED_INPUT_UNKNOWN""",28,docs/evidence/r4_3_four_session_closeout_20261009/owner_v3/owners/2026-09-29/profiles.jsonl.gz,1f2dfb7d5856ea064744e8e81a0f5341bc10364b6cc67b24e8f529bc59fa1b21,RECONSTRUCTED_LATEST_MEMBERSHIP,False,False
2026-09-29,PROFILE,core_participation_result,KNOWN,,5194,docs/evidence/r4_3_four_session_closeout_20261009/owner_v3/owners/2026-09-29/profiles.jsonl.gz,1f2dfb7d5856ea064744e8e81a0f5341bc10364b6cc67b24e8f529bc59fa1b21,RECONSTRUCTED_LATEST_MEMBERSHIP,False,False
2026-09-29,PROFILE,core_participation_result,UNKNOWN,"""REQUIRED_INPUT_UNKNOWN""",26,docs/evidence/r4_3_four_session_closeout_20261009/owner_v3/owners/2026-09-29/profiles.jsonl.gz,1f2dfb7d5856ea064744e8e81a0f5341bc10364b6cc67b24e8f529bc59fa1b21,RECONSTRUCTED_LATEST_MEMBERSHIP,False,False
2026-09-29,PROFILE,core_participation_result,UNKNOWN,"""CLV_REQUIRED_FOR_BRANCH""",3,docs/evidence/r4_3_four_session_closeout_20261009/owner_v3/owners/2026-09-29/profiles.jsonl.gz,1f2dfb7d5856ea064744e8e81a0f5341bc10364b6cc67b24e8f529bc59fa1b21,RECONSTRUCTED_LATEST_MEMBERSHIP,False,False
2026-09-29,PROFILE,drawdown20_state,KNOWN,,5202,docs/evidence/r4_3_four_session_closeout_20261009/owner_v3/owners/2026-09-29/profiles.jsonl.gz,1f2dfb7d5856ea064744e8e81a0f5341bc10364b6cc67b24e8f529bc59fa1b21,RECONSTRUCTED_LATEST_MEMBERSHIP,False,False
2026-09-29,PROFILE,drawdown20_state,UNKNOWN,"""REQUIRED_INPUT_UNKNOWN_OR_ZERO_HIGH""",21,docs/evidence/r4_3_four_session_closeout_20261009/owner_v3/owners/2026-09-29/profiles.jsonl.gz,1f2dfb7d5856ea064744e8e81a0f5341bc10364b6cc67b24e8f529bc59fa1b21,RECONSTRUCTED_LATEST_MEMBERSHIP,False,False
2026-09-29,PROFILE,drawdown60_state,KNOWN,,5187,docs/evidence/r4_3_four_session_closeout_20261009/owner_v3/owners/2026-09-29/profiles.jsonl.gz,1f2dfb7d5856ea064744e8e81a0f5341bc10364b6cc67b24e8f529bc59fa1b21,RECONSTRUCTED_LATEST_MEMBERSHIP,False,False
2026-09-29,PROFILE,drawdown60_state,UNKNOWN,"""REQUIRED_INPUT_UNKNOWN_OR_ZERO_HIGH""",36,docs/evidence/r4_3_four_session_closeout_20261009/owner_v3/owners/2026-09-29/profiles.jsonl.gz,1f2dfb7d5856ea064744e8e81a0f5341bc10364b6cc67b24e8f529bc59fa1b21,RECONSTRUCTED_LATEST_MEMBERSHIP,False,False
2026-09-29,PROFILE,ma_structure_state,KNOWN,,5200,docs/evidence/r4_3_four_session_closeout_20261009/owner_v3/owners/2026-09-29/profiles.jsonl.gz,1f2dfb7d5856ea064744e8e81a0f5341bc10364b6cc67b24e8f529bc59fa1b21,RECONSTRUCTED_LATEST_MEMBERSHIP,False,False
2026-09-29,PROFILE,ma_structure_state,UNKNOWN,"""REQUIRED_INPUT_UNKNOWN""",23,docs/evidence/r4_3_four_session_closeout_20261009/owner_v3/owners/2026-09-29/profiles.jsonl.gz,1f2dfb7d5856ea064744e8e81a0f5341bc10364b6cc67b24e8f529bc59fa1b21,RECONSTRUCTED_LATEST_MEMBERSHIP,False,False
2026-09-29,PROFILE,monthly_trend_state,KNOWN,,5194,docs/evidence/r4_3_four_session_closeout_20261009/owner_v3/owners/2026-09-29/profiles.jsonl.gz,1f2dfb7d5856ea064744e8e81a0f5341bc10364b6cc67b24e8f529bc59fa1b21,RECONSTRUCTED_LATEST_MEMBERSHIP,False,False
2026-09-29,PROFILE,monthly_trend_state,UNKNOWN,"""CLOSED_PERIOD_OR_INPUT_UNAVAILABLE""",29,docs/evidence/r4_3_four_session_closeout_20261009/owner_v3/owners/2026-09-29/profiles.jsonl.gz,1f2dfb7d5856ea064744e8e81a0f5341bc10364b6cc67b24e8f529bc59fa1b21,RECONSTRUCTED_LATEST_MEMBERSHIP,False,False
2026-09-29,PROFILE,near_high20_state,KNOWN,,5200,docs/evidence/r4_3_four_session_closeout_20261009/owner_v3/owners/2026-09-29/profiles.jsonl.gz,1f2dfb7d5856ea064744e8e81a0f5341bc10364b6cc67b24e8f529bc59fa1b21,RECONSTRUCTED_LATEST_MEMBERSHIP,False,False
2026-09-29,PROFILE,near_high20_state,UNKNOWN,"""REQUIRED_INPUT_UNKNOWN_OR_ZERO_ATR""",23,docs/evidence/r4_3_four_session_closeout_20261009/owner_v3/owners/2026-09-29/profiles.jsonl.gz,1f2dfb7d5856ea064744e8e81a0f5341bc10364b6cc67b24e8f529bc59fa1b21,RECONSTRUCTED_LATEST_MEMBERSHIP,False,False
2026-09-29,PROFILE,near_high60_state,KNOWN,,5187,docs/evidence/r4_3_four_session_closeout_20261009/owner_v3/owners/2026-09-29/profiles.jsonl.gz,1f2dfb7d5856ea064744e8e81a0f5341bc10364b6cc67b24e8f529bc59fa1b21,RECONSTRUCTED_LATEST_MEMBERSHIP,False,False
2026-09-29,PROFILE,near_high60_state,UNKNOWN,"""REQUIRED_INPUT_UNKNOWN_OR_ZERO_ATR""",36,docs/evidence/r4_3_four_session_closeout_20261009/owner_v3/owners/2026-09-29/profiles.jsonl.gz,1f2dfb7d5856ea064744e8e81a0f5341bc10364b6cc67b24e8f529bc59fa1b21,RECONSTRUCTED_LATEST_MEMBERSHIP,False,False
2026-09-29,PROFILE,position_state,KNOWN,,5187,docs/evidence/r4_3_four_session_closeout_20261009/owner_v3/owners/2026-09-29/profiles.jsonl.gz,1f2dfb7d5856ea064744e8e81a0f5341bc10364b6cc67b24e8f529bc59fa1b21,RECONSTRUCTED_LATEST_MEMBERSHIP,False,False
2026-09-29,PROFILE,position_state,UNKNOWN,"""REQUIRED_INPUT_UNKNOWN""",36,docs/evidence/r4_3_four_session_closeout_20261009/owner_v3/owners/2026-09-29/profiles.jsonl.gz,1f2dfb7d5856ea064744e8e81a0f5341bc10364b6cc67b24e8f529bc59fa1b21,RECONSTRUCTED_LATEST_MEMBERSHIP,False,False
2026-09-29,PROFILE,regime_ui,UNKNOWN,"""CORRECTED_MARKET_AXES_NOT_YET_BOUND""",5223,docs/evidence/r4_3_four_session_closeout_20261009/owner_v3/owners/2026-09-29/profiles.jsonl.gz,1f2dfb7d5856ea064744e8e81a0f5341bc10364b6cc67b24e8f529bc59fa1b21,RECONSTRUCTED_LATEST_MEMBERSHIP,False,False
2026-09-29,PROFILE,relative_market_state,KNOWN,,5178,docs/evidence/r4_3_four_session_closeout_20261009/owner_v3/owners/2026-09-29/profiles.jsonl.gz,1f2dfb7d5856ea064744e8e81a0f5341bc10364b6cc67b24e8f529bc59fa1b21,RECONSTRUCTED_LATEST_MEMBERSHIP,False,False
2026-09-29,PROFILE,relative_market_state,UNKNOWN,"""REQUIRED_INPUT_UNKNOWN""",45,docs/evidence/r4_3_four_session_closeout_20261009/owner_v3/owners/2026-09-29/profiles.jsonl.gz,1f2dfb7d5856ea064744e8e81a0f5341bc10364b6cc67b24e8f529bc59fa1b21,RECONSTRUCTED_LATEST_MEMBERSHIP,False,False
2026-09-29,PROFILE,severe_extension,KNOWN,,5195,docs/evidence/r4_3_four_session_closeout_20261009/owner_v3/owners/2026-09-29/profiles.jsonl.gz,1f2dfb7d5856ea064744e8e81a0f5341bc10364b6cc67b24e8f529bc59fa1b21,RECONSTRUCTED_LATEST_MEMBERSHIP,False,False
2026-09-29,PROFILE,severe_extension,UNKNOWN,"""REQUIRED_INPUT_UNKNOWN""",28,docs/evidence/r4_3_four_session_closeout_20261009/owner_v3/owners/2026-09-29/profiles.jsonl.gz,1f2dfb7d5856ea064744e8e81a0f5341bc10364b6cc67b24e8f529bc59fa1b21,RECONSTRUCTED_LATEST_MEMBERSHIP,False,False
2026-09-29,PROFILE,trend_state,KNOWN,,5181,docs/evidence/r4_3_four_session_closeout_20261009/owner_v3/owners/2026-09-29/profiles.jsonl.gz,1f2dfb7d5856ea064744e8e81a0f5341bc10364b6cc67b24e8f529bc59fa1b21,RECONSTRUCTED_LATEST_MEMBERSHIP,False,False
2026-09-29,PROFILE,trend_state,UNKNOWN,"""REQUIRED_INPUT_UNKNOWN""",42,docs/evidence/r4_3_four_session_closeout_20261009/owner_v3/owners/2026-09-29/profiles.jsonl.gz,1f2dfb7d5856ea064744e8e81a0f5341bc10364b6cc67b24e8f529bc59fa1b21,RECONSTRUCTED_LATEST_MEMBERSHIP,False,False
2026-09-29,PROFILE,volume_state,KNOWN,,5200,docs/evidence/r4_3_four_session_closeout_20261009/owner_v3/owners/2026-09-29/profiles.jsonl.gz,1f2dfb7d5856ea064744e8e81a0f5341bc10364b6cc67b24e8f529bc59fa1b21,RECONSTRUCTED_LATEST_MEMBERSHIP,False,False
2026-09-29,PROFILE,volume_state,UNKNOWN,"""REQUIRED_INPUT_UNKNOWN""",23,docs/evidence/r4_3_four_session_closeout_20261009/owner_v3/owners/2026-09-29/profiles.jsonl.gz,1f2dfb7d5856ea064744e8e81a0f5341bc10364b6cc67b24e8f529bc59fa1b21,RECONSTRUCTED_LATEST_MEMBERSHIP,False,False
2026-09-29,PROFILE,weekly_trend_state,KNOWN,,5211,docs/evidence/r4_3_four_session_closeout_20261009/owner_v3/owners/2026-09-29/profiles.jsonl.gz,1f2dfb7d5856ea064744e8e81a0f5341bc10364b6cc67b24e8f529bc59fa1b21,RECONSTRUCTED_LATEST_MEMBERSHIP,False,False
2026-09-29,PROFILE,weekly_trend_state,UNKNOWN,"""CLOSED_PERIOD_OR_INPUT_UNAVAILABLE""",12,docs/evidence/r4_3_four_session_closeout_20261009/owner_v3/owners/2026-09-29/profiles.jsonl.gz,1f2dfb7d5856ea064744e8e81a0f5341bc10364b6cc67b24e8f529bc59fa1b21,RECONSTRUCTED_LATEST_MEMBERSHIP,False,False
2026-09-29,STRUCTURE,acceptance_state,UNKNOWN,"""UNKNOWN_ACCEPTED_SOURCE_METADATA_UNAVAILABLE""",4944,docs/evidence/r4_3_four_session_closeout_20261009/owner_v3/owners/2026-09-29/advanced_structure_projection.jsonl.gz,9b4dfd184a5a21cdc388d0c4b03409fc60563f7d8488e8cc7a39f6c9543ff8a7,RECONSTRUCTED_LATEST_MEMBERSHIP,False,False
2026-09-29,STRUCTURE,acceptance_state,KNOWN,,279,docs/evidence/r4_3_four_session_closeout_20261009/owner_v3/owners/2026-09-29/advanced_structure_projection.jsonl.gz,9b4dfd184a5a21cdc388d0c4b03409fc60563f7d8488e8cc7a39f6c9543ff8a7,RECONSTRUCTED_LATEST_MEMBERSHIP,False,False
2026-09-29,STRUCTURE,active_anchor_id,UNKNOWN,"""NO_ACTIVE_ANCHOR""",4942,docs/evidence/r4_3_four_session_closeout_20261009/owner_v3/owners/2026-09-29/advanced_structure_projection.jsonl.gz,9b4dfd184a5a21cdc388d0c4b03409fc60563f7d8488e8cc7a39f6c9543ff8a7,RECONSTRUCTED_LATEST_MEMBERSHIP,False,False
2026-09-29,STRUCTURE,active_anchor_id,KNOWN,,279,docs/evidence/r4_3_four_session_closeout_20261009/owner_v3/owners/2026-09-29/advanced_structure_projection.jsonl.gz,9b4dfd184a5a21cdc388d0c4b03409fc60563f7d8488e8cc7a39f6c9543ff8a7,RECONSTRUCTED_LATEST_MEMBERSHIP,False,False
2026-09-29,STRUCTURE,active_anchor_id,UNKNOWN,"""ACTIVE_ANCHOR_SELECTION_UNKNOWN""",2,docs/evidence/r4_3_four_session_closeout_20261009/owner_v3/owners/2026-09-29/advanced_structure_projection.jsonl.gz,9b4dfd184a5a21cdc388d0c4b03409fc60563f7d8488e8cc7a39f6c9543ff8a7,RECONSTRUCTED_LATEST_MEMBERSHIP,False,False
2026-09-29,STRUCTURE,anchor_view_asof_t,UNKNOWN,"""UNKNOWN_ACCEPTED_SOURCE_METADATA_UNAVAILABLE""",4944,docs/evidence/r4_3_four_session_closeout_20261009/owner_v3/owners/2026-09-29/advanced_structure_projection.jsonl.gz,9b4dfd184a5a21cdc388d0c4b03409fc60563f7d8488e8cc7a39f6c9543ff8a7,RECONSTRUCTED_LATEST_MEMBERSHIP,False,False
2026-09-29,STRUCTURE,anchor_view_asof_t,KNOWN,,279,docs/evidence/r4_3_four_session_closeout_20261009/owner_v3/owners/2026-09-29/advanced_structure_projection.jsonl.gz,9b4dfd184a5a21cdc388d0c4b03409fc60563f7d8488e8cc7a39f6c9543ff8a7,RECONSTRUCTED_LATEST_MEMBERSHIP,False,False
2026-09-29,STRUCTURE,basic_breakout_state,UNKNOWN,"[""NO_ACCEPTED_PRIOR_D1_PUBLICATION"", ""NO_KNOWN_EMPTY_BREAKOUT_EPISODE""]",5200,docs/evidence/r4_3_four_session_closeout_20261009/owner_v3/owners/2026-09-29/advanced_structure_projection.jsonl.gz,9b4dfd184a5a21cdc388d0c4b03409fc60563f7d8488e8cc7a39f6c9543ff8a7,RECONSTRUCTED_LATEST_MEMBERSHIP,False,False
2026-09-29,STRUCTURE,basic_breakout_state,UNKNOWN,"[""UNKNOWN_REQUIRED_OBSERVATION""]",12,docs/evidence/r4_3_four_session_closeout_20261009/owner_v3/owners/2026-09-29/advanced_structure_projection.jsonl.gz,9b4dfd184a5a21cdc388d0c4b03409fc60563f7d8488e8cc7a39f6c9543ff8a7,RECONSTRUCTED_LATEST_MEMBERSHIP,False,False
2026-09-29,STRUCTURE,basic_breakout_state,UNKNOWN,"[""CORRECTED_FIELD_UNAVAILABLE""]",11,docs/evidence/r4_3_four_session_closeout_20261009/owner_v3/owners/2026-09-29/advanced_structure_projection.jsonl.gz,9b4dfd184a5a21cdc388d0c4b03409fc60563f7d8488e8cc7a39f6c9543ff8a7,RECONSTRUCTED_LATEST_MEMBERSHIP,False,False
2026-09-29,STRUCTURE,basic_pullback_state,UNKNOWN,"""UNKNOWN_ACCEPTED_SOURCE_METADATA_UNAVAILABLE""",4944,docs/evidence/r4_3_four_session_closeout_20261009/owner_v3/owners/2026-09-29/advanced_structure_projection.jsonl.gz,9b4dfd184a5a21cdc388d0c4b03409fc60563f7d8488e8cc7a39f6c9543ff8a7,RECONSTRUCTED_LATEST_MEMBERSHIP,False,False
2026-09-29,STRUCTURE,basic_pullback_state,KNOWN,,264,docs/evidence/r4_3_four_session_closeout_20261009/owner_v3/owners/2026-09-29/advanced_structure_projection.jsonl.gz,9b4dfd184a5a21cdc388d0c4b03409fc60563f7d8488e8cc7a39f6c9543ff8a7,RECONSTRUCTED_LATEST_MEMBERSHIP,False,False
2026-09-29,STRUCTURE,basic_pullback_state,UNKNOWN,"[""NO_ACCEPTED_PRIOR_D1_PUBLICATION""]",15,docs/evidence/r4_3_four_session_closeout_20261009/owner_v3/owners/2026-09-29/advanced_structure_projection.jsonl.gz,9b4dfd184a5a21cdc388d0c4b03409fc60563f7d8488e8cc7a39f6c9543ff8a7,RECONSTRUCTED_LATEST_MEMBERSHIP,False,False
2026-09-29,STRUCTURE,basic_recovery_state,UNKNOWN,"""UNKNOWN_ACCEPTED_SOURCE_METADATA_UNAVAILABLE""",4944,docs/evidence/r4_3_four_session_closeout_20261009/owner_v3/owners/2026-09-29/advanced_structure_projection.jsonl.gz,9b4dfd184a5a21cdc388d0c4b03409fc60563f7d8488e8cc7a39f6c9543ff8a7,RECONSTRUCTED_LATEST_MEMBERSHIP,False,False
2026-09-29,STRUCTURE,basic_recovery_state,KNOWN,,272,docs/evidence/r4_3_four_session_closeout_20261009/owner_v3/owners/2026-09-29/advanced_structure_projection.jsonl.gz,9b4dfd184a5a21cdc388d0c4b03409fc60563f7d8488e8cc7a39f6c9543ff8a7,RECONSTRUCTED_LATEST_MEMBERSHIP,False,False
2026-09-29,STRUCTURE,basic_recovery_state,UNKNOWN,"[""CORRECTED_FIELD_UNAVAILABLE""]",7,docs/evidence/r4_3_four_session_closeout_20261009/owner_v3/owners/2026-09-29/advanced_structure_projection.jsonl.gz,9b4dfd184a5a21cdc388d0c4b03409fc60563f7d8488e8cc7a39f6c9543ff8a7,RECONSTRUCTED_LATEST_MEMBERSHIP,False,False
2026-09-29,STRUCTURE,retest_count,UNKNOWN,"""UNKNOWN_ACCEPTED_SOURCE_METADATA_UNAVAILABLE""",4944,docs/evidence/r4_3_four_session_closeout_20261009/owner_v3/owners/2026-09-29/advanced_structure_projection.jsonl.gz,9b4dfd184a5a21cdc388d0c4b03409fc60563f7d8488e8cc7a39f6c9543ff8a7,RECONSTRUCTED_LATEST_MEMBERSHIP,False,False
2026-09-29,STRUCTURE,retest_count,KNOWN,,279,docs/evidence/r4_3_four_session_closeout_20261009/owner_v3/owners/2026-09-29/advanced_structure_projection.jsonl.gz,9b4dfd184a5a21cdc388d0c4b03409fc60563f7d8488e8cc7a39f6c9543ff8a7,RECONSTRUCTED_LATEST_MEMBERSHIP,False,False
2026-09-29,STRUCTURE,structure_events,UNKNOWN,"""UNKNOWN_ACCEPTED_SOURCE_METADATA_UNAVAILABLE""",5223,docs/evidence/r4_3_four_session_closeout_20261009/owner_v3/owners/2026-09-29/advanced_structure_projection.jsonl.gz,9b4dfd184a5a21cdc388d0c4b03409fc60563f7d8488e8cc7a39f6c9543ff8a7,RECONSTRUCTED_LATEST_MEMBERSHIP,False,False
2026-09-29,STRUCTURE,structure_health,UNKNOWN,"""UNKNOWN_ACCEPTED_SOURCE_METADATA_UNAVAILABLE""",5223,docs/evidence/r4_3_four_session_closeout_20261009/owner_v3/owners/2026-09-29/advanced_structure_projection.jsonl.gz,9b4dfd184a5a21cdc388d0c4b03409fc60563f7d8488e8cc7a39f6c9543ff8a7,RECONSTRUCTED_LATEST_MEMBERSHIP,False,False
2026-09-29,STRUCTURE,support_state,UNKNOWN,"""UNKNOWN_ACCEPTED_SOURCE_METADATA_UNAVAILABLE""",4944,docs/evidence/r4_3_four_session_closeout_20261009/owner_v3/owners/2026-09-29/advanced_structure_projection.jsonl.gz,9b4dfd184a5a21cdc388d0c4b03409fc60563f7d8488e8cc7a39f6c9543ff8a7,RECONSTRUCTED_LATEST_MEMBERSHIP,False,False
2026-09-29,STRUCTURE,support_state,KNOWN,,279,docs/evidence/r4_3_four_session_closeout_20261009/owner_v3/owners/2026-09-29/advanced_structure_projection.jsonl.gz,9b4dfd184a5a21cdc388d0c4b03409fc60563f7d8488e8cc7a39f6c9543ff8a7,RECONSTRUCTED_LATEST_MEMBERSHIP,False,False
2026-09-30,CORE,amount_ratio20,KNOWN,,5203,docs/evidence/r4_3_four_session_closeout_20261009/owner_v3/owners/2026-09-30/core.jsonl.gz,a6d4bd42de00003095e1a65fae29cdbbfad5ab8e04f0983c5df4d99a8822bc7d,RECONSTRUCTED_CORRECTED,False,False
2026-09-30,CORE,amount_ratio20,UNKNOWN,"""CURRENT_BAR_UNAVAILABLE""",11,docs/evidence/r4_3_four_session_closeout_20261009/owner_v3/owners/2026-09-30/core.jsonl.gz,a6d4bd42de00003095e1a65fae29cdbbfad5ab8e04f0983c5df4d99a8822bc7d,RECONSTRUCTED_CORRECTED,False,False
2026-09-30,CORE,amount_ratio20,UNKNOWN,"""INSUFFICIENT_HISTORY""",10,docs/evidence/r4_3_four_session_closeout_20261009/owner_v3/owners/2026-09-30/core.jsonl.gz,a6d4bd42de00003095e1a65fae29cdbbfad5ab8e04f0983c5df4d99a8822bc7d,RECONSTRUCTED_CORRECTED,False,False
2026-09-30,CORE,amount_ratio5,KNOWN,,5211,docs/evidence/r4_3_four_session_closeout_20261009/owner_v3/owners/2026-09-30/core.jsonl.gz,a6d4bd42de00003095e1a65fae29cdbbfad5ab8e04f0983c5df4d99a8822bc7d,RECONSTRUCTED_CORRECTED,False,False
2026-09-30,CORE,amount_ratio5,UNKNOWN,"""CURRENT_BAR_UNAVAILABLE""",11,docs/evidence/r4_3_four_session_closeout_20261009/owner_v3/owners/2026-09-30/core.jsonl.gz,a6d4bd42de00003095e1a65fae29cdbbfad5ab8e04f0983c5df4d99a8822bc7d,RECONSTRUCTED_CORRECTED,False,False
2026-09-30,CORE,amount_ratio5,UNKNOWN,"""INSUFFICIENT_HISTORY""",2,docs/evidence/r4_3_four_session_closeout_20261009/owner_v3/owners/2026-09-30/core.jsonl.gz,a6d4bd42de00003095e1a65fae29cdbbfad5ab8e04f0983c5df4d99a8822bc7d,RECONSTRUCTED_CORRECTED,False,False
2026-09-30,CORE,atr20,KNOWN,,5214,docs/evidence/r4_3_four_session_closeout_20261009/owner_v3/owners/2026-09-30/core.jsonl.gz,a6d4bd42de00003095e1a65fae29cdbbfad5ab8e04f0983c5df4d99a8822bc7d,RECONSTRUCTED_CORRECTED,False,False
2026-09-30,CORE,atr20,UNKNOWN,"""INSUFFICIENT_HISTORY""",10,docs/evidence/r4_3_four_session_closeout_20261009/owner_v3/owners/2026-09-30/core.jsonl.gz,a6d4bd42de00003095e1a65fae29cdbbfad5ab8e04f0983c5df4d99a8822bc7d,RECONSTRUCTED_CORRECTED,False,False
2026-09-30,CORE,atr5,KNOWN,,5222,docs/evidence/r4_3_four_session_closeout_20261009/owner_v3/owners/2026-09-30/core.jsonl.gz,a6d4bd42de00003095e1a65fae29cdbbfad5ab8e04f0983c5df4d99a8822bc7d,RECONSTRUCTED_CORRECTED,False,False
2026-09-30,CORE,atr5,UNKNOWN,"""INSUFFICIENT_HISTORY""",2,docs/evidence/r4_3_four_session_closeout_20261009/owner_v3/owners/2026-09-30/core.jsonl.gz,a6d4bd42de00003095e1a65fae29cdbbfad5ab8e04f0983c5df4d99a8822bc7d,RECONSTRUCTED_CORRECTED,False,False
2026-09-30,CORE,atr_ratio,KNOWN,,5214,docs/evidence/r4_3_four_session_closeout_20261009/owner_v3/owners/2026-09-30/core.jsonl.gz,a6d4bd42de00003095e1a65fae29cdbbfad5ab8e04f0983c5df4d99a8822bc7d,RECONSTRUCTED_CORRECTED,False,False
2026-09-30,CORE,atr_ratio,UNKNOWN,"""INSUFFICIENT_HISTORY""",10,docs/evidence/r4_3_four_session_closeout_20261009/owner_v3/owners/2026-09-30/core.jsonl.gz,a6d4bd42de00003095e1a65fae29cdbbfad5ab8e04f0983c5df4d99a8822bc7d,RECONSTRUCTED_CORRECTED,False,False
2026-09-30,CORE,clv,KNOWN,,5206,docs/evidence/r4_3_four_session_closeout_20261009/owner_v3/owners/2026-09-30/core.jsonl.gz,a6d4bd42de00003095e1a65fae29cdbbfad5ab8e04f0983c5df4d99a8822bc7d,RECONSTRUCTED_CORRECTED,False,False
2026-09-30,CORE,clv,UNKNOWN,"""CURRENT_BAR_UNAVAILABLE""",11,docs/evidence/r4_3_four_session_closeout_20261009/owner_v3/owners/2026-09-30/core.jsonl.gz,a6d4bd42de00003095e1a65fae29cdbbfad5ab8e04f0983c5df4d99a8822bc7d,RECONSTRUCTED_CORRECTED,False,False
2026-09-30,CORE,clv,UNKNOWN,"""ZERO_DENOMINATOR""",7,docs/evidence/r4_3_four_session_closeout_20261009/owner_v3/owners/2026-09-30/core.jsonl.gz,a6d4bd42de00003095e1a65fae29cdbbfad5ab8e04f0983c5df4d99a8822bc7d,RECONSTRUCTED_CORRECTED,False,False
2026-09-30,CORE,core_price_damage,KNOWN,,5199,docs/evidence/r4_3_four_session_closeout_20261009/owner_v3/owners/2026-09-30/core.jsonl.gz,a6d4bd42de00003095e1a65fae29cdbbfad5ab8e04f0983c5df4d99a8822bc7d,RECONSTRUCTED_CORRECTED,False,False
2026-09-30,CORE,core_price_damage,UNKNOWN,"""MISSING_OR_SUSPENDED_ENDPOINT""",15,docs/evidence/r4_3_four_session_closeout_20261009/owner_v3/owners/2026-09-30/core.jsonl.gz,a6d4bd42de00003095e1a65fae29cdbbfad5ab8e04f0983c5df4d99a8822bc7d,RECONSTRUCTED_CORRECTED,False,False
2026-09-30,CORE,core_price_damage,UNKNOWN,"""INSUFFICIENT_HISTORY""",10,docs/evidence/r4_3_four_session_closeout_20261009/owner_v3/owners/2026-09-30/core.jsonl.gz,a6d4bd42de00003095e1a65fae29cdbbfad5ab8e04f0983c5df4d99a8822bc7d,RECONSTRUCTED_CORRECTED,False,False
2026-09-30,CORE,hh_progress,KNOWN,,5220,docs/evidence/r4_3_four_session_closeout_20261009/owner_v3/owners/2026-09-30/core.jsonl.gz,a6d4bd42de00003095e1a65fae29cdbbfad5ab8e04f0983c5df4d99a8822bc7d,RECONSTRUCTED_CORRECTED,False,False
2026-09-30,CORE,hh_progress,UNKNOWN,"""INSUFFICIENT_HISTORY""",4,docs/evidence/r4_3_four_session_closeout_20261009/owner_v3/owners/2026-09-30/core.jsonl.gz,a6d4bd42de00003095e1a65fae29cdbbfad5ab8e04f0983c5df4d99a8822bc7d,RECONSTRUCTED_CORRECTED,False,False
2026-09-30,CORE,hhv20,KNOWN,,5215,docs/evidence/r4_3_four_session_closeout_20261009/owner_v3/owners/2026-09-30/core.jsonl.gz,a6d4bd42de00003095e1a65fae29cdbbfad5ab8e04f0983c5df4d99a8822bc7d,RECONSTRUCTED_CORRECTED,False,False
2026-09-30,CORE,hhv20,UNKNOWN,"""INSUFFICIENT_HISTORY""",9,docs/evidence/r4_3_four_session_closeout_20261009/owner_v3/owners/2026-09-30/core.jsonl.gz,a6d4bd42de00003095e1a65fae29cdbbfad5ab8e04f0983c5df4d99a8822bc7d,RECONSTRUCTED_CORRECTED,False,False
2026-09-30,CORE,hhv5,KNOWN,,5222,docs/evidence/r4_3_four_session_closeout_20261009/owner_v3/owners/2026-09-30/core.jsonl.gz,a6d4bd42de00003095e1a65fae29cdbbfad5ab8e04f0983c5df4d99a8822bc7d,RECONSTRUCTED_CORRECTED,False,False
2026-09-30,CORE,hhv5,UNKNOWN,"""INSUFFICIENT_HISTORY""",2,docs/evidence/r4_3_four_session_closeout_20261009/owner_v3/owners/2026-09-30/core.jsonl.gz,a6d4bd42de00003095e1a65fae29cdbbfad5ab8e04f0983c5df4d99a8822bc7d,RECONSTRUCTED_CORRECTED,False,False
2026-09-30,CORE,hhv60,KNOWN,,5199,docs/evidence/r4_3_four_session_closeout_20261009/owner_v3/owners/2026-09-30/core.jsonl.gz,a6d4bd42de00003095e1a65fae29cdbbfad5ab8e04f0983c5df4d99a8822bc7d,RECONSTRUCTED_CORRECTED,False,False
2026-09-30,CORE,hhv60,UNKNOWN,"""INSUFFICIENT_HISTORY""",25,docs/evidence/r4_3_four_session_closeout_20261009/owner_v3/owners/2026-09-30/core.jsonl.gz,a6d4bd42de00003095e1a65fae29cdbbfad5ab8e04f0983c5df4d99a8822bc7d,RECONSTRUCTED_CORRECTED,False,False
2026-09-30,CORE,ll_progress,KNOWN,,5220,docs/evidence/r4_3_four_session_closeout_20261009/owner_v3/owners/2026-09-30/core.jsonl.gz,a6d4bd42de00003095e1a65fae29cdbbfad5ab8e04f0983c5df4d99a8822bc7d,RECONSTRUCTED_CORRECTED,False,False
2026-09-30,CORE,ll_progress,UNKNOWN,"""INSUFFICIENT_HISTORY""",4,docs/evidence/r4_3_four_session_closeout_20261009/owner_v3/owners/2026-09-30/core.jsonl.gz,a6d4bd42de00003095e1a65fae29cdbbfad5ab8e04f0983c5df4d99a8822bc7d,RECONSTRUCTED_CORRECTED,False,False
2026-09-30,CORE,llv20,KNOWN,,5215,docs/evidence/r4_3_four_session_closeout_20261009/owner_v3/owners/2026-09-30/core.jsonl.gz,a6d4bd42de00003095e1a65fae29cdbbfad5ab8e04f0983c5df4d99a8822bc7d,RECONSTRUCTED_CORRECTED,False,False
2026-09-30,CORE,llv20,UNKNOWN,"""INSUFFICIENT_HISTORY""",9,docs/evidence/r4_3_four_session_closeout_20261009/owner_v3/owners/2026-09-30/core.jsonl.gz,a6d4bd42de00003095e1a65fae29cdbbfad5ab8e04f0983c5df4d99a8822bc7d,RECONSTRUCTED_CORRECTED,False,False
2026-09-30,CORE,llv5,KNOWN,,5222,docs/evidence/r4_3_four_session_closeout_20261009/owner_v3/owners/2026-09-30/core.jsonl.gz,a6d4bd42de00003095e1a65fae29cdbbfad5ab8e04f0983c5df4d99a8822bc7d,RECONSTRUCTED_CORRECTED,False,False
2026-09-30,CORE,llv5,UNKNOWN,"""INSUFFICIENT_HISTORY""",2,docs/evidence/r4_3_four_session_closeout_20261009/owner_v3/owners/2026-09-30/core.jsonl.gz,a6d4bd42de00003095e1a65fae29cdbbfad5ab8e04f0983c5df4d99a8822bc7d,RECONSTRUCTED_CORRECTED,False,False
2026-09-30,CORE,llv60,KNOWN,,5199,docs/evidence/r4_3_four_session_closeout_20261009/owner_v3/owners/2026-09-30/core.jsonl.gz,a6d4bd42de00003095e1a65fae29cdbbfad5ab8e04f0983c5df4d99a8822bc7d,RECONSTRUCTED_CORRECTED,False,False
2026-09-30,CORE,llv60,UNKNOWN,"""INSUFFICIENT_HISTORY""",25,docs/evidence/r4_3_four_session_closeout_20261009/owner_v3/owners/2026-09-30/core.jsonl.gz,a6d4bd42de00003095e1a65fae29cdbbfad5ab8e04f0983c5df4d99a8822bc7d,RECONSTRUCTED_CORRECTED,False,False
2026-09-30,CORE,ma20,KNOWN,,5215,docs/evidence/r4_3_four_session_closeout_20261009/owner_v3/owners/2026-09-30/core.jsonl.gz,a6d4bd42de00003095e1a65fae29cdbbfad5ab8e04f0983c5df4d99a8822bc7d,RECONSTRUCTED_CORRECTED,False,False
2026-09-30,CORE,ma20,UNKNOWN,"""INSUFFICIENT_HISTORY""",9,docs/evidence/r4_3_four_session_closeout_20261009/owner_v3/owners/2026-09-30/core.jsonl.gz,a6d4bd42de00003095e1a65fae29cdbbfad5ab8e04f0983c5df4d99a8822bc7d,RECONSTRUCTED_CORRECTED,False,False
2026-09-30,CORE,ma5,KNOWN,,5222,docs/evidence/r4_3_four_session_closeout_20261009/owner_v3/owners/2026-09-30/core.jsonl.gz,a6d4bd42de00003095e1a65fae29cdbbfad5ab8e04f0983c5df4d99a8822bc7d,RECONSTRUCTED_CORRECTED,False,False
2026-09-30,CORE,ma5,UNKNOWN,"""INSUFFICIENT_HISTORY""",2,docs/evidence/r4_3_four_session_closeout_20261009/owner_v3/owners/2026-09-30/core.jsonl.gz,a6d4bd42de00003095e1a65fae29cdbbfad5ab8e04f0983c5df4d99a8822bc7d,RECONSTRUCTED_CORRECTED,False,False
2026-09-30,CORE,ma60,KNOWN,,5199,docs/evidence/r4_3_four_session_closeout_20261009/owner_v3/owners/2026-09-30/core.jsonl.gz,a6d4bd42de00003095e1a65fae29cdbbfad5ab8e04f0983c5df4d99a8822bc7d,RECONSTRUCTED_CORRECTED,False,False
2026-09-30,CORE,ma60,UNKNOWN,"""INSUFFICIENT_HISTORY""",25,docs/evidence/r4_3_four_session_closeout_20261009/owner_v3/owners/2026-09-30/core.jsonl.gz,a6d4bd42de00003095e1a65fae29cdbbfad5ab8e04f0983c5df4d99a8822bc7d,RECONSTRUCTED_CORRECTED,False,False
2026-09-30,CORE,pos60,KNOWN,,5188,docs/evidence/r4_3_four_session_closeout_20261009/owner_v3/owners/2026-09-30/core.jsonl.gz,a6d4bd42de00003095e1a65fae29cdbbfad5ab8e04f0983c5df4d99a8822bc7d,RECONSTRUCTED_CORRECTED,False,False
2026-09-30,CORE,pos60,UNKNOWN,"""CURRENT_BAR_UNAVAILABLE""",11,docs/evidence/r4_3_four_session_closeout_20261009/owner_v3/owners/2026-09-30/core.jsonl.gz,a6d4bd42de00003095e1a65fae29cdbbfad5ab8e04f0983c5df4d99a8822bc7d,RECONSTRUCTED_CORRECTED,False,False
2026-09-30,CORE,pos60,UNKNOWN,"""INSUFFICIENT_HISTORY""",25,docs/evidence/r4_3_four_session_closeout_20261009/owner_v3/owners/2026-09-30/core.jsonl.gz,a6d4bd42de00003095e1a65fae29cdbbfad5ab8e04f0983c5df4d99a8822bc7d,RECONSTRUCTED_CORRECTED,False,False
2026-09-30,CORE,prior60_percentile,KNOWN,,5188,docs/evidence/r4_3_four_session_closeout_20261009/owner_v3/owners/2026-09-30/core.jsonl.gz,a6d4bd42de00003095e1a65fae29cdbbfad5ab8e04f0983c5df4d99a8822bc7d,RECONSTRUCTED_CORRECTED,False,False
2026-09-30,CORE,prior60_percentile,UNKNOWN,"""MISSING_OR_SUSPENDED_ENDPOINT""",11,docs/evidence/r4_3_four_session_closeout_20261009/owner_v3/owners/2026-09-30/core.jsonl.gz,a6d4bd42de00003095e1a65fae29cdbbfad5ab8e04f0983c5df4d99a8822bc7d,RECONSTRUCTED_CORRECTED,False,False
2026-09-30,CORE,prior60_percentile,UNKNOWN,"""INSUFFICIENT_HISTORY""",25,docs/evidence/r4_3_four_session_closeout_20261009/owner_v3/owners/2026-09-30/core.jsonl.gz,a6d4bd42de00003095e1a65fae29cdbbfad5ab8e04f0983c5df4d99a8822bc7d,RECONSTRUCTED_CORRECTED,False,False
2026-09-30,CORE,prior_high20,KNOWN,,5214,docs/evidence/r4_3_four_session_closeout_20261009/owner_v3/owners/2026-09-30/core.jsonl.gz,a6d4bd42de00003095e1a65fae29cdbbfad5ab8e04f0983c5df4d99a8822bc7d,RECONSTRUCTED_CORRECTED,False,False
2026-09-30,CORE,prior_high20,UNKNOWN,"""INSUFFICIENT_HISTORY""",10,docs/evidence/r4_3_four_session_closeout_20261009/owner_v3/owners/2026-09-30/core.jsonl.gz,a6d4bd42de00003095e1a65fae29cdbbfad5ab8e04f0983c5df4d99a8822bc7d,RECONSTRUCTED_CORRECTED,False,False
2026-09-30,CORE,prior_high5,KNOWN,,5222,docs/evidence/r4_3_four_session_closeout_20261009/owner_v3/owners/2026-09-30/core.jsonl.gz,a6d4bd42de00003095e1a65fae29cdbbfad5ab8e04f0983c5df4d99a8822bc7d,RECONSTRUCTED_CORRECTED,False,False
2026-09-30,CORE,prior_high5,UNKNOWN,"""INSUFFICIENT_HISTORY""",2,docs/evidence/r4_3_four_session_closeout_20261009/owner_v3/owners/2026-09-30/core.jsonl.gz,a6d4bd42de00003095e1a65fae29cdbbfad5ab8e04f0983c5df4d99a8822bc7d,RECONSTRUCTED_CORRECTED,False,False
2026-09-30,CORE,prior_high60,KNOWN,,5199,docs/evidence/r4_3_four_session_closeout_20261009/owner_v3/owners/2026-09-30/core.jsonl.gz,a6d4bd42de00003095e1a65fae29cdbbfad5ab8e04f0983c5df4d99a8822bc7d,RECONSTRUCTED_CORRECTED,False,False
2026-09-30,CORE,prior_high60,UNKNOWN,"""INSUFFICIENT_HISTORY""",25,docs/evidence/r4_3_four_session_closeout_20261009/owner_v3/owners/2026-09-30/core.jsonl.gz,a6d4bd42de00003095e1a65fae29cdbbfad5ab8e04f0983c5df4d99a8822bc7d,RECONSTRUCTED_CORRECTED,False,False
2026-09-30,CORE,prior_low20,KNOWN,,5214,docs/evidence/r4_3_four_session_closeout_20261009/owner_v3/owners/2026-09-30/core.jsonl.gz,a6d4bd42de00003095e1a65fae29cdbbfad5ab8e04f0983c5df4d99a8822bc7d,RECONSTRUCTED_CORRECTED,False,False
2026-09-30,CORE,prior_low20,UNKNOWN,"""INSUFFICIENT_HISTORY""",10,docs/evidence/r4_3_four_session_closeout_20261009/owner_v3/owners/2026-09-30/core.jsonl.gz,a6d4bd42de00003095e1a65fae29cdbbfad5ab8e04f0983c5df4d99a8822bc7d,RECONSTRUCTED_CORRECTED,False,False
2026-09-30,CORE,prior_low5,KNOWN,,5222,docs/evidence/r4_3_four_session_closeout_20261009/owner_v3/owners/2026-09-30/core.jsonl.gz,a6d4bd42de00003095e1a65fae29cdbbfad5ab8e04f0983c5df4d99a8822bc7d,RECONSTRUCTED_CORRECTED,False,False
2026-09-30,CORE,prior_low5,UNKNOWN,"""INSUFFICIENT_HISTORY""",2,docs/evidence/r4_3_four_session_closeout_20261009/owner_v3/owners/2026-09-30/core.jsonl.gz,a6d4bd42de00003095e1a65fae29cdbbfad5ab8e04f0983c5df4d99a8822bc7d,RECONSTRUCTED_CORRECTED,False,False
2026-09-30,CORE,prior_low60,KNOWN,,5199,docs/evidence/r4_3_four_session_closeout_20261009/owner_v3/owners/2026-09-30/core.jsonl.gz,a6d4bd42de00003095e1a65fae29cdbbfad5ab8e04f0983c5df4d99a8822bc7d,RECONSTRUCTED_CORRECTED,False,False
2026-09-30,CORE,prior_low60,UNKNOWN,"""INSUFFICIENT_HISTORY""",25,docs/evidence/r4_3_four_session_closeout_20261009/owner_v3/owners/2026-09-30/core.jsonl.gz,a6d4bd42de00003095e1a65fae29cdbbfad5ab8e04f0983c5df4d99a8822bc7d,RECONSTRUCTED_CORRECTED,False,False
2026-09-30,CORE,range_ratio,KNOWN,,5215,docs/evidence/r4_3_four_session_closeout_20261009/owner_v3/owners/2026-09-30/core.jsonl.gz,a6d4bd42de00003095e1a65fae29cdbbfad5ab8e04f0983c5df4d99a8822bc7d,RECONSTRUCTED_CORRECTED,False,False
2026-09-30,CORE,range_ratio,UNKNOWN,"""INSUFFICIENT_HISTORY""",9,docs/evidence/r4_3_four_session_closeout_20261009/owner_v3/owners/2026-09-30/core.jsonl.gz,a6d4bd42de00003095e1a65fae29cdbbfad5ab8e04f0983c5df4d99a8822bc7d,RECONSTRUCTED_CORRECTED,False,False
2026-09-30,CORE,rel_market_1,KNOWN,,5208,docs/evidence/r4_3_four_session_closeout_20261009/owner_v3/owners/2026-09-30/core.jsonl.gz,a6d4bd42de00003095e1a65fae29cdbbfad5ab8e04f0983c5df4d99a8822bc7d,RECONSTRUCTED_CORRECTED,False,False
2026-09-30,CORE,rel_market_1,UNKNOWN,"""DATED_MARKET_REFERENCE_UNPROVEN""",16,docs/evidence/r4_3_four_session_closeout_20261009/owner_v3/owners/2026-09-30/core.jsonl.gz,a6d4bd42de00003095e1a65fae29cdbbfad5ab8e04f0983c5df4d99a8822bc7d,RECONSTRUCTED_CORRECTED,False,False
2026-09-30,CORE,rel_market_3,KNOWN,,5206,docs/evidence/r4_3_four_session_closeout_20261009/owner_v3/owners/2026-09-30/core.jsonl.gz,a6d4bd42de00003095e1a65fae29cdbbfad5ab8e04f0983c5df4d99a8822bc7d,RECONSTRUCTED_CORRECTED,False,False
2026-09-30,CORE,rel_market_3,UNKNOWN,"""DATED_MARKET_REFERENCE_UNPROVEN""",18,docs/evidence/r4_3_four_session_closeout_20261009/owner_v3/owners/2026-09-30/core.jsonl.gz,a6d4bd42de00003095e1a65fae29cdbbfad5ab8e04f0983c5df4d99a8822bc7d,RECONSTRUCTED_CORRECTED,False,False
2026-09-30,CORE,rel_market_5,KNOWN,,5205,docs/evidence/r4_3_four_session_closeout_20261009/owner_v3/owners/2026-09-30/core.jsonl.gz,a6d4bd42de00003095e1a65fae29cdbbfad5ab8e04f0983c5df4d99a8822bc7d,RECONSTRUCTED_CORRECTED,False,False
2026-09-30,CORE,rel_market_5,UNKNOWN,"""DATED_MARKET_REFERENCE_UNPROVEN""",19,docs/evidence/r4_3_four_session_closeout_20261009/owner_v3/owners/2026-09-30/core.jsonl.gz,a6d4bd42de00003095e1a65fae29cdbbfad5ab8e04f0983c5df4d99a8822bc7d,RECONSTRUCTED_CORRECTED,False,False
2026-09-30,CORE,ret1,KNOWN,,5208,docs/evidence/r4_3_four_session_closeout_20261009/owner_v3/owners/2026-09-30/core.jsonl.gz,a6d4bd42de00003095e1a65fae29cdbbfad5ab8e04f0983c5df4d99a8822bc7d,RECONSTRUCTED_CORRECTED,False,False
2026-09-30,CORE,ret1,UNKNOWN,"""MISSING_OR_SUSPENDED_ENDPOINT""",15,docs/evidence/r4_3_four_session_closeout_20261009/owner_v3/owners/2026-09-30/core.jsonl.gz,a6d4bd42de00003095e1a65fae29cdbbfad5ab8e04f0983c5df4d99a8822bc7d,RECONSTRUCTED_CORRECTED,False,False
2026-09-30,CORE,ret1,UNKNOWN,"""INSUFFICIENT_SESSION_HISTORY""",1,docs/evidence/r4_3_four_session_closeout_20261009/owner_v3/owners/2026-09-30/core.jsonl.gz,a6d4bd42de00003095e1a65fae29cdbbfad5ab8e04f0983c5df4d99a8822bc7d,RECONSTRUCTED_CORRECTED,False,False
2026-09-30,CORE,ret20,KNOWN,,5197,docs/evidence/r4_3_four_session_closeout_20261009/owner_v3/owners/2026-09-30/core.jsonl.gz,a6d4bd42de00003095e1a65fae29cdbbfad5ab8e04f0983c5df4d99a8822bc7d,RECONSTRUCTED_CORRECTED,False,False
2026-09-30,CORE,ret20,UNKNOWN,"""MISSING_OR_SUSPENDED_ENDPOINT""",17,docs/evidence/r4_3_four_session_closeout_20261009/owner_v3/owners/2026-09-30/core.jsonl.gz,a6d4bd42de00003095e1a65fae29cdbbfad5ab8e04f0983c5df4d99a8822bc7d,RECONSTRUCTED_CORRECTED,False,False
2026-09-30,CORE,ret20,UNKNOWN,"""INSUFFICIENT_SESSION_HISTORY""",10,docs/evidence/r4_3_four_session_closeout_20261009/owner_v3/owners/2026-09-30/core.jsonl.gz,a6d4bd42de00003095e1a65fae29cdbbfad5ab8e04f0983c5df4d99a8822bc7d,RECONSTRUCTED_CORRECTED,False,False
2026-09-30,CORE,ret3,KNOWN,,5206,docs/evidence/r4_3_four_session_closeout_20261009/owner_v3/owners/2026-09-30/core.jsonl.gz,a6d4bd42de00003095e1a65fae29cdbbfad5ab8e04f0983c5df4d99a8822bc7d,RECONSTRUCTED_CORRECTED,False,False
2026-09-30,CORE,ret3,UNKNOWN,"""MISSING_OR_SUSPENDED_ENDPOINT""",16,docs/evidence/r4_3_four_session_closeout_20261009/owner_v3/owners/2026-09-30/core.jsonl.gz,a6d4bd42de00003095e1a65fae29cdbbfad5ab8e04f0983c5df4d99a8822bc7d,RECONSTRUCTED_CORRECTED,False,False
2026-09-30,CORE,ret3,UNKNOWN,"""INSUFFICIENT_SESSION_HISTORY""",2,docs/evidence/r4_3_four_session_closeout_20261009/owner_v3/owners/2026-09-30/core.jsonl.gz,a6d4bd42de00003095e1a65fae29cdbbfad5ab8e04f0983c5df4d99a8822bc7d,RECONSTRUCTED_CORRECTED,False,False
2026-09-30,CORE,ret5,KNOWN,,5205,docs/evidence/r4_3_four_session_closeout_20261009/owner_v3/owners/2026-09-30/core.jsonl.gz,a6d4bd42de00003095e1a65fae29cdbbfad5ab8e04f0983c5df4d99a8822bc7d,RECONSTRUCTED_CORRECTED,False,False
2026-09-30,CORE,ret5,UNKNOWN,"""MISSING_OR_SUSPENDED_ENDPOINT""",17,docs/evidence/r4_3_four_session_closeout_20261009/owner_v3/owners/2026-09-30/core.jsonl.gz,a6d4bd42de00003095e1a65fae29cdbbfad5ab8e04f0983c5df4d99a8822bc7d,RECONSTRUCTED_CORRECTED,False,False
2026-09-30,CORE,ret5,UNKNOWN,"""INSUFFICIENT_SESSION_HISTORY""",2,docs/evidence/r4_3_four_session_closeout_20261009/owner_v3/owners/2026-09-30/core.jsonl.gz,a6d4bd42de00003095e1a65fae29cdbbfad5ab8e04f0983c5df4d99a8822bc7d,RECONSTRUCTED_CORRECTED,False,False
2026-09-30,CORE,rps20,KNOWN,,5197,docs/evidence/r4_3_four_session_closeout_20261009/owner_v3/owners/2026-09-30/core.jsonl.gz,a6d4bd42de00003095e1a65fae29cdbbfad5ab8e04f0983c5df4d99a8822bc7d,RECONSTRUCTED_CORRECTED,False,False
2026-09-30,CORE,rps20,UNKNOWN,"""RETURN_OR_UNIVERSE_UNKNOWN""",27,docs/evidence/r4_3_four_session_closeout_20261009/owner_v3/owners/2026-09-30/core.jsonl.gz,a6d4bd42de00003095e1a65fae29cdbbfad5ab8e04f0983c5df4d99a8822bc7d,RECONSTRUCTED_CORRECTED,False,False
2026-09-30,CORE,rps20_delta3,KNOWN,,5190,docs/evidence/r4_3_four_session_closeout_20261009/owner_v3/owners/2026-09-30/core.jsonl.gz,a6d4bd42de00003095e1a65fae29cdbbfad5ab8e04f0983c5df4d99a8822bc7d,RECONSTRUCTED_CORRECTED,False,False
2026-09-30,CORE,rps20_delta3,UNKNOWN,"""EXACT_DATED_RPS_ENDPOINT_UNKNOWN""",34,docs/evidence/r4_3_four_session_closeout_20261009/owner_v3/owners/2026-09-30/core.jsonl.gz,a6d4bd42de00003095e1a65fae29cdbbfad5ab8e04f0983c5df4d99a8822bc7d,RECONSTRUCTED_CORRECTED,False,False
2026-09-30,CORE,rps5,KNOWN,,5205,docs/evidence/r4_3_four_session_closeout_20261009/owner_v3/owners/2026-09-30/core.jsonl.gz,a6d4bd42de00003095e1a65fae29cdbbfad5ab8e04f0983c5df4d99a8822bc7d,RECONSTRUCTED_CORRECTED,False,False
2026-09-30,CORE,rps5,UNKNOWN,"""RETURN_OR_UNIVERSE_UNKNOWN""",19,docs/evidence/r4_3_four_session_closeout_20261009/owner_v3/owners/2026-09-30/core.jsonl.gz,a6d4bd42de00003095e1a65fae29cdbbfad5ab8e04f0983c5df4d99a8822bc7d,RECONSTRUCTED_CORRECTED,False,False
2026-09-30,CORE,rps5_delta1,KNOWN,,5202,docs/evidence/r4_3_four_session_closeout_20261009/owner_v3/owners/2026-09-30/core.jsonl.gz,a6d4bd42de00003095e1a65fae29cdbbfad5ab8e04f0983c5df4d99a8822bc7d,RECONSTRUCTED_CORRECTED,False,False
2026-09-30,CORE,rps5_delta1,UNKNOWN,"""EXACT_DATED_RPS_ENDPOINT_UNKNOWN""",22,docs/evidence/r4_3_four_session_closeout_20261009/owner_v3/owners/2026-09-30/core.jsonl.gz,a6d4bd42de00003095e1a65fae29cdbbfad5ab8e04f0983c5df4d99a8822bc7d,RECONSTRUCTED_CORRECTED,False,False
2026-09-30,CORE,rps5_delta3,KNOWN,,5201,docs/evidence/r4_3_four_session_closeout_20261009/owner_v3/owners/2026-09-30/core.jsonl.gz,a6d4bd42de00003095e1a65fae29cdbbfad5ab8e04f0983c5df4d99a8822bc7d,RECONSTRUCTED_CORRECTED,False,False
2026-09-30,CORE,rps5_delta3,UNKNOWN,"""EXACT_DATED_RPS_ENDPOINT_UNKNOWN""",23,docs/evidence/r4_3_four_session_closeout_20261009/owner_v3/owners/2026-09-30/core.jsonl.gz,a6d4bd42de00003095e1a65fae29cdbbfad5ab8e04f0983c5df4d99a8822bc7d,RECONSTRUCTED_CORRECTED,False,False
2026-09-30,CORE,slope20,KNOWN,,5212,docs/evidence/r4_3_four_session_closeout_20261009/owner_v3/owners/2026-09-30/core.jsonl.gz,a6d4bd42de00003095e1a65fae29cdbbfad5ab8e04f0983c5df4d99a8822bc7d,RECONSTRUCTED_CORRECTED,False,False
2026-09-30,CORE,slope20,UNKNOWN,"""INSUFFICIENT_HISTORY""",12,docs/evidence/r4_3_four_session_closeout_20261009/owner_v3/owners/2026-09-30/core.jsonl.gz,a6d4bd42de00003095e1a65fae29cdbbfad5ab8e04f0983c5df4d99a8822bc7d,RECONSTRUCTED_CORRECTED,False,False
2026-09-30,CORE,slope60,KNOWN,,5197,docs/evidence/r4_3_four_session_closeout_20261009/owner_v3/owners/2026-09-30/core.jsonl.gz,a6d4bd42de00003095e1a65fae29cdbbfad5ab8e04f0983c5df4d99a8822bc7d,RECONSTRUCTED_CORRECTED,False,False
2026-09-30,CORE,slope60,UNKNOWN,"""INSUFFICIENT_HISTORY""",27,docs/evidence/r4_3_four_session_closeout_20261009/owner_v3/owners/2026-09-30/core.jsonl.gz,a6d4bd42de00003095e1a65fae29cdbbfad5ab8e04f0983c5df4d99a8822bc7d,RECONSTRUCTED_CORRECTED,False,False
2026-09-30,CORE,tr,KNOWN,,5212,docs/evidence/r4_3_four_session_closeout_20261009/owner_v3/owners/2026-09-30/core.jsonl.gz,a6d4bd42de00003095e1a65fae29cdbbfad5ab8e04f0983c5df4d99a8822bc7d,RECONSTRUCTED_CORRECTED,False,False
2026-09-30,CORE,tr,UNKNOWN,"""CURRENT_BAR_UNAVAILABLE""",11,docs/evidence/r4_3_four_session_closeout_20261009/owner_v3/owners/2026-09-30/core.jsonl.gz,a6d4bd42de00003095e1a65fae29cdbbfad5ab8e04f0983c5df4d99a8822bc7d,RECONSTRUCTED_CORRECTED,False,False
2026-09-30,CORE,tr,UNKNOWN,"""INSUFFICIENT_HISTORY""",1,docs/evidence/r4_3_four_session_closeout_20261009/owner_v3/owners/2026-09-30/core.jsonl.gz,a6d4bd42de00003095e1a65fae29cdbbfad5ab8e04f0983c5df4d99a8822bc7d,RECONSTRUCTED_CORRECTED,False,False
2026-09-30,CORE,vol20,KNOWN,,5179,docs/evidence/r4_3_four_session_closeout_20261009/owner_v3/owners/2026-09-30/core.jsonl.gz,a6d4bd42de00003095e1a65fae29cdbbfad5ab8e04f0983c5df4d99a8822bc7d,RECONSTRUCTED_CORRECTED,False,False
2026-09-30,CORE,vol20,UNKNOWN,"""MISSING_OR_SUSPENDED_ENDPOINT""",35,docs/evidence/r4_3_four_session_closeout_20261009/owner_v3/owners/2026-09-30/core.jsonl.gz,a6d4bd42de00003095e1a65fae29cdbbfad5ab8e04f0983c5df4d99a8822bc7d,RECONSTRUCTED_CORRECTED,False,False
2026-09-30,CORE,vol20,UNKNOWN,"""INSUFFICIENT_SESSION_HISTORY""",10,docs/evidence/r4_3_four_session_closeout_20261009/owner_v3/owners/2026-09-30/core.jsonl.gz,a6d4bd42de00003095e1a65fae29cdbbfad5ab8e04f0983c5df4d99a8822bc7d,RECONSTRUCTED_CORRECTED,False,False
2026-09-30,CORE,vol5,KNOWN,,5201,docs/evidence/r4_3_four_session_closeout_20261009/owner_v3/owners/2026-09-30/core.jsonl.gz,a6d4bd42de00003095e1a65fae29cdbbfad5ab8e04f0983c5df4d99a8822bc7d,RECONSTRUCTED_CORRECTED,False,False
2026-09-30,CORE,vol5,UNKNOWN,"""MISSING_OR_SUSPENDED_ENDPOINT""",21,docs/evidence/r4_3_four_session_closeout_20261009/owner_v3/owners/2026-09-30/core.jsonl.gz,a6d4bd42de00003095e1a65fae29cdbbfad5ab8e04f0983c5df4d99a8822bc7d,RECONSTRUCTED_CORRECTED,False,False
2026-09-30,CORE,vol5,UNKNOWN,"""INSUFFICIENT_SESSION_HISTORY""",2,docs/evidence/r4_3_four_session_closeout_20261009/owner_v3/owners/2026-09-30/core.jsonl.gz,a6d4bd42de00003095e1a65fae29cdbbfad5ab8e04f0983c5df4d99a8822bc7d,RECONSTRUCTED_CORRECTED,False,False
2026-09-30,CORE,vol_ratio,KNOWN,,5179,docs/evidence/r4_3_four_session_closeout_20261009/owner_v3/owners/2026-09-30/core.jsonl.gz,a6d4bd42de00003095e1a65fae29cdbbfad5ab8e04f0983c5df4d99a8822bc7d,RECONSTRUCTED_CORRECTED,False,False
2026-09-30,CORE,vol_ratio,UNKNOWN,"""MISSING_OR_SUSPENDED_ENDPOINT""",35,docs/evidence/r4_3_four_session_closeout_20261009/owner_v3/owners/2026-09-30/core.jsonl.gz,a6d4bd42de00003095e1a65fae29cdbbfad5ab8e04f0983c5df4d99a8822bc7d,RECONSTRUCTED_CORRECTED,False,False
2026-09-30,CORE,vol_ratio,UNKNOWN,"""INSUFFICIENT_SESSION_HISTORY""",10,docs/evidence/r4_3_four_session_closeout_20261009/owner_v3/owners/2026-09-30/core.jsonl.gz,a6d4bd42de00003095e1a65fae29cdbbfad5ab8e04f0983c5df4d99a8822bc7d,RECONSTRUCTED_CORRECTED,False,False
2026-09-30,CORE,volume_ratio20,KNOWN,,5203,docs/evidence/r4_3_four_session_closeout_20261009/owner_v3/owners/2026-09-30/core.jsonl.gz,a6d4bd42de00003095e1a65fae29cdbbfad5ab8e04f0983c5df4d99a8822bc7d,RECONSTRUCTED_CORRECTED,False,False
2026-09-30,CORE,volume_ratio20,UNKNOWN,"""CURRENT_BAR_UNAVAILABLE""",11,docs/evidence/r4_3_four_session_closeout_20261009/owner_v3/owners/2026-09-30/core.jsonl.gz,a6d4bd42de00003095e1a65fae29cdbbfad5ab8e04f0983c5df4d99a8822bc7d,RECONSTRUCTED_CORRECTED,False,False
2026-09-30,CORE,volume_ratio20,UNKNOWN,"""INSUFFICIENT_HISTORY""",10,docs/evidence/r4_3_four_session_closeout_20261009/owner_v3/owners/2026-09-30/core.jsonl.gz,a6d4bd42de00003095e1a65fae29cdbbfad5ab8e04f0983c5df4d99a8822bc7d,RECONSTRUCTED_CORRECTED,False,False
2026-09-30,CORE,volume_ratio5,KNOWN,,5211,docs/evidence/r4_3_four_session_closeout_20261009/owner_v3/owners/2026-09-30/core.jsonl.gz,a6d4bd42de00003095e1a65fae29cdbbfad5ab8e04f0983c5df4d99a8822bc7d,RECONSTRUCTED_CORRECTED,False,False
2026-09-30,CORE,volume_ratio5,UNKNOWN,"""CURRENT_BAR_UNAVAILABLE""",11,docs/evidence/r4_3_four_session_closeout_20261009/owner_v3/owners/2026-09-30/core.jsonl.gz,a6d4bd42de00003095e1a65fae29cdbbfad5ab8e04f0983c5df4d99a8822bc7d,RECONSTRUCTED_CORRECTED,False,False
2026-09-30,CORE,volume_ratio5,UNKNOWN,"""INSUFFICIENT_HISTORY""",2,docs/evidence/r4_3_four_session_closeout_20261009/owner_v3/owners/2026-09-30/core.jsonl.gz,a6d4bd42de00003095e1a65fae29cdbbfad5ab8e04f0983c5df4d99a8822bc7d,RECONSTRUCTED_CORRECTED,False,False
2026-09-30,PROFILE,amount_state,KNOWN,,5203,docs/evidence/r4_3_four_session_closeout_20261009/owner_v3/owners/2026-09-30/profiles.jsonl.gz,2ae6e3938d569105737450a0d596b17f65e4fb9f7db72a973f6a23b5c3fae4fe,RECONSTRUCTED_LATEST_MEMBERSHIP,False,False
2026-09-30,PROFILE,amount_state,UNKNOWN,"""REQUIRED_INPUT_UNKNOWN""",21,docs/evidence/r4_3_four_session_closeout_20261009/owner_v3/owners/2026-09-30/profiles.jsonl.gz,2ae6e3938d569105737450a0d596b17f65e4fb9f7db72a973f6a23b5c3fae4fe,RECONSTRUCTED_LATEST_MEMBERSHIP,False,False
2026-09-30,PROFILE,compression_state,KNOWN,,5179,docs/evidence/r4_3_four_session_closeout_20261009/owner_v3/owners/2026-09-30/profiles.jsonl.gz,2ae6e3938d569105737450a0d596b17f65e4fb9f7db72a973f6a23b5c3fae4fe,RECONSTRUCTED_LATEST_MEMBERSHIP,False,False
2026-09-30,PROFILE,compression_state,UNKNOWN,"""REQUIRED_INPUT_UNKNOWN""",45,docs/evidence/r4_3_four_session_closeout_20261009/owner_v3/owners/2026-09-30/profiles.jsonl.gz,2ae6e3938d569105737450a0d596b17f65e4fb9f7db72a973f6a23b5c3fae4fe,RECONSTRUCTED_LATEST_MEMBERSHIP,False,False
2026-09-30,PROFILE,core_extension_risk,KNOWN,,5196,docs/evidence/r4_3_four_session_closeout_20261009/owner_v3/owners/2026-09-30/profiles.jsonl.gz,2ae6e3938d569105737450a0d596b17f65e4fb9f7db72a973f6a23b5c3fae4fe,RECONSTRUCTED_LATEST_MEMBERSHIP,False,False
2026-09-30,PROFILE,core_extension_risk,UNKNOWN,"""REQUIRED_INPUT_UNKNOWN""",28,docs/evidence/r4_3_four_session_closeout_20261009/owner_v3/owners/2026-09-30/profiles.jsonl.gz,2ae6e3938d569105737450a0d596b17f65e4fb9f7db72a973f6a23b5c3fae4fe,RECONSTRUCTED_LATEST_MEMBERSHIP,False,False
2026-09-30,PROFILE,core_participation_result,KNOWN,,5196,docs/evidence/r4_3_four_session_closeout_20261009/owner_v3/owners/2026-09-30/profiles.jsonl.gz,2ae6e3938d569105737450a0d596b17f65e4fb9f7db72a973f6a23b5c3fae4fe,RECONSTRUCTED_LATEST_MEMBERSHIP,False,False
2026-09-30,PROFILE,core_participation_result,UNKNOWN,"""REQUIRED_INPUT_UNKNOWN""",25,docs/evidence/r4_3_four_session_closeout_20261009/owner_v3/owners/2026-09-30/profiles.jsonl.gz,2ae6e3938d569105737450a0d596b17f65e4fb9f7db72a973f6a23b5c3fae4fe,RECONSTRUCTED_LATEST_MEMBERSHIP,False,False
2026-09-30,PROFILE,core_participation_result,UNKNOWN,"""CLV_REQUIRED_FOR_BRANCH""",3,docs/evidence/r4_3_four_session_closeout_20261009/owner_v3/owners/2026-09-30/profiles.jsonl.gz,2ae6e3938d569105737450a0d596b17f65e4fb9f7db72a973f6a23b5c3fae4fe,RECONSTRUCTED_LATEST_MEMBERSHIP,False,False
2026-09-30,PROFILE,drawdown20_state,KNOWN,,5204,docs/evidence/r4_3_four_session_closeout_20261009/owner_v3/owners/2026-09-30/profiles.jsonl.gz,2ae6e3938d569105737450a0d596b17f65e4fb9f7db72a973f6a23b5c3fae4fe,RECONSTRUCTED_LATEST_MEMBERSHIP,False,False
2026-09-30,PROFILE,drawdown20_state,UNKNOWN,"""REQUIRED_INPUT_UNKNOWN_OR_ZERO_HIGH""",20,docs/evidence/r4_3_four_session_closeout_20261009/owner_v3/owners/2026-09-30/profiles.jsonl.gz,2ae6e3938d569105737450a0d596b17f65e4fb9f7db72a973f6a23b5c3fae4fe,RECONSTRUCTED_LATEST_MEMBERSHIP,False,False
2026-09-30,PROFILE,drawdown60_state,KNOWN,,5188,docs/evidence/r4_3_four_session_closeout_20261009/owner_v3/owners/2026-09-30/profiles.jsonl.gz,2ae6e3938d569105737450a0d596b17f65e4fb9f7db72a973f6a23b5c3fae4fe,RECONSTRUCTED_LATEST_MEMBERSHIP,False,False
2026-09-30,PROFILE,drawdown60_state,UNKNOWN,"""REQUIRED_INPUT_UNKNOWN_OR_ZERO_HIGH""",36,docs/evidence/r4_3_four_session_closeout_20261009/owner_v3/owners/2026-09-30/profiles.jsonl.gz,2ae6e3938d569105737450a0d596b17f65e4fb9f7db72a973f6a23b5c3fae4fe,RECONSTRUCTED_LATEST_MEMBERSHIP,False,False
2026-09-30,PROFILE,ma_structure_state,KNOWN,,5201,docs/evidence/r4_3_four_session_closeout_20261009/owner_v3/owners/2026-09-30/profiles.jsonl.gz,2ae6e3938d569105737450a0d596b17f65e4fb9f7db72a973f6a23b5c3fae4fe,RECONSTRUCTED_LATEST_MEMBERSHIP,False,False
2026-09-30,PROFILE,ma_structure_state,UNKNOWN,"""REQUIRED_INPUT_UNKNOWN""",23,docs/evidence/r4_3_four_session_closeout_20261009/owner_v3/owners/2026-09-30/profiles.jsonl.gz,2ae6e3938d569105737450a0d596b17f65e4fb9f7db72a973f6a23b5c3fae4fe,RECONSTRUCTED_LATEST_MEMBERSHIP,False,False
2026-09-30,PROFILE,monthly_trend_state,KNOWN,,5194,docs/evidence/r4_3_four_session_closeout_20261009/owner_v3/owners/2026-09-30/profiles.jsonl.gz,2ae6e3938d569105737450a0d596b17f65e4fb9f7db72a973f6a23b5c3fae4fe,RECONSTRUCTED_LATEST_MEMBERSHIP,False,False
2026-09-30,PROFILE,monthly_trend_state,UNKNOWN,"""CLOSED_PERIOD_OR_INPUT_UNAVAILABLE""",30,docs/evidence/r4_3_four_session_closeout_20261009/owner_v3/owners/2026-09-30/profiles.jsonl.gz,2ae6e3938d569105737450a0d596b17f65e4fb9f7db72a973f6a23b5c3fae4fe,RECONSTRUCTED_LATEST_MEMBERSHIP,False,False
2026-09-30,PROFILE,near_high20_state,KNOWN,,5203,docs/evidence/r4_3_four_session_closeout_20261009/owner_v3/owners/2026-09-30/profiles.jsonl.gz,2ae6e3938d569105737450a0d596b17f65e4fb9f7db72a973f6a23b5c3fae4fe,RECONSTRUCTED_LATEST_MEMBERSHIP,False,False
2026-09-30,PROFILE,near_high20_state,UNKNOWN,"""REQUIRED_INPUT_UNKNOWN_OR_ZERO_ATR""",21,docs/evidence/r4_3_four_session_closeout_20261009/owner_v3/owners/2026-09-30/profiles.jsonl.gz,2ae6e3938d569105737450a0d596b17f65e4fb9f7db72a973f6a23b5c3fae4fe,RECONSTRUCTED_LATEST_MEMBERSHIP,False,False
2026-09-30,PROFILE,near_high60_state,KNOWN,,5188,docs/evidence/r4_3_four_session_closeout_20261009/owner_v3/owners/2026-09-30/profiles.jsonl.gz,2ae6e3938d569105737450a0d596b17f65e4fb9f7db72a973f6a23b5c3fae4fe,RECONSTRUCTED_LATEST_MEMBERSHIP,False,False
2026-09-30,PROFILE,near_high60_state,UNKNOWN,"""REQUIRED_INPUT_UNKNOWN_OR_ZERO_ATR""",36,docs/evidence/r4_3_four_session_closeout_20261009/owner_v3/owners/2026-09-30/profiles.jsonl.gz,2ae6e3938d569105737450a0d596b17f65e4fb9f7db72a973f6a23b5c3fae4fe,RECONSTRUCTED_LATEST_MEMBERSHIP,False,False
2026-09-30,PROFILE,position_state,KNOWN,,5188,docs/evidence/r4_3_four_session_closeout_20261009/owner_v3/owners/2026-09-30/profiles.jsonl.gz,2ae6e3938d569105737450a0d596b17f65e4fb9f7db72a973f6a23b5c3fae4fe,RECONSTRUCTED_LATEST_MEMBERSHIP,False,False
2026-09-30,PROFILE,position_state,UNKNOWN,"""REQUIRED_INPUT_UNKNOWN""",36,docs/evidence/r4_3_four_session_closeout_20261009/owner_v3/owners/2026-09-30/profiles.jsonl.gz,2ae6e3938d569105737450a0d596b17f65e4fb9f7db72a973f6a23b5c3fae4fe,RECONSTRUCTED_LATEST_MEMBERSHIP,False,False
2026-09-30,PROFILE,regime_ui,UNKNOWN,"""CORRECTED_MARKET_AXES_NOT_YET_BOUND""",5224,docs/evidence/r4_3_four_session_closeout_20261009/owner_v3/owners/2026-09-30/profiles.jsonl.gz,2ae6e3938d569105737450a0d596b17f65e4fb9f7db72a973f6a23b5c3fae4fe,RECONSTRUCTED_LATEST_MEMBERSHIP,False,False
2026-09-30,PROFILE,relative_market_state,KNOWN,,5176,docs/evidence/r4_3_four_session_closeout_20261009/owner_v3/owners/2026-09-30/profiles.jsonl.gz,2ae6e3938d569105737450a0d596b17f65e4fb9f7db72a973f6a23b5c3fae4fe,RECONSTRUCTED_LATEST_MEMBERSHIP,False,False
2026-09-30,PROFILE,relative_market_state,UNKNOWN,"""REQUIRED_INPUT_UNKNOWN""",48,docs/evidence/r4_3_four_session_closeout_20261009/owner_v3/owners/2026-09-30/profiles.jsonl.gz,2ae6e3938d569105737450a0d596b17f65e4fb9f7db72a973f6a23b5c3fae4fe,RECONSTRUCTED_LATEST_MEMBERSHIP,False,False
2026-09-30,PROFILE,severe_extension,KNOWN,,5196,docs/evidence/r4_3_four_session_closeout_20261009/owner_v3/owners/2026-09-30/profiles.jsonl.gz,2ae6e3938d569105737450a0d596b17f65e4fb9f7db72a973f6a23b5c3fae4fe,RECONSTRUCTED_LATEST_MEMBERSHIP,False,False
2026-09-30,PROFILE,severe_extension,UNKNOWN,"""REQUIRED_INPUT_UNKNOWN""",28,docs/evidence/r4_3_four_session_closeout_20261009/owner_v3/owners/2026-09-30/profiles.jsonl.gz,2ae6e3938d569105737450a0d596b17f65e4fb9f7db72a973f6a23b5c3fae4fe,RECONSTRUCTED_LATEST_MEMBERSHIP,False,False
2026-09-30,PROFILE,trend_state,KNOWN,,5182,docs/evidence/r4_3_four_session_closeout_20261009/owner_v3/owners/2026-09-30/profiles.jsonl.gz,2ae6e3938d569105737450a0d596b17f65e4fb9f7db72a973f6a23b5c3fae4fe,RECONSTRUCTED_LATEST_MEMBERSHIP,False,False
2026-09-30,PROFILE,trend_state,UNKNOWN,"""REQUIRED_INPUT_UNKNOWN""",42,docs/evidence/r4_3_four_session_closeout_20261009/owner_v3/owners/2026-09-30/profiles.jsonl.gz,2ae6e3938d569105737450a0d596b17f65e4fb9f7db72a973f6a23b5c3fae4fe,RECONSTRUCTED_LATEST_MEMBERSHIP,False,False
2026-09-30,PROFILE,volume_state,KNOWN,,5203,docs/evidence/r4_3_four_session_closeout_20261009/owner_v3/owners/2026-09-30/profiles.jsonl.gz,2ae6e3938d569105737450a0d596b17f65e4fb9f7db72a973f6a23b5c3fae4fe,RECONSTRUCTED_LATEST_MEMBERSHIP,False,False
2026-09-30,PROFILE,volume_state,UNKNOWN,"""REQUIRED_INPUT_UNKNOWN""",21,docs/evidence/r4_3_four_session_closeout_20261009/owner_v3/owners/2026-09-30/profiles.jsonl.gz,2ae6e3938d569105737450a0d596b17f65e4fb9f7db72a973f6a23b5c3fae4fe,RECONSTRUCTED_LATEST_MEMBERSHIP,False,False
2026-09-30,PROFILE,weekly_trend_state,KNOWN,,5211,docs/evidence/r4_3_four_session_closeout_20261009/owner_v3/owners/2026-09-30/profiles.jsonl.gz,2ae6e3938d569105737450a0d596b17f65e4fb9f7db72a973f6a23b5c3fae4fe,RECONSTRUCTED_LATEST_MEMBERSHIP,False,False
2026-09-30,PROFILE,weekly_trend_state,UNKNOWN,"""CLOSED_PERIOD_OR_INPUT_UNAVAILABLE""",13,docs/evidence/r4_3_four_session_closeout_20261009/owner_v3/owners/2026-09-30/profiles.jsonl.gz,2ae6e3938d569105737450a0d596b17f65e4fb9f7db72a973f6a23b5c3fae4fe,RECONSTRUCTED_LATEST_MEMBERSHIP,False,False
2026-09-30,STRUCTURE,acceptance_state,UNKNOWN,"""UNKNOWN_ACCEPTED_SOURCE_METADATA_UNAVAILABLE""",4791,docs/evidence/r4_3_four_session_closeout_20261009/owner_v3/owners/2026-09-30/advanced_structure_projection.jsonl.gz,a4ce10ae214327622589a54ea4f0d4806633d50076fe44b59ca8c15bb188a212,RECONSTRUCTED_LATEST_MEMBERSHIP,False,False
2026-09-30,STRUCTURE,acceptance_state,KNOWN,,433,docs/evidence/r4_3_four_session_closeout_20261009/owner_v3/owners/2026-09-30/advanced_structure_projection.jsonl.gz,a4ce10ae214327622589a54ea4f0d4806633d50076fe44b59ca8c15bb188a212,RECONSTRUCTED_LATEST_MEMBERSHIP,False,False
2026-09-30,STRUCTURE,active_anchor_id,UNKNOWN,"""NO_ACTIVE_ANCHOR""",4783,docs/evidence/r4_3_four_session_closeout_20261009/owner_v3/owners/2026-09-30/advanced_structure_projection.jsonl.gz,a4ce10ae214327622589a54ea4f0d4806633d50076fe44b59ca8c15bb188a212,RECONSTRUCTED_LATEST_MEMBERSHIP,False,False
2026-09-30,STRUCTURE,active_anchor_id,KNOWN,,433,docs/evidence/r4_3_four_session_closeout_20261009/owner_v3/owners/2026-09-30/advanced_structure_projection.jsonl.gz,a4ce10ae214327622589a54ea4f0d4806633d50076fe44b59ca8c15bb188a212,RECONSTRUCTED_LATEST_MEMBERSHIP,False,False
2026-09-30,STRUCTURE,active_anchor_id,UNKNOWN,"""ACTIVE_ANCHOR_SELECTION_UNKNOWN""",8,docs/evidence/r4_3_four_session_closeout_20261009/owner_v3/owners/2026-09-30/advanced_structure_projection.jsonl.gz,a4ce10ae214327622589a54ea4f0d4806633d50076fe44b59ca8c15bb188a212,RECONSTRUCTED_LATEST_MEMBERSHIP,False,False
2026-09-30,STRUCTURE,anchor_view_asof_t,UNKNOWN,"""UNKNOWN_ACCEPTED_SOURCE_METADATA_UNAVAILABLE""",4791,docs/evidence/r4_3_four_session_closeout_20261009/owner_v3/owners/2026-09-30/advanced_structure_projection.jsonl.gz,a4ce10ae214327622589a54ea4f0d4806633d50076fe44b59ca8c15bb188a212,RECONSTRUCTED_LATEST_MEMBERSHIP,False,False
2026-09-30,STRUCTURE,anchor_view_asof_t,KNOWN,,433,docs/evidence/r4_3_four_session_closeout_20261009/owner_v3/owners/2026-09-30/advanced_structure_projection.jsonl.gz,a4ce10ae214327622589a54ea4f0d4806633d50076fe44b59ca8c15bb188a212,RECONSTRUCTED_LATEST_MEMBERSHIP,False,False
2026-09-30,STRUCTURE,basic_breakout_state,UNKNOWN,"[""NO_ACCEPTED_PRIOR_D1_PUBLICATION"", ""NO_KNOWN_EMPTY_BREAKOUT_EPISODE""]",5201,docs/evidence/r4_3_four_session_closeout_20261009/owner_v3/owners/2026-09-30/advanced_structure_projection.jsonl.gz,a4ce10ae214327622589a54ea4f0d4806633d50076fe44b59ca8c15bb188a212,RECONSTRUCTED_LATEST_MEMBERSHIP,False,False
2026-09-30,STRUCTURE,basic_breakout_state,UNKNOWN,"[""UNKNOWN_REQUIRED_OBSERVATION""]",11,docs/evidence/r4_3_four_session_closeout_20261009/owner_v3/owners/2026-09-30/advanced_structure_projection.jsonl.gz,a4ce10ae214327622589a54ea4f0d4806633d50076fe44b59ca8c15bb188a212,RECONSTRUCTED_LATEST_MEMBERSHIP,False,False
2026-09-30,STRUCTURE,basic_breakout_state,UNKNOWN,"[""CORRECTED_FIELD_UNAVAILABLE""]",12,docs/evidence/r4_3_four_session_closeout_20261009/owner_v3/owners/2026-09-30/advanced_structure_projection.jsonl.gz,a4ce10ae214327622589a54ea4f0d4806633d50076fe44b59ca8c15bb188a212,RECONSTRUCTED_LATEST_MEMBERSHIP,False,False
2026-09-30,STRUCTURE,basic_pullback_state,UNKNOWN,"""UNKNOWN_ACCEPTED_SOURCE_METADATA_UNAVAILABLE""",4791,docs/evidence/r4_3_four_session_closeout_20261009/owner_v3/owners/2026-09-30/advanced_structure_projection.jsonl.gz,a4ce10ae214327622589a54ea4f0d4806633d50076fe44b59ca8c15bb188a212,RECONSTRUCTED_LATEST_MEMBERSHIP,False,False
2026-09-30,STRUCTURE,basic_pullback_state,KNOWN,,380,docs/evidence/r4_3_four_session_closeout_20261009/owner_v3/owners/2026-09-30/advanced_structure_projection.jsonl.gz,a4ce10ae214327622589a54ea4f0d4806633d50076fe44b59ca8c15bb188a212,RECONSTRUCTED_LATEST_MEMBERSHIP,False,False
2026-09-30,STRUCTURE,basic_pullback_state,UNKNOWN,"[""NO_ACCEPTED_PRIOR_D1_PUBLICATION""]",53,docs/evidence/r4_3_four_session_closeout_20261009/owner_v3/owners/2026-09-30/advanced_structure_projection.jsonl.gz,a4ce10ae214327622589a54ea4f0d4806633d50076fe44b59ca8c15bb188a212,RECONSTRUCTED_LATEST_MEMBERSHIP,False,False
2026-09-30,STRUCTURE,basic_recovery_state,UNKNOWN,"""UNKNOWN_ACCEPTED_SOURCE_METADATA_UNAVAILABLE""",4791,docs/evidence/r4_3_four_session_closeout_20261009/owner_v3/owners/2026-09-30/advanced_structure_projection.jsonl.gz,a4ce10ae214327622589a54ea4f0d4806633d50076fe44b59ca8c15bb188a212,RECONSTRUCTED_LATEST_MEMBERSHIP,False,False
2026-09-30,STRUCTURE,basic_recovery_state,KNOWN,,379,docs/evidence/r4_3_four_session_closeout_20261009/owner_v3/owners/2026-09-30/advanced_structure_projection.jsonl.gz,a4ce10ae214327622589a54ea4f0d4806633d50076fe44b59ca8c15bb188a212,RECONSTRUCTED_LATEST_MEMBERSHIP,False,False
2026-09-30,STRUCTURE,basic_recovery_state,UNKNOWN,"[""NO_ACCEPTED_PRIOR_D1_PUBLICATION""]",15,docs/evidence/r4_3_four_session_closeout_20261009/owner_v3/owners/2026-09-30/advanced_structure_projection.jsonl.gz,a4ce10ae214327622589a54ea4f0d4806633d50076fe44b59ca8c15bb188a212,RECONSTRUCTED_LATEST_MEMBERSHIP,False,False
2026-09-30,STRUCTURE,basic_recovery_state,UNKNOWN,"[""CORRECTED_FIELD_UNAVAILABLE""]",39,docs/evidence/r4_3_four_session_closeout_20261009/owner_v3/owners/2026-09-30/advanced_structure_projection.jsonl.gz,a4ce10ae214327622589a54ea4f0d4806633d50076fe44b59ca8c15bb188a212,RECONSTRUCTED_LATEST_MEMBERSHIP,False,False
2026-09-30,STRUCTURE,retest_count,UNKNOWN,"""UNKNOWN_ACCEPTED_SOURCE_METADATA_UNAVAILABLE""",4791,docs/evidence/r4_3_four_session_closeout_20261009/owner_v3/owners/2026-09-30/advanced_structure_projection.jsonl.gz,a4ce10ae214327622589a54ea4f0d4806633d50076fe44b59ca8c15bb188a212,RECONSTRUCTED_LATEST_MEMBERSHIP,False,False
2026-09-30,STRUCTURE,retest_count,KNOWN,,433,docs/evidence/r4_3_four_session_closeout_20261009/owner_v3/owners/2026-09-30/advanced_structure_projection.jsonl.gz,a4ce10ae214327622589a54ea4f0d4806633d50076fe44b59ca8c15bb188a212,RECONSTRUCTED_LATEST_MEMBERSHIP,False,False
2026-09-30,STRUCTURE,structure_events,UNKNOWN,"""UNKNOWN_ACCEPTED_SOURCE_METADATA_UNAVAILABLE""",5224,docs/evidence/r4_3_four_session_closeout_20261009/owner_v3/owners/2026-09-30/advanced_structure_projection.jsonl.gz,a4ce10ae214327622589a54ea4f0d4806633d50076fe44b59ca8c15bb188a212,RECONSTRUCTED_LATEST_MEMBERSHIP,False,False
2026-09-30,STRUCTURE,structure_health,UNKNOWN,"""UNKNOWN_ACCEPTED_SOURCE_METADATA_UNAVAILABLE""",5224,docs/evidence/r4_3_four_session_closeout_20261009/owner_v3/owners/2026-09-30/advanced_structure_projection.jsonl.gz,a4ce10ae214327622589a54ea4f0d4806633d50076fe44b59ca8c15bb188a212,RECONSTRUCTED_LATEST_MEMBERSHIP,False,False
2026-09-30,STRUCTURE,support_state,UNKNOWN,"""UNKNOWN_ACCEPTED_SOURCE_METADATA_UNAVAILABLE""",4791,docs/evidence/r4_3_four_session_closeout_20261009/owner_v3/owners/2026-09-30/advanced_structure_projection.jsonl.gz,a4ce10ae214327622589a54ea4f0d4806633d50076fe44b59ca8c15bb188a212,RECONSTRUCTED_LATEST_MEMBERSHIP,False,False
2026-09-30,STRUCTURE,support_state,KNOWN,,433,docs/evidence/r4_3_four_session_closeout_20261009/owner_v3/owners/2026-09-30/advanced_structure_projection.jsonl.gz,a4ce10ae214327622589a54ea4f0d4806633d50076fe44b59ca8c15bb188a212,RECONSTRUCTED_LATEST_MEMBERSHIP,False,False
2026-10-08,CORE,amount_ratio20,KNOWN,,5200,docs/evidence/r4_3_four_session_closeout_20261009/owner_v3/owners/2026-10-08/core.jsonl.gz,0bc8413c7f64c72547609e78cfef4410e19d1d3b07bd54957b6bbb6eb11fb944,RECONSTRUCTED_CORRECTED,False,False
2026-10-08,CORE,amount_ratio20,UNKNOWN,"""CURRENT_BAR_UNAVAILABLE""",15,docs/evidence/r4_3_four_session_closeout_20261009/owner_v3/owners/2026-10-08/core.jsonl.gz,0bc8413c7f64c72547609e78cfef4410e19d1d3b07bd54957b6bbb6eb11fb944,RECONSTRUCTED_CORRECTED,False,False
2026-10-08,CORE,amount_ratio20,UNKNOWN,"""INSUFFICIENT_HISTORY""",9,docs/evidence/r4_3_four_session_closeout_20261009/owner_v3/owners/2026-10-08/core.jsonl.gz,0bc8413c7f64c72547609e78cfef4410e19d1d3b07bd54957b6bbb6eb11fb944,RECONSTRUCTED_CORRECTED,False,False
2026-10-08,CORE,amount_ratio5,KNOWN,,5207,docs/evidence/r4_3_four_session_closeout_20261009/owner_v3/owners/2026-10-08/core.jsonl.gz,0bc8413c7f64c72547609e78cfef4410e19d1d3b07bd54957b6bbb6eb11fb944,RECONSTRUCTED_CORRECTED,False,False
2026-10-08,CORE,amount_ratio5,UNKNOWN,"""CURRENT_BAR_UNAVAILABLE""",15,docs/evidence/r4_3_four_session_closeout_20261009/owner_v3/owners/2026-10-08/core.jsonl.gz,0bc8413c7f64c72547609e78cfef4410e19d1d3b07bd54957b6bbb6eb11fb944,RECONSTRUCTED_CORRECTED,False,False
2026-10-08,CORE,amount_ratio5,UNKNOWN,"""INSUFFICIENT_HISTORY""",2,docs/evidence/r4_3_four_session_closeout_20261009/owner_v3/owners/2026-10-08/core.jsonl.gz,0bc8413c7f64c72547609e78cfef4410e19d1d3b07bd54957b6bbb6eb11fb944,RECONSTRUCTED_CORRECTED,False,False
2026-10-08,CORE,atr20,KNOWN,,5215,docs/evidence/r4_3_four_session_closeout_20261009/owner_v3/owners/2026-10-08/core.jsonl.gz,0bc8413c7f64c72547609e78cfef4410e19d1d3b07bd54957b6bbb6eb11fb944,RECONSTRUCTED_CORRECTED,False,False
2026-10-08,CORE,atr20,UNKNOWN,"""INSUFFICIENT_HISTORY""",9,docs/evidence/r4_3_four_session_closeout_20261009/owner_v3/owners/2026-10-08/core.jsonl.gz,0bc8413c7f64c72547609e78cfef4410e19d1d3b07bd54957b6bbb6eb11fb944,RECONSTRUCTED_CORRECTED,False,False
2026-10-08,CORE,atr5,KNOWN,,5222,docs/evidence/r4_3_four_session_closeout_20261009/owner_v3/owners/2026-10-08/core.jsonl.gz,0bc8413c7f64c72547609e78cfef4410e19d1d3b07bd54957b6bbb6eb11fb944,RECONSTRUCTED_CORRECTED,False,False
2026-10-08,CORE,atr5,UNKNOWN,"""INSUFFICIENT_HISTORY""",2,docs/evidence/r4_3_four_session_closeout_20261009/owner_v3/owners/2026-10-08/core.jsonl.gz,0bc8413c7f64c72547609e78cfef4410e19d1d3b07bd54957b6bbb6eb11fb944,RECONSTRUCTED_CORRECTED,False,False
2026-10-08,CORE,atr_ratio,KNOWN,,5215,docs/evidence/r4_3_four_session_closeout_20261009/owner_v3/owners/2026-10-08/core.jsonl.gz,0bc8413c7f64c72547609e78cfef4410e19d1d3b07bd54957b6bbb6eb11fb944,RECONSTRUCTED_CORRECTED,False,False
2026-10-08,CORE,atr_ratio,UNKNOWN,"""INSUFFICIENT_HISTORY""",9,docs/evidence/r4_3_four_session_closeout_20261009/owner_v3/owners/2026-10-08/core.jsonl.gz,0bc8413c7f64c72547609e78cfef4410e19d1d3b07bd54957b6bbb6eb11fb944,RECONSTRUCTED_CORRECTED,False,False
2026-10-08,CORE,clv,KNOWN,,5205,docs/evidence/r4_3_four_session_closeout_20261009/owner_v3/owners/2026-10-08/core.jsonl.gz,0bc8413c7f64c72547609e78cfef4410e19d1d3b07bd54957b6bbb6eb11fb944,RECONSTRUCTED_CORRECTED,False,False
2026-10-08,CORE,clv,UNKNOWN,"""CURRENT_BAR_UNAVAILABLE""",15,docs/evidence/r4_3_four_session_closeout_20261009/owner_v3/owners/2026-10-08/core.jsonl.gz,0bc8413c7f64c72547609e78cfef4410e19d1d3b07bd54957b6bbb6eb11fb944,RECONSTRUCTED_CORRECTED,False,False
2026-10-08,CORE,clv,UNKNOWN,"""ZERO_DENOMINATOR""",4,docs/evidence/r4_3_four_session_closeout_20261009/owner_v3/owners/2026-10-08/core.jsonl.gz,0bc8413c7f64c72547609e78cfef4410e19d1d3b07bd54957b6bbb6eb11fb944,RECONSTRUCTED_CORRECTED,False,False
2026-10-08,CORE,core_price_damage,KNOWN,,5200,docs/evidence/r4_3_four_session_closeout_20261009/owner_v3/owners/2026-10-08/core.jsonl.gz,0bc8413c7f64c72547609e78cfef4410e19d1d3b07bd54957b6bbb6eb11fb944,RECONSTRUCTED_CORRECTED,False,False
2026-10-08,CORE,core_price_damage,UNKNOWN,"""MISSING_OR_SUSPENDED_ENDPOINT""",15,docs/evidence/r4_3_four_session_closeout_20261009/owner_v3/owners/2026-10-08/core.jsonl.gz,0bc8413c7f64c72547609e78cfef4410e19d1d3b07bd54957b6bbb6eb11fb944,RECONSTRUCTED_CORRECTED,False,False
2026-10-08,CORE,core_price_damage,UNKNOWN,"""INSUFFICIENT_HISTORY""",9,docs/evidence/r4_3_four_session_closeout_20261009/owner_v3/owners/2026-10-08/core.jsonl.gz,0bc8413c7f64c72547609e78cfef4410e19d1d3b07bd54957b6bbb6eb11fb944,RECONSTRUCTED_CORRECTED,False,False
2026-10-08,CORE,hh_progress,KNOWN,,5221,docs/evidence/r4_3_four_session_closeout_20261009/owner_v3/owners/2026-10-08/core.jsonl.gz,0bc8413c7f64c72547609e78cfef4410e19d1d3b07bd54957b6bbb6eb11fb944,RECONSTRUCTED_CORRECTED,False,False
2026-10-08,CORE,hh_progress,UNKNOWN,"""INSUFFICIENT_HISTORY""",3,docs/evidence/r4_3_four_session_closeout_20261009/owner_v3/owners/2026-10-08/core.jsonl.gz,0bc8413c7f64c72547609e78cfef4410e19d1d3b07bd54957b6bbb6eb11fb944,RECONSTRUCTED_CORRECTED,False,False
2026-10-08,CORE,hhv20,KNOWN,,5215,docs/evidence/r4_3_four_session_closeout_20261009/owner_v3/owners/2026-10-08/core.jsonl.gz,0bc8413c7f64c72547609e78cfef4410e19d1d3b07bd54957b6bbb6eb11fb944,RECONSTRUCTED_CORRECTED,False,False
2026-10-08,CORE,hhv20,UNKNOWN,"""INSUFFICIENT_HISTORY""",9,docs/evidence/r4_3_four_session_closeout_20261009/owner_v3/owners/2026-10-08/core.jsonl.gz,0bc8413c7f64c72547609e78cfef4410e19d1d3b07bd54957b6bbb6eb11fb944,RECONSTRUCTED_CORRECTED,False,False
2026-10-08,CORE,hhv5,KNOWN,,5222,docs/evidence/r4_3_four_session_closeout_20261009/owner_v3/owners/2026-10-08/core.jsonl.gz,0bc8413c7f64c72547609e78cfef4410e19d1d3b07bd54957b6bbb6eb11fb944,RECONSTRUCTED_CORRECTED,False,False
2026-10-08,CORE,hhv5,UNKNOWN,"""INSUFFICIENT_HISTORY""",2,docs/evidence/r4_3_four_session_closeout_20261009/owner_v3/owners/2026-10-08/core.jsonl.gz,0bc8413c7f64c72547609e78cfef4410e19d1d3b07bd54957b6bbb6eb11fb944,RECONSTRUCTED_CORRECTED,False,False
2026-10-08,CORE,hhv60,KNOWN,,5199,docs/evidence/r4_3_four_session_closeout_20261009/owner_v3/owners/2026-10-08/core.jsonl.gz,0bc8413c7f64c72547609e78cfef4410e19d1d3b07bd54957b6bbb6eb11fb944,RECONSTRUCTED_CORRECTED,False,False
2026-10-08,CORE,hhv60,UNKNOWN,"""INSUFFICIENT_HISTORY""",25,docs/evidence/r4_3_four_session_closeout_20261009/owner_v3/owners/2026-10-08/core.jsonl.gz,0bc8413c7f64c72547609e78cfef4410e19d1d3b07bd54957b6bbb6eb11fb944,RECONSTRUCTED_CORRECTED,False,False
2026-10-08,CORE,ll_progress,KNOWN,,5221,docs/evidence/r4_3_four_session_closeout_20261009/owner_v3/owners/2026-10-08/core.jsonl.gz,0bc8413c7f64c72547609e78cfef4410e19d1d3b07bd54957b6bbb6eb11fb944,RECONSTRUCTED_CORRECTED,False,False
2026-10-08,CORE,ll_progress,UNKNOWN,"""INSUFFICIENT_HISTORY""",3,docs/evidence/r4_3_four_session_closeout_20261009/owner_v3/owners/2026-10-08/core.jsonl.gz,0bc8413c7f64c72547609e78cfef4410e19d1d3b07bd54957b6bbb6eb11fb944,RECONSTRUCTED_CORRECTED,False,False
2026-10-08,CORE,llv20,KNOWN,,5215,docs/evidence/r4_3_four_session_closeout_20261009/owner_v3/owners/2026-10-08/core.jsonl.gz,0bc8413c7f64c72547609e78cfef4410e19d1d3b07bd54957b6bbb6eb11fb944,RECONSTRUCTED_CORRECTED,False,False
2026-10-08,CORE,llv20,UNKNOWN,"""INSUFFICIENT_HISTORY""",9,docs/evidence/r4_3_four_session_closeout_20261009/owner_v3/owners/2026-10-08/core.jsonl.gz,0bc8413c7f64c72547609e78cfef4410e19d1d3b07bd54957b6bbb6eb11fb944,RECONSTRUCTED_CORRECTED,False,False
2026-10-08,CORE,llv5,KNOWN,,5222,docs/evidence/r4_3_four_session_closeout_20261009/owner_v3/owners/2026-10-08/core.jsonl.gz,0bc8413c7f64c72547609e78cfef4410e19d1d3b07bd54957b6bbb6eb11fb944,RECONSTRUCTED_CORRECTED,False,False
2026-10-08,CORE,llv5,UNKNOWN,"""INSUFFICIENT_HISTORY""",2,docs/evidence/r4_3_four_session_closeout_20261009/owner_v3/owners/2026-10-08/core.jsonl.gz,0bc8413c7f64c72547609e78cfef4410e19d1d3b07bd54957b6bbb6eb11fb944,RECONSTRUCTED_CORRECTED,False,False
2026-10-08,CORE,llv60,KNOWN,,5199,docs/evidence/r4_3_four_session_closeout_20261009/owner_v3/owners/2026-10-08/core.jsonl.gz,0bc8413c7f64c72547609e78cfef4410e19d1d3b07bd54957b6bbb6eb11fb944,RECONSTRUCTED_CORRECTED,False,False
2026-10-08,CORE,llv60,UNKNOWN,"""INSUFFICIENT_HISTORY""",25,docs/evidence/r4_3_four_session_closeout_20261009/owner_v3/owners/2026-10-08/core.jsonl.gz,0bc8413c7f64c72547609e78cfef4410e19d1d3b07bd54957b6bbb6eb11fb944,RECONSTRUCTED_CORRECTED,False,False
2026-10-08,CORE,ma20,KNOWN,,5215,docs/evidence/r4_3_four_session_closeout_20261009/owner_v3/owners/2026-10-08/core.jsonl.gz,0bc8413c7f64c72547609e78cfef4410e19d1d3b07bd54957b6bbb6eb11fb944,RECONSTRUCTED_CORRECTED,False,False
2026-10-08,CORE,ma20,UNKNOWN,"""INSUFFICIENT_HISTORY""",9,docs/evidence/r4_3_four_session_closeout_20261009/owner_v3/owners/2026-10-08/core.jsonl.gz,0bc8413c7f64c72547609e78cfef4410e19d1d3b07bd54957b6bbb6eb11fb944,RECONSTRUCTED_CORRECTED,False,False
2026-10-08,CORE,ma5,KNOWN,,5222,docs/evidence/r4_3_four_session_closeout_20261009/owner_v3/owners/2026-10-08/core.jsonl.gz,0bc8413c7f64c72547609e78cfef4410e19d1d3b07bd54957b6bbb6eb11fb944,RECONSTRUCTED_CORRECTED,False,False
2026-10-08,CORE,ma5,UNKNOWN,"""INSUFFICIENT_HISTORY""",2,docs/evidence/r4_3_four_session_closeout_20261009/owner_v3/owners/2026-10-08/core.jsonl.gz,0bc8413c7f64c72547609e78cfef4410e19d1d3b07bd54957b6bbb6eb11fb944,RECONSTRUCTED_CORRECTED,False,False
2026-10-08,CORE,ma60,KNOWN,,5199,docs/evidence/r4_3_four_session_closeout_20261009/owner_v3/owners/2026-10-08/core.jsonl.gz,0bc8413c7f64c72547609e78cfef4410e19d1d3b07bd54957b6bbb6eb11fb944,RECONSTRUCTED_CORRECTED,False,False
2026-10-08,CORE,ma60,UNKNOWN,"""INSUFFICIENT_HISTORY""",25,docs/evidence/r4_3_four_session_closeout_20261009/owner_v3/owners/2026-10-08/core.jsonl.gz,0bc8413c7f64c72547609e78cfef4410e19d1d3b07bd54957b6bbb6eb11fb944,RECONSTRUCTED_CORRECTED,False,False
2026-10-08,CORE,pos60,KNOWN,,5184,docs/evidence/r4_3_four_session_closeout_20261009/owner_v3/owners/2026-10-08/core.jsonl.gz,0bc8413c7f64c72547609e78cfef4410e19d1d3b07bd54957b6bbb6eb11fb944,RECONSTRUCTED_CORRECTED,False,False
2026-10-08,CORE,pos60,UNKNOWN,"""CURRENT_BAR_UNAVAILABLE""",15,docs/evidence/r4_3_four_session_closeout_20261009/owner_v3/owners/2026-10-08/core.jsonl.gz,0bc8413c7f64c72547609e78cfef4410e19d1d3b07bd54957b6bbb6eb11fb944,RECONSTRUCTED_CORRECTED,False,False
2026-10-08,CORE,pos60,UNKNOWN,"""INSUFFICIENT_HISTORY""",25,docs/evidence/r4_3_four_session_closeout_20261009/owner_v3/owners/2026-10-08/core.jsonl.gz,0bc8413c7f64c72547609e78cfef4410e19d1d3b07bd54957b6bbb6eb11fb944,RECONSTRUCTED_CORRECTED,False,False
2026-10-08,CORE,prior60_percentile,KNOWN,,5184,docs/evidence/r4_3_four_session_closeout_20261009/owner_v3/owners/2026-10-08/core.jsonl.gz,0bc8413c7f64c72547609e78cfef4410e19d1d3b07bd54957b6bbb6eb11fb944,RECONSTRUCTED_CORRECTED,False,False
2026-10-08,CORE,prior60_percentile,UNKNOWN,"""MISSING_OR_SUSPENDED_ENDPOINT""",15,docs/evidence/r4_3_four_session_closeout_20261009/owner_v3/owners/2026-10-08/core.jsonl.gz,0bc8413c7f64c72547609e78cfef4410e19d1d3b07bd54957b6bbb6eb11fb944,RECONSTRUCTED_CORRECTED,False,False
2026-10-08,CORE,prior60_percentile,UNKNOWN,"""INSUFFICIENT_HISTORY""",25,docs/evidence/r4_3_four_session_closeout_20261009/owner_v3/owners/2026-10-08/core.jsonl.gz,0bc8413c7f64c72547609e78cfef4410e19d1d3b07bd54957b6bbb6eb11fb944,RECONSTRUCTED_CORRECTED,False,False
2026-10-08,CORE,prior_high20,KNOWN,,5215,docs/evidence/r4_3_four_session_closeout_20261009/owner_v3/owners/2026-10-08/core.jsonl.gz,0bc8413c7f64c72547609e78cfef4410e19d1d3b07bd54957b6bbb6eb11fb944,RECONSTRUCTED_CORRECTED,False,False
2026-10-08,CORE,prior_high20,UNKNOWN,"""INSUFFICIENT_HISTORY""",9,docs/evidence/r4_3_four_session_closeout_20261009/owner_v3/owners/2026-10-08/core.jsonl.gz,0bc8413c7f64c72547609e78cfef4410e19d1d3b07bd54957b6bbb6eb11fb944,RECONSTRUCTED_CORRECTED,False,False
2026-10-08,CORE,prior_high5,KNOWN,,5222,docs/evidence/r4_3_four_session_closeout_20261009/owner_v3/owners/2026-10-08/core.jsonl.gz,0bc8413c7f64c72547609e78cfef4410e19d1d3b07bd54957b6bbb6eb11fb944,RECONSTRUCTED_CORRECTED,False,False
2026-10-08,CORE,prior_high5,UNKNOWN,"""INSUFFICIENT_HISTORY""",2,docs/evidence/r4_3_four_session_closeout_20261009/owner_v3/owners/2026-10-08/core.jsonl.gz,0bc8413c7f64c72547609e78cfef4410e19d1d3b07bd54957b6bbb6eb11fb944,RECONSTRUCTED_CORRECTED,False,False
2026-10-08,CORE,prior_high60,KNOWN,,5199,docs/evidence/r4_3_four_session_closeout_20261009/owner_v3/owners/2026-10-08/core.jsonl.gz,0bc8413c7f64c72547609e78cfef4410e19d1d3b07bd54957b6bbb6eb11fb944,RECONSTRUCTED_CORRECTED,False,False
2026-10-08,CORE,prior_high60,UNKNOWN,"""INSUFFICIENT_HISTORY""",25,docs/evidence/r4_3_four_session_closeout_20261009/owner_v3/owners/2026-10-08/core.jsonl.gz,0bc8413c7f64c72547609e78cfef4410e19d1d3b07bd54957b6bbb6eb11fb944,RECONSTRUCTED_CORRECTED,False,False
2026-10-08,CORE,prior_low20,KNOWN,,5215,docs/evidence/r4_3_four_session_closeout_20261009/owner_v3/owners/2026-10-08/core.jsonl.gz,0bc8413c7f64c72547609e78cfef4410e19d1d3b07bd54957b6bbb6eb11fb944,RECONSTRUCTED_CORRECTED,False,False
2026-10-08,CORE,prior_low20,UNKNOWN,"""INSUFFICIENT_HISTORY""",9,docs/evidence/r4_3_four_session_closeout_20261009/owner_v3/owners/2026-10-08/core.jsonl.gz,0bc8413c7f64c72547609e78cfef4410e19d1d3b07bd54957b6bbb6eb11fb944,RECONSTRUCTED_CORRECTED,False,False
2026-10-08,CORE,prior_low5,KNOWN,,5222,docs/evidence/r4_3_four_session_closeout_20261009/owner_v3/owners/2026-10-08/core.jsonl.gz,0bc8413c7f64c72547609e78cfef4410e19d1d3b07bd54957b6bbb6eb11fb944,RECONSTRUCTED_CORRECTED,False,False
2026-10-08,CORE,prior_low5,UNKNOWN,"""INSUFFICIENT_HISTORY""",2,docs/evidence/r4_3_four_session_closeout_20261009/owner_v3/owners/2026-10-08/core.jsonl.gz,0bc8413c7f64c72547609e78cfef4410e19d1d3b07bd54957b6bbb6eb11fb944,RECONSTRUCTED_CORRECTED,False,False
2026-10-08,CORE,prior_low60,KNOWN,,5199,docs/evidence/r4_3_four_session_closeout_20261009/owner_v3/owners/2026-10-08/core.jsonl.gz,0bc8413c7f64c72547609e78cfef4410e19d1d3b07bd54957b6bbb6eb11fb944,RECONSTRUCTED_CORRECTED,False,False
2026-10-08,CORE,prior_low60,UNKNOWN,"""INSUFFICIENT_HISTORY""",25,docs/evidence/r4_3_four_session_closeout_20261009/owner_v3/owners/2026-10-08/core.jsonl.gz,0bc8413c7f64c72547609e78cfef4410e19d1d3b07bd54957b6bbb6eb11fb944,RECONSTRUCTED_CORRECTED,False,False
2026-10-08,CORE,range_ratio,KNOWN,,5215,docs/evidence/r4_3_four_session_closeout_20261009/owner_v3/owners/2026-10-08/core.jsonl.gz,0bc8413c7f64c72547609e78cfef4410e19d1d3b07bd54957b6bbb6eb11fb944,RECONSTRUCTED_CORRECTED,False,False
2026-10-08,CORE,range_ratio,UNKNOWN,"""INSUFFICIENT_HISTORY""",9,docs/evidence/r4_3_four_session_closeout_20261009/owner_v3/owners/2026-10-08/core.jsonl.gz,0bc8413c7f64c72547609e78cfef4410e19d1d3b07bd54957b6bbb6eb11fb944,RECONSTRUCTED_CORRECTED,False,False
2026-10-08,CORE,rel_market_1,KNOWN,,5209,docs/evidence/r4_3_four_session_closeout_20261009/owner_v3/owners/2026-10-08/core.jsonl.gz,0bc8413c7f64c72547609e78cfef4410e19d1d3b07bd54957b6bbb6eb11fb944,RECONSTRUCTED_CORRECTED,False,False
2026-10-08,CORE,rel_market_1,UNKNOWN,"""DATED_MARKET_REFERENCE_UNPROVEN""",15,docs/evidence/r4_3_four_session_closeout_20261009/owner_v3/owners/2026-10-08/core.jsonl.gz,0bc8413c7f64c72547609e78cfef4410e19d1d3b07bd54957b6bbb6eb11fb944,RECONSTRUCTED_CORRECTED,False,False
2026-10-08,CORE,rel_market_3,KNOWN,,5202,docs/evidence/r4_3_four_session_closeout_20261009/owner_v3/owners/2026-10-08/core.jsonl.gz,0bc8413c7f64c72547609e78cfef4410e19d1d3b07bd54957b6bbb6eb11fb944,RECONSTRUCTED_CORRECTED,False,False
2026-10-08,CORE,rel_market_3,UNKNOWN,"""DATED_MARKET_REFERENCE_UNPROVEN""",22,docs/evidence/r4_3_four_session_closeout_20261009/owner_v3/owners/2026-10-08/core.jsonl.gz,0bc8413c7f64c72547609e78cfef4410e19d1d3b07bd54957b6bbb6eb11fb944,RECONSTRUCTED_CORRECTED,False,False
2026-10-08,CORE,rel_market_5,KNOWN,,5202,docs/evidence/r4_3_four_session_closeout_20261009/owner_v3/owners/2026-10-08/core.jsonl.gz,0bc8413c7f64c72547609e78cfef4410e19d1d3b07bd54957b6bbb6eb11fb944,RECONSTRUCTED_CORRECTED,False,False
2026-10-08,CORE,rel_market_5,UNKNOWN,"""DATED_MARKET_REFERENCE_UNPROVEN""",22,docs/evidence/r4_3_four_session_closeout_20261009/owner_v3/owners/2026-10-08/core.jsonl.gz,0bc8413c7f64c72547609e78cfef4410e19d1d3b07bd54957b6bbb6eb11fb944,RECONSTRUCTED_CORRECTED,False,False
2026-10-08,CORE,ret1,KNOWN,,5209,docs/evidence/r4_3_four_session_closeout_20261009/owner_v3/owners/2026-10-08/core.jsonl.gz,0bc8413c7f64c72547609e78cfef4410e19d1d3b07bd54957b6bbb6eb11fb944,RECONSTRUCTED_CORRECTED,False,False
2026-10-08,CORE,ret1,UNKNOWN,"""MISSING_OR_SUSPENDED_ENDPOINT""",15,docs/evidence/r4_3_four_session_closeout_20261009/owner_v3/owners/2026-10-08/core.jsonl.gz,0bc8413c7f64c72547609e78cfef4410e19d1d3b07bd54957b6bbb6eb11fb944,RECONSTRUCTED_CORRECTED,False,False
2026-10-08,CORE,ret20,KNOWN,,5194,docs/evidence/r4_3_four_session_closeout_20261009/owner_v3/owners/2026-10-08/core.jsonl.gz,0bc8413c7f64c72547609e78cfef4410e19d1d3b07bd54957b6bbb6eb11fb944,RECONSTRUCTED_CORRECTED,False,False
2026-10-08,CORE,ret20,UNKNOWN,"""MISSING_OR_SUSPENDED_ENDPOINT""",21,docs/evidence/r4_3_four_session_closeout_20261009/owner_v3/owners/2026-10-08/core.jsonl.gz,0bc8413c7f64c72547609e78cfef4410e19d1d3b07bd54957b6bbb6eb11fb944,RECONSTRUCTED_CORRECTED,False,False
2026-10-08,CORE,ret20,UNKNOWN,"""INSUFFICIENT_SESSION_HISTORY""",9,docs/evidence/r4_3_four_session_closeout_20261009/owner_v3/owners/2026-10-08/core.jsonl.gz,0bc8413c7f64c72547609e78cfef4410e19d1d3b07bd54957b6bbb6eb11fb944,RECONSTRUCTED_CORRECTED,False,False
2026-10-08,CORE,ret3,KNOWN,,5202,docs/evidence/r4_3_four_session_closeout_20261009/owner_v3/owners/2026-10-08/core.jsonl.gz,0bc8413c7f64c72547609e78cfef4410e19d1d3b07bd54957b6bbb6eb11fb944,RECONSTRUCTED_CORRECTED,False,False
2026-10-08,CORE,ret3,UNKNOWN,"""MISSING_OR_SUSPENDED_ENDPOINT""",20,docs/evidence/r4_3_four_session_closeout_20261009/owner_v3/owners/2026-10-08/core.jsonl.gz,0bc8413c7f64c72547609e78cfef4410e19d1d3b07bd54957b6bbb6eb11fb944,RECONSTRUCTED_CORRECTED,False,False
2026-10-08,CORE,ret3,UNKNOWN,"""INSUFFICIENT_SESSION_HISTORY""",2,docs/evidence/r4_3_four_session_closeout_20261009/owner_v3/owners/2026-10-08/core.jsonl.gz,0bc8413c7f64c72547609e78cfef4410e19d1d3b07bd54957b6bbb6eb11fb944,RECONSTRUCTED_CORRECTED,False,False
2026-10-08,CORE,ret5,KNOWN,,5202,docs/evidence/r4_3_four_session_closeout_20261009/owner_v3/owners/2026-10-08/core.jsonl.gz,0bc8413c7f64c72547609e78cfef4410e19d1d3b07bd54957b6bbb6eb11fb944,RECONSTRUCTED_CORRECTED,False,False
2026-10-08,CORE,ret5,UNKNOWN,"""MISSING_OR_SUSPENDED_ENDPOINT""",20,docs/evidence/r4_3_four_session_closeout_20261009/owner_v3/owners/2026-10-08/core.jsonl.gz,0bc8413c7f64c72547609e78cfef4410e19d1d3b07bd54957b6bbb6eb11fb944,RECONSTRUCTED_CORRECTED,False,False
2026-10-08,CORE,ret5,UNKNOWN,"""INSUFFICIENT_SESSION_HISTORY""",2,docs/evidence/r4_3_four_session_closeout_20261009/owner_v3/owners/2026-10-08/core.jsonl.gz,0bc8413c7f64c72547609e78cfef4410e19d1d3b07bd54957b6bbb6eb11fb944,RECONSTRUCTED_CORRECTED,False,False
2026-10-08,CORE,rps20,KNOWN,,5194,docs/evidence/r4_3_four_session_closeout_20261009/owner_v3/owners/2026-10-08/core.jsonl.gz,0bc8413c7f64c72547609e78cfef4410e19d1d3b07bd54957b6bbb6eb11fb944,RECONSTRUCTED_CORRECTED,False,False
2026-10-08,CORE,rps20,UNKNOWN,"""RETURN_OR_UNIVERSE_UNKNOWN""",30,docs/evidence/r4_3_four_session_closeout_20261009/owner_v3/owners/2026-10-08/core.jsonl.gz,0bc8413c7f64c72547609e78cfef4410e19d1d3b07bd54957b6bbb6eb11fb944,RECONSTRUCTED_CORRECTED,False,False
2026-10-08,CORE,rps20_delta3,KNOWN,,5183,docs/evidence/r4_3_four_session_closeout_20261009/owner_v3/owners/2026-10-08/core.jsonl.gz,0bc8413c7f64c72547609e78cfef4410e19d1d3b07bd54957b6bbb6eb11fb944,RECONSTRUCTED_CORRECTED,False,False
2026-10-08,CORE,rps20_delta3,UNKNOWN,"""EXACT_DATED_RPS_ENDPOINT_UNKNOWN""",41,docs/evidence/r4_3_four_session_closeout_20261009/owner_v3/owners/2026-10-08/core.jsonl.gz,0bc8413c7f64c72547609e78cfef4410e19d1d3b07bd54957b6bbb6eb11fb944,RECONSTRUCTED_CORRECTED,False,False
2026-10-08,CORE,rps5,KNOWN,,5202,docs/evidence/r4_3_four_session_closeout_20261009/owner_v3/owners/2026-10-08/core.jsonl.gz,0bc8413c7f64c72547609e78cfef4410e19d1d3b07bd54957b6bbb6eb11fb944,RECONSTRUCTED_CORRECTED,False,False
2026-10-08,CORE,rps5,UNKNOWN,"""RETURN_OR_UNIVERSE_UNKNOWN""",22,docs/evidence/r4_3_four_session_closeout_20261009/owner_v3/owners/2026-10-08/core.jsonl.gz,0bc8413c7f64c72547609e78cfef4410e19d1d3b07bd54957b6bbb6eb11fb944,RECONSTRUCTED_CORRECTED,False,False
2026-10-08,CORE,rps5_delta1,KNOWN,,5201,docs/evidence/r4_3_four_session_closeout_20261009/owner_v3/owners/2026-10-08/core.jsonl.gz,0bc8413c7f64c72547609e78cfef4410e19d1d3b07bd54957b6bbb6eb11fb944,RECONSTRUCTED_CORRECTED,False,False
2026-10-08,CORE,rps5_delta1,UNKNOWN,"""EXACT_DATED_RPS_ENDPOINT_UNKNOWN""",23,docs/evidence/r4_3_four_session_closeout_20261009/owner_v3/owners/2026-10-08/core.jsonl.gz,0bc8413c7f64c72547609e78cfef4410e19d1d3b07bd54957b6bbb6eb11fb944,RECONSTRUCTED_CORRECTED,False,False
2026-10-08,CORE,rps5_delta3,KNOWN,,5197,docs/evidence/r4_3_four_session_closeout_20261009/owner_v3/owners/2026-10-08/core.jsonl.gz,0bc8413c7f64c72547609e78cfef4410e19d1d3b07bd54957b6bbb6eb11fb944,RECONSTRUCTED_CORRECTED,False,False
2026-10-08,CORE,rps5_delta3,UNKNOWN,"""EXACT_DATED_RPS_ENDPOINT_UNKNOWN""",27,docs/evidence/r4_3_four_session_closeout_20261009/owner_v3/owners/2026-10-08/core.jsonl.gz,0bc8413c7f64c72547609e78cfef4410e19d1d3b07bd54957b6bbb6eb11fb944,RECONSTRUCTED_CORRECTED,False,False
2026-10-08,CORE,slope20,KNOWN,,5212,docs/evidence/r4_3_four_session_closeout_20261009/owner_v3/owners/2026-10-08/core.jsonl.gz,0bc8413c7f64c72547609e78cfef4410e19d1d3b07bd54957b6bbb6eb11fb944,RECONSTRUCTED_CORRECTED,False,False
2026-10-08,CORE,slope20,UNKNOWN,"""INSUFFICIENT_HISTORY""",12,docs/evidence/r4_3_four_session_closeout_20261009/owner_v3/owners/2026-10-08/core.jsonl.gz,0bc8413c7f64c72547609e78cfef4410e19d1d3b07bd54957b6bbb6eb11fb944,RECONSTRUCTED_CORRECTED,False,False
2026-10-08,CORE,slope60,KNOWN,,5197,docs/evidence/r4_3_four_session_closeout_20261009/owner_v3/owners/2026-10-08/core.jsonl.gz,0bc8413c7f64c72547609e78cfef4410e19d1d3b07bd54957b6bbb6eb11fb944,RECONSTRUCTED_CORRECTED,False,False
2026-10-08,CORE,slope60,UNKNOWN,"""INSUFFICIENT_HISTORY""",27,docs/evidence/r4_3_four_session_closeout_20261009/owner_v3/owners/2026-10-08/core.jsonl.gz,0bc8413c7f64c72547609e78cfef4410e19d1d3b07bd54957b6bbb6eb11fb944,RECONSTRUCTED_CORRECTED,False,False
2026-10-08,CORE,tr,KNOWN,,5209,docs/evidence/r4_3_four_session_closeout_20261009/owner_v3/owners/2026-10-08/core.jsonl.gz,0bc8413c7f64c72547609e78cfef4410e19d1d3b07bd54957b6bbb6eb11fb944,RECONSTRUCTED_CORRECTED,False,False
2026-10-08,CORE,tr,UNKNOWN,"""CURRENT_BAR_UNAVAILABLE""",15,docs/evidence/r4_3_four_session_closeout_20261009/owner_v3/owners/2026-10-08/core.jsonl.gz,0bc8413c7f64c72547609e78cfef4410e19d1d3b07bd54957b6bbb6eb11fb944,RECONSTRUCTED_CORRECTED,False,False
2026-10-08,CORE,vol20,KNOWN,,5177,docs/evidence/r4_3_four_session_closeout_20261009/owner_v3/owners/2026-10-08/core.jsonl.gz,0bc8413c7f64c72547609e78cfef4410e19d1d3b07bd54957b6bbb6eb11fb944,RECONSTRUCTED_CORRECTED,False,False
2026-10-08,CORE,vol20,UNKNOWN,"""MISSING_OR_SUSPENDED_ENDPOINT""",38,docs/evidence/r4_3_four_session_closeout_20261009/owner_v3/owners/2026-10-08/core.jsonl.gz,0bc8413c7f64c72547609e78cfef4410e19d1d3b07bd54957b6bbb6eb11fb944,RECONSTRUCTED_CORRECTED,False,False
2026-10-08,CORE,vol20,UNKNOWN,"""INSUFFICIENT_SESSION_HISTORY""",9,docs/evidence/r4_3_four_session_closeout_20261009/owner_v3/owners/2026-10-08/core.jsonl.gz,0bc8413c7f64c72547609e78cfef4410e19d1d3b07bd54957b6bbb6eb11fb944,RECONSTRUCTED_CORRECTED,False,False
2026-10-08,CORE,vol5,KNOWN,,5198,docs/evidence/r4_3_four_session_closeout_20261009/owner_v3/owners/2026-10-08/core.jsonl.gz,0bc8413c7f64c72547609e78cfef4410e19d1d3b07bd54957b6bbb6eb11fb944,RECONSTRUCTED_CORRECTED,False,False
2026-10-08,CORE,vol5,UNKNOWN,"""MISSING_OR_SUSPENDED_ENDPOINT""",24,docs/evidence/r4_3_four_session_closeout_20261009/owner_v3/owners/2026-10-08/core.jsonl.gz,0bc8413c7f64c72547609e78cfef4410e19d1d3b07bd54957b6bbb6eb11fb944,RECONSTRUCTED_CORRECTED,False,False
2026-10-08,CORE,vol5,UNKNOWN,"""INSUFFICIENT_SESSION_HISTORY""",2,docs/evidence/r4_3_four_session_closeout_20261009/owner_v3/owners/2026-10-08/core.jsonl.gz,0bc8413c7f64c72547609e78cfef4410e19d1d3b07bd54957b6bbb6eb11fb944,RECONSTRUCTED_CORRECTED,False,False
2026-10-08,CORE,vol_ratio,KNOWN,,5177,docs/evidence/r4_3_four_session_closeout_20261009/owner_v3/owners/2026-10-08/core.jsonl.gz,0bc8413c7f64c72547609e78cfef4410e19d1d3b07bd54957b6bbb6eb11fb944,RECONSTRUCTED_CORRECTED,False,False
2026-10-08,CORE,vol_ratio,UNKNOWN,"""MISSING_OR_SUSPENDED_ENDPOINT""",38,docs/evidence/r4_3_four_session_closeout_20261009/owner_v3/owners/2026-10-08/core.jsonl.gz,0bc8413c7f64c72547609e78cfef4410e19d1d3b07bd54957b6bbb6eb11fb944,RECONSTRUCTED_CORRECTED,False,False
2026-10-08,CORE,vol_ratio,UNKNOWN,"""INSUFFICIENT_SESSION_HISTORY""",9,docs/evidence/r4_3_four_session_closeout_20261009/owner_v3/owners/2026-10-08/core.jsonl.gz,0bc8413c7f64c72547609e78cfef4410e19d1d3b07bd54957b6bbb6eb11fb944,RECONSTRUCTED_CORRECTED,False,False
2026-10-08,CORE,volume_ratio20,KNOWN,,5200,docs/evidence/r4_3_four_session_closeout_20261009/owner_v3/owners/2026-10-08/core.jsonl.gz,0bc8413c7f64c72547609e78cfef4410e19d1d3b07bd54957b6bbb6eb11fb944,RECONSTRUCTED_CORRECTED,False,False
2026-10-08,CORE,volume_ratio20,UNKNOWN,"""CURRENT_BAR_UNAVAILABLE""",15,docs/evidence/r4_3_four_session_closeout_20261009/owner_v3/owners/2026-10-08/core.jsonl.gz,0bc8413c7f64c72547609e78cfef4410e19d1d3b07bd54957b6bbb6eb11fb944,RECONSTRUCTED_CORRECTED,False,False
2026-10-08,CORE,volume_ratio20,UNKNOWN,"""INSUFFICIENT_HISTORY""",9,docs/evidence/r4_3_four_session_closeout_20261009/owner_v3/owners/2026-10-08/core.jsonl.gz,0bc8413c7f64c72547609e78cfef4410e19d1d3b07bd54957b6bbb6eb11fb944,RECONSTRUCTED_CORRECTED,False,False
2026-10-08,CORE,volume_ratio5,KNOWN,,5207,docs/evidence/r4_3_four_session_closeout_20261009/owner_v3/owners/2026-10-08/core.jsonl.gz,0bc8413c7f64c72547609e78cfef4410e19d1d3b07bd54957b6bbb6eb11fb944,RECONSTRUCTED_CORRECTED,False,False
2026-10-08,CORE,volume_ratio5,UNKNOWN,"""CURRENT_BAR_UNAVAILABLE""",15,docs/evidence/r4_3_four_session_closeout_20261009/owner_v3/owners/2026-10-08/core.jsonl.gz,0bc8413c7f64c72547609e78cfef4410e19d1d3b07bd54957b6bbb6eb11fb944,RECONSTRUCTED_CORRECTED,False,False
2026-10-08,CORE,volume_ratio5,UNKNOWN,"""INSUFFICIENT_HISTORY""",2,docs/evidence/r4_3_four_session_closeout_20261009/owner_v3/owners/2026-10-08/core.jsonl.gz,0bc8413c7f64c72547609e78cfef4410e19d1d3b07bd54957b6bbb6eb11fb944,RECONSTRUCTED_CORRECTED,False,False
2026-10-08,PROFILE,amount_state,KNOWN,,5200,docs/evidence/r4_3_four_session_closeout_20261009/owner_v3/owners/2026-10-08/profiles.jsonl.gz,f9f01d74ae6e271b2cece5a4e4e0af11dee67fe615e40af7bf45fc137b5a1156,RECONSTRUCTED_LATEST_MEMBERSHIP,False,False
2026-10-08,PROFILE,amount_state,UNKNOWN,"""REQUIRED_INPUT_UNKNOWN""",24,docs/evidence/r4_3_four_session_closeout_20261009/owner_v3/owners/2026-10-08/profiles.jsonl.gz,f9f01d74ae6e271b2cece5a4e4e0af11dee67fe615e40af7bf45fc137b5a1156,RECONSTRUCTED_LATEST_MEMBERSHIP,False,False
2026-10-08,PROFILE,compression_state,KNOWN,,5177,docs/evidence/r4_3_four_session_closeout_20261009/owner_v3/owners/2026-10-08/profiles.jsonl.gz,f9f01d74ae6e271b2cece5a4e4e0af11dee67fe615e40af7bf45fc137b5a1156,RECONSTRUCTED_LATEST_MEMBERSHIP,False,False
2026-10-08,PROFILE,compression_state,UNKNOWN,"""REQUIRED_INPUT_UNKNOWN""",47,docs/evidence/r4_3_four_session_closeout_20261009/owner_v3/owners/2026-10-08/profiles.jsonl.gz,f9f01d74ae6e271b2cece5a4e4e0af11dee67fe615e40af7bf45fc137b5a1156,RECONSTRUCTED_LATEST_MEMBERSHIP,False,False
2026-10-08,PROFILE,core_extension_risk,KNOWN,,5196,docs/evidence/r4_3_four_session_closeout_20261009/owner_v3/owners/2026-10-08/profiles.jsonl.gz,f9f01d74ae6e271b2cece5a4e4e0af11dee67fe615e40af7bf45fc137b5a1156,RECONSTRUCTED_LATEST_MEMBERSHIP,False,False
2026-10-08,PROFILE,core_extension_risk,UNKNOWN,"""REQUIRED_INPUT_UNKNOWN""",28,docs/evidence/r4_3_four_session_closeout_20261009/owner_v3/owners/2026-10-08/profiles.jsonl.gz,f9f01d74ae6e271b2cece5a4e4e0af11dee67fe615e40af7bf45fc137b5a1156,RECONSTRUCTED_LATEST_MEMBERSHIP,False,False
2026-10-08,PROFILE,core_participation_result,KNOWN,,5200,docs/evidence/r4_3_four_session_closeout_20261009/owner_v3/owners/2026-10-08/profiles.jsonl.gz,f9f01d74ae6e271b2cece5a4e4e0af11dee67fe615e40af7bf45fc137b5a1156,RECONSTRUCTED_LATEST_MEMBERSHIP,False,False
2026-10-08,PROFILE,core_participation_result,UNKNOWN,"""REQUIRED_INPUT_UNKNOWN""",24,docs/evidence/r4_3_four_session_closeout_20261009/owner_v3/owners/2026-10-08/profiles.jsonl.gz,f9f01d74ae6e271b2cece5a4e4e0af11dee67fe615e40af7bf45fc137b5a1156,RECONSTRUCTED_LATEST_MEMBERSHIP,False,False
2026-10-08,PROFILE,drawdown20_state,KNOWN,,5200,docs/evidence/r4_3_four_session_closeout_20261009/owner_v3/owners/2026-10-08/profiles.jsonl.gz,f9f01d74ae6e271b2cece5a4e4e0af11dee67fe615e40af7bf45fc137b5a1156,RECONSTRUCTED_LATEST_MEMBERSHIP,False,False
2026-10-08,PROFILE,drawdown20_state,UNKNOWN,"""REQUIRED_INPUT_UNKNOWN_OR_ZERO_HIGH""",24,docs/evidence/r4_3_four_session_closeout_20261009/owner_v3/owners/2026-10-08/profiles.jsonl.gz,f9f01d74ae6e271b2cece5a4e4e0af11dee67fe615e40af7bf45fc137b5a1156,RECONSTRUCTED_LATEST_MEMBERSHIP,False,False
2026-10-08,PROFILE,drawdown60_state,KNOWN,,5184,docs/evidence/r4_3_four_session_closeout_20261009/owner_v3/owners/2026-10-08/profiles.jsonl.gz,f9f01d74ae6e271b2cece5a4e4e0af11dee67fe615e40af7bf45fc137b5a1156,RECONSTRUCTED_LATEST_MEMBERSHIP,False,False
2026-10-08,PROFILE,drawdown60_state,UNKNOWN,"""REQUIRED_INPUT_UNKNOWN_OR_ZERO_HIGH""",40,docs/evidence/r4_3_four_session_closeout_20261009/owner_v3/owners/2026-10-08/profiles.jsonl.gz,f9f01d74ae6e271b2cece5a4e4e0af11dee67fe615e40af7bf45fc137b5a1156,RECONSTRUCTED_LATEST_MEMBERSHIP,False,False
2026-10-08,PROFILE,ma_structure_state,KNOWN,,5197,docs/evidence/r4_3_four_session_closeout_20261009/owner_v3/owners/2026-10-08/profiles.jsonl.gz,f9f01d74ae6e271b2cece5a4e4e0af11dee67fe615e40af7bf45fc137b5a1156,RECONSTRUCTED_LATEST_MEMBERSHIP,False,False
2026-10-08,PROFILE,ma_structure_state,UNKNOWN,"""REQUIRED_INPUT_UNKNOWN""",27,docs/evidence/r4_3_four_session_closeout_20261009/owner_v3/owners/2026-10-08/profiles.jsonl.gz,f9f01d74ae6e271b2cece5a4e4e0af11dee67fe615e40af7bf45fc137b5a1156,RECONSTRUCTED_LATEST_MEMBERSHIP,False,False
2026-10-08,PROFILE,monthly_trend_state,KNOWN,,5197,docs/evidence/r4_3_four_session_closeout_20261009/owner_v3/owners/2026-10-08/profiles.jsonl.gz,f9f01d74ae6e271b2cece5a4e4e0af11dee67fe615e40af7bf45fc137b5a1156,RECONSTRUCTED_LATEST_MEMBERSHIP,False,False
2026-10-08,PROFILE,monthly_trend_state,UNKNOWN,"""CLOSED_PERIOD_OR_INPUT_UNAVAILABLE""",27,docs/evidence/r4_3_four_session_closeout_20261009/owner_v3/owners/2026-10-08/profiles.jsonl.gz,f9f01d74ae6e271b2cece5a4e4e0af11dee67fe615e40af7bf45fc137b5a1156,RECONSTRUCTED_LATEST_MEMBERSHIP,False,False
2026-10-08,PROFILE,near_high20_state,KNOWN,,5200,docs/evidence/r4_3_four_session_closeout_20261009/owner_v3/owners/2026-10-08/profiles.jsonl.gz,f9f01d74ae6e271b2cece5a4e4e0af11dee67fe615e40af7bf45fc137b5a1156,RECONSTRUCTED_LATEST_MEMBERSHIP,False,False
2026-10-08,PROFILE,near_high20_state,UNKNOWN,"""REQUIRED_INPUT_UNKNOWN_OR_ZERO_ATR""",24,docs/evidence/r4_3_four_session_closeout_20261009/owner_v3/owners/2026-10-08/profiles.jsonl.gz,f9f01d74ae6e271b2cece5a4e4e0af11dee67fe615e40af7bf45fc137b5a1156,RECONSTRUCTED_LATEST_MEMBERSHIP,False,False
2026-10-08,PROFILE,near_high60_state,KNOWN,,5184,docs/evidence/r4_3_four_session_closeout_20261009/owner_v3/owners/2026-10-08/profiles.jsonl.gz,f9f01d74ae6e271b2cece5a4e4e0af11dee67fe615e40af7bf45fc137b5a1156,RECONSTRUCTED_LATEST_MEMBERSHIP,False,False
2026-10-08,PROFILE,near_high60_state,UNKNOWN,"""REQUIRED_INPUT_UNKNOWN_OR_ZERO_ATR""",40,docs/evidence/r4_3_four_session_closeout_20261009/owner_v3/owners/2026-10-08/profiles.jsonl.gz,f9f01d74ae6e271b2cece5a4e4e0af11dee67fe615e40af7bf45fc137b5a1156,RECONSTRUCTED_LATEST_MEMBERSHIP,False,False
2026-10-08,PROFILE,position_state,KNOWN,,5184,docs/evidence/r4_3_four_session_closeout_20261009/owner_v3/owners/2026-10-08/profiles.jsonl.gz,f9f01d74ae6e271b2cece5a4e4e0af11dee67fe615e40af7bf45fc137b5a1156,RECONSTRUCTED_LATEST_MEMBERSHIP,False,False
2026-10-08,PROFILE,position_state,UNKNOWN,"""REQUIRED_INPUT_UNKNOWN""",40,docs/evidence/r4_3_four_session_closeout_20261009/owner_v3/owners/2026-10-08/profiles.jsonl.gz,f9f01d74ae6e271b2cece5a4e4e0af11dee67fe615e40af7bf45fc137b5a1156,RECONSTRUCTED_LATEST_MEMBERSHIP,False,False
2026-10-08,PROFILE,regime_ui,UNKNOWN,"""CORRECTED_MARKET_AXES_NOT_YET_BOUND""",5224,docs/evidence/r4_3_four_session_closeout_20261009/owner_v3/owners/2026-10-08/profiles.jsonl.gz,f9f01d74ae6e271b2cece5a4e4e0af11dee67fe615e40af7bf45fc137b5a1156,RECONSTRUCTED_LATEST_MEMBERSHIP,False,False
2026-10-08,PROFILE,relative_market_state,KNOWN,,5170,docs/evidence/r4_3_four_session_closeout_20261009/owner_v3/owners/2026-10-08/profiles.jsonl.gz,f9f01d74ae6e271b2cece5a4e4e0af11dee67fe615e40af7bf45fc137b5a1156,RECONSTRUCTED_LATEST_MEMBERSHIP,False,False
2026-10-08,PROFILE,relative_market_state,UNKNOWN,"""REQUIRED_INPUT_UNKNOWN""",54,docs/evidence/r4_3_four_session_closeout_20261009/owner_v3/owners/2026-10-08/profiles.jsonl.gz,f9f01d74ae6e271b2cece5a4e4e0af11dee67fe615e40af7bf45fc137b5a1156,RECONSTRUCTED_LATEST_MEMBERSHIP,False,False
2026-10-08,PROFILE,severe_extension,KNOWN,,5196,docs/evidence/r4_3_four_session_closeout_20261009/owner_v3/owners/2026-10-08/profiles.jsonl.gz,f9f01d74ae6e271b2cece5a4e4e0af11dee67fe615e40af7bf45fc137b5a1156,RECONSTRUCTED_LATEST_MEMBERSHIP,False,False
2026-10-08,PROFILE,severe_extension,UNKNOWN,"""REQUIRED_INPUT_UNKNOWN""",28,docs/evidence/r4_3_four_session_closeout_20261009/owner_v3/owners/2026-10-08/profiles.jsonl.gz,f9f01d74ae6e271b2cece5a4e4e0af11dee67fe615e40af7bf45fc137b5a1156,RECONSTRUCTED_LATEST_MEMBERSHIP,False,False
2026-10-08,PROFILE,trend_state,KNOWN,,5182,docs/evidence/r4_3_four_session_closeout_20261009/owner_v3/owners/2026-10-08/profiles.jsonl.gz,f9f01d74ae6e271b2cece5a4e4e0af11dee67fe615e40af7bf45fc137b5a1156,RECONSTRUCTED_LATEST_MEMBERSHIP,False,False
2026-10-08,PROFILE,trend_state,UNKNOWN,"""REQUIRED_INPUT_UNKNOWN""",42,docs/evidence/r4_3_four_session_closeout_20261009/owner_v3/owners/2026-10-08/profiles.jsonl.gz,f9f01d74ae6e271b2cece5a4e4e0af11dee67fe615e40af7bf45fc137b5a1156,RECONSTRUCTED_LATEST_MEMBERSHIP,False,False
2026-10-08,PROFILE,volume_state,KNOWN,,5200,docs/evidence/r4_3_four_session_closeout_20261009/owner_v3/owners/2026-10-08/profiles.jsonl.gz,f9f01d74ae6e271b2cece5a4e4e0af11dee67fe615e40af7bf45fc137b5a1156,RECONSTRUCTED_LATEST_MEMBERSHIP,False,False
2026-10-08,PROFILE,volume_state,UNKNOWN,"""REQUIRED_INPUT_UNKNOWN""",24,docs/evidence/r4_3_four_session_closeout_20261009/owner_v3/owners/2026-10-08/profiles.jsonl.gz,f9f01d74ae6e271b2cece5a4e4e0af11dee67fe615e40af7bf45fc137b5a1156,RECONSTRUCTED_LATEST_MEMBERSHIP,False,False
2026-10-08,PROFILE,weekly_trend_state,KNOWN,,5212,docs/evidence/r4_3_four_session_closeout_20261009/owner_v3/owners/2026-10-08/profiles.jsonl.gz,f9f01d74ae6e271b2cece5a4e4e0af11dee67fe615e40af7bf45fc137b5a1156,RECONSTRUCTED_LATEST_MEMBERSHIP,False,False
2026-10-08,PROFILE,weekly_trend_state,UNKNOWN,"""CLOSED_PERIOD_OR_INPUT_UNAVAILABLE""",12,docs/evidence/r4_3_four_session_closeout_20261009/owner_v3/owners/2026-10-08/profiles.jsonl.gz,f9f01d74ae6e271b2cece5a4e4e0af11dee67fe615e40af7bf45fc137b5a1156,RECONSTRUCTED_LATEST_MEMBERSHIP,False,False
2026-10-08,STRUCTURE,acceptance_state,UNKNOWN,"""UNKNOWN_ACCEPTED_SOURCE_METADATA_UNAVAILABLE""",4634,docs/evidence/r4_3_four_session_closeout_20261009/owner_v3/owners/2026-10-08/advanced_structure_projection.jsonl.gz,37100bfb64246aaf0f4f5633960d47c6822f5515247f5ecbf95fca18bd79df63,RECONSTRUCTED_LATEST_MEMBERSHIP,False,False
2026-10-08,STRUCTURE,acceptance_state,KNOWN,,590,docs/evidence/r4_3_four_session_closeout_20261009/owner_v3/owners/2026-10-08/advanced_structure_projection.jsonl.gz,37100bfb64246aaf0f4f5633960d47c6822f5515247f5ecbf95fca18bd79df63,RECONSTRUCTED_LATEST_MEMBERSHIP,False,False
2026-10-08,STRUCTURE,active_anchor_id,UNKNOWN,"""NO_ACTIVE_ANCHOR""",4622,docs/evidence/r4_3_four_session_closeout_20261009/owner_v3/owners/2026-10-08/advanced_structure_projection.jsonl.gz,37100bfb64246aaf0f4f5633960d47c6822f5515247f5ecbf95fca18bd79df63,RECONSTRUCTED_LATEST_MEMBERSHIP,False,False
2026-10-08,STRUCTURE,active_anchor_id,KNOWN,,590,docs/evidence/r4_3_four_session_closeout_20261009/owner_v3/owners/2026-10-08/advanced_structure_projection.jsonl.gz,37100bfb64246aaf0f4f5633960d47c6822f5515247f5ecbf95fca18bd79df63,RECONSTRUCTED_LATEST_MEMBERSHIP,False,False
2026-10-08,STRUCTURE,active_anchor_id,UNKNOWN,"""ACTIVE_ANCHOR_SELECTION_UNKNOWN""",12,docs/evidence/r4_3_four_session_closeout_20261009/owner_v3/owners/2026-10-08/advanced_structure_projection.jsonl.gz,37100bfb64246aaf0f4f5633960d47c6822f5515247f5ecbf95fca18bd79df63,RECONSTRUCTED_LATEST_MEMBERSHIP,False,False
2026-10-08,STRUCTURE,anchor_view_asof_t,UNKNOWN,"""UNKNOWN_ACCEPTED_SOURCE_METADATA_UNAVAILABLE""",4634,docs/evidence/r4_3_four_session_closeout_20261009/owner_v3/owners/2026-10-08/advanced_structure_projection.jsonl.gz,37100bfb64246aaf0f4f5633960d47c6822f5515247f5ecbf95fca18bd79df63,RECONSTRUCTED_LATEST_MEMBERSHIP,False,False
2026-10-08,STRUCTURE,anchor_view_asof_t,KNOWN,,590,docs/evidence/r4_3_four_session_closeout_20261009/owner_v3/owners/2026-10-08/advanced_structure_projection.jsonl.gz,37100bfb64246aaf0f4f5633960d47c6822f5515247f5ecbf95fca18bd79df63,RECONSTRUCTED_LATEST_MEMBERSHIP,False,False
2026-10-08,STRUCTURE,basic_breakout_state,UNKNOWN,"[""NO_ACCEPTED_PRIOR_D1_PUBLICATION"", ""NO_KNOWN_EMPTY_BREAKOUT_EPISODE""]",5199,docs/evidence/r4_3_four_session_closeout_20261009/owner_v3/owners/2026-10-08/advanced_structure_projection.jsonl.gz,37100bfb64246aaf0f4f5633960d47c6822f5515247f5ecbf95fca18bd79df63,RECONSTRUCTED_LATEST_MEMBERSHIP,False,False
2026-10-08,STRUCTURE,basic_breakout_state,UNKNOWN,"[""UNKNOWN_REQUIRED_OBSERVATION""]",15,docs/evidence/r4_3_four_session_closeout_20261009/owner_v3/owners/2026-10-08/advanced_structure_projection.jsonl.gz,37100bfb64246aaf0f4f5633960d47c6822f5515247f5ecbf95fca18bd79df63,RECONSTRUCTED_LATEST_MEMBERSHIP,False,False
2026-10-08,STRUCTURE,basic_breakout_state,UNKNOWN,"[""CORRECTED_FIELD_UNAVAILABLE""]",10,docs/evidence/r4_3_four_session_closeout_20261009/owner_v3/owners/2026-10-08/advanced_structure_projection.jsonl.gz,37100bfb64246aaf0f4f5633960d47c6822f5515247f5ecbf95fca18bd79df63,RECONSTRUCTED_LATEST_MEMBERSHIP,False,False
2026-10-08,STRUCTURE,basic_pullback_state,UNKNOWN,"""UNKNOWN_ACCEPTED_SOURCE_METADATA_UNAVAILABLE""",4634,docs/evidence/r4_3_four_session_closeout_20261009/owner_v3/owners/2026-10-08/advanced_structure_projection.jsonl.gz,37100bfb64246aaf0f4f5633960d47c6822f5515247f5ecbf95fca18bd79df63,RECONSTRUCTED_LATEST_MEMBERSHIP,False,False
2026-10-08,STRUCTURE,basic_pullback_state,KNOWN,,520,docs/evidence/r4_3_four_session_closeout_20261009/owner_v3/owners/2026-10-08/advanced_structure_projection.jsonl.gz,37100bfb64246aaf0f4f5633960d47c6822f5515247f5ecbf95fca18bd79df63,RECONSTRUCTED_LATEST_MEMBERSHIP,False,False
2026-10-08,STRUCTURE,basic_pullback_state,UNKNOWN,"[""NO_ACCEPTED_PRIOR_D1_PUBLICATION""]",70,docs/evidence/r4_3_four_session_closeout_20261009/owner_v3/owners/2026-10-08/advanced_structure_projection.jsonl.gz,37100bfb64246aaf0f4f5633960d47c6822f5515247f5ecbf95fca18bd79df63,RECONSTRUCTED_LATEST_MEMBERSHIP,False,False
2026-10-08,STRUCTURE,basic_recovery_state,UNKNOWN,"""UNKNOWN_ACCEPTED_SOURCE_METADATA_UNAVAILABLE""",4634,docs/evidence/r4_3_four_session_closeout_20261009/owner_v3/owners/2026-10-08/advanced_structure_projection.jsonl.gz,37100bfb64246aaf0f4f5633960d47c6822f5515247f5ecbf95fca18bd79df63,RECONSTRUCTED_LATEST_MEMBERSHIP,False,False
2026-10-08,STRUCTURE,basic_recovery_state,KNOWN,,445,docs/evidence/r4_3_four_session_closeout_20261009/owner_v3/owners/2026-10-08/advanced_structure_projection.jsonl.gz,37100bfb64246aaf0f4f5633960d47c6822f5515247f5ecbf95fca18bd79df63,RECONSTRUCTED_LATEST_MEMBERSHIP,False,False
2026-10-08,STRUCTURE,basic_recovery_state,UNKNOWN,"[""NO_ACCEPTED_PRIOR_D1_PUBLICATION""]",63,docs/evidence/r4_3_four_session_closeout_20261009/owner_v3/owners/2026-10-08/advanced_structure_projection.jsonl.gz,37100bfb64246aaf0f4f5633960d47c6822f5515247f5ecbf95fca18bd79df63,RECONSTRUCTED_LATEST_MEMBERSHIP,False,False
2026-10-08,STRUCTURE,basic_recovery_state,UNKNOWN,"[""CORRECTED_FIELD_UNAVAILABLE""]",82,docs/evidence/r4_3_four_session_closeout_20261009/owner_v3/owners/2026-10-08/advanced_structure_projection.jsonl.gz,37100bfb64246aaf0f4f5633960d47c6822f5515247f5ecbf95fca18bd79df63,RECONSTRUCTED_LATEST_MEMBERSHIP,False,False
2026-10-08,STRUCTURE,retest_count,UNKNOWN,"""UNKNOWN_ACCEPTED_SOURCE_METADATA_UNAVAILABLE""",4634,docs/evidence/r4_3_four_session_closeout_20261009/owner_v3/owners/2026-10-08/advanced_structure_projection.jsonl.gz,37100bfb64246aaf0f4f5633960d47c6822f5515247f5ecbf95fca18bd79df63,RECONSTRUCTED_LATEST_MEMBERSHIP,False,False
2026-10-08,STRUCTURE,retest_count,KNOWN,,590,docs/evidence/r4_3_four_session_closeout_20261009/owner_v3/owners/2026-10-08/advanced_structure_projection.jsonl.gz,37100bfb64246aaf0f4f5633960d47c6822f5515247f5ecbf95fca18bd79df63,RECONSTRUCTED_LATEST_MEMBERSHIP,False,False
2026-10-08,STRUCTURE,structure_events,UNKNOWN,"""UNKNOWN_ACCEPTED_SOURCE_METADATA_UNAVAILABLE""",5224,docs/evidence/r4_3_four_session_closeout_20261009/owner_v3/owners/2026-10-08/advanced_structure_projection.jsonl.gz,37100bfb64246aaf0f4f5633960d47c6822f5515247f5ecbf95fca18bd79df63,RECONSTRUCTED_LATEST_MEMBERSHIP,False,False
2026-10-08,STRUCTURE,structure_health,UNKNOWN,"""UNKNOWN_ACCEPTED_SOURCE_METADATA_UNAVAILABLE""",5224,docs/evidence/r4_3_four_session_closeout_20261009/owner_v3/owners/2026-10-08/advanced_structure_projection.jsonl.gz,37100bfb64246aaf0f4f5633960d47c6822f5515247f5ecbf95fca18bd79df63,RECONSTRUCTED_LATEST_MEMBERSHIP,False,False
2026-10-08,STRUCTURE,support_state,UNKNOWN,"""UNKNOWN_ACCEPTED_SOURCE_METADATA_UNAVAILABLE""",4634,docs/evidence/r4_3_four_session_closeout_20261009/owner_v3/owners/2026-10-08/advanced_structure_projection.jsonl.gz,37100bfb64246aaf0f4f5633960d47c6822f5515247f5ecbf95fca18bd79df63,RECONSTRUCTED_LATEST_MEMBERSHIP,False,False
2026-10-08,STRUCTURE,support_state,KNOWN,,590,docs/evidence/r4_3_four_session_closeout_20261009/owner_v3/owners/2026-10-08/advanced_structure_projection.jsonl.gz,37100bfb64246aaf0f4f5633960d47c6822f5515247f5ecbf95fca18bd79df63,RECONSTRUCTED_LATEST_MEMBERSHIP,False,False
2026-09-28,MARKET,breadth_axis,KNOWN,,1,docs/evidence/r4_3_four_session_closeout_20261009/owner_v3/owners/2026-09-28/market_owner_candidate_v2.json,6b3dd183d0b73415b298b64f52337ff489eb76434b5051531b78fe15e58cd793,RECONSTRUCTED_LATEST_MEMBERSHIP,False,False
2026-09-28,MARKET,participation_axis,KNOWN,,1,docs/evidence/r4_3_four_session_closeout_20261009/owner_v3/owners/2026-09-28/market_owner_candidate_v2.json,6b3dd183d0b73415b298b64f52337ff489eb76434b5051531b78fe15e58cd793,RECONSTRUCTED_LATEST_MEMBERSHIP,False,False
2026-09-28,MARKET,stress_level,KNOWN,,1,docs/evidence/r4_3_four_session_closeout_20261009/owner_v3/owners/2026-09-28/market_owner_candidate_v2.json,6b3dd183d0b73415b298b64f52337ff489eb76434b5051531b78fe15e58cd793,RECONSTRUCTED_LATEST_MEMBERSHIP,False,False
2026-09-28,MARKET,stress_change,UNKNOWN,"""STRESS_CHANGE_INPUT_UNKNOWN""",1,docs/evidence/r4_3_four_session_closeout_20261009/owner_v3/owners/2026-09-28/market_owner_candidate_v2.json,6b3dd183d0b73415b298b64f52337ff489eb76434b5051531b78fe15e58cd793,RECONSTRUCTED_LATEST_MEMBERSHIP,False,False
2026-09-28,MARKET,trend_axis,KNOWN,,1,docs/evidence/r4_3_four_session_closeout_20261009/owner_v3/owners/2026-09-28/market_owner_candidate_v2.json,6b3dd183d0b73415b298b64f52337ff489eb76434b5051531b78fe15e58cd793,RECONSTRUCTED_LATEST_MEMBERSHIP,False,False
2026-09-28,MARKET,intraday_touch,UNKNOWN,NOT_OBSERVABLE_FROM_DAILY,1,docs/evidence/r4_3_four_session_closeout_20261009/owner_v3/owners/2026-09-28/market_owner_candidate_v2.json,6b3dd183d0b73415b298b64f52337ff489eb76434b5051531b78fe15e58cd793,RECONSTRUCTED_CORRECTED,False,False
2026-09-29,MARKET,breadth_axis,KNOWN,,1,docs/evidence/r4_3_four_session_closeout_20261009/owner_v3/owners/2026-09-29/market_owner_candidate_v2.json,1de0923c03ecf8e98bbab242c24e76867d02ec604331bcd9b9376d80f8632134,RECONSTRUCTED_LATEST_MEMBERSHIP,False,False
2026-09-29,MARKET,participation_axis,KNOWN,,1,docs/evidence/r4_3_four_session_closeout_20261009/owner_v3/owners/2026-09-29/market_owner_candidate_v2.json,1de0923c03ecf8e98bbab242c24e76867d02ec604331bcd9b9376d80f8632134,RECONSTRUCTED_LATEST_MEMBERSHIP,False,False
2026-09-29,MARKET,stress_level,KNOWN,,1,docs/evidence/r4_3_four_session_closeout_20261009/owner_v3/owners/2026-09-29/market_owner_candidate_v2.json,1de0923c03ecf8e98bbab242c24e76867d02ec604331bcd9b9376d80f8632134,RECONSTRUCTED_LATEST_MEMBERSHIP,False,False
2026-09-29,MARKET,stress_change,KNOWN,,1,docs/evidence/r4_3_four_session_closeout_20261009/owner_v3/owners/2026-09-29/market_owner_candidate_v2.json,1de0923c03ecf8e98bbab242c24e76867d02ec604331bcd9b9376d80f8632134,RECONSTRUCTED_LATEST_MEMBERSHIP,False,False
2026-09-29,MARKET,trend_axis,KNOWN,,1,docs/evidence/r4_3_four_session_closeout_20261009/owner_v3/owners/2026-09-29/market_owner_candidate_v2.json,1de0923c03ecf8e98bbab242c24e76867d02ec604331bcd9b9376d80f8632134,RECONSTRUCTED_LATEST_MEMBERSHIP,False,False
2026-09-29,MARKET,intraday_touch,UNKNOWN,NOT_OBSERVABLE_FROM_DAILY,1,docs/evidence/r4_3_four_session_closeout_20261009/owner_v3/owners/2026-09-29/market_owner_candidate_v2.json,1de0923c03ecf8e98bbab242c24e76867d02ec604331bcd9b9376d80f8632134,RECONSTRUCTED_CORRECTED,False,False
2026-09-30,MARKET,breadth_axis,KNOWN,,1,docs/evidence/r4_3_four_session_closeout_20261009/owner_v3/owners/2026-09-30/market_owner_candidate_v2.json,acc482aad53ac54a6352ed7c0f0c01854c652c57bd3310c93aa862db13d50f82,RECONSTRUCTED_LATEST_MEMBERSHIP,False,False
2026-09-30,MARKET,participation_axis,KNOWN,,1,docs/evidence/r4_3_four_session_closeout_20261009/owner_v3/owners/2026-09-30/market_owner_candidate_v2.json,acc482aad53ac54a6352ed7c0f0c01854c652c57bd3310c93aa862db13d50f82,RECONSTRUCTED_LATEST_MEMBERSHIP,False,False
2026-09-30,MARKET,stress_level,KNOWN,,1,docs/evidence/r4_3_four_session_closeout_20261009/owner_v3/owners/2026-09-30/market_owner_candidate_v2.json,acc482aad53ac54a6352ed7c0f0c01854c652c57bd3310c93aa862db13d50f82,RECONSTRUCTED_LATEST_MEMBERSHIP,False,False
2026-09-30,MARKET,stress_change,KNOWN,,1,docs/evidence/r4_3_four_session_closeout_20261009/owner_v3/owners/2026-09-30/market_owner_candidate_v2.json,acc482aad53ac54a6352ed7c0f0c01854c652c57bd3310c93aa862db13d50f82,RECONSTRUCTED_LATEST_MEMBERSHIP,False,False
2026-09-30,MARKET,trend_axis,KNOWN,,1,docs/evidence/r4_3_four_session_closeout_20261009/owner_v3/owners/2026-09-30/market_owner_candidate_v2.json,acc482aad53ac54a6352ed7c0f0c01854c652c57bd3310c93aa862db13d50f82,RECONSTRUCTED_LATEST_MEMBERSHIP,False,False
2026-09-30,MARKET,intraday_touch,UNKNOWN,NOT_OBSERVABLE_FROM_DAILY,1,docs/evidence/r4_3_four_session_closeout_20261009/owner_v3/owners/2026-09-30/market_owner_candidate_v2.json,acc482aad53ac54a6352ed7c0f0c01854c652c57bd3310c93aa862db13d50f82,RECONSTRUCTED_CORRECTED,False,False
2026-10-08,MARKET,breadth_axis,KNOWN,,1,docs/evidence/r4_3_four_session_closeout_20261009/owner_v3/owners/2026-10-08/market_owner_candidate_v2.json,ba5118077140f3257692f09a68fdf24e8369e6562413872737bc818562a98444,RECONSTRUCTED_LATEST_MEMBERSHIP,False,False
2026-10-08,MARKET,participation_axis,KNOWN,,1,docs/evidence/r4_3_four_session_closeout_20261009/owner_v3/owners/2026-10-08/market_owner_candidate_v2.json,ba5118077140f3257692f09a68fdf24e8369e6562413872737bc818562a98444,RECONSTRUCTED_LATEST_MEMBERSHIP,False,False
2026-10-08,MARKET,stress_level,KNOWN,,1,docs/evidence/r4_3_four_session_closeout_20261009/owner_v3/owners/2026-10-08/market_owner_candidate_v2.json,ba5118077140f3257692f09a68fdf24e8369e6562413872737bc818562a98444,RECONSTRUCTED_LATEST_MEMBERSHIP,False,False
2026-10-08,MARKET,stress_change,KNOWN,,1,docs/evidence/r4_3_four_session_closeout_20261009/owner_v3/owners/2026-10-08/market_owner_candidate_v2.json,ba5118077140f3257692f09a68fdf24e8369e6562413872737bc818562a98444,RECONSTRUCTED_LATEST_MEMBERSHIP,False,False
2026-10-08,MARKET,trend_axis,KNOWN,,1,docs/evidence/r4_3_four_session_closeout_20261009/owner_v3/owners/2026-10-08/market_owner_candidate_v2.json,ba5118077140f3257692f09a68fdf24e8369e6562413872737bc818562a98444,RECONSTRUCTED_LATEST_MEMBERSHIP,False,False
2026-10-08,MARKET,intraday_touch,UNKNOWN,NOT_OBSERVABLE_FROM_DAILY,1,docs/evidence/r4_3_four_session_closeout_20261009/owner_v3/owners/2026-10-08/market_owner_candidate_v2.json,ba5118077140f3257692f09a68fdf24e8369e6562413872737bc818562a98444,RECONSTRUCTED_CORRECTED,False,False
2026-09-28,TDX_NATIVE,base_seed_width_adjusted,KNOWN,,400,docs/evidence/r4_3_four_session_closeout_20261009/sector_v3/2026-09-28/native.jsonl.gz,4f636f2f0774f921e48fe260f00611aaf556204e96f59c0f06ad346393f0d8a1,RECONSTRUCTED_LATEST_MEMBERSHIP,False,False
2026-09-28,TDX_NATIVE,breadth_delta1,KNOWN,,291,docs/evidence/r4_3_four_session_closeout_20261009/sector_v3/2026-09-28/native.jsonl.gz,4f636f2f0774f921e48fe260f00611aaf556204e96f59c0f06ad346393f0d8a1,RECONSTRUCTED_LATEST_MEMBERSHIP,False,False
2026-09-28,TDX_NATIVE,breadth_delta1,UNKNOWN,null,109,docs/evidence/r4_3_four_session_closeout_20261009/sector_v3/2026-09-28/native.jsonl.gz,4f636f2f0774f921e48fe260f00611aaf556204e96f59c0f06ad346393f0d8a1,RECONSTRUCTED_LATEST_MEMBERSHIP,False,False
2026-09-28,TDX_NATIVE,breadth_delta3,KNOWN,,287,docs/evidence/r4_3_four_session_closeout_20261009/sector_v3/2026-09-28/native.jsonl.gz,4f636f2f0774f921e48fe260f00611aaf556204e96f59c0f06ad346393f0d8a1,RECONSTRUCTED_LATEST_MEMBERSHIP,False,False
2026-09-28,TDX_NATIVE,breadth_delta3,UNKNOWN,null,113,docs/evidence/r4_3_four_session_closeout_20261009/sector_v3/2026-09-28/native.jsonl.gz,4f636f2f0774f921e48fe260f00611aaf556204e96f59c0f06ad346393f0d8a1,RECONSTRUCTED_LATEST_MEMBERSHIP,False,False
2026-09-28,TDX_NATIVE,breadth_ret1,KNOWN,,400,docs/evidence/r4_3_four_session_closeout_20261009/sector_v3/2026-09-28/native.jsonl.gz,4f636f2f0774f921e48fe260f00611aaf556204e96f59c0f06ad346393f0d8a1,RECONSTRUCTED_LATEST_MEMBERSHIP,False,False
2026-09-28,TDX_NATIVE,breadth_ret20,KNOWN,,400,docs/evidence/r4_3_four_session_closeout_20261009/sector_v3/2026-09-28/native.jsonl.gz,4f636f2f0774f921e48fe260f00611aaf556204e96f59c0f06ad346393f0d8a1,RECONSTRUCTED_LATEST_MEMBERSHIP,False,False
2026-09-28,TDX_NATIVE,breadth_ret5,KNOWN,,400,docs/evidence/r4_3_four_session_closeout_20261009/sector_v3/2026-09-28/native.jsonl.gz,4f636f2f0774f921e48fe260f00611aaf556204e96f59c0f06ad346393f0d8a1,RECONSTRUCTED_LATEST_MEMBERSHIP,False,False
2026-09-28,TDX_NATIVE,dq5,KNOWN,,395,docs/evidence/r4_3_four_session_closeout_20261009/sector_v3/2026-09-28/native.jsonl.gz,4f636f2f0774f921e48fe260f00611aaf556204e96f59c0f06ad346393f0d8a1,RECONSTRUCTED_LATEST_MEMBERSHIP,False,False
2026-09-28,TDX_NATIVE,dq5,UNKNOWN,null,5,docs/evidence/r4_3_four_session_closeout_20261009/sector_v3/2026-09-28/native.jsonl.gz,4f636f2f0774f921e48fe260f00611aaf556204e96f59c0f06ad346393f0d8a1,RECONSTRUCTED_LATEST_MEMBERSHIP,False,False
2026-09-28,TDX_NATIVE,entered_count,UNKNOWN,null,400,docs/evidence/r4_3_four_session_closeout_20261009/sector_v3/2026-09-28/native.jsonl.gz,4f636f2f0774f921e48fe260f00611aaf556204e96f59c0f06ad346393f0d8a1,RECONSTRUCTED_LATEST_MEMBERSHIP,False,False
2026-09-28,TDX_NATIVE,ma20_delta1,KNOWN,,229,docs/evidence/r4_3_four_session_closeout_20261009/sector_v3/2026-09-28/native.jsonl.gz,4f636f2f0774f921e48fe260f00611aaf556204e96f59c0f06ad346393f0d8a1,RECONSTRUCTED_LATEST_MEMBERSHIP,False,False
2026-09-28,TDX_NATIVE,ma20_delta1,UNKNOWN,null,171,docs/evidence/r4_3_four_session_closeout_20261009/sector_v3/2026-09-28/native.jsonl.gz,4f636f2f0774f921e48fe260f00611aaf556204e96f59c0f06ad346393f0d8a1,RECONSTRUCTED_LATEST_MEMBERSHIP,False,False
2026-09-28,TDX_NATIVE,ma20_delta3,KNOWN,,237,docs/evidence/r4_3_four_session_closeout_20261009/sector_v3/2026-09-28/native.jsonl.gz,4f636f2f0774f921e48fe260f00611aaf556204e96f59c0f06ad346393f0d8a1,RECONSTRUCTED_LATEST_MEMBERSHIP,False,False
2026-09-28,TDX_NATIVE,ma20_delta3,UNKNOWN,null,163,docs/evidence/r4_3_four_session_closeout_20261009/sector_v3/2026-09-28/native.jsonl.gz,4f636f2f0774f921e48fe260f00611aaf556204e96f59c0f06ad346393f0d8a1,RECONSTRUCTED_LATEST_MEMBERSHIP,False,False
2026-09-28,TDX_NATIVE,ma20_width,KNOWN,,400,docs/evidence/r4_3_four_session_closeout_20261009/sector_v3/2026-09-28/native.jsonl.gz,4f636f2f0774f921e48fe260f00611aaf556204e96f59c0f06ad346393f0d8a1,RECONSTRUCTED_LATEST_MEMBERSHIP,False,False
2026-09-28,TDX_NATIVE,mdd20,UNKNOWN,null,400,docs/evidence/r4_3_four_session_closeout_20261009/sector_v3/2026-09-28/native.jsonl.gz,4f636f2f0774f921e48fe260f00611aaf556204e96f59c0f06ad346393f0d8a1,RECONSTRUCTED_LATEST_MEMBERSHIP,False,False
2026-09-28,TDX_NATIVE,membership_ready,KNOWN,,400,docs/evidence/r4_3_four_session_closeout_20261009/sector_v3/2026-09-28/native.jsonl.gz,4f636f2f0774f921e48fe260f00611aaf556204e96f59c0f06ad346393f0d8a1,RECONSTRUCTED_LATEST_MEMBERSHIP,False,False
2026-09-28,TDX_NATIVE,net_entered_count,UNKNOWN,null,400,docs/evidence/r4_3_four_session_closeout_20261009/sector_v3/2026-09-28/native.jsonl.gz,4f636f2f0774f921e48fe260f00611aaf556204e96f59c0f06ad346393f0d8a1,RECONSTRUCTED_LATEST_MEMBERSHIP,False,False
2026-09-28,TDX_NATIVE,participation_proxy,KNOWN,,400,docs/evidence/r4_3_four_session_closeout_20261009/sector_v3/2026-09-28/native.jsonl.gz,4f636f2f0774f921e48fe260f00611aaf556204e96f59c0f06ad346393f0d8a1,RECONSTRUCTED_LATEST_MEMBERSHIP,False,False
2026-09-28,TDX_NATIVE,pos60,KNOWN,,400,docs/evidence/r4_3_four_session_closeout_20261009/sector_v3/2026-09-28/native.jsonl.gz,4f636f2f0774f921e48fe260f00611aaf556204e96f59c0f06ad346393f0d8a1,RECONSTRUCTED_LATEST_MEMBERSHIP,False,False
2026-09-28,TDX_NATIVE,rank_velocity3,KNOWN,,395,docs/evidence/r4_3_four_session_closeout_20261009/sector_v3/2026-09-28/native.jsonl.gz,4f636f2f0774f921e48fe260f00611aaf556204e96f59c0f06ad346393f0d8a1,RECONSTRUCTED_LATEST_MEMBERSHIP,False,False
2026-09-28,TDX_NATIVE,rank_velocity3,UNKNOWN,null,5,docs/evidence/r4_3_four_session_closeout_20261009/sector_v3/2026-09-28/native.jsonl.gz,4f636f2f0774f921e48fe260f00611aaf556204e96f59c0f06ad346393f0d8a1,RECONSTRUCTED_LATEST_MEMBERSHIP,False,False
2026-09-28,TDX_NATIVE,sector_member_count,KNOWN,,400,docs/evidence/r4_3_four_session_closeout_20261009/sector_v3/2026-09-28/native.jsonl.gz,4f636f2f0774f921e48fe260f00611aaf556204e96f59c0f06ad346393f0d8a1,RECONSTRUCTED_LATEST_MEMBERSHIP,False,False
2026-09-28,TDX_NATIVE,sector_quote_coverage,KNOWN,,400,docs/evidence/r4_3_four_session_closeout_20261009/sector_v3/2026-09-28/native.jsonl.gz,4f636f2f0774f921e48fe260f00611aaf556204e96f59c0f06ad346393f0d8a1,RECONSTRUCTED_LATEST_MEMBERSHIP,False,False
2026-09-28,TDX_NATIVE,sector_rs1,KNOWN,,400,docs/evidence/r4_3_four_session_closeout_20261009/sector_v3/2026-09-28/native.jsonl.gz,4f636f2f0774f921e48fe260f00611aaf556204e96f59c0f06ad346393f0d8a1,RECONSTRUCTED_LATEST_MEMBERSHIP,False,False
2026-09-28,TDX_NATIVE,sector_rs20,KNOWN,,400,docs/evidence/r4_3_four_session_closeout_20261009/sector_v3/2026-09-28/native.jsonl.gz,4f636f2f0774f921e48fe260f00611aaf556204e96f59c0f06ad346393f0d8a1,RECONSTRUCTED_LATEST_MEMBERSHIP,False,False
2026-09-28,TDX_NATIVE,sector_rs20_pct,KNOWN,,395,docs/evidence/r4_3_four_session_closeout_20261009/sector_v3/2026-09-28/native.jsonl.gz,4f636f2f0774f921e48fe260f00611aaf556204e96f59c0f06ad346393f0d8a1,RECONSTRUCTED_LATEST_MEMBERSHIP,False,False
2026-09-28,TDX_NATIVE,sector_rs20_pct,UNKNOWN,null,5,docs/evidence/r4_3_four_session_closeout_20261009/sector_v3/2026-09-28/native.jsonl.gz,4f636f2f0774f921e48fe260f00611aaf556204e96f59c0f06ad346393f0d8a1,RECONSTRUCTED_LATEST_MEMBERSHIP,False,False
2026-09-28,TDX_NATIVE,sector_rs5,KNOWN,,400,docs/evidence/r4_3_four_session_closeout_20261009/sector_v3/2026-09-28/native.jsonl.gz,4f636f2f0774f921e48fe260f00611aaf556204e96f59c0f06ad346393f0d8a1,RECONSTRUCTED_LATEST_MEMBERSHIP,False,False
2026-09-28,TDX_NATIVE,sector_rs5_pct,KNOWN,,395,docs/evidence/r4_3_four_session_closeout_20261009/sector_v3/2026-09-28/native.jsonl.gz,4f636f2f0774f921e48fe260f00611aaf556204e96f59c0f06ad346393f0d8a1,RECONSTRUCTED_LATEST_MEMBERSHIP,False,False
2026-09-28,TDX_NATIVE,sector_rs5_pct,UNKNOWN,null,5,docs/evidence/r4_3_four_session_closeout_20261009/sector_v3/2026-09-28/native.jsonl.gz,4f636f2f0774f921e48fe260f00611aaf556204e96f59c0f06ad346393f0d8a1,RECONSTRUCTED_LATEST_MEMBERSHIP,False,False
2026-09-28,TDX_NATIVE,sector_rs60,UNKNOWN,null,400,docs/evidence/r4_3_four_session_closeout_20261009/sector_v3/2026-09-28/native.jsonl.gz,4f636f2f0774f921e48fe260f00611aaf556204e96f59c0f06ad346393f0d8a1,RECONSTRUCTED_LATEST_MEMBERSHIP,False,False
2026-09-28,TDX_NATIVE,sector_rs60_pct,UNKNOWN,null,400,docs/evidence/r4_3_four_session_closeout_20261009/sector_v3/2026-09-28/native.jsonl.gz,4f636f2f0774f921e48fe260f00611aaf556204e96f59c0f06ad346393f0d8a1,RECONSTRUCTED_LATEST_MEMBERSHIP,False,False
2026-09-28,TDX_NATIVE,seed_retention,UNKNOWN,null,400,docs/evidence/r4_3_four_session_closeout_20261009/sector_v3/2026-09-28/native.jsonl.gz,4f636f2f0774f921e48fe260f00611aaf556204e96f59c0f06ad346393f0d8a1,RECONSTRUCTED_LATEST_MEMBERSHIP,False,False
2026-09-28,TDX_NATIVE,seed_width,KNOWN,,400,docs/evidence/r4_3_four_session_closeout_20261009/sector_v3/2026-09-28/native.jsonl.gz,4f636f2f0774f921e48fe260f00611aaf556204e96f59c0f06ad346393f0d8a1,RECONSTRUCTED_LATEST_MEMBERSHIP,False,False
2026-09-28,TDX_NATIVE,strong_member,KNOWN,,280,docs/evidence/r4_3_four_session_closeout_20261009/sector_v3/2026-09-28/native.jsonl.gz,4f636f2f0774f921e48fe260f00611aaf556204e96f59c0f06ad346393f0d8a1,RECONSTRUCTED_LATEST_MEMBERSHIP,False,False
2026-09-28,TDX_NATIVE,strong_member,UNKNOWN,null,120,docs/evidence/r4_3_four_session_closeout_20261009/sector_v3/2026-09-28/native.jsonl.gz,4f636f2f0774f921e48fe260f00611aaf556204e96f59c0f06ad346393f0d8a1,RECONSTRUCTED_LATEST_MEMBERSHIP,False,False
2026-09-28,TDX_NATIVE,strong_member_retention,UNKNOWN,null,400,docs/evidence/r4_3_four_session_closeout_20261009/sector_v3/2026-09-28/native.jsonl.gz,4f636f2f0774f921e48fe260f00611aaf556204e96f59c0f06ad346393f0d8a1,RECONSTRUCTED_LATEST_MEMBERSHIP,False,False
2026-09-28,TDX_NATIVE,top1_concentration,KNOWN,,400,docs/evidence/r4_3_four_session_closeout_20261009/sector_v3/2026-09-28/native.jsonl.gz,4f636f2f0774f921e48fe260f00611aaf556204e96f59c0f06ad346393f0d8a1,RECONSTRUCTED_LATEST_MEMBERSHIP,False,False
2026-09-28,TDX_NATIVE,top3_concentration,KNOWN,,400,docs/evidence/r4_3_four_session_closeout_20261009/sector_v3/2026-09-28/native.jsonl.gz,4f636f2f0774f921e48fe260f00611aaf556204e96f59c0f06ad346393f0d8a1,RECONSTRUCTED_LATEST_MEMBERSHIP,False,False
2026-09-28,TDX_LOO,relative_sector,KNOWN,,5134,docs/evidence/r4_3_four_session_closeout_20261009/sector_v3/2026-09-28/relative_sector_loo.jsonl.gz,d1c8c3690f6897650b8debd693e02238079d47dbbdcbc4002302a17c4678102b,RECONSTRUCTED_LATEST_MEMBERSHIP,False,False
2026-09-28,TDX_LOO,relative_sector,UNKNOWN,"""REQUIRED_TDX_LOO_CONTEXT_UNKNOWN""",88,docs/evidence/r4_3_four_session_closeout_20261009/sector_v3/2026-09-28/relative_sector_loo.jsonl.gz,d1c8c3690f6897650b8debd693e02238079d47dbbdcbc4002302a17c4678102b,RECONSTRUCTED_LATEST_MEMBERSHIP,False,False
2026-09-29,TDX_NATIVE,base_seed_width_adjusted,KNOWN,,400,docs/evidence/r4_3_four_session_closeout_20261009/sector_v3/2026-09-29/native.jsonl.gz,125ff505e372d355e9c7b0185a153b8c9b8b2b395d6f92ab48c9e0047c6b9479,RECONSTRUCTED_LATEST_MEMBERSHIP,False,False
2026-09-29,TDX_NATIVE,breadth_delta1,KNOWN,,281,docs/evidence/r4_3_four_session_closeout_20261009/sector_v3/2026-09-29/native.jsonl.gz,125ff505e372d355e9c7b0185a153b8c9b8b2b395d6f92ab48c9e0047c6b9479,RECONSTRUCTED_LATEST_MEMBERSHIP,False,False
2026-09-29,TDX_NATIVE,breadth_delta1,UNKNOWN,null,119,docs/evidence/r4_3_four_session_closeout_20261009/sector_v3/2026-09-29/native.jsonl.gz,125ff505e372d355e9c7b0185a153b8c9b8b2b395d6f92ab48c9e0047c6b9479,RECONSTRUCTED_LATEST_MEMBERSHIP,False,False
2026-09-29,TDX_NATIVE,breadth_delta3,KNOWN,,295,docs/evidence/r4_3_four_session_closeout_20261009/sector_v3/2026-09-29/native.jsonl.gz,125ff505e372d355e9c7b0185a153b8c9b8b2b395d6f92ab48c9e0047c6b9479,RECONSTRUCTED_LATEST_MEMBERSHIP,False,False
2026-09-29,TDX_NATIVE,breadth_delta3,UNKNOWN,null,105,docs/evidence/r4_3_four_session_closeout_20261009/sector_v3/2026-09-29/native.jsonl.gz,125ff505e372d355e9c7b0185a153b8c9b8b2b395d6f92ab48c9e0047c6b9479,RECONSTRUCTED_LATEST_MEMBERSHIP,False,False
2026-09-29,TDX_NATIVE,breadth_ret1,KNOWN,,400,docs/evidence/r4_3_four_session_closeout_20261009/sector_v3/2026-09-29/native.jsonl.gz,125ff505e372d355e9c7b0185a153b8c9b8b2b395d6f92ab48c9e0047c6b9479,RECONSTRUCTED_LATEST_MEMBERSHIP,False,False
2026-09-29,TDX_NATIVE,breadth_ret20,KNOWN,,400,docs/evidence/r4_3_four_session_closeout_20261009/sector_v3/2026-09-29/native.jsonl.gz,125ff505e372d355e9c7b0185a153b8c9b8b2b395d6f92ab48c9e0047c6b9479,RECONSTRUCTED_LATEST_MEMBERSHIP,False,False
2026-09-29,TDX_NATIVE,breadth_ret5,KNOWN,,400,docs/evidence/r4_3_four_session_closeout_20261009/sector_v3/2026-09-29/native.jsonl.gz,125ff505e372d355e9c7b0185a153b8c9b8b2b395d6f92ab48c9e0047c6b9479,RECONSTRUCTED_LATEST_MEMBERSHIP,False,False
2026-09-29,TDX_NATIVE,dq5,KNOWN,,395,docs/evidence/r4_3_four_session_closeout_20261009/sector_v3/2026-09-29/native.jsonl.gz,125ff505e372d355e9c7b0185a153b8c9b8b2b395d6f92ab48c9e0047c6b9479,RECONSTRUCTED_LATEST_MEMBERSHIP,False,False
2026-09-29,TDX_NATIVE,dq5,UNKNOWN,null,5,docs/evidence/r4_3_four_session_closeout_20261009/sector_v3/2026-09-29/native.jsonl.gz,125ff505e372d355e9c7b0185a153b8c9b8b2b395d6f92ab48c9e0047c6b9479,RECONSTRUCTED_LATEST_MEMBERSHIP,False,False
2026-09-29,TDX_NATIVE,entered_count,KNOWN,,262,docs/evidence/r4_3_four_session_closeout_20261009/sector_v3/2026-09-29/native.jsonl.gz,125ff505e372d355e9c7b0185a153b8c9b8b2b395d6f92ab48c9e0047c6b9479,RECONSTRUCTED_LATEST_MEMBERSHIP,False,False
2026-09-29,TDX_NATIVE,entered_count,UNKNOWN,null,138,docs/evidence/r4_3_four_session_closeout_20261009/sector_v3/2026-09-29/native.jsonl.gz,125ff505e372d355e9c7b0185a153b8c9b8b2b395d6f92ab48c9e0047c6b9479,RECONSTRUCTED_LATEST_MEMBERSHIP,False,False
2026-09-29,TDX_NATIVE,ma20_delta1,KNOWN,,279,docs/evidence/r4_3_four_session_closeout_20261009/sector_v3/2026-09-29/native.jsonl.gz,125ff505e372d355e9c7b0185a153b8c9b8b2b395d6f92ab48c9e0047c6b9479,RECONSTRUCTED_LATEST_MEMBERSHIP,False,False
2026-09-29,TDX_NATIVE,ma20_delta1,UNKNOWN,null,121,docs/evidence/r4_3_four_session_closeout_20261009/sector_v3/2026-09-29/native.jsonl.gz,125ff505e372d355e9c7b0185a153b8c9b8b2b395d6f92ab48c9e0047c6b9479,RECONSTRUCTED_LATEST_MEMBERSHIP,False,False
2026-09-29,TDX_NATIVE,ma20_delta3,KNOWN,,232,docs/evidence/r4_3_four_session_closeout_20261009/sector_v3/2026-09-29/native.jsonl.gz,125ff505e372d355e9c7b0185a153b8c9b8b2b395d6f92ab48c9e0047c6b9479,RECONSTRUCTED_LATEST_MEMBERSHIP,False,False
2026-09-29,TDX_NATIVE,ma20_delta3,UNKNOWN,null,168,docs/evidence/r4_3_four_session_closeout_20261009/sector_v3/2026-09-29/native.jsonl.gz,125ff505e372d355e9c7b0185a153b8c9b8b2b395d6f92ab48c9e0047c6b9479,RECONSTRUCTED_LATEST_MEMBERSHIP,False,False
2026-09-29,TDX_NATIVE,ma20_width,KNOWN,,400,docs/evidence/r4_3_four_session_closeout_20261009/sector_v3/2026-09-29/native.jsonl.gz,125ff505e372d355e9c7b0185a153b8c9b8b2b395d6f92ab48c9e0047c6b9479,RECONSTRUCTED_LATEST_MEMBERSHIP,False,False
2026-09-29,TDX_NATIVE,mdd20,UNKNOWN,null,400,docs/evidence/r4_3_four_session_closeout_20261009/sector_v3/2026-09-29/native.jsonl.gz,125ff505e372d355e9c7b0185a153b8c9b8b2b395d6f92ab48c9e0047c6b9479,RECONSTRUCTED_LATEST_MEMBERSHIP,False,False
2026-09-29,TDX_NATIVE,membership_ready,KNOWN,,400,docs/evidence/r4_3_four_session_closeout_20261009/sector_v3/2026-09-29/native.jsonl.gz,125ff505e372d355e9c7b0185a153b8c9b8b2b395d6f92ab48c9e0047c6b9479,RECONSTRUCTED_LATEST_MEMBERSHIP,False,False
2026-09-29,TDX_NATIVE,net_entered_count,KNOWN,,262,docs/evidence/r4_3_four_session_closeout_20261009/sector_v3/2026-09-29/native.jsonl.gz,125ff505e372d355e9c7b0185a153b8c9b8b2b395d6f92ab48c9e0047c6b9479,RECONSTRUCTED_LATEST_MEMBERSHIP,False,False
2026-09-29,TDX_NATIVE,net_entered_count,UNKNOWN,null,138,docs/evidence/r4_3_four_session_closeout_20261009/sector_v3/2026-09-29/native.jsonl.gz,125ff505e372d355e9c7b0185a153b8c9b8b2b395d6f92ab48c9e0047c6b9479,RECONSTRUCTED_LATEST_MEMBERSHIP,False,False
2026-09-29,TDX_NATIVE,participation_proxy,KNOWN,,400,docs/evidence/r4_3_four_session_closeout_20261009/sector_v3/2026-09-29/native.jsonl.gz,125ff505e372d355e9c7b0185a153b8c9b8b2b395d6f92ab48c9e0047c6b9479,RECONSTRUCTED_LATEST_MEMBERSHIP,False,False
2026-09-29,TDX_NATIVE,pos60,KNOWN,,400,docs/evidence/r4_3_four_session_closeout_20261009/sector_v3/2026-09-29/native.jsonl.gz,125ff505e372d355e9c7b0185a153b8c9b8b2b395d6f92ab48c9e0047c6b9479,RECONSTRUCTED_LATEST_MEMBERSHIP,False,False
2026-09-29,TDX_NATIVE,rank_velocity3,KNOWN,,395,docs/evidence/r4_3_four_session_closeout_20261009/sector_v3/2026-09-29/native.jsonl.gz,125ff505e372d355e9c7b0185a153b8c9b8b2b395d6f92ab48c9e0047c6b9479,RECONSTRUCTED_LATEST_MEMBERSHIP,False,False
2026-09-29,TDX_NATIVE,rank_velocity3,UNKNOWN,null,5,docs/evidence/r4_3_four_session_closeout_20261009/sector_v3/2026-09-29/native.jsonl.gz,125ff505e372d355e9c7b0185a153b8c9b8b2b395d6f92ab48c9e0047c6b9479,RECONSTRUCTED_LATEST_MEMBERSHIP,False,False
2026-09-29,TDX_NATIVE,sector_member_count,KNOWN,,400,docs/evidence/r4_3_four_session_closeout_20261009/sector_v3/2026-09-29/native.jsonl.gz,125ff505e372d355e9c7b0185a153b8c9b8b2b395d6f92ab48c9e0047c6b9479,RECONSTRUCTED_LATEST_MEMBERSHIP,False,False
2026-09-29,TDX_NATIVE,sector_quote_coverage,KNOWN,,400,docs/evidence/r4_3_four_session_closeout_20261009/sector_v3/2026-09-29/native.jsonl.gz,125ff505e372d355e9c7b0185a153b8c9b8b2b395d6f92ab48c9e0047c6b9479,RECONSTRUCTED_LATEST_MEMBERSHIP,False,False
2026-09-29,TDX_NATIVE,sector_rs1,KNOWN,,400,docs/evidence/r4_3_four_session_closeout_20261009/sector_v3/2026-09-29/native.jsonl.gz,125ff505e372d355e9c7b0185a153b8c9b8b2b395d6f92ab48c9e0047c6b9479,RECONSTRUCTED_LATEST_MEMBERSHIP,False,False
2026-09-29,TDX_NATIVE,sector_rs20,KNOWN,,400,docs/evidence/r4_3_four_session_closeout_20261009/sector_v3/2026-09-29/native.jsonl.gz,125ff505e372d355e9c7b0185a153b8c9b8b2b395d6f92ab48c9e0047c6b9479,RECONSTRUCTED_LATEST_MEMBERSHIP,False,False
2026-09-29,TDX_NATIVE,sector_rs20_pct,KNOWN,,395,docs/evidence/r4_3_four_session_closeout_20261009/sector_v3/2026-09-29/native.jsonl.gz,125ff505e372d355e9c7b0185a153b8c9b8b2b395d6f92ab48c9e0047c6b9479,RECONSTRUCTED_LATEST_MEMBERSHIP,False,False
2026-09-29,TDX_NATIVE,sector_rs20_pct,UNKNOWN,null,5,docs/evidence/r4_3_four_session_closeout_20261009/sector_v3/2026-09-29/native.jsonl.gz,125ff505e372d355e9c7b0185a153b8c9b8b2b395d6f92ab48c9e0047c6b9479,RECONSTRUCTED_LATEST_MEMBERSHIP,False,False
2026-09-29,TDX_NATIVE,sector_rs5,KNOWN,,400,docs/evidence/r4_3_four_session_closeout_20261009/sector_v3/2026-09-29/native.jsonl.gz,125ff505e372d355e9c7b0185a153b8c9b8b2b395d6f92ab48c9e0047c6b9479,RECONSTRUCTED_LATEST_MEMBERSHIP,False,False
2026-09-29,TDX_NATIVE,sector_rs5_pct,KNOWN,,395,docs/evidence/r4_3_four_session_closeout_20261009/sector_v3/2026-09-29/native.jsonl.gz,125ff505e372d355e9c7b0185a153b8c9b8b2b395d6f92ab48c9e0047c6b9479,RECONSTRUCTED_LATEST_MEMBERSHIP,False,False
2026-09-29,TDX_NATIVE,sector_rs5_pct,UNKNOWN,null,5,docs/evidence/r4_3_four_session_closeout_20261009/sector_v3/2026-09-29/native.jsonl.gz,125ff505e372d355e9c7b0185a153b8c9b8b2b395d6f92ab48c9e0047c6b9479,RECONSTRUCTED_LATEST_MEMBERSHIP,False,False
2026-09-29,TDX_NATIVE,sector_rs60,UNKNOWN,null,400,docs/evidence/r4_3_four_session_closeout_20261009/sector_v3/2026-09-29/native.jsonl.gz,125ff505e372d355e9c7b0185a153b8c9b8b2b395d6f92ab48c9e0047c6b9479,RECONSTRUCTED_LATEST_MEMBERSHIP,False,False
2026-09-29,TDX_NATIVE,sector_rs60_pct,UNKNOWN,null,400,docs/evidence/r4_3_four_session_closeout_20261009/sector_v3/2026-09-29/native.jsonl.gz,125ff505e372d355e9c7b0185a153b8c9b8b2b395d6f92ab48c9e0047c6b9479,RECONSTRUCTED_LATEST_MEMBERSHIP,False,False
2026-09-29,TDX_NATIVE,seed_retention,KNOWN,,321,docs/evidence/r4_3_four_session_closeout_20261009/sector_v3/2026-09-29/native.jsonl.gz,125ff505e372d355e9c7b0185a153b8c9b8b2b395d6f92ab48c9e0047c6b9479,RECONSTRUCTED_LATEST_MEMBERSHIP,False,False
2026-09-29,TDX_NATIVE,seed_retention,UNKNOWN,null,79,docs/evidence/r4_3_four_session_closeout_20261009/sector_v3/2026-09-29/native.jsonl.gz,125ff505e372d355e9c7b0185a153b8c9b8b2b395d6f92ab48c9e0047c6b9479,RECONSTRUCTED_LATEST_MEMBERSHIP,False,False
2026-09-29,TDX_NATIVE,seed_width,KNOWN,,400,docs/evidence/r4_3_four_session_closeout_20261009/sector_v3/2026-09-29/native.jsonl.gz,125ff505e372d355e9c7b0185a153b8c9b8b2b395d6f92ab48c9e0047c6b9479,RECONSTRUCTED_LATEST_MEMBERSHIP,False,False
2026-09-29,TDX_NATIVE,strong_member,KNOWN,,291,docs/evidence/r4_3_four_session_closeout_20261009/sector_v3/2026-09-29/native.jsonl.gz,125ff505e372d355e9c7b0185a153b8c9b8b2b395d6f92ab48c9e0047c6b9479,RECONSTRUCTED_LATEST_MEMBERSHIP,False,False
2026-09-29,TDX_NATIVE,strong_member,UNKNOWN,null,109,docs/evidence/r4_3_four_session_closeout_20261009/sector_v3/2026-09-29/native.jsonl.gz,125ff505e372d355e9c7b0185a153b8c9b8b2b395d6f92ab48c9e0047c6b9479,RECONSTRUCTED_LATEST_MEMBERSHIP,False,False
2026-09-29,TDX_NATIVE,strong_member_retention,KNOWN,,257,docs/evidence/r4_3_four_session_closeout_20261009/sector_v3/2026-09-29/native.jsonl.gz,125ff505e372d355e9c7b0185a153b8c9b8b2b395d6f92ab48c9e0047c6b9479,RECONSTRUCTED_LATEST_MEMBERSHIP,False,False
2026-09-29,TDX_NATIVE,strong_member_retention,UNKNOWN,null,143,docs/evidence/r4_3_four_session_closeout_20261009/sector_v3/2026-09-29/native.jsonl.gz,125ff505e372d355e9c7b0185a153b8c9b8b2b395d6f92ab48c9e0047c6b9479,RECONSTRUCTED_LATEST_MEMBERSHIP,False,False
2026-09-29,TDX_NATIVE,top1_concentration,KNOWN,,400,docs/evidence/r4_3_four_session_closeout_20261009/sector_v3/2026-09-29/native.jsonl.gz,125ff505e372d355e9c7b0185a153b8c9b8b2b395d6f92ab48c9e0047c6b9479,RECONSTRUCTED_LATEST_MEMBERSHIP,False,False
2026-09-29,TDX_NATIVE,top3_concentration,KNOWN,,400,docs/evidence/r4_3_four_session_closeout_20261009/sector_v3/2026-09-29/native.jsonl.gz,125ff505e372d355e9c7b0185a153b8c9b8b2b395d6f92ab48c9e0047c6b9479,RECONSTRUCTED_LATEST_MEMBERSHIP,False,False
2026-09-29,TDX_LOO,relative_sector,KNOWN,,5136,docs/evidence/r4_3_four_session_closeout_20261009/sector_v3/2026-09-29/relative_sector_loo.jsonl.gz,00fb289d388307faf790658cc9f6e2815e11fcad5462068c211d44ef63efcab7,RECONSTRUCTED_LATEST_MEMBERSHIP,False,False
2026-09-29,TDX_LOO,relative_sector,UNKNOWN,"""REQUIRED_TDX_LOO_CONTEXT_UNKNOWN""",87,docs/evidence/r4_3_four_session_closeout_20261009/sector_v3/2026-09-29/relative_sector_loo.jsonl.gz,00fb289d388307faf790658cc9f6e2815e11fcad5462068c211d44ef63efcab7,RECONSTRUCTED_LATEST_MEMBERSHIP,False,False
2026-09-30,TDX_NATIVE,base_seed_width_adjusted,KNOWN,,400,docs/evidence/r4_3_four_session_closeout_20261009/sector_v3/2026-09-30/native.jsonl.gz,8065e6d5fb45c7c6927645bd49ce8e33c4cf3d52e35ec3815a9df78c5dd55596,RECONSTRUCTED_LATEST_MEMBERSHIP,False,False
2026-09-30,TDX_NATIVE,breadth_delta1,KNOWN,,284,docs/evidence/r4_3_four_session_closeout_20261009/sector_v3/2026-09-30/native.jsonl.gz,8065e6d5fb45c7c6927645bd49ce8e33c4cf3d52e35ec3815a9df78c5dd55596,RECONSTRUCTED_LATEST_MEMBERSHIP,False,False
2026-09-30,TDX_NATIVE,breadth_delta1,UNKNOWN,null,116,docs/evidence/r4_3_four_session_closeout_20261009/sector_v3/2026-09-30/native.jsonl.gz,8065e6d5fb45c7c6927645bd49ce8e33c4cf3d52e35ec3815a9df78c5dd55596,RECONSTRUCTED_LATEST_MEMBERSHIP,False,False
2026-09-30,TDX_NATIVE,breadth_delta3,KNOWN,,270,docs/evidence/r4_3_four_session_closeout_20261009/sector_v3/2026-09-30/native.jsonl.gz,8065e6d5fb45c7c6927645bd49ce8e33c4cf3d52e35ec3815a9df78c5dd55596,RECONSTRUCTED_LATEST_MEMBERSHIP,False,False
2026-09-30,TDX_NATIVE,breadth_delta3,UNKNOWN,null,130,docs/evidence/r4_3_four_session_closeout_20261009/sector_v3/2026-09-30/native.jsonl.gz,8065e6d5fb45c7c6927645bd49ce8e33c4cf3d52e35ec3815a9df78c5dd55596,RECONSTRUCTED_LATEST_MEMBERSHIP,False,False
2026-09-30,TDX_NATIVE,breadth_ret1,KNOWN,,400,docs/evidence/r4_3_four_session_closeout_20261009/sector_v3/2026-09-30/native.jsonl.gz,8065e6d5fb45c7c6927645bd49ce8e33c4cf3d52e35ec3815a9df78c5dd55596,RECONSTRUCTED_LATEST_MEMBERSHIP,False,False
2026-09-30,TDX_NATIVE,breadth_ret20,KNOWN,,400,docs/evidence/r4_3_four_session_closeout_20261009/sector_v3/2026-09-30/native.jsonl.gz,8065e6d5fb45c7c6927645bd49ce8e33c4cf3d52e35ec3815a9df78c5dd55596,RECONSTRUCTED_LATEST_MEMBERSHIP,False,False
2026-09-30,TDX_NATIVE,breadth_ret5,KNOWN,,400,docs/evidence/r4_3_four_session_closeout_20261009/sector_v3/2026-09-30/native.jsonl.gz,8065e6d5fb45c7c6927645bd49ce8e33c4cf3d52e35ec3815a9df78c5dd55596,RECONSTRUCTED_LATEST_MEMBERSHIP,False,False
2026-09-30,TDX_NATIVE,dq5,KNOWN,,395,docs/evidence/r4_3_four_session_closeout_20261009/sector_v3/2026-09-30/native.jsonl.gz,8065e6d5fb45c7c6927645bd49ce8e33c4cf3d52e35ec3815a9df78c5dd55596,RECONSTRUCTED_LATEST_MEMBERSHIP,False,False
2026-09-30,TDX_NATIVE,dq5,UNKNOWN,null,5,docs/evidence/r4_3_four_session_closeout_20261009/sector_v3/2026-09-30/native.jsonl.gz,8065e6d5fb45c7c6927645bd49ce8e33c4cf3d52e35ec3815a9df78c5dd55596,RECONSTRUCTED_LATEST_MEMBERSHIP,False,False
2026-09-30,TDX_NATIVE,entered_count,KNOWN,,266,docs/evidence/r4_3_four_session_closeout_20261009/sector_v3/2026-09-30/native.jsonl.gz,8065e6d5fb45c7c6927645bd49ce8e33c4cf3d52e35ec3815a9df78c5dd55596,RECONSTRUCTED_LATEST_MEMBERSHIP,False,False
2026-09-30,TDX_NATIVE,entered_count,UNKNOWN,null,134,docs/evidence/r4_3_four_session_closeout_20261009/sector_v3/2026-09-30/native.jsonl.gz,8065e6d5fb45c7c6927645bd49ce8e33c4cf3d52e35ec3815a9df78c5dd55596,RECONSTRUCTED_LATEST_MEMBERSHIP,False,False
2026-09-30,TDX_NATIVE,ma20_delta1,KNOWN,,287,docs/evidence/r4_3_four_session_closeout_20261009/sector_v3/2026-09-30/native.jsonl.gz,8065e6d5fb45c7c6927645bd49ce8e33c4cf3d52e35ec3815a9df78c5dd55596,RECONSTRUCTED_LATEST_MEMBERSHIP,False,False
2026-09-30,TDX_NATIVE,ma20_delta1,UNKNOWN,null,113,docs/evidence/r4_3_four_session_closeout_20261009/sector_v3/2026-09-30/native.jsonl.gz,8065e6d5fb45c7c6927645bd49ce8e33c4cf3d52e35ec3815a9df78c5dd55596,RECONSTRUCTED_LATEST_MEMBERSHIP,False,False
2026-09-30,TDX_NATIVE,ma20_delta3,KNOWN,,221,docs/evidence/r4_3_four_session_closeout_20261009/sector_v3/2026-09-30/native.jsonl.gz,8065e6d5fb45c7c6927645bd49ce8e33c4cf3d52e35ec3815a9df78c5dd55596,RECONSTRUCTED_LATEST_MEMBERSHIP,False,False
2026-09-30,TDX_NATIVE,ma20_delta3,UNKNOWN,null,179,docs/evidence/r4_3_four_session_closeout_20261009/sector_v3/2026-09-30/native.jsonl.gz,8065e6d5fb45c7c6927645bd49ce8e33c4cf3d52e35ec3815a9df78c5dd55596,RECONSTRUCTED_LATEST_MEMBERSHIP,False,False
2026-09-30,TDX_NATIVE,ma20_width,KNOWN,,400,docs/evidence/r4_3_four_session_closeout_20261009/sector_v3/2026-09-30/native.jsonl.gz,8065e6d5fb45c7c6927645bd49ce8e33c4cf3d52e35ec3815a9df78c5dd55596,RECONSTRUCTED_LATEST_MEMBERSHIP,False,False
2026-09-30,TDX_NATIVE,mdd20,UNKNOWN,null,400,docs/evidence/r4_3_four_session_closeout_20261009/sector_v3/2026-09-30/native.jsonl.gz,8065e6d5fb45c7c6927645bd49ce8e33c4cf3d52e35ec3815a9df78c5dd55596,RECONSTRUCTED_LATEST_MEMBERSHIP,False,False
2026-09-30,TDX_NATIVE,membership_ready,KNOWN,,400,docs/evidence/r4_3_four_session_closeout_20261009/sector_v3/2026-09-30/native.jsonl.gz,8065e6d5fb45c7c6927645bd49ce8e33c4cf3d52e35ec3815a9df78c5dd55596,RECONSTRUCTED_LATEST_MEMBERSHIP,False,False
2026-09-30,TDX_NATIVE,net_entered_count,KNOWN,,266,docs/evidence/r4_3_four_session_closeout_20261009/sector_v3/2026-09-30/native.jsonl.gz,8065e6d5fb45c7c6927645bd49ce8e33c4cf3d52e35ec3815a9df78c5dd55596,RECONSTRUCTED_LATEST_MEMBERSHIP,False,False
2026-09-30,TDX_NATIVE,net_entered_count,UNKNOWN,null,134,docs/evidence/r4_3_four_session_closeout_20261009/sector_v3/2026-09-30/native.jsonl.gz,8065e6d5fb45c7c6927645bd49ce8e33c4cf3d52e35ec3815a9df78c5dd55596,RECONSTRUCTED_LATEST_MEMBERSHIP,False,False
2026-09-30,TDX_NATIVE,participation_proxy,KNOWN,,400,docs/evidence/r4_3_four_session_closeout_20261009/sector_v3/2026-09-30/native.jsonl.gz,8065e6d5fb45c7c6927645bd49ce8e33c4cf3d52e35ec3815a9df78c5dd55596,RECONSTRUCTED_LATEST_MEMBERSHIP,False,False
2026-09-30,TDX_NATIVE,pos60,KNOWN,,400,docs/evidence/r4_3_four_session_closeout_20261009/sector_v3/2026-09-30/native.jsonl.gz,8065e6d5fb45c7c6927645bd49ce8e33c4cf3d52e35ec3815a9df78c5dd55596,RECONSTRUCTED_LATEST_MEMBERSHIP,False,False
2026-09-30,TDX_NATIVE,rank_velocity3,KNOWN,,395,docs/evidence/r4_3_four_session_closeout_20261009/sector_v3/2026-09-30/native.jsonl.gz,8065e6d5fb45c7c6927645bd49ce8e33c4cf3d52e35ec3815a9df78c5dd55596,RECONSTRUCTED_LATEST_MEMBERSHIP,False,False
2026-09-30,TDX_NATIVE,rank_velocity3,UNKNOWN,null,5,docs/evidence/r4_3_four_session_closeout_20261009/sector_v3/2026-09-30/native.jsonl.gz,8065e6d5fb45c7c6927645bd49ce8e33c4cf3d52e35ec3815a9df78c5dd55596,RECONSTRUCTED_LATEST_MEMBERSHIP,False,False
2026-09-30,TDX_NATIVE,sector_member_count,KNOWN,,400,docs/evidence/r4_3_four_session_closeout_20261009/sector_v3/2026-09-30/native.jsonl.gz,8065e6d5fb45c7c6927645bd49ce8e33c4cf3d52e35ec3815a9df78c5dd55596,RECONSTRUCTED_LATEST_MEMBERSHIP,False,False
2026-09-30,TDX_NATIVE,sector_quote_coverage,KNOWN,,400,docs/evidence/r4_3_four_session_closeout_20261009/sector_v3/2026-09-30/native.jsonl.gz,8065e6d5fb45c7c6927645bd49ce8e33c4cf3d52e35ec3815a9df78c5dd55596,RECONSTRUCTED_LATEST_MEMBERSHIP,False,False
2026-09-30,TDX_NATIVE,sector_rs1,KNOWN,,400,docs/evidence/r4_3_four_session_closeout_20261009/sector_v3/2026-09-30/native.jsonl.gz,8065e6d5fb45c7c6927645bd49ce8e33c4cf3d52e35ec3815a9df78c5dd55596,RECONSTRUCTED_LATEST_MEMBERSHIP,False,False
2026-09-30,TDX_NATIVE,sector_rs20,KNOWN,,400,docs/evidence/r4_3_four_session_closeout_20261009/sector_v3/2026-09-30/native.jsonl.gz,8065e6d5fb45c7c6927645bd49ce8e33c4cf3d52e35ec3815a9df78c5dd55596,RECONSTRUCTED_LATEST_MEMBERSHIP,False,False
2026-09-30,TDX_NATIVE,sector_rs20_pct,KNOWN,,395,docs/evidence/r4_3_four_session_closeout_20261009/sector_v3/2026-09-30/native.jsonl.gz,8065e6d5fb45c7c6927645bd49ce8e33c4cf3d52e35ec3815a9df78c5dd55596,RECONSTRUCTED_LATEST_MEMBERSHIP,False,False
2026-09-30,TDX_NATIVE,sector_rs20_pct,UNKNOWN,null,5,docs/evidence/r4_3_four_session_closeout_20261009/sector_v3/2026-09-30/native.jsonl.gz,8065e6d5fb45c7c6927645bd49ce8e33c4cf3d52e35ec3815a9df78c5dd55596,RECONSTRUCTED_LATEST_MEMBERSHIP,False,False
2026-09-30,TDX_NATIVE,sector_rs5,KNOWN,,400,docs/evidence/r4_3_four_session_closeout_20261009/sector_v3/2026-09-30/native.jsonl.gz,8065e6d5fb45c7c6927645bd49ce8e33c4cf3d52e35ec3815a9df78c5dd55596,RECONSTRUCTED_LATEST_MEMBERSHIP,False,False
2026-09-30,TDX_NATIVE,sector_rs5_pct,KNOWN,,395,docs/evidence/r4_3_four_session_closeout_20261009/sector_v3/2026-09-30/native.jsonl.gz,8065e6d5fb45c7c6927645bd49ce8e33c4cf3d52e35ec3815a9df78c5dd55596,RECONSTRUCTED_LATEST_MEMBERSHIP,False,False
2026-09-30,TDX_NATIVE,sector_rs5_pct,UNKNOWN,null,5,docs/evidence/r4_3_four_session_closeout_20261009/sector_v3/2026-09-30/native.jsonl.gz,8065e6d5fb45c7c6927645bd49ce8e33c4cf3d52e35ec3815a9df78c5dd55596,RECONSTRUCTED_LATEST_MEMBERSHIP,False,False
2026-09-30,TDX_NATIVE,sector_rs60,UNKNOWN,null,400,docs/evidence/r4_3_four_session_closeout_20261009/sector_v3/2026-09-30/native.jsonl.gz,8065e6d5fb45c7c6927645bd49ce8e33c4cf3d52e35ec3815a9df78c5dd55596,RECONSTRUCTED_LATEST_MEMBERSHIP,False,False
2026-09-30,TDX_NATIVE,sector_rs60_pct,UNKNOWN,null,400,docs/evidence/r4_3_four_session_closeout_20261009/sector_v3/2026-09-30/native.jsonl.gz,8065e6d5fb45c7c6927645bd49ce8e33c4cf3d52e35ec3815a9df78c5dd55596,RECONSTRUCTED_LATEST_MEMBERSHIP,False,False
2026-09-30,TDX_NATIVE,seed_retention,KNOWN,,306,docs/evidence/r4_3_four_session_closeout_20261009/sector_v3/2026-09-30/native.jsonl.gz,8065e6d5fb45c7c6927645bd49ce8e33c4cf3d52e35ec3815a9df78c5dd55596,RECONSTRUCTED_LATEST_MEMBERSHIP,False,False
2026-09-30,TDX_NATIVE,seed_retention,UNKNOWN,null,94,docs/evidence/r4_3_four_session_closeout_20261009/sector_v3/2026-09-30/native.jsonl.gz,8065e6d5fb45c7c6927645bd49ce8e33c4cf3d52e35ec3815a9df78c5dd55596,RECONSTRUCTED_LATEST_MEMBERSHIP,False,False
2026-09-30,TDX_NATIVE,seed_width,KNOWN,,400,docs/evidence/r4_3_four_session_closeout_20261009/sector_v3/2026-09-30/native.jsonl.gz,8065e6d5fb45c7c6927645bd49ce8e33c4cf3d52e35ec3815a9df78c5dd55596,RECONSTRUCTED_LATEST_MEMBERSHIP,False,False
2026-09-30,TDX_NATIVE,strong_member,KNOWN,,275,docs/evidence/r4_3_four_session_closeout_20261009/sector_v3/2026-09-30/native.jsonl.gz,8065e6d5fb45c7c6927645bd49ce8e33c4cf3d52e35ec3815a9df78c5dd55596,RECONSTRUCTED_LATEST_MEMBERSHIP,False,False
2026-09-30,TDX_NATIVE,strong_member,UNKNOWN,null,125,docs/evidence/r4_3_four_session_closeout_20261009/sector_v3/2026-09-30/native.jsonl.gz,8065e6d5fb45c7c6927645bd49ce8e33c4cf3d52e35ec3815a9df78c5dd55596,RECONSTRUCTED_LATEST_MEMBERSHIP,False,False
2026-09-30,TDX_NATIVE,strong_member_retention,KNOWN,,254,docs/evidence/r4_3_four_session_closeout_20261009/sector_v3/2026-09-30/native.jsonl.gz,8065e6d5fb45c7c6927645bd49ce8e33c4cf3d52e35ec3815a9df78c5dd55596,RECONSTRUCTED_LATEST_MEMBERSHIP,False,False
2026-09-30,TDX_NATIVE,strong_member_retention,UNKNOWN,null,146,docs/evidence/r4_3_four_session_closeout_20261009/sector_v3/2026-09-30/native.jsonl.gz,8065e6d5fb45c7c6927645bd49ce8e33c4cf3d52e35ec3815a9df78c5dd55596,RECONSTRUCTED_LATEST_MEMBERSHIP,False,False
2026-09-30,TDX_NATIVE,top1_concentration,KNOWN,,400,docs/evidence/r4_3_four_session_closeout_20261009/sector_v3/2026-09-30/native.jsonl.gz,8065e6d5fb45c7c6927645bd49ce8e33c4cf3d52e35ec3815a9df78c5dd55596,RECONSTRUCTED_LATEST_MEMBERSHIP,False,False
2026-09-30,TDX_NATIVE,top3_concentration,KNOWN,,400,docs/evidence/r4_3_four_session_closeout_20261009/sector_v3/2026-09-30/native.jsonl.gz,8065e6d5fb45c7c6927645bd49ce8e33c4cf3d52e35ec3815a9df78c5dd55596,RECONSTRUCTED_LATEST_MEMBERSHIP,False,False
2026-09-30,TDX_LOO,relative_sector,KNOWN,,5134,docs/evidence/r4_3_four_session_closeout_20261009/sector_v3/2026-09-30/relative_sector_loo.jsonl.gz,6a42e363a4b577a09dc2fcd83f84da3ede92f16fe53ab85fa1ae6f80f78d82aa,RECONSTRUCTED_LATEST_MEMBERSHIP,False,False
2026-09-30,TDX_LOO,relative_sector,UNKNOWN,"""REQUIRED_TDX_LOO_CONTEXT_UNKNOWN""",90,docs/evidence/r4_3_four_session_closeout_20261009/sector_v3/2026-09-30/relative_sector_loo.jsonl.gz,6a42e363a4b577a09dc2fcd83f84da3ede92f16fe53ab85fa1ae6f80f78d82aa,RECONSTRUCTED_LATEST_MEMBERSHIP,False,False
2026-10-08,TDX_NATIVE,base_seed_width_adjusted,KNOWN,,400,docs/evidence/r4_3_four_session_closeout_20261009/sector_v3/2026-10-08/native.jsonl.gz,ebccf89ddabcd362b2c7845276a8968a6e6768a84529f550d4fb32570678e01d,RECONSTRUCTED_LATEST_MEMBERSHIP,False,False
2026-10-08,TDX_NATIVE,breadth_delta1,KNOWN,,276,docs/evidence/r4_3_four_session_closeout_20261009/sector_v3/2026-10-08/native.jsonl.gz,ebccf89ddabcd362b2c7845276a8968a6e6768a84529f550d4fb32570678e01d,RECONSTRUCTED_LATEST_MEMBERSHIP,False,False
2026-10-08,TDX_NATIVE,breadth_delta1,UNKNOWN,null,124,docs/evidence/r4_3_four_session_closeout_20261009/sector_v3/2026-10-08/native.jsonl.gz,ebccf89ddabcd362b2c7845276a8968a6e6768a84529f550d4fb32570678e01d,RECONSTRUCTED_LATEST_MEMBERSHIP,False,False
2026-10-08,TDX_NATIVE,breadth_delta3,KNOWN,,261,docs/evidence/r4_3_four_session_closeout_20261009/sector_v3/2026-10-08/native.jsonl.gz,ebccf89ddabcd362b2c7845276a8968a6e6768a84529f550d4fb32570678e01d,RECONSTRUCTED_LATEST_MEMBERSHIP,False,False
2026-10-08,TDX_NATIVE,breadth_delta3,UNKNOWN,null,139,docs/evidence/r4_3_four_session_closeout_20261009/sector_v3/2026-10-08/native.jsonl.gz,ebccf89ddabcd362b2c7845276a8968a6e6768a84529f550d4fb32570678e01d,RECONSTRUCTED_LATEST_MEMBERSHIP,False,False
2026-10-08,TDX_NATIVE,breadth_ret1,KNOWN,,400,docs/evidence/r4_3_four_session_closeout_20261009/sector_v3/2026-10-08/native.jsonl.gz,ebccf89ddabcd362b2c7845276a8968a6e6768a84529f550d4fb32570678e01d,RECONSTRUCTED_LATEST_MEMBERSHIP,False,False
2026-10-08,TDX_NATIVE,breadth_ret20,KNOWN,,400,docs/evidence/r4_3_four_session_closeout_20261009/sector_v3/2026-10-08/native.jsonl.gz,ebccf89ddabcd362b2c7845276a8968a6e6768a84529f550d4fb32570678e01d,RECONSTRUCTED_LATEST_MEMBERSHIP,False,False
2026-10-08,TDX_NATIVE,breadth_ret5,KNOWN,,400,docs/evidence/r4_3_four_session_closeout_20261009/sector_v3/2026-10-08/native.jsonl.gz,ebccf89ddabcd362b2c7845276a8968a6e6768a84529f550d4fb32570678e01d,RECONSTRUCTED_LATEST_MEMBERSHIP,False,False
2026-10-08,TDX_NATIVE,dq5,KNOWN,,395,docs/evidence/r4_3_four_session_closeout_20261009/sector_v3/2026-10-08/native.jsonl.gz,ebccf89ddabcd362b2c7845276a8968a6e6768a84529f550d4fb32570678e01d,RECONSTRUCTED_LATEST_MEMBERSHIP,False,False
2026-10-08,TDX_NATIVE,dq5,UNKNOWN,null,5,docs/evidence/r4_3_four_session_closeout_20261009/sector_v3/2026-10-08/native.jsonl.gz,ebccf89ddabcd362b2c7845276a8968a6e6768a84529f550d4fb32570678e01d,RECONSTRUCTED_LATEST_MEMBERSHIP,False,False
2026-10-08,TDX_NATIVE,entered_count,KNOWN,,248,docs/evidence/r4_3_four_session_closeout_20261009/sector_v3/2026-10-08/native.jsonl.gz,ebccf89ddabcd362b2c7845276a8968a6e6768a84529f550d4fb32570678e01d,RECONSTRUCTED_LATEST_MEMBERSHIP,False,False
2026-10-08,TDX_NATIVE,entered_count,UNKNOWN,null,152,docs/evidence/r4_3_four_session_closeout_20261009/sector_v3/2026-10-08/native.jsonl.gz,ebccf89ddabcd362b2c7845276a8968a6e6768a84529f550d4fb32570678e01d,RECONSTRUCTED_LATEST_MEMBERSHIP,False,False
2026-10-08,TDX_NATIVE,ma20_delta1,KNOWN,,272,docs/evidence/r4_3_four_session_closeout_20261009/sector_v3/2026-10-08/native.jsonl.gz,ebccf89ddabcd362b2c7845276a8968a6e6768a84529f550d4fb32570678e01d,RECONSTRUCTED_LATEST_MEMBERSHIP,False,False
2026-10-08,TDX_NATIVE,ma20_delta1,UNKNOWN,null,128,docs/evidence/r4_3_four_session_closeout_20261009/sector_v3/2026-10-08/native.jsonl.gz,ebccf89ddabcd362b2c7845276a8968a6e6768a84529f550d4fb32570678e01d,RECONSTRUCTED_LATEST_MEMBERSHIP,False,False
2026-10-08,TDX_NATIVE,ma20_delta3,KNOWN,,256,docs/evidence/r4_3_four_session_closeout_20261009/sector_v3/2026-10-08/native.jsonl.gz,ebccf89ddabcd362b2c7845276a8968a6e6768a84529f550d4fb32570678e01d,RECONSTRUCTED_LATEST_MEMBERSHIP,False,False
2026-10-08,TDX_NATIVE,ma20_delta3,UNKNOWN,null,144,docs/evidence/r4_3_four_session_closeout_20261009/sector_v3/2026-10-08/native.jsonl.gz,ebccf89ddabcd362b2c7845276a8968a6e6768a84529f550d4fb32570678e01d,RECONSTRUCTED_LATEST_MEMBERSHIP,False,False
2026-10-08,TDX_NATIVE,ma20_width,KNOWN,,400,docs/evidence/r4_3_four_session_closeout_20261009/sector_v3/2026-10-08/native.jsonl.gz,ebccf89ddabcd362b2c7845276a8968a6e6768a84529f550d4fb32570678e01d,RECONSTRUCTED_LATEST_MEMBERSHIP,False,False
2026-10-08,TDX_NATIVE,mdd20,UNKNOWN,null,400,docs/evidence/r4_3_four_session_closeout_20261009/sector_v3/2026-10-08/native.jsonl.gz,ebccf89ddabcd362b2c7845276a8968a6e6768a84529f550d4fb32570678e01d,RECONSTRUCTED_LATEST_MEMBERSHIP,False,False
2026-10-08,TDX_NATIVE,membership_ready,KNOWN,,400,docs/evidence/r4_3_four_session_closeout_20261009/sector_v3/2026-10-08/native.jsonl.gz,ebccf89ddabcd362b2c7845276a8968a6e6768a84529f550d4fb32570678e01d,RECONSTRUCTED_LATEST_MEMBERSHIP,False,False
2026-10-08,TDX_NATIVE,net_entered_count,KNOWN,,248,docs/evidence/r4_3_four_session_closeout_20261009/sector_v3/2026-10-08/native.jsonl.gz,ebccf89ddabcd362b2c7845276a8968a6e6768a84529f550d4fb32570678e01d,RECONSTRUCTED_LATEST_MEMBERSHIP,False,False
2026-10-08,TDX_NATIVE,net_entered_count,UNKNOWN,null,152,docs/evidence/r4_3_four_session_closeout_20261009/sector_v3/2026-10-08/native.jsonl.gz,ebccf89ddabcd362b2c7845276a8968a6e6768a84529f550d4fb32570678e01d,RECONSTRUCTED_LATEST_MEMBERSHIP,False,False
2026-10-08,TDX_NATIVE,participation_proxy,KNOWN,,400,docs/evidence/r4_3_four_session_closeout_20261009/sector_v3/2026-10-08/native.jsonl.gz,ebccf89ddabcd362b2c7845276a8968a6e6768a84529f550d4fb32570678e01d,RECONSTRUCTED_LATEST_MEMBERSHIP,False,False
2026-10-08,TDX_NATIVE,pos60,KNOWN,,400,docs/evidence/r4_3_four_session_closeout_20261009/sector_v3/2026-10-08/native.jsonl.gz,ebccf89ddabcd362b2c7845276a8968a6e6768a84529f550d4fb32570678e01d,RECONSTRUCTED_LATEST_MEMBERSHIP,False,False
2026-10-08,TDX_NATIVE,rank_velocity3,KNOWN,,395,docs/evidence/r4_3_four_session_closeout_20261009/sector_v3/2026-10-08/native.jsonl.gz,ebccf89ddabcd362b2c7845276a8968a6e6768a84529f550d4fb32570678e01d,RECONSTRUCTED_LATEST_MEMBERSHIP,False,False
2026-10-08,TDX_NATIVE,rank_velocity3,UNKNOWN,null,5,docs/evidence/r4_3_four_session_closeout_20261009/sector_v3/2026-10-08/native.jsonl.gz,ebccf89ddabcd362b2c7845276a8968a6e6768a84529f550d4fb32570678e01d,RECONSTRUCTED_LATEST_MEMBERSHIP,False,False
2026-10-08,TDX_NATIVE,sector_member_count,KNOWN,,400,docs/evidence/r4_3_four_session_closeout_20261009/sector_v3/2026-10-08/native.jsonl.gz,ebccf89ddabcd362b2c7845276a8968a6e6768a84529f550d4fb32570678e01d,RECONSTRUCTED_LATEST_MEMBERSHIP,False,False
2026-10-08,TDX_NATIVE,sector_quote_coverage,KNOWN,,400,docs/evidence/r4_3_four_session_closeout_20261009/sector_v3/2026-10-08/native.jsonl.gz,ebccf89ddabcd362b2c7845276a8968a6e6768a84529f550d4fb32570678e01d,RECONSTRUCTED_LATEST_MEMBERSHIP,False,False
2026-10-08,TDX_NATIVE,sector_rs1,KNOWN,,400,docs/evidence/r4_3_four_session_closeout_20261009/sector_v3/2026-10-08/native.jsonl.gz,ebccf89ddabcd362b2c7845276a8968a6e6768a84529f550d4fb32570678e01d,RECONSTRUCTED_LATEST_MEMBERSHIP,False,False
2026-10-08,TDX_NATIVE,sector_rs20,KNOWN,,400,docs/evidence/r4_3_four_session_closeout_20261009/sector_v3/2026-10-08/native.jsonl.gz,ebccf89ddabcd362b2c7845276a8968a6e6768a84529f550d4fb32570678e01d,RECONSTRUCTED_LATEST_MEMBERSHIP,False,False
2026-10-08,TDX_NATIVE,sector_rs20_pct,KNOWN,,395,docs/evidence/r4_3_four_session_closeout_20261009/sector_v3/2026-10-08/native.jsonl.gz,ebccf89ddabcd362b2c7845276a8968a6e6768a84529f550d4fb32570678e01d,RECONSTRUCTED_LATEST_MEMBERSHIP,False,False
2026-10-08,TDX_NATIVE,sector_rs20_pct,UNKNOWN,null,5,docs/evidence/r4_3_four_session_closeout_20261009/sector_v3/2026-10-08/native.jsonl.gz,ebccf89ddabcd362b2c7845276a8968a6e6768a84529f550d4fb32570678e01d,RECONSTRUCTED_LATEST_MEMBERSHIP,False,False
2026-10-08,TDX_NATIVE,sector_rs5,KNOWN,,400,docs/evidence/r4_3_four_session_closeout_20261009/sector_v3/2026-10-08/native.jsonl.gz,ebccf89ddabcd362b2c7845276a8968a6e6768a84529f550d4fb32570678e01d,RECONSTRUCTED_LATEST_MEMBERSHIP,False,False
2026-10-08,TDX_NATIVE,sector_rs5_pct,KNOWN,,395,docs/evidence/r4_3_four_session_closeout_20261009/sector_v3/2026-10-08/native.jsonl.gz,ebccf89ddabcd362b2c7845276a8968a6e6768a84529f550d4fb32570678e01d,RECONSTRUCTED_LATEST_MEMBERSHIP,False,False
2026-10-08,TDX_NATIVE,sector_rs5_pct,UNKNOWN,null,5,docs/evidence/r4_3_four_session_closeout_20261009/sector_v3/2026-10-08/native.jsonl.gz,ebccf89ddabcd362b2c7845276a8968a6e6768a84529f550d4fb32570678e01d,RECONSTRUCTED_LATEST_MEMBERSHIP,False,False
2026-10-08,TDX_NATIVE,sector_rs60,UNKNOWN,null,400,docs/evidence/r4_3_four_session_closeout_20261009/sector_v3/2026-10-08/native.jsonl.gz,ebccf89ddabcd362b2c7845276a8968a6e6768a84529f550d4fb32570678e01d,RECONSTRUCTED_LATEST_MEMBERSHIP,False,False
2026-10-08,TDX_NATIVE,sector_rs60_pct,UNKNOWN,null,400,docs/evidence/r4_3_four_session_closeout_20261009/sector_v3/2026-10-08/native.jsonl.gz,ebccf89ddabcd362b2c7845276a8968a6e6768a84529f550d4fb32570678e01d,RECONSTRUCTED_LATEST_MEMBERSHIP,False,False
2026-10-08,TDX_NATIVE,seed_retention,KNOWN,,294,docs/evidence/r4_3_four_session_closeout_20261009/sector_v3/2026-10-08/native.jsonl.gz,ebccf89ddabcd362b2c7845276a8968a6e6768a84529f550d4fb32570678e01d,RECONSTRUCTED_LATEST_MEMBERSHIP,False,False
2026-10-08,TDX_NATIVE,seed_retention,UNKNOWN,null,106,docs/evidence/r4_3_four_session_closeout_20261009/sector_v3/2026-10-08/native.jsonl.gz,ebccf89ddabcd362b2c7845276a8968a6e6768a84529f550d4fb32570678e01d,RECONSTRUCTED_LATEST_MEMBERSHIP,False,False
2026-10-08,TDX_NATIVE,seed_width,KNOWN,,400,docs/evidence/r4_3_four_session_closeout_20261009/sector_v3/2026-10-08/native.jsonl.gz,ebccf89ddabcd362b2c7845276a8968a6e6768a84529f550d4fb32570678e01d,RECONSTRUCTED_LATEST_MEMBERSHIP,False,False
2026-10-08,TDX_NATIVE,strong_member,KNOWN,,250,docs/evidence/r4_3_four_session_closeout_20261009/sector_v3/2026-10-08/native.jsonl.gz,ebccf89ddabcd362b2c7845276a8968a6e6768a84529f550d4fb32570678e01d,RECONSTRUCTED_LATEST_MEMBERSHIP,False,False
2026-10-08,TDX_NATIVE,strong_member,UNKNOWN,null,150,docs/evidence/r4_3_four_session_closeout_20261009/sector_v3/2026-10-08/native.jsonl.gz,ebccf89ddabcd362b2c7845276a8968a6e6768a84529f550d4fb32570678e01d,RECONSTRUCTED_LATEST_MEMBERSHIP,False,False
2026-10-08,TDX_NATIVE,strong_member_retention,KNOWN,,250,docs/evidence/r4_3_four_session_closeout_20261009/sector_v3/2026-10-08/native.jsonl.gz,ebccf89ddabcd362b2c7845276a8968a6e6768a84529f550d4fb32570678e01d,RECONSTRUCTED_LATEST_MEMBERSHIP,False,False
2026-10-08,TDX_NATIVE,strong_member_retention,UNKNOWN,null,150,docs/evidence/r4_3_four_session_closeout_20261009/sector_v3/2026-10-08/native.jsonl.gz,ebccf89ddabcd362b2c7845276a8968a6e6768a84529f550d4fb32570678e01d,RECONSTRUCTED_LATEST_MEMBERSHIP,False,False
2026-10-08,TDX_NATIVE,top1_concentration,KNOWN,,400,docs/evidence/r4_3_four_session_closeout_20261009/sector_v3/2026-10-08/native.jsonl.gz,ebccf89ddabcd362b2c7845276a8968a6e6768a84529f550d4fb32570678e01d,RECONSTRUCTED_LATEST_MEMBERSHIP,False,False
2026-10-08,TDX_NATIVE,top3_concentration,KNOWN,,400,docs/evidence/r4_3_four_session_closeout_20261009/sector_v3/2026-10-08/native.jsonl.gz,ebccf89ddabcd362b2c7845276a8968a6e6768a84529f550d4fb32570678e01d,RECONSTRUCTED_LATEST_MEMBERSHIP,False,False
2026-10-08,TDX_LOO,relative_sector,KNOWN,,5128,docs/evidence/r4_3_four_session_closeout_20261009/sector_v3/2026-10-08/relative_sector_loo.jsonl.gz,d5729445430deda4bb5056a6b1ce11b2dd3fda32eb5cd06ad20be3932d0afcd5,RECONSTRUCTED_LATEST_MEMBERSHIP,False,False
2026-10-08,TDX_LOO,relative_sector,UNKNOWN,"""REQUIRED_TDX_LOO_CONTEXT_UNKNOWN""",96,docs/evidence/r4_3_four_session_closeout_20261009/sector_v3/2026-10-08/relative_sector_loo.jsonl.gz,d5729445430deda4bb5056a6b1ce11b2dd3fda32eb5cd06ad20be3932d0afcd5,RECONSTRUCTED_LATEST_MEMBERSHIP,False,False
