security_id,valid_member,missing_state,tradable,RET1,RET20,RS20,above_ma20,MDD20,amount_ratio_5_20
BJ.920001,True,BAR,True,-0.019295302013422888,0.08140610545790916,0.08751456204521657,0.16350000000000087,-0.11157024793388426,1.5186317212895422
BJ.920047,True,BAR,True,-0.02857142857142858,-0.08108108108108092,-0.07497262449377351,-0.37400000000000055,-0.15270350564468205,1.2370544819616136
BJ.920092,True,BAR,True,-0.0207171314741037,-0.09097633136094674,-0.08486787477363933,-2.2965000000000018,-0.18039346448816274,0.5134064165974536
BJ.920130,True,BAR,True,-0.05244956772334297,-0.05408515535097802,-0.04797669876367061,-1.1504999999999974,-0.16165803108808297,0.9255751730337434
BJ.920139,True,BAR,True,-0.02549394518801784,0.029629629629629672,0.03573808621693708,0.27649999999999686,-0.08144796380090491,1.7780864507836613
BJ.920145,True,BAR,True,-0.05247524752475241,-0.01238390092879249,-0.006275444341485081,-0.7824999999999989,-0.13783783783783776,0.6846100099547023
BJ.920146,True,BAR,True,0.08364312267657992,0.16599999999999993,0.17210845658730733,0.5465000000000009,-0.10805860805860801,2.625537400752387
BJ.920149,True,BAR,True,-0.04323094425483498,0.09220779220779218,0.09831624879509959,-0.30799999999999983,-0.0950819672131149,0.8600213334798947
BJ.920152,True,BAR,True,-0.011599005799502904,-0.035569927243330635,-0.029461470656023225,-0.6615000000000002,-0.13260073260073268,0.6917635352552729
BJ.920175,True,BAR,True,-0.006501950585175664,-0.00907911802853445,-0.0029706614412270405,-0.19600000000000062,-0.08700980392156865,0.984278527397999
BJ.920223,True,BAR,True,-0.06407487401007927,0.22989593188268675,0.23600438846999416,-1.4474999999999998,-0.2777777777777778,0.5108585195009353
BJ.920263,True,BAR,True,-0.01572327044025168,-0.08211143695014667,-0.07600298036283926,-0.5575000000000001,-0.1529093369418133,1.0246801095305609
BJ.920266,True,BAR,True,-0.012482662968099856,-0.04557640750670244,-0.039467950919395034,-0.15300000000000047,-0.10546875,0.7844525026301369
BJ.920267,True,BAR,True,-0.02964793082149475,0.007051282051282026,0.013159738638589435,-0.6089999999999982,-0.11098265895953752,0.8416412732899337
BJ.920284,True,BAR,True,-0.032886723507917215,-0.0653325485579751,-0.05922409197066769,-0.9034999999999958,-0.15262582056892782,0.6340190481884693
BJ.920300,True,BAR,True,-0.028311425682507663,-0.004145077720207335,0.001963378867100074,-0.1880000000000024,-0.07804878048780495,0.7621591128593234
BJ.920370,True,BAR,True,0.0,-0.003436426116838587,0.0026720304704688225,-0.06800000000000006,-0.08387096774193559,0.6175312149170411
BJ.920402,True,BAR,True,-0.016627078384798155,-0.028169014084507116,-0.022060557497199706,-0.30799999999999805,-0.11306256860592745,0.7502804392700713
BJ.920414,True,BAR,True,-0.012578616352201366,0.01683937823834203,0.022947834825649438,-0.2829999999999995,-0.12211981566820274,0.6900678373308481
BJ.920433,True,BAR,True,-0.014767932489451518,-0.0469387755102042,-0.04083031892289679,-0.1849999999999996,-0.1029126213592233,0.6985142578607655
BJ.920436,True,BAR,True,-0.020183486238532167,0.02791145332050049,0.0340199099078079,-0.5620000000000012,-0.14788169464428458,0.48337312938023363
BJ.920469,True,BAR,True,-0.01025641025641022,0.037634408602150504,0.04374286518945791,-0.34800000000000075,-0.1716738197424893,0.4930189871679869
BJ.920471,True,BAR,True,-0.03082191780821908,-0.024137931034482696,-0.018029474447175287,-0.8290000000000006,-0.14674735249621795,0.39613544273915696
BJ.920489,True,BAR,True,-0.02808112324492973,0.012185215272136452,0.01829367185944386,-0.06349999999999945,-0.09916094584286794,1.1023779235713544
BJ.920578,True,BAR,True,-0.0040183696900114585,0.06051344743276288,0.06662190402007029,0.25749999999999673,-0.0926856504745952,1.102116569836433
BJ.920579,True,BAR,True,-0.01836158192090398,-0.027972027972028024,-0.021863571384720615,-0.464500000000001,-0.10588235294117654,0.7918081517302628
BJ.920592,True,BAR,True,-0.04609800362976402,0.30421836228287846,0.31032681887018587,0.6269999999999989,-0.2215733424939883,1.0582838039459446
BJ.920642,True,BAR,True,-0.017154389505549927,-0.002049180327868827,0.004059276259438582,-0.3675000000000015,-0.12976406533575313,0.5061578193769875
BJ.920717,True,BAR,True,-0.001477104874446078,-0.13554987212276226,-0.12944141553545485,-0.24299999999999855,-0.12881806108897753,0.4672841785882128
BJ.920719,True,BAR,True,-0.008534850640113834,-0.012747875354107596,-0.006639418766800187,-0.2165000000000008,-0.1248374512353706,0.7915592707182006
BJ.920748,True,BAR,True,0.29985754985755,0.4971287940935194,0.5032372506808268,6.3309999999999995,-0.2321870701513068,0.9098595954493961
BJ.920781,True,BAR,True,-0.020942408376963373,-0.024347826086956514,-0.018239369499649105,-0.20499999999999918,-0.09854604200323103,0.4842228191464575
BJ.920809,True,BAR,True,-0.030259365994236287,-0.11563731931668852,-0.10952886272938112,-0.43599999999999817,-0.12121212121212122,0.8376030905528254
BJ.920819,True,BAR,True,0.003278688524590345,0.006578947368421018,0.012687403955728427,-0.10250000000000004,-0.11436950146627567,0.5664121066214993
BJ.920832,True,BAR,True,-0.015197568389057725,0.06229508196721323,0.06840353855452064,-0.007499999999999396,-0.07014925373134329,1.3175834933838217
BJ.920857,True,BAR,True,-0.07966573816155986,-0.13958333333333328,-0.13347487674602587,-3.843,-0.2654513116940862,0.62842686661991
BJ.920873,True,BAR,True,-0.0845588235294118,0.07947976878612706,0.08558822537343447,0.2594999999999992,-0.12185430463576163,2.227725141921523
BJ.920932,True,BAR,True,-0.014354066985645786,-0.06448683015440504,-0.05837837356709763,-0.5899999999999999,-0.1407972858354537,0.6460603670898553
BJ.920964,True,BAR,True,-0.024793388429752095,-0.0021141649048627142,0.003994291682444695,-0.5034999999999998,-0.20404721753794264,0.32577507529572947
BJ.920970,True,BAR,True,-0.007898894154818259,0.04318936877076429,0.0492978253580717,-0.4770000000000003,-0.24428399518652233,0.49094826551087234
BJ.920985,True,BAR,True,-0.010869565217391242,-0.010869565217391242,-0.004761108630083832,-0.1324999999999994,-0.09657947686116697,0.79944418100678
SH.600052,True,BAR,True,0.005524861878453136,-0.0714285714285714,-0.06532011484126399,-0.19899999999999984,-0.09950248756218893,0.8328746387171446
SH.600055,True,BAR,True,-0.005671077504725952,-0.049683830171635135,-0.043575373584327726,-0.09950000000000259,-0.10952804986642928,1.292841226722805
SH.600072,True,BAR,True,0.008045977011494232,-0.011273957158962733,-0.005165500571655324,-0.1485000000000003,-0.0685224839400429,0.8694186021540197
SH.600076,True,BAR,True,-0.027906976744186074,-0.33439490445859876,-0.32828644787129135,-0.5585,-0.3628048780487805,1.0410963104474522
SH.600088,True,BAR,True,-0.05421245421245424,0.11581676750216086,0.12192522408946826,-0.45300000000000296,-0.2030864197530864,1.442760027052162
SH.600110,True,BAR,True,-0.045746388443017705,0.019725557461406584,0.025834014048713994,0.1664999999999992,-0.0831255195344971,1.0429911041653743
SH.600115,True,BAR,True,-0.03179190751445082,-0.06944444444444442,-0.06333598785713701,-0.09600000000000009,-0.0646067415730337,1.0591998399200602
SH.600117,True,BAR,True,0.004629629629629539,-0.07659574468085117,-0.07048728809354377,-0.09300000000000042,-0.08474576271186429,1.0712149786069953
SH.600121,True,BAR,True,0.01871101871101888,0.17224880382775143,0.17835726041505884,-0.16000000000000014,-0.1578947368421053,0.8025883715858179
SH.600135,True,BAR,True,0.0039525691699604515,0.0311231393775373,0.03723159596484471,-0.022500000000000853,-0.06180469715698389,1.5509830207031863
SH.600151,True,BAR,True,-0.0010683760683760646,-0.06312625250501014,-0.05701779591770273,-0.3885000000000005,-0.07333994053518333,0.9263545557711463
SH.600152,True,BAR,True,-0.011612903225806437,-0.07038834951456308,-0.06427989292725567,-0.42849999999999966,-0.09241706161137431,0.88265168889348
SH.600156,True,BAR,True,0.09036860879904873,0.0852071005917161,0.09131555717902351,0.49150000000000205,-0.11640798226164073,1.9596354883186975
SH.600158,True,BAR,True,0.0,-0.00985915492957734,-0.0037506983422699314,-0.1589999999999998,-0.07104557640750675,0.7290553177388919
SH.600159,True,BAR,True,-0.014440433212996373,0.05405405405405417,0.06016251064136158,0.0,-0.08070175438596494,0.6208720766184428
SH.600162,True,BAR,True,-0.05228758169934644,-0.018058690744921058,-0.011950234157613648,-0.48350000000000026,-0.2090909090909091,0.6713585574279157
SH.600165,True,BAR,True,0.00943396226415083,-0.058651026392961936,-0.052542569805654527,-0.030999999999999694,-0.06470588235294106,1.0278245083943547
SH.600172,True,BAR,True,0.008960573476702649,0.2151079136690648,0.2212163702563722,1.0410000000000004,-0.09273479031305376,0.8371728699057612
SH.600185,True,BAR,True,-0.01467505241090139,0.0,0.006108456587307409,-0.2474999999999996,-0.14598540145985417,0.5596636613075436
SH.600192,True,BAR,True,0.008403361344537785,0.012658227848101333,0.018766684435408743,-0.29249999999999776,-0.17741935483870974,0.9955884325105939
SH.600198,True,BAR,True,-0.016042780748663166,-0.08114856429463169,-0.07504010770732428,-0.36349999999999927,-0.083437110834371,0.6724116221546605
SH.600199,True,BAR,True,-0.044077134986225786,-0.03477051460361613,-0.028662058016308722,-0.2859999999999987,-0.09724047306176087,0.9756145446288813
SH.600203,True,BAR,True,-0.007952286282306154,-0.059377945334589954,-0.053269488747282545,-0.5054999999999978,-0.11764705882352944,0.5413723766123261
SH.600207,True,BAR,True,0.04453441295546545,0.15695067264573992,0.16305912923304733,0.48650000000000126,-0.06274509803921557,1.5893449151693038
SH.600215,True,BAR,True,0.0,-0.04538341158059467,-0.03927495499328726,-0.33199999999999985,-0.10751104565537561,0.7787301193160651
SH.600217,True,BAR,True,0.006211180124223503,0.003095975232198178,0.009204431819505587,-0.04049999999999976,-0.055718475073313734,0.6522632365700012
SH.600227,True,BAR,True,-0.020618556701030966,-0.09307875894988082,-0.08697030236257342,-0.5755000000000008,-0.2649903288201161,0.6365004007874779
SH.600228,True,BAR,True,-0.09090909090909094,0.2574139976275207,0.2635224542148281,0.28000000000000114,-0.12324234904880071,1.100700169039664
SH.600229,True,BAR,True,-0.011884550084889534,0.11923076923076925,0.12533922581807666,0.266,-0.05913043478260871,1.1394033279495546
SH.600231,True,BAR,True,-0.0625,-0.0730337078651686,-0.0669252512778612,-0.08899999999999975,-0.08839779005524873,1.8880298126169055
SH.600241,True,BAR,True,0.0,-0.024032042723631575,-0.017923586136324166,-0.09699999999999953,-0.08181818181818179,0.8685457620769557
SH.600246,True,BAR,True,-0.02976995940460081,0.22042553191489356,0.22653398850220097,1.3015000000000008,-0.10427606901725439,1.2988913201375625
SH.600252,True,BAR,True,-0.01388888888888895,-0.07792207792207795,-0.07181362133477054,-0.12199999999999989,-0.11618257261410803,0.9356032967146676
SH.600266,True,BAR,True,-0.031746031746031855,0.026442307692307487,0.0325507642796149,0.026500000000000412,-0.07305936073059371,1.5046384328783644
SH.600271,True,BAR,True,-0.01195814648729443,-0.04063860667634245,-0.03453015008903504,-0.20700000000000163,-0.05436337625178822,0.9094114003799109
SH.600280,True,BAR,True,-0.003278688524590123,-0.009771986970683932,-0.003663530383376523,-0.10599999999999987,-0.16045845272206305,0.6147394704393435
SH.600281,True,BAR,True,-0.019027484143763318,-0.053061224489796,-0.04695276790248859,-0.16650000000000187,-0.09036144578313254,1.5008084288988843
SH.600293,True,BAR,True,0.021621621621621623,0.3125,0.3186084565873074,0.6179999999999994,-0.04402515723270439,2.2489748337236697
SH.600303,True,BAR,True,0.016666666666666607,0.03040540540540526,0.03651386199271267,0.019500000000000295,-0.08860759493670889,1.5325567780787341
SH.600307,True,BAR,True,-0.013605442176870763,-0.020270270270270285,-0.014161813682962876,-0.04799999999999982,-0.0705128205128206,1.1102537509058954
SH.600319,True,BAR,True,0.0,-0.011075949367088667,-0.004967492779781257,-0.18549999999999933,-0.09495548961424338,0.8869028454221004
SH.600322,True,BAR,True,-0.0253623188405796,-0.011029411764705954,-0.004920955177398545,-0.03399999999999981,-0.0848056537102474,1.2097117266553639
SH.600325,True,BAR,True,-0.046428571428571375,0.09876543209876543,0.10487388868607284,0.13750000000000018,-0.10606060606060619,1.7676903237499728
SH.600326,True,BAR,True,-0.03462603878116344,-0.08289473684210524,-0.07678628025479783,-0.258,-0.13290322580645164,0.8376321555580087
SH.600330,True,BAR,True,-0.04603068712474978,0.0792452830188679,0.08535373960617532,-0.25800000000000267,-0.09914236706689528,0.8907526181540097
SH.600331,True,BAR,True,-0.005775577557755707,-0.04440919904837426,-0.03830074246106685,-0.31099999999999994,-0.16024187452758887,0.8245089728029262
SH.600333,True,BAR,True,-0.007374631268436516,0.07336523125996819,0.0794736878472756,-0.036999999999998145,-0.09623430962343094,0.7301499306271749
SH.600336,True,BAR,True,0.004746835443037778,0.0031595576619272148,0.009268014249234624,-0.12849999999999984,-0.09011627906976749,0.550575487049179
SH.600343,True,BAR,True,0.021640664318067326,0.1240310077519382,0.13013946433924561,0.9660000000000011,-0.08306414397784956,1.5075519783744915
SH.600358,True,BAR,True,0.09999999999999987,0.1150097465886939,0.1211182031760013,0.5429999999999993,-0.064030131826742,1.6266223744734578
SH.600376,True,BAR,True,-0.042042042042042094,-0.05341246290801194,-0.04730400632070453,-0.09450000000000003,-0.12285714285714289,1.2676055772787564
SH.600383,True,BAR,True,-0.03984063745019906,0.05701754385964919,0.0631260004469566,0.09450000000000003,-0.10416666666666663,1.954127748843656
SH.600386,True,BAR,True,0.005730659025787732,0.005730659025787732,0.011839115613095141,-0.03300000000000036,-0.05737704918032782,1.001870244972142
SH.600397,True,BAR,True,-0.0022547914317925244,0.023121387283236983,0.029229843870544392,0.0484999999999971,-0.14174048983845766,0.8443648416314397
SH.600399,True,BAR,True,-0.013729977116704872,-0.004618937644341958,0.001489518942965451,-0.18050000000000122,-0.10208333333333341,0.8150761465956604
SH.600400,True,BAR,True,0.011869436201780381,0.1520270270270272,0.1581354836143346,0.2634999999999996,-0.06388888888888888,1.6223982297142983
SH.600403,True,BAR,True,-0.006906077348066253,0.027142857142857135,0.033251313730164545,0.10050000000000114,-0.14640522875816997,0.8919939233023224
SH.600405,True,BAR,True,0.0,0.0954446854663773,0.10155314205368471,0.05999999999999961,-0.05802707930367501,0.6011538928936814
SH.600408,True,BAR,True,0.016778523489932917,0.023648648648648685,0.029757105235956094,-0.07350000000000012,-0.09969788519637468,0.8202001537009954
SH.600418,True,BAR,True,-0.022174840085287806,0.0877609108159394,0.0938693674032468,2.467500000000001,-0.097584083372809,1.7927036625486574
SH.600438,True,BAR,True,-0.039723661485319584,-0.07410491257285601,-0.0679964559855486,-0.3860000000000028,-0.07274247491638808,0.9402003287699179
SH.600446,True,BAR,True,-0.02354048964218458,-0.05469462169553341,-0.048586165108226,-0.4925000000000015,-0.0896309314586996,1.1543548404977475
SH.600448,True,BAR,True,0.0030674846625766694,0.09364548494983271,0.09975394153714012,0.11699999999999999,-0.16195372750642678,3.1840246292647945
SH.600463,True,BAR,True,-0.013317191283292895,-0.0227817745803357,-0.01667331799302829,-0.09950000000000081,-0.09965237543453087,1.1064865827849573
SH.600470,True,BAR,True,-0.0070796460176991705,-0.0742574257425741,-0.06814896915526669,-0.4245000000000001,-0.15639097744360897,0.44294414245897173
SH.600481,True,BAR,True,-0.01728395061728394,-0.08505747126436769,-0.07894901467706028,-0.24000000000000066,-0.09339407744874706,1.0588171377962952
SH.600500,True,BAR,True,-0.0431034482758621,0.043233082706766846,0.049341539294074255,-0.14100000000000001,-0.07960199004975133,0.8709463406747773
SH.600501,True,BAR,True,0.015151515151515138,0.03656821378340358,0.04267667037071099,-0.10650000000000048,-0.06201550387596899,0.8689007501818081
SH.600503,True,BAR,True,-0.09863945578231292,0.1936936936936935,0.1998021502810009,0.35399999999999965,-0.09863945578231292,2.8386260076137617
SH.600525,True,BAR,True,-0.006109979633401319,-0.11272727272727279,-0.10661881613996538,-0.1584999999999992,-0.11567164179104483,0.7833000532925336
SH.600533,True,BAR,True,-0.013452914798206206,-0.004524886877827927,0.001583569709479482,-0.03399999999999981,-0.07359307359307354,0.8871244970952118
SH.600536,True,BAR,True,-0.022300095571838097,-0.06518428266829113,-0.05907582608098372,-1.8795000000000037,-0.10524781341107858,0.5810218555548144
SH.600538,True,BAR,True,-0.014522821576763545,-0.09177820267686432,-0.08566974608955691,-0.2965,-0.10881801125703561,0.8741117924891153
SH.600539,True,BAR,True,0.0259917920656636,0.03734439834024883,0.04345285492755624,0.9715000000000007,-0.15567282321899734,1.203951492938761
SH.600545,True,BAR,True,-0.02262443438914019,0.018867924528301883,0.024976381115609292,-0.017999999999998906,-0.08474576271186429,1.1726531980951904
SH.600567,True,BAR,True,0.0,-0.02941176470588236,-0.02330330811857495,-0.024499999999999966,-0.05072463768115931,0.8621818227329092
SH.600569,True,BAR,True,-0.016949152542372947,-0.05434782608695654,-0.04823936949964913,-0.0820000000000003,-0.0984455958549223,1.1690001691147358
SH.600579,True,BAR,True,0.0,0.021398002853067144,0.027506459440374553,0.042500000000000426,-0.03013698630136985,0.9720515848963251
SH.600586,True,BAR,True,-0.010000000000000009,-0.06161137440758291,-0.0555029178202755,-0.17249999999999943,-0.08545034642032334,1.0252109425189444
SH.600588,True,BAR,True,-0.021052631578947323,-0.07554671968190851,-0.0694382630946011,-0.4870000000000001,-0.10490856592877762,0.8316380874683534
SH.600589,True,BAR,True,-0.031605562579013924,0.028187919463087185,0.034296376050394595,-0.3780000000000001,-0.11751152073732718,0.7355800217195617
SH.600594,True,BAR,True,-0.016348773841961872,-0.11519607843137258,-0.10908762184406517,-0.1775000000000002,-0.16546762589928055,0.6085123907037856
SH.600604,True,BAR,True,-0.03219315895372232,-0.056862745098039236,-0.050754288510731826,0.05449999999999999,-0.11044176706827324,0.9833602054575452
SH.600606,True,BAR,True,-0.052980132450331174,0.10852713178294571,0.11463558837025312,0.07099999999999973,-0.10625000000000007,2.4223545167595595
SH.600615,True,BAR,True,0.002125398512220933,-0.017708333333333326,-0.011599876746025917,-0.14949999999999974,-0.09709709709709713,0.7787739928422844
SH.600617,True,BAR,True,0.003095975232198178,-0.04424778761061943,-0.03813933102331202,-0.1459999999999999,-0.0926966292134832,0.7494923108245181
SH.600622,True,BAR,True,-0.027999999999999914,0.0565217391304349,0.06263019571774231,0.01849999999999996,-0.11627906976744196,0.9199502422083798
SH.600643,True,BAR,True,-0.00992555831265507,-0.03623188405797084,-0.030123427470663433,-0.10949999999999971,-0.0665083135391924,0.9738737077379501
SH.600653,True,BAR,True,-0.05882352941176472,0.01734104046242768,0.02344949704973509,0.020499999999999963,-0.0674157303370787,1.8785139668698783
SH.600657,True,BAR,True,-0.034700315457413256,0.1460674157303372,0.15217587231764462,0.038499999999999535,-0.20571428571428574,0.920443371982436
SH.600658,True,BAR,True,-0.009685230024213065,0.002450980392156854,0.008559436979464263,-0.017999999999999794,-0.08372093023255811,1.0338986808280826
SH.600665,True,BAR,True,-0.023054755043227737,-0.03142857142857136,-0.025320114841263952,-0.12450000000000028,-0.09264305177111709,1.1074680073183656
SH.600676,True,BAR,True,0.012012012012011963,-0.005899705014749235,0.00020875157255817456,-0.01049999999999951,-0.0390738060781477,1.1599646061879691
SH.600683,True,BAR,True,-0.03118503118503113,-0.0717131474103585,-0.06560469082305109,-0.5975000000000001,-0.16321009918845808,0.6318416204389129
SH.600691,True,BAR,True,-0.007246376811594013,0.02621722846441954,0.03232568505172695,-0.28649999999999975,-0.2303370786516853,0.4287242029284896
SH.600697,True,BAR,True,0.0017605633802817433,0.033605812897366194,0.0397142694846736,-0.0014999999999982805,-0.09703947368421051,0.8623513822475737
SH.600703,True,BAR,True,-0.028059236165237644,-0.0429777436684573,-0.03686928708114989,-0.44899999999999984,-0.10439164866810657,0.8149975395316332
SH.600706,True,BAR,True,-0.018028846153846145,0.0036855036855036882,0.009793960272811097,-0.32099999999999795,-0.13522355507088335,0.6963301653163979
SH.600708,True,BAR,True,-0.022580645161290436,-0.009803921568627527,-0.003695464981320118,-0.022499999999999964,-0.06369426751592366,1.4079071204823514
SH.600712,True,BAR,True,-0.005357142857142727,0.025782688766114337,0.031891145353421746,-0.1424999999999983,-0.27379209370424595,1.2840940458146135
SH.600715,True,BAR,True,0.024242424242424176,0.05624999999999991,0.06235845658730732,0.013499999999999845,-0.07954545454545447,1.2842086297823192
SH.600716,True,BAR,True,-0.01072386058981234,0.013736263736263687,0.019844720323571097,0.009500000000000064,-0.05835543766578255,1.1572694608364889
SH.600718,True,BAR,True,-0.01126408010012514,-0.042424242424242364,-0.036315785836934955,-0.1440000000000019,-0.07416267942583721,1.1335314760786614
SH.600719,True,BAR,True,-0.026350461133069825,0.04084507042253516,0.046953527009842566,-0.2029999999999994,-0.12232779097387181,1.7915899727337168
SH.600725,True,BAR,True,0.015625,-0.01812688821752273,-0.01201843163021532,-0.08200000000000074,-0.08309455587392556,0.8909960690094282
SH.600732,True,BAR,True,0.014732965009208066,-0.034180543382997475,-0.028072086795690065,0.1274999999999995,-0.15105485232067506,1.4397791040580825
SH.600733,True,BAR,True,-0.018867924528301883,-0.07874015748031504,-0.07263170089300763,-0.14950000000000063,-0.13035019455252916,1.3150201137557018
SH.600743,True,BAR,True,-0.0921985815602836,0.11304347826086958,0.11915193484817699,0.3129999999999997,-0.13983050847457634,1.9782918771052878
SH.600748,True,BAR,True,-0.007518796992481258,0.02590673575129543,0.03201519233860284,0.07600000000000051,-0.07017543859649134,1.2258325193756698
SH.600756,True,BAR,True,-0.008695652173913104,-0.041345480028030845,-0.035237023440723436,-0.4510000000000005,-0.092741935483871,0.7368401220470244
SH.600758,True,BAR,True,0.0370370370370372,0.02824858757062154,0.03435704415792895,-0.0825000000000009,-0.12030075187969935,0.7326693705962185
SH.600773,True,BAR,True,-0.03093812375249483,-0.09421641791044777,-0.08810796132314036,-0.8454999999999995,-0.13842058562555448,0.6941735197403716
SH.600774,True,BAR,True,-0.009009009009008917,0.034946236559139754,0.04105469314644716,-0.04699999999999971,-0.09506172839506166,0.8518024755535133
SH.600791,True,BAR,True,-0.014245014245014231,-0.06738544474393526,-0.061276988156627854,-0.3520000000000012,-0.16354556803995002,0.6990940359874733
SH.600792,True,BAR,True,0.10038610038610041,0.48051948051948057,0.486627937106788,0.9355000000000002,-0.10351201478743077,1.482821824470592
SH.600797,True,BAR,True,-0.0166163141993958,-0.03840472673559825,-0.03229627014829084,-0.270999999999999,-0.0805084745762712,0.8751760595475125
SH.600800,True,BAR,True,0.009463722397476504,-0.06976744186046502,-0.06365898527315761,-0.21099999999999985,-0.11944444444444446,0.9897207926886218
SH.600802,True,BAR,True,0.09966777408637872,0.40254237288135597,0.4086508294686634,1.2085000000000008,-0.09136212624584716,1.3076725562703946
SH.600807,True,BAR,True,0.007633587786259444,-0.007518796992481258,-0.0014103404051738488,-0.03399999999999981,-0.07942238267148016,0.9653023526418226
SH.600808,True,BAR,True,-0.02409638554216864,-0.08988764044943809,-0.08377918386213068,-0.14449999999999985,-0.08988764044943809,1.1528417286343893
SH.600815,True,BAR,True,0.09929078014184389,0.21409921671018273,0.22020767329749014,0.6269999999999998,-0.2319474835886215,1.2965321133271859
SH.600828,True,BAR,True,-0.006818181818181834,0.10353535353535359,0.109643810122661,-0.12350000000000083,-0.19999999999999996,0.6405130579018048
SH.600831,True,BAR,True,0.05089820359281427,0.041543026706231334,0.04765148329353874,0.11450000000000005,-0.0898876404494382,1.506460408017761
SH.600843,True,BAR,True,0.09986859395532188,0.18387553041018379,0.1899839869974912,1.2074999999999996,-0.06327372764786798,2.3534678708648196
SH.600844,True,BAR,True,-0.0060606060606061,-0.10136986301369866,-0.09526140642639125,-0.33699999999999974,-0.2019464720194648,0.4190864232854708
SH.600847,True,BAR,True,0.01243201243201253,0.01243201243201253,0.01854046901931994,0.17850000000000144,-0.11465451784358394,2.560360584345527
SH.600855,True,BAR,True,-0.0007776049766717863,0.06550580431177444,0.07161426089908185,-0.1955000000000009,-0.0748740100791937,0.7182218844295863
SH.600860,True,BAR,True,-0.001322751322751281,-0.10438908659549229,-0.09828063000818488,-0.6674999999999995,-0.13714285714285712,1.4858902861530812
SH.600868,True,BAR,True,-0.003663003663003539,-0.05226480836236935,-0.04615635177506194,-0.13099999999999978,-0.07167235494880542,0.7828265356754206
SH.600876,True,BAR,True,-0.031766200762388785,0.06128133704735372,0.06738979363466113,-0.14250000000000007,-0.20376175548589348,1.3223754705418045
SH.600880,True,BAR,True,-0.03401360544217691,0.0923076923076922,0.09841614889499961,-0.21600000000000108,-0.16141732283464572,1.4926443833609329
SH.600881,True,BAR,True,-0.015957446808510523,-0.060913705583756306,-0.054805248996448896,-0.051000000000000156,-0.1690821256038647,1.0268342608715484
SH.600892,True,BAR,True,-0.009615384615384581,0.01728395061728394,0.023392407204591348,-0.29299999999999926,-0.27522935779816515,0.5433054624336351
SH.600935,True,BAR,True,-0.008658008658008698,-0.012931034482758563,-0.006822577895451154,-0.04550000000000054,-0.06198347107438018,1.152152707024455
SH.600936,True,BAR,True,-0.00919540229885063,-0.14822134387351782,-0.1421128872862104,-0.5785,-0.20917431192660563,0.5245470460860588
SH.600939,True,BAR,True,-0.003831417624520994,-0.02621722846441943,-0.02010877187711202,-0.059499999999999886,-0.05797101449275355,1.064491188088527
SH.600955,True,BAR,True,-0.015898251192368762,-0.023659305993690816,-0.017550849406383406,-0.28550000000000075,-0.06044376434583021,0.8386522328143255
SH.600963,True,BAR,True,-0.017595307917888547,-0.03458213256484155,-0.02847367597753414,-0.11199999999999966,-0.06685236768802227,1.0517215198404528
SH.600975,True,BAR,True,-0.015503875968992276,0.005940594059405946,0.012049050646713355,-0.26750000000000007,-0.13898305084745766,0.5869231043677031
SH.600984,True,BAR,True,0.011560693641618602,-0.24892703862660948,-0.24281858203930207,-0.1779999999999995,-0.19953596287703002,0.4398645911486734
SH.600990,True,BAR,True,-0.00335008375209378,-0.012721238938052881,-0.006612782350745472,-0.6715000000000018,-0.0698280354351224,0.6676841373412908
SH.600996,True,BAR,True,-0.004379562043795526,0.007385524372230501,0.01349398095953791,-0.1769999999999996,-0.06620689655172418,1.015293475992399
SH.600997,True,BAR,True,0.0019493177387914784,-0.10139860139860146,-0.09529014481129405,-0.2990000000000004,-0.1260647359454855,0.7503029210150123
SH.601005,True,BAR,True,-0.024390243902439046,-0.008264462809917328,-0.0021560062226099186,-0.013500000000000068,-0.04800000000000004,1.190690092249852
SH.601011,True,BAR,True,0.01041666666666674,-0.003424657534246478,0.0026837990530609313,-0.07449999999999957,-0.07395498392282962,0.6310936706471253
SH.601012,True,BAR,True,-0.03242769500438225,-0.10097719869706845,-0.09486874210976104,-0.5625000000000018,-0.11584875301689457,1.0047647752072173
SH.601015,True,BAR,True,0.014285714285714235,-0.011142061281337101,-0.005033604694029692,-0.18999999999999995,-0.1421568627450981,0.8004130185210804
SH.601106,True,BAR,True,-0.006802721088435382,-0.058064516129032295,-0.051956059541724886,-0.1175000000000006,-0.06410256410256421,1.044274033547621
SH.601111,True,BAR,True,-0.025167785234899376,-0.025167785234899376,-0.019059328647591967,-0.029500000000000526,-0.03535353535353536,1.225356578257215
SH.601118,True,BAR,True,-0.027027027027026973,-0.012195121951219412,-0.006086665363912003,-0.2104999999999997,-0.2638036809815951,0.6406294842818341
SH.601238,True,MISSING_DATA,False,,,,,,
SH.601279,True,BAR,True,0.0028571428571428914,0.038461538461538325,0.044569995048845734,0.058999999999999275,-0.0423728813559322,0.8681185437593918
SH.601366,True,BAR,True,0.0028011204481792618,-0.019178082191780743,-0.013069625604473334,-0.1454999999999993,-0.09160305343511455,0.7200482666999496
SH.601515,True,BAR,True,-0.0092592592592593,-0.06140350877192979,-0.055295052184622384,-0.1374999999999993,-0.09577464788732393,0.8121652280434969
SH.601519,True,BAR,True,-0.04269662921348327,0.009478672985782088,0.015587129573089498,-0.1285000000000025,-0.1233333333333334,1.0382054982587716
SH.601588,True,BAR,True,-0.022346368715083775,0.0,0.006108456587307409,-0.0020000000000000018,-0.07734806629834257,1.434631155946137
SH.601616,True,BAR,True,0.0026595744680850686,-0.033333333333333326,-0.027224876746025917,-0.06449999999999978,-0.04092071611253201,0.7977801320999078
SH.601828,True,BAR,True,-0.013698630136986245,-0.018181818181818188,-0.012073361594510779,-0.04249999999999954,-0.08658008658008665,0.9778321283965046
SH.601908,True,BAR,True,-0.017006802721088343,-0.049342105263157854,-0.043233648675850445,-0.09750000000000014,-0.052459016393442526,0.9553652550799969
SH.601929,True,BAR,True,-0.012499999999999956,0.017167381974249052,0.02327583856155646,-0.10299999999999976,-0.11654135338345861,0.9082695985489819
SH.601933,True,BAR,True,-0.0033222591362125353,-0.029126213592232997,-0.023017757004925588,-0.12799999999999967,-0.11309523809523803,0.5026783573689195
SH.601992,True,BAR,True,-0.014084507042253502,0.0,0.006108456587307409,-0.0020000000000000018,-0.04895104895104885,1.4251209550248196
SH.601996,True,BAR,True,-0.030100334448160626,0.11538461538461542,0.12149307197192283,0.048499999999999766,-0.04421768707482987,0.9679969803395322
SH.603001,True,BAR,True,-0.03135313531353123,0.4317073170731709,0.4378157736604783,2.1530000000000005,-0.057421451787649125,1.730749586543974
SH.603007,True,BAR,True,-0.008714596949891074,-0.06952965235173825,-0.06342119576443084,-0.35499999999999954,-0.15270018621973935,0.4887432305937104
SH.603011,True,BAR,True,-0.04095940959409605,0.13741794310722089,0.1435263996945283,-0.5045000000000002,-0.12477396021699816,0.7036845436704247
SH.603028,True,BAR,True,0.016830294530154388,0.021126760563380254,0.027235217150687663,0.22750000000000092,-0.10684931506849316,0.9934659849861273
SH.603030,True,BAR,True,-0.009708737864077666,-0.04225352112676051,-0.0361450645394531,-0.08699999999999974,-0.10176991150442483,0.7771601633608464
SH.603033,True,BAR,True,0.003826530612244916,0.062078272604588314,0.06818672919189572,0.3860000000000001,-0.09375,1.4370167897052553
SH.603069,True,BAR,True,0.004487658937920802,0.02754399387911244,0.03365245046641985,-0.12349999999999994,-0.08865248226950351,1.2454456912137954
SH.603108,True,BAR,True,-0.0020000000000000018,0.029927760577915574,0.03603621716522298,0.20550000000000068,-0.07944389275074482,1.3466538565164028
SH.603116,True,BAR,True,0.06074074074074076,0.1083591331269349,0.11446758971424231,0.718,-0.07055214723926384,1.8152390245668277
SH.603121,True,BAR,True,0.039556962025316444,-0.049891540130151846,-0.043783083542844436,0.1075000000000017,-0.13261648745519716,0.8299460950725415
SH.603122,True,BAR,True,0.10022107590272666,0.2546218487394958,0.2607303053268032,1.935500000000001,-0.14026162790697672,1.6219216634163085
SH.603123,True,BAR,True,-0.01987447698744782,-0.05449041372351171,-0.0483819571362043,-0.8750000000000018,-0.23697068403908794,0.6269069620572955
SH.603138,True,BAR,True,-0.020611702127659504,0.14898595943837756,0.15509441602568497,0.4184999999999963,-0.09001956947162437,1.183048247657892
SH.603139,True,BAR,True,-0.007383100902379036,0.05800058292043131,0.06410903950773872,-1.3174999999999955,-0.1074502089992625,1.074962068370393
SH.603159,True,BAR,True,-0.017491467576791764,,,,,
SH.603168,True,BAR,True,-0.0017064846416383617,0.001712328767123239,0.007820785354430648,-0.01699999999999946,-0.0823723228995058,1.0793522084202762
SH.603169,True,BAR,True,-0.0049586776859504855,-0.06666666666666676,-0.060558210079359354,-0.3979999999999997,-0.10416666666666674,0.8793219114797878
SH.603177,True,BAR,True,0.005429864253393646,0.019266055045871422,0.02537451163317883,0.14599999999999724,-0.07488986784140961,1.106755795572907
SH.603188,True,BAR,True,-0.008810572687224627,-0.06639004149377603,-0.06028158490646862,-0.24450000000000038,-0.1282051282051283,0.522953101750439
SH.603208,True,BAR,True,0.005319148936170359,-0.0017605633802816323,0.004347893207025777,0.08499999999999908,-0.11918850380388846,1.1201654663036975
SH.603212,True,BAR,True,-0.02278481012658229,-0.008561643835616417,-0.002453187248309008,0.006000000000000227,-0.05677966101694909,1.2713661935365246
SH.603222,True,BAR,True,-0.07494407158836691,0.00242424242424244,0.008532699011549849,0.198500000000001,-0.07494407158836691,1.936342306840354
SH.603226,True,BAR,True,-0.048787971770481886,-0.17112299465240643,-0.16501453806509903,-4.701500000000003,-0.20675537359263052,1.4282378993016065
SH.603232,True,BAR,True,-0.06238964096527366,0.054268696227663726,0.060377152814971136,0.2924999999999969,-0.0696361355081555,1.7934071922640782
SH.603258,True,BAR,True,-0.009252669039146011,0.07906976744186034,0.08517822402916775,0.3534999999999986,-0.09473684210526312,1.9112041149210488
SH.603261,True,BAR,True,0.019230769230769162,-0.007304738715115167,-0.0011962821278077573,-2.960000000000001,-0.1593921758810216,0.7036950616122762
SH.603278,True,BAR,True,0.09988776655443332,0.0804851157662625,0.0865935723535699,0.5745000000000005,-0.06603773584905648,1.0887715089398493
SH.603286,True,BAR,True,0.0019577985642811324,0.057392102846648196,0.0635005594339556,1.5234999999999985,-0.13196790540540537,0.9642845293261705
SH.603313,True,BAR,True,-0.021308980213089912,0.0540983606557377,0.06020681724304511,-0.2005000000000008,-0.07879656160458459,0.9291485590908614
SH.603316,True,BAR,True,-0.01042269832078746,0.23571945046999265,0.24182790705730006,1.889000000000003,-0.06917211328976036,2.013752857165096
SH.603322,True,BAR,True,-0.10012360939431397,0.15831344470962616,0.16442190129693357,-0.22949999999999804,-0.11543134872417982,0.9900502023239357
SH.603324,True,BAR,True,-0.017420311341734607,-0.018511662347278746,-0.012403205759971336,0.27250000000000085,-0.10021707670043412,0.7987722778445375
SH.603330,True,BAR,True,-0.0050709939148071426,-0.12254025044722716,-0.11643179385991975,-0.4085000000000001,-0.216710182767624,0.5233174385702848
SH.603348,True,BAR,True,0.004857737682165242,-0.0013793103448275223,0.004729146242479887,0.06399999999999828,-0.07866666666666666,0.8968458673493095
SH.603356,True,BAR,True,-0.015535097813578758,0.014827995255041415,0.020936451842348824,0.09700000000000131,-0.06425702811244982,1.332768429030445
SH.603385,True,BAR,True,0.0070796460176991705,0.005300353356890497,0.011408809944197906,0.021000000000000796,-0.08488964346349748,0.8268549589677533
SH.603386,True,BAR,True,-0.04646360351058343,0.34620991253644307,0.3523183691237505,2.3385,-0.0647902283590015,1.1684956319524518
SH.603389,True,BAR,True,-0.010835214446952568,0.012944983818770295,0.019053440406077704,-1.216000000000001,-0.09853939518617572,0.8925458810558257
SH.603392,True,BAR,True,-0.02042331971778688,-0.14655451310255585,-0.14044605651524844,-0.9714999999999989,-0.20325462667517558,0.8182826504416965
SH.603421,True,BAR,True,-0.01846153846153853,0.07407407407407396,0.08018253066138137,-0.1490000000000009,-0.158311345646438,1.0410490047549024
SH.603458,True,BAR,True,-0.00734618916437102,0.1586280814576635,0.1647365380449709,0.41050000000000075,-0.03928571428571426,0.652456377339315
SH.603466,True,BAR,True,-0.045705279747832894,0.10999083409715849,0.1160992906844659,-0.22550000000000203,-0.07838660578386614,0.7978668574866588
SH.603488,True,BAR,True,-0.00877192982456143,-0.03418803418803407,-0.028079577600726657,-0.270999999999999,-0.09468822170900693,0.8110005566789362
SH.603528,True,BAR,True,-0.012158054711246202,0.014040561622464809,0.020149018209772218,0.07500000000000018,-0.03358778625954195,1.2494068803001035
SH.603533,True,BAR,True,-0.007982261640798183,0.07755298651252396,0.08366144309983137,-0.9789999999999992,-0.09979879275653925,0.7077722030484749
SH.603536,True,BAR,True,0.004052684903748771,0.055378061767838105,0.061486518355145514,0.04049999999999976,-0.1260583254938854,0.6025921939530297
SH.603559,True,BAR,True,-0.014099783080260386,0.04243119266055029,0.0485396492478577,-0.7349999999999994,-0.17582417582417587,0.516493597659092
SH.603567,True,BAR,True,-0.026365348399246646,-0.08818342151675485,-0.08207496492944744,-0.33200000000000074,-0.11774744027303763,0.9729969383268114
SH.603578,True,BAR,True,-0.005035971223021574,0.05011389521640086,0.05622235180370827,0.2870000000000026,-0.06726457399103136,1.111259533399583
SH.603616,True,BAR,True,0.0017889087656528524,-0.005328596802841923,0.0007798597844654864,-0.1095000000000006,-0.08221476510067116,0.7458203352709428
SH.603626,True,BAR,True,-0.016171328671328533,0.14671421293937859,0.152822669526686,1.9024999999999999,-0.13715110683349385,1.268418166655435
SH.603633,True,BAR,True,-0.010989010989011061,-0.033742331288343475,-0.027633874701036065,-0.2394999999999996,-0.06666666666666665,1.1210260524696585
SH.603636,True,BAR,True,-0.09875141884222471,0.144092219020173,0.1502006756074804,0.7860000000000014,-0.09875141884222471,2.7072193215679063
SH.603657,True,BAR,True,-0.025655021834061098,0.5012615643397813,0.5073700209270887,5.778500000000001,-0.042895442359249136,1.341807199293291
SH.603660,True,BAR,True,-0.011282051282051175,-0.09737827715355796,-0.09126982056625055,-0.33899999999999864,-0.15702479338842978,1.0577353530108846
SH.603666,True,BAR,True,-0.022350396539293382,-0.0195227765726681,-0.01341431998536069,1.1110000000000042,-0.08364312267657992,1.1126580383674438
SH.603669,True,BAR,True,-0.019933554817275656,0.07664233576642343,0.08275079235373084,0.39250000000000007,-0.0611510791366906,1.7816934075667936
SH.603679,True,BAR,True,-0.03787234042553189,-0.010070052539404517,-0.003961595952097108,-1.363500000000002,-0.15508221225710017,1.435669172420234
SH.603690,True,BAR,True,0.0024752475247524774,-0.016990291262135804,-0.010881834674828395,0.13799999999999812,-0.09207959422551693,1.0540913352495
SH.603703,True,BAR,True,-0.019175455417066112,0.025050100200400882,0.03115855678770829,-0.07049999999999912,-0.08834586466165428,1.3161371337732235
SH.603709,True,BAR,True,0.008661417322834764,0.07107023411371238,0.07717869070101979,0.40350000000000286,-0.05516154452324662,0.9147824283492695
SH.603712,True,BAR,True,-0.011265164644713943,0.01152482269503552,0.01763327928234293,-0.2364999999999995,-0.05210084033613449,1.0860663718714907
SH.603716,True,BAR,True,0.027364663890541374,0.08411801632140614,0.09022647290871355,0.3910000000000018,-0.10481586402266274,1.3857626050430139
SH.603717,True,BAR,True,0.010221465076660996,-0.09465648854961839,-0.08854803196231098,-0.3435000000000006,-0.14179104477611948,0.7579702826932102
SH.603719,True,BAR,True,-0.008743169398907069,-0.03510638297872337,-0.028997926391415962,-0.2870000000000008,-0.11711711711711714,0.8191287716526571
SH.603722,True,BAR,True,-0.007028112449799062,0.004060913705583813,0.010169370292891222,0.12850000000000605,-0.09173126614987082,0.8429431732477356
SH.603773,True,BAR,True,-0.04682926829268286,0.046935276468067055,0.053043733055374465,5.760999999999996,-0.14452569571399543,1.6225144469417003
SH.603776,True,BAR,True,0.015362457993278955,0.05171556439582292,0.05782402098313033,1.0420000000000016,-0.0775862068965516,1.2830702522274147
SH.603777,True,BAR,True,-0.013103448275862073,0.027279253409906667,0.03338770999721408,0.43299999999999983,-0.11141490088858519,1.0733506638465975
SH.603778,True,BAR,True,-0.027906976744186074,-0.10588235294117654,-0.09977389635386913,-1.4015000000000022,-0.22520852641334566,1.0655799247258861
SH.603779,True,BAR,True,-0.01807228915662651,0.0012285012285011554,0.007336957815808565,-0.13150000000000261,-0.11864406779661019,0.6442769676750668
SH.603803,True,BAR,True,-0.041181041181041156,0.11171171171171168,0.11782016829901909,0.8550000000000004,-0.060869565217391286,1.4325000329823168
SH.603813,True,BAR,True,0.04784313725490197,-0.07734806629834257,-0.07123960971103516,-0.6400000000000041,-0.12760862127950734,1.1562665674846047
SH.603818,True,BAR,True,0.015706806282722585,0.0237467018469657,0.02985515843427311,0.04800000000000049,-0.11363636363636365,1.2792287136913019
SH.603839,True,BAR,True,0.0,-0.04299583911234395,-0.03688738252503654,0.05999999999999961,-0.10941828254847641,0.5226558388244577
SH.603863,True,BAR,True,-0.022204599524187074,-0.022979397781299427,-0.016870941193992017,-0.16299999999999848,-0.10246533127889057,1.0610634388908964
SH.603879,True,BAR,True,0.006160164271047375,-0.10256410256410253,-0.09645564597679512,-0.26449999999999996,-0.10968921389396702,0.8072837732377046
SH.603880,True,BAR,True,-0.01935483870967758,0.014460511679643906,0.020568968266951315,-0.5040000000000013,-0.13196480938416422,1.1317945849367488
SH.603882,True,BAR,True,0.011007911936704584,0.042198581560283666,0.048307038147591075,1.9609999999999985,-0.0665236051502146,1.5402372797055257
SH.603887,True,BAR,True,-0.017045454545454586,-0.05875952121871586,-0.05265106463140845,-0.5805000000000007,-0.11475409836065564,0.5111641807361144
SH.603903,True,BAR,True,-0.009920634920634774,0.06170212765957461,0.06781058424688202,0.6920000000000002,-0.08267195767195767,1.627932259900454
SH.603906,True,BAR,True,-0.02219755826859038,-0.0912841670964415,-0.08517571050913408,-0.9185000000000016,-0.10239429444727444,0.6004401250447987
SH.603912,True,BAR,True,0.028477546549835697,0.05269058295964135,0.05879903954694876,0.49600000000000044,-0.11477151965993626,0.9992303284155656
SH.603918,True,BAR,True,-0.014204545454545525,-0.0440771349862259,-0.03796867839891849,-0.5785,-0.10729613733905574,1.2231123560908184
SH.603937,True,BAR,True,0.04471858134155737,0.1415332771693345,0.1476417337566419,1.6915000000000013,-0.06063122923588027,1.9755215959885901
SH.603955,True,BAR,True,0.03790322580645156,0.21472392638036797,0.22083238296767538,3.4344999999999963,-0.056115738711091545,1.2110159837618253
SH.603956,True,BAR,True,-0.0196905766526021,0.1520661157024794,0.15817457228978682,0.4449999999999994,-0.03994490358126723,1.1624166398576181
SH.603958,True,BAR,True,-0.012150026413100923,-0.20997042670046484,-0.20386197011315743,-0.5159999999999982,-0.3350104821802936,0.7084297940636618
SH.603968,True,BAR,True,-0.005644402634054635,-0.005644402634054635,0.0004640539532527743,-0.12899999999999956,-0.09042076991942705,1.4037928500189627
SH.603978,True,BAR,True,0.011275272161741956,0.35964453737584967,0.3657529939631571,3.903500000000001,-0.12798264642082424,1.258529563829457
SH.603982,True,BAR,True,0.0,0.020967741935483897,0.027076198522791306,0.059499999999999886,-0.06259780907668222,0.9233146878233461
SH.603991,True,BAR,True,-0.052163604030823985,0.3216862037871955,0.3277946603745029,10.248999999999995,-0.0741960267808145,1.2278655507751575
SH.605006,True,BAR,True,-0.055985705777248373,0.15693430656934315,0.16304276315665056,-0.34800000000000075,-0.12720264317180618,0.8312299554776191
SH.605008,True,BAR,True,0.03157894736842093,0.152037617554859,0.15814607414216642,0.8799999999999972,-0.018404907975460016,0.859451933914171
SH.605055,True,BAR,True,0.0068415051311288,-0.10536980749746694,-0.09926135091015953,-0.4535,-0.15815324165029465,0.933279671002398
SH.605069,True,BAR,True,0.03951890034364247,0.134020618556701,0.1401290751440084,0.7209999999999983,-0.07984189723320156,1.6645232072610308
SH.605122,True,BAR,True,0.015573770491803307,0.06351931330472094,0.06962776989202835,0.6210000000000004,-0.08753096614368283,1.2126859294999557
SH.605136,True,BAR,True,0.003558718861210064,0.04315659679408146,0.04926505338138887,-0.04400000000000048,-0.08117249154453199,0.7226491109359336
SH.605177,True,BAR,True,0.03897147448774607,0.2872075659532105,0.2933160225405179,2.4044999999999987,-0.1446245733788396,0.9891804158694965
SH.605178,True,BAR,True,-0.056156968876860724,0.08139534883720922,0.08750380542451663,1.6624999999999943,-0.09436379163108455,1.4570424729765483
SH.605303,True,MISSING_DATA,False,,,,,,
SH.605318,True,BAR,True,-0.04041164658634555,0.025757982291386927,0.031866438878694336,-0.7430000000000092,-0.07092466616276139,1.1217541442957042
SH.605358,True,BAR,True,0.006454299396210672,0.1390197926484451,0.14512824923575252,4.708000000000013,-0.09937191565724535,1.5130749128324226
SH.605366,True,BAR,True,0.053714285714285825,0.18508997429305918,0.1911984308803666,0.9359999999999999,-0.04825090470446314,1.620119830302485
SH.605388,True,BAR,True,-0.014657980456026065,-0.0032948929159802853,0.002813563671327124,-0.08649999999999913,-0.11349693251533732,1.0769989630724892
SH.605399,True,BAR,True,0.0025951557093424338,0.07513914656771803,0.08124760315502544,0.2159999999999993,-0.054841473864610135,0.7640869753362284
SH.605588,True,BAR,True,-0.025428984908000718,0.027462946817785383,0.03357140340509279,0.8935000000000031,-0.08985266652832535,1.2640632857705585
SH.688004,True,BAR,True,-0.010746268656716351,0.5342592592592592,0.5403677158465666,6.624499999999998,-0.14401709401709395,2.055260060861627
SH.688007,True,BAR,True,0.0035746201966042612,0.09241245136186782,0.09852090794917523,0.616500000000002,-0.08502772643253231,2.0616466581545176
SH.688011,True,BAR,True,-0.09800190294957178,-0.11578947368421055,-0.10968101709690314,-12.201999999999998,-0.2100940364242353,1.3271211133829575
SH.688020,True,BAR,True,-0.04802690013957611,0.23946803238063774,0.24557648896794515,7.476499999999987,-0.12592261239096403,0.8712477824710431
SH.688023,True,BAR,True,0.009696458684654408,0.2705570291777186,0.27666548576502603,4.729999999999997,-0.062389380530973426,1.18591336901943
SH.688030,True,BAR,True,0.0,0.14045618247298908,0.1465646390602965,1.5869999999999997,-0.07683486238532111,1.1717740915044719
SH.688031,True,BAR,True,-0.04862385321100915,0.05439755973563809,0.0605060163229455,-3.6795000000000044,-0.16017094017094013,0.8511494543267263
SH.688032,True,BAR,True,-0.022749893359874762,-0.07967327262988755,-0.07356481604258014,-1.9469999999999885,-0.109169732002102,0.6203153252468464
SH.688038,True,BAR,True,-0.0137966274910577,0.07043815862451464,0.07654661521182204,0.5050000000000026,-0.052631578947368474,1.017583144555914
SH.688039,True,BAR,True,-0.016771488469601747,0.06452658884565499,0.0706350454329624,-0.6694999999999993,-0.14582224587546555,0.7010805973145694
SH.688047,True,BAR,True,-0.010864430798299352,0.01640617415784873,0.02251463074515614,1.5390000000000157,-0.10925925925925928,1.4332966457769982
SH.688051,True,BAR,True,-0.021526418786692814,0.0,0.006108456587307409,0.06349999999999767,-0.09418604651162787,1.456415713052033
SH.688052,True,BAR,True,-0.005033623028825374,0.08068511874252504,0.08679357532983245,9.217499999999973,-0.10009465215333646,1.0349050855968362
SH.688055,True,BAR,True,-0.023684210526315752,0.0,0.006108456587307409,-0.017499999999999183,-0.057742782152231054,0.9599901686415616
SH.688058,True,BAR,True,-0.018273716951788477,0.10989010989010994,0.11599856647741735,0.6585000000000036,-0.08205128205128209,0.8988836737828122
SH.688060,True,BAR,True,-0.02494747899159655,0.05663062037564037,0.06273907696294778,0.7665000000000006,-0.08095991561181437,1.1306364209858626
SH.688061,True,BAR,True,-0.02126315789473676,0.26537833424060975,0.27148679082791716,0.920499999999997,-0.18346303501945527,0.7892204587196759
SH.688062,True,BAR,True,-0.047841726618705116,-0.11025210084033621,-0.1041436442530288,-0.6819999999999986,-0.1510258997645476,1.2494152718955576
SH.688068,True,BAR,True,-0.03739786297925829,-0.08530758510850078,-0.07919912852119337,-0.7585000000000122,-0.1281221559308322,1.4787400969882214
SH.688071,True,BAR,True,-0.002797202797202858,0.09389383246394578,0.10000228905125319,2.00950000000001,-0.12892470130591827,1.3565401807943935
SH.688078,True,BAR,True,-0.01308649856367683,0.3163048105576842,0.32241326714499163,3.5845000000000056,-0.07160493827160497,1.4732122467806585
SH.688079,True,BAR,True,-0.030454042081948907,0.13333333333333353,0.13944178992064094,1.6170000000000044,-0.08514605344934734,1.9209714524088466
SH.688081,True,BAR,True,-0.015748031496063075,-0.07505285412262153,-0.06894439753531412,-0.6075000000000053,-0.14368206521739135,0.814712599804751
SH.688084,True,BAR,True,-0.032381380706093976,0.024523809523809614,0.030632266111117024,-1.5454999999999899,-0.11838265944143389,0.6620069612484231
SH.688096,True,BAR,True,-0.01200000000000001,-0.1403712296983758,-0.13426277311106838,-0.5885000000000016,-0.18555555555555558,0.9084501181771335
SH.688098,True,BAR,True,-0.03571428571428581,0.018248175182481674,0.024356631769789083,0.06949999999999967,-0.060355029585798636,1.8101946852666466
SH.688105,True,BAR,True,-0.03696991663646243,0.16586222027204922,0.17197067685935663,4.965000000000003,-0.11804613297150612,2.01828359830716
SH.688107,True,BAR,True,-0.0087096774193548,0.030170968823332256,0.036279425410639665,0.7805,-0.10216422660725655,0.9781731961585549
SH.688110,True,BAR,True,-0.03196086424785982,0.04700176366843034,0.05311022025573775,1.8760000000000048,-0.09420894526034718,1.0412086568709158
SH.688114,True,BAR,True,-0.005309264666843672,0.12623985572587904,0.13234831231318644,10.911500000000004,-0.19496402877697838,1.4653404529559608
SH.688119,True,BAR,True,-0.007751937984496138,-0.030303030303030276,-0.024194573715722867,-0.0420000000000007,-0.06030150753768837,0.935261230500567
SH.688125,True,BAR,True,-0.03232825613926027,0.041659695499414395,0.047768152086721805,2.289500000000018,-0.12269088669950723,0.9861532231014469
SH.688126,True,BAR,True,-0.003215434083601254,0.02268041237113394,0.02878886895844135,1.1124999999999972,-0.13084853291038845,1.2159981931072446
SH.688130,True,BAR,True,-0.04033672395650656,0.18236819360414858,0.18847665019145599,3.059000000000001,-0.09999999999999998,1.5894971207712747
SH.688132,True,BAR,True,0.0035885167464115852,0.25223880597014925,0.25834726255745666,1.082500000000005,-0.08063530849114231,0.8254825472070778
SH.688133,True,BAR,True,-0.02028485110056122,-0.03280783979548363,-0.02669938320817622,1.3554999999999957,-0.1548994437312795,1.368737329925206
SH.688135,True,BAR,True,-0.018610421836228297,0.5570866141732282,0.5631950707605357,5.5660000000000025,-0.12760853921803794,1.4326660181005262
SH.688137,True,BAR,True,0.019619016606968298,0.4912489582093107,0.4973574147966181,40.35600000000001,-0.2550514216575923,1.6668499579449787
SH.688141,True,BAR,True,-0.057758403889680565,-0.06644518272425248,-0.060336726136945074,-3.9594999999999914,-0.18726360478579707,1.2100440396417957
SH.688148,True,BAR,True,-0.01342281879194629,-0.069620253164557,-0.06351179657724959,-0.18949999999999978,-0.08307210031347967,0.8868259989602498
SH.688152,True,BAR,True,-0.03611491108071141,0.1371852808263394,0.14329373741364682,-0.9590000000000032,-0.115315776016364,0.6377383538965397
SH.688156,True,BAR,True,-0.018454935622317592,0.16209349593495936,0.16820195252226677,0.46499999999999986,-0.10999999999999999,0.6892106023953974
SH.688158,True,BAR,True,-0.018536908308507183,0.009533537623425126,0.015641994210732535,-0.12400000000000233,-0.09433354797166771,1.1564157103812116
SH.688165,True,BAR,True,-0.014637391882900808,-0.09029484029484036,-0.08418638370753295,-0.498999999999997,-0.12873703477730325,1.0308544725451942
SH.688167,True,BAR,True,-0.04875364195532539,0.12152671755725186,0.12763517414455927,-2.9420000000000073,-0.12713472485768496,0.758491753877142
SH.688168,True,BAR,True,-0.01147902869757167,0.3419238837278995,0.3480323403152069,5.639000000000003,-0.041318775422821696,1.387016494043828
SH.688172,True,BAR,True,-0.03620102214650778,-0.15449280777134322,-0.1483843511840358,-1.2550000000000026,-0.2366799565059805,0.8613485421161746
SH.688173,True,BAR,True,-0.025343953656770446,-0.005173688100517215,0.000934768486790194,0.3500000000000014,-0.18326417704011067,1.0335522194680242
SH.688175,True,BAR,True,-0.03135498320268759,0.24281609195402298,0.2489245485413304,6.277999999999995,-0.14663951120162932,2.2981522810440587
SH.688176,True,BAR,True,0.002722940776038074,0.2504244482173177,0.2565329048046251,1.7265000000000015,-0.08749999999999991,1.6832871260247306
SH.688177,True,BAR,True,-0.020686412787964348,0.07371134020618553,0.07981979679349294,2.7699999999999996,-0.12166488794023467,2.1846749266596683
SH.688178,True,BAR,True,-0.007907742998352618,0.07344028520499113,0.07954874179229854,1.3749999999999964,-0.09712950600801074,1.034863160030133
SH.688180,True,BAR,True,-0.025153717160424804,-0.016910935738444044,-0.010802479151136635,1.3985000000000056,-0.10964295754849585,1.259119550029604
SH.688192,True,BAR,True,-0.06307053941908713,-0.02318740266482089,-0.01707894607751348,-0.9979999999999976,-0.0948735019973368,1.1184903395876349
SH.688197,True,BAR,True,-0.04409528636594029,0.07098239636570125,0.07709085295300866,3.4624999999999915,-0.08443045220377787,1.3918947533399164
SH.688202,True,BAR,True,-0.0783225145199864,0.035306533627554426,0.041414990214861835,7.900000000000006,-0.08837301982664147,1.1767194555204064
SH.688207,True,BAR,True,-0.05419664268585145,0.13008595988538674,0.13619441647269415,0.8724999999999952,-0.05419664268585145,1.2300496328516928
SH.688210,True,BAR,True,-0.026590373611578566,-0.07277973709522279,-0.06667128050791538,-1.3619999999999983,-0.24832214765100669,0.6337498836840286
SH.688211,True,BAR,True,-0.0021090689966857257,0.0721916477824538,0.0783001043697612,1.936,-0.07215541165587414,1.6465083093984936
SH.688216,True,BAR,True,-0.02915662650602413,0.34749163879598677,0.3536000953832942,5.819000000000003,-0.05437875434713879,1.3412919361694013
SH.688217,True,BAR,True,-0.0054284606436603156,0.028880866425992746,0.034989323013300155,1.102999999999998,-0.107171000788022,1.1892984731327618
SH.688220,True,BAR,True,-0.02327447833065821,0.04643164230438512,0.05254009889169253,2.404999999999987,-0.15032045057292687,1.3139315220933732
SH.688221,True,BAR,True,-0.04290617848970246,-0.11947368421052629,-0.11336522762321888,-0.2995000000000019,-0.20430107526881724,1.0558660562617204
SH.688223,True,BAR,True,-0.025974025974025983,-0.14772727272727282,-0.1416188161399654,-0.21149999999999958,-0.10952380952380947,0.9569448269541633
SH.688225,True,BAR,True,0.0034059945504087974,0.21635012386457486,0.22245858045188227,1.416999999999998,-0.051862673484295074,1.0815144411584905
SH.688227,True,BAR,True,-0.024822695035460862,0.13052415210688584,0.13663260869419325,4.272500000000008,-0.1339737764507336,1.374152145476395
SH.688228,True,BAR,True,-0.04770497349723701,0.0536561018218118,0.059764558409119206,3.849499999999992,-0.12154566744730688,1.0491916506511778
SH.688229,True,BAR,True,-0.025735885475309694,-0.05314991402219793,-0.04704145743489052,-2.774499999999996,-0.12547472976920826,0.7203050689436694
SH.688234,True,BAR,True,-0.03261155430875773,0.05265668224744813,0.05876513883475554,7.078499999999977,-0.1379152975538518,1.280351617471445
SH.688238,True,BAR,True,-0.018433179723502335,0.19327731092436973,0.19938576751167714,1.5864999999999991,-0.11173974540311171,2.1181366869367864
SH.688244,True,BAR,True,-0.014336917562723928,0.10663983903420515,0.11274829562151256,0.9439999999999973,-0.14319387153800822,1.6370834688269196
SH.688246,True,BAR,True,-0.02931228861330326,0.000581057524694728,0.006689514112002137,0.14949999999999974,-0.10851419031719534,1.2949026285302223
SH.688260,True,BAR,True,-0.06642605482512676,0.09759547383309752,0.10370393042040493,2.492999999999995,-0.15738476011288804,1.3052280021467986
SH.688262,True,BAR,True,-0.04600326264274057,0.11052031902772508,0.11662877561503249,1.3014999999999937,-0.07646854362182831,1.4570797797138761
SH.688266,True,BAR,True,-0.061180525635501914,-0.08980785296574767,-0.08369939637844026,-5.361499999999992,-0.09563046192259683,1.1710583857080366
SH.688272,True,BAR,True,-0.018000000000000016,0.03223545900490543,0.03834391559221284,1.0529999999999973,-0.10222672064777327,0.993730618824054
SH.688275,True,BAR,True,-0.019283746556473802,-0.18012121212121213,-0.17401275553390472,-4.992500000000021,-0.20879635045034506,0.7900414783497469
SH.688276,True,BAR,True,-0.026864035087719174,0.033779848573092464,0.03988830516039987,1.288499999999999,-0.15524079320113304,1.8231663178627084
SH.688277,True,BAR,True,-0.03411244472520536,-0.01608751608751613,-0.00997905950020872,0.09249999999999936,-0.05662805662805659,1.3067235375803772
SH.688282,True,BAR,True,0.027704979408461172,0.05011476664116299,0.0562232232284704,0.73749999999999,-0.11358497129935641,0.9629716604051218
SH.688290,True,BAR,True,-0.032360406091370586,-0.08955223880597019,-0.08344378221866278,-2.4879999999999995,-0.1133720930232558,1.250712275794339
SH.688292,True,BAR,True,-0.05478260869565221,0.29020771513353094,0.29631617172083835,2.4104999999999954,-0.05560382276281495,1.9807041281238538
SH.688296,True,BAR,True,-0.037347294938917974,0.1420289855072463,0.1481374420945537,2.258499999999998,-0.08966861598440534,1.18375237949142
SH.688298,True,BAR,True,-0.010319917440660409,-0.01842374616171949,-0.01231528957441208,0.34199999999999875,-0.09979736575481246,1.5234259619744015
SH.688299,True,BAR,True,-0.02763636363636368,0.031635802469135665,0.037744259056443075,0.36599999999999966,-0.04907975460122693,1.3832933922140875
SH.688302,True,BAR,True,-0.022585438335809727,-0.04804630969609247,-0.04193785310878506,1.0430000000000028,-0.13697429906542058,1.1720709164475835
SH.688303,True,BAR,True,-0.025846153846153852,-0.10107893242475863,-0.09497047583745122,-0.8169999999999984,-0.09387521465369197,1.1347640134086905
SH.688311,True,BAR,True,-0.01878497202238205,0.09794275491949911,0.10405121150680652,1.123000000000001,-0.05569620253164553,1.2743535371399326
SH.688316,True,BAR,True,-0.010131493856434526,-0.01077121930202496,-0.00466276271471755,-0.2564999999999884,-0.11097308488612834,1.22429402510748
SH.688317,True,BAR,True,-0.03300670448684895,0.08006912442396308,0.08617758101127049,1.679000000000002,-0.0796306982111944,2.52892874821961
SH.688320,True,BAR,True,0.0051089002420006135,0.0772334293948127,0.08334188598212011,3.5860000000000056,-0.1392757660167131,1.3877768995892525
SH.688323,True,BAR,True,-0.025274725274725296,-0.002997377294867043,0.0031110792924403663,0.464500000000001,-0.1032982964842335,0.9701767171297097
SH.688327,True,BAR,True,-0.01787487586891756,0.013319672131147708,0.019428128718455118,-0.22499999999999787,-0.09831460674157289,0.8460437034895432
SH.688339,True,BAR,True,-0.006586169045005308,0.059718969555035306,0.06582742614234272,0.570999999999998,-0.10021786492374729,1.6951425341843043
SH.688343,True,BAR,True,-0.024893097128894315,0.1560745971392361,0.1621830537265435,5.483999999999995,-0.13198138297872342,1.503663231881307
SH.688348,True,BAR,True,-0.012944983818770184,-0.05980271270036985,-0.053694256113062444,-0.0919999999999952,-0.10237434474252238,0.8969582571408289
SH.688359,True,BAR,True,-0.03642987249544627,0.19683257918552055,0.20294103577282796,10.168500000000009,-0.08578431372549022,1.264890649998371
SH.688365,True,BAR,True,-0.026060606060606006,0.15279770444763274,0.15890616103494015,1.1419999999999995,-0.11384217335058222,1.677176357439973
SH.688369,True,BAR,True,-0.019539078156312617,-0.006094464195022908,1.3992392284500887e-05,-0.1504999999999974,-0.10178485287023631,1.038436716666949
SH.688373,True,BAR,True,-0.026578073089700838,0.06934306569343063,0.07545152228073804,0.22350000000000048,-0.10427350427350424,1.3770579219494672
SH.688381,True,BAR,True,-0.04610829103214886,0.39801611903285816,0.40412457562016557,6.113500000000002,-0.06013245033112591,1.2116070558117247
SH.688382,True,BAR,True,-0.05826217980914117,-0.06296851574212903,-0.05686005915482162,-0.5890000000000022,-0.10606060606060619,1.1430282593690537
SH.688387,True,BAR,True,-0.009654062751407788,-0.022239872915011838,-0.01613141632770443,-0.3414999999999999,-0.12255257432922406,0.8564422408026585
SH.688399,True,BAR,True,-0.00932233775546798,-0.0257404795486601,-0.01963202296135269,1.0749999999999993,-0.149101163200564,1.4872206974318019
SH.688408,True,BAR,True,-0.02028485110056122,-0.09018036072144286,-0.08407190413413546,-0.6395000000000017,-0.1652830188679245,0.7037660941118813
SH.688416,True,BAR,True,-0.04332693230916951,0.08744884038199174,0.09355729696929915,2.6274999999999977,-0.115375,1.130303126274081
SH.688418,True,BAR,True,-0.008059516429014146,0.0025062656641603454,0.008614722251467755,-0.08049999999999358,-0.07235064545181635,0.9723654824076589
SH.688420,True,BAR,True,-0.021450021450021506,0.011529933481152943,0.017638390068460352,0.6395000000000017,-0.06976744186046513,1.1891747710141456
SH.688426,True,BAR,True,-0.07692307692307687,0.017608897126969447,0.023717353714276856,0.7060000000000031,-0.07692307692307687,1.7745676267519976
SH.688429,True,BAR,True,0.010010010010010006,-0.034449760765550175,-0.028341304178242765,0.1164999999999985,-0.11184834123222764,0.7194920586813934
SH.688435,True,BAR,True,-0.022402597402597424,0.021717000339328107,0.027825456926635517,-1.0345000000000013,-0.23412171140047844,0.6499662923594373
SH.688443,True,BAR,True,-0.034523342487249864,-0.004449838187702282,0.0016586183996051274,1.1789999999999985,-0.10524193548387095,1.4286934555724022
SH.688450,True,BAR,True,-0.023907910271546706,-0.008693045563549107,-0.0025845889762416974,0.17149999999999466,-0.1096866096866097,0.9256878539401966
SH.688458,True,BAR,True,-0.016821491338187333,0.19572519083969464,0.20183364742700205,2.3759999999999906,-0.0442525634106854,0.9580153197770255
SH.688469,True,BAR,True,-0.027180067950169917,0.010588235294117565,0.016696691881424974,0.04899999999999949,-0.06043329532497144,1.0611898130669968
SH.688478,True,BAR,True,-0.04776231666039865,0.07928388746803061,0.08539234405533802,5.087500000000006,-0.21007736560206303,1.5511404109579592
SH.688485,True,BAR,True,-0.06311513825964699,0.3762478485370051,0.3823563051243125,17.853499999999997,-0.07531194295900179,1.219188971817927
SH.688488,True,BAR,True,-0.04491017964071853,-0.03039513677811545,-0.02428668019080804,0.3000000000000025,-0.1341911764705882,1.1744110675564614
SH.688489,True,BAR,True,-0.06224066390041494,0.14720812182741128,0.15331657841471868,2.4924999999999997,-0.08027156549520764,1.7946366532317435
SH.688500,True,BAR,True,-0.015394483643361156,-0.14934885009697985,-0.14324039350967244,-2.6009999999999955,-0.20876288659793807,1.0762547143281211
SH.688506,True,BAR,True,-0.036168841630417226,-0.11100378928597965,-0.10489533269867224,-14.293999999999983,-0.1201882422147873,1.2297477901731642
SH.688509,True,BAR,True,-0.004796163069544224,-0.025821596244131273,-0.019713139656823864,-0.05149999999999988,-0.07305936073059371,0.8379461329570743
SH.688512,True,BAR,True,0.01501154734411081,0.3080357142857142,0.3141441708730216,3.4609999999999985,-0.08396946564885499,2.2050502430572694
SH.688515,True,BAR,True,-0.034810126582278444,0.03586469229724232,0.04197314888454973,4.0604999999999905,-0.11794546607482559,1.1077975114206648
SH.688520,True,BAR,True,-0.03949489521762495,-0.0350877192982455,-0.028979262710938092,1.2090000000000032,-0.13232104121475063,1.7192197171150283
SH.688521,True,BAR,True,-0.013082778306374832,0.1493074792243767,0.1554159358116841,13.32099999999997,-0.10496354738839497,1.1754649182732597
SH.688528,True,BAR,True,0.0068359375,0.005853658536585371,0.01196211512389278,0.16299999999999848,-0.124074074074074,0.9781501035203027
SH.688529,True,BAR,True,0.013645224171539905,0.0012836970474967568,0.007392153634804166,0.47699999999999854,-0.10506329113924051,1.0555019432760806
SH.688538,True,BAR,True,-0.009661835748792313,-0.11255411255411263,-0.10644565596680522,-0.10949999999999971,-0.10869565217391308,0.7458405904326727
SH.688556,True,BAR,True,-0.011335012594458571,-0.03325123152709353,-0.02714277493978612,0.0034999999999989484,-0.10373944511459587,0.7838644067023621
SH.688559,True,BAR,True,-0.014529481331305938,0.12000768049155153,0.12611613707885894,1.5870000000000033,-0.09393887066137108,0.9196702406374009
SH.688560,True,BAR,True,-0.006211180124223614,0.046606704824202705,0.052715161411510114,0.4574999999999996,-0.056089743589743724,0.9820283320684301
SH.688561,True,BAR,True,-0.025544959128065425,0.14623397435897423,0.15234243094628164,0.8404999999999987,-0.0786174178244663,1.0320680490580858
SH.688562,True,BAR,True,-0.0020746887966806016,0.016913319238900604,0.023021775826208013,0.01249999999999929,-0.05608108108108112,0.7924946019789436
SH.688567,True,BAR,True,-0.015521064301551979,-0.09387755102040818,-0.08776909443310077,-0.23000000000000043,-0.13346613545816732,0.6678916530206273
SH.688573,True,BAR,True,-0.0728862973760932,-0.03284671532846717,-0.02673825874115976,-0.12049999999999805,-0.09946075494307982,1.7576641262981052
SH.688590,True,BAR,True,-0.023237179487179516,-0.03560126582278489,-0.02949280923547748,0.058999999999999275,-0.12109375,1.1381990536106246
SH.688595,True,BAR,True,-0.01646985705407089,0.1610418195157739,0.1671502761030813,1.9135000000000026,-0.08440487965710519,1.2121619032743265
SH.688598,True,BAR,True,0.0035714285714285587,0.0016451878256100727,0.007753644412917482,2.0360000000000014,-0.15452127659574477,1.0523829876032114
SH.688599,True,BAR,True,-0.02767857142857133,-0.14655172413793094,-0.14044326755062353,-0.4764999999999979,-0.14817749603803476,0.9199908683670278
SH.688602,True,BAR,True,0.0,0.045454545454545636,0.051563002041853045,0.05900000000000105,-0.049928673323823114,0.9671522693244728
SH.688607,True,BAR,True,-0.026417030007694353,-0.05993065874195147,-0.05382220215464406,-1.6450000000000031,-0.08087167070217904,0.7478989515916148
SH.688609,True,BAR,True,-0.03347280334728031,0.034714445688689866,0.040822902275997275,-0.04049999999999976,-0.06288032454361048,0.9625128972271838
SH.688611,True,BAR,True,-0.03304221251819495,0.09783506858370528,0.10394352517101269,1.7449999999999903,-0.0455459770114941,0.9469526067429566
SH.688619,True,BAR,True,-0.024932614555255972,0.05236363636363639,0.0584720929509438,-0.1794999999999991,-0.11132686084142385,0.705803143727587
SH.688620,True,BAR,True,-0.019063180827886606,0.2030728122912493,0.2091812688785567,1.6125000000000007,-0.12061794414735583,1.3794655480381472
SH.688638,True,BAR,True,0.013734658094681551,0.054086903676694,0.06019536026400141,1.6869999999999976,-0.0870712401055409,0.9866306572509027
SH.688646,True,BAR,True,0.03956695450444636,0.14281666194389353,0.14892511853120094,4.5390000000000015,-0.05742226680040119,1.3460825491907298
SH.688651,True,BAR,True,-0.02234417875343009,0.10353982300884956,0.10964827959615697,1.2305000000000028,-0.0704971475142625,1.07778905466022
SH.688653,True,BAR,True,-0.018494897959183576,0.1316176470588235,0.13772610364613092,1.2725000000000026,-0.0865650969529086,1.3519809277232024
SH.688655,True,BAR,True,-0.05566218809980816,0.6946039035591274,0.7007123601464348,17.102499999999992,-0.0803844473569244,1.2476990480483523
SH.688658,True,BAR,True,-0.04565217391304355,-0.10529891304347827,-0.09919045645617086,-0.15000000000000213,-0.18169934640522878,0.9699753803274483
SH.688659,True,BAR,True,-0.0010741138560687036,-0.130841121495327,-0.1247326649080196,-0.42350000000000065,-0.16132075471698104,0.9922202103799198
SH.688660,True,BAR,True,-0.007847533632287074,0.15837696335078544,0.16448541993809285,0.3194999999999997,-0.07244655581947745,0.8338751616074871
SH.688669,True,BAR,True,-0.031127841320399474,-0.12086179716237522,-0.11475334057506781,-4.051500000000004,-0.11982112324082594,0.976183953138969
SH.688670,True,BAR,True,-0.03599788247750135,0.11376146788990815,0.11986992447721556,1.0635000000000048,-0.042134831460674205,1.1378442947013898
SH.688671,True,BAR,True,-0.019395747855277867,0.07613589848546876,0.08224435507277617,1.2869999999999955,-0.07114624505928857,1.3209180664491158
SH.688679,True,BAR,True,-0.05263157894736836,0.025641025641025772,0.03174948222833318,-2.0089999999999932,-0.0898643989887381,0.9098714596655579
SH.688680,True,BAR,True,0.016593207155820577,0.16419239904988125,0.17030085563718866,5.253999999999998,-0.10734463276836148,1.6377410557571566
SH.688691,True,BAR,True,-0.01740723774622077,0.013385826771653564,0.019494283358960973,1.170499999999997,-0.12498131260278067,1.1110907469440034
SH.688693,True,BAR,True,-0.03187855787476279,0.03825803825803842,0.04436649484534583,0.8785000000000025,-0.06425806451612903,0.9398852860193728
SH.688695,True,BAR,True,-0.005519317611640706,0.02694300518134707,0.03305146176865448,0.4250000000000007,-0.11655239960822739,0.892933692059476
SH.688701,True,BAR,True,-0.00919540229885063,-0.05274725274725278,-0.04663879615994537,-0.3990000000000009,-0.1059811122770199,0.7211036328343177
SH.688702,True,BAR,True,-0.0194029850746269,-0.11014194387257559,-0.10403348728526818,-6.235500000000002,-0.2285128205128205,1.1582736990450335
SH.688707,True,BAR,True,-0.018482490272373475,-0.046313799621928164,-0.040205343034620755,-0.21050000000000146,-0.059981255857544546,0.7191892269406471
SH.688719,True,BAR,True,-0.04399677679290892,0.2384133611691024,0.2445218177564098,4.651500000000006,-0.0893470790378007,1.1127815346870278
SH.688737,True,BAR,True,-0.015927189988623303,-0.04367053620784955,-0.037562079620542144,0.04100000000000037,-0.08975069252077572,1.1081416031026883
SH.688759,True,BAR,True,-0.03974358974358971,-0.09577464788732404,-0.08966619130001663,-0.35549999999999926,-0.18810726778080056,1.3531387389288325
SH.688765,True,BAR,True,-0.03525264394829608,0.10886007563479194,0.11496853222209935,3.281000000000006,-0.10128205128205137,1.7871362649299434
SH.688776,True,BAR,True,0.04326923076923084,0.13731656184486374,0.14342501843217115,6.825500000000005,-0.0937051466065204,1.9944949176393543
SH.688781,True,BAR,True,-0.12684251357641585,0.22670299727520438,0.23281145386251179,3.9365000000000094,-0.1809545875810935,2.249221143523559
SH.688783,True,BAR,True,-0.0030000000000000027,-0.022868343678536407,-0.016759887091228998,1.1915000000000049,-0.1803125,1.340165443210659
SH.688788,True,BAR,True,-0.019581363943281582,-0.017591339648173165,-0.011482883060865756,-1.0110000000000063,-0.11286821705426353,0.6359567431898321
SH.688790,True,BAR,True,-0.03595750476709336,0.11663862010938164,0.12274707669668905,0.5934999999999917,-0.23551401869158872,1.8177471444347317
SH.688793,True,BAR,True,-0.012979989183342311,-0.07874810701665824,-0.07263965042935083,-0.07900000000000063,-0.15720743345052735,1.1188577922010343
SH.688795,True,BAR,True,-0.0038390804597701056,-0.1771486081045156,-0.1710401515172082,-10.651499999999999,-0.3639572074556082,1.4085417886612561
SH.688801,True,BAR,True,-0.007092198581560294,,,,,
SH.688802,True,BAR,True,-0.016877935101161534,-0.15242009132420087,-0.14631163473689346,-24.14949999999999,-0.3328993055555556,1.852231271365089
SH.688806,True,BAR,True,-0.03628117913832207,0.04938271604938271,0.05549117263669012,2.2739999999999974,-0.1761431411530815,1.8360044380981444
SH.688828,True,BAR,True,-0.03818068015856457,-0.2219409282700422,-0.21583247168273478,-3.1119999999999948,-0.24388975559022363,0.8558362026686782
SZ.000002,True,BAR,True,-0.04081632653061229,0.20127795527156556,0.20738641185887297,0.4889999999999999,-0.07645259938837923,2.695902710120874
SZ.000006,True,BAR,True,-0.004143646408839796,0.014064697609001309,0.020173154196308718,0.11099999999999888,-0.11363636363636365,1.260119675757913
SZ.000008,True,BAR,True,0.0,-0.04800000000000004,-0.04189154341269263,-0.08500000000000085,-0.07031250000000011,0.9093357820997786
SZ.000014,True,BAR,True,-0.01663585951940849,-0.009310986964618184,-0.003202530377310775,-0.028499999999999304,-0.12925764192139721,0.8893196882934874
SZ.000031,True,BAR,True,-0.029787234042553346,0.02702702702702675,0.03313548361433416,0.02450000000000019,-0.10126582278481022,1.4754006853481703
SZ.000032,True,BAR,True,-0.024776324845147912,-0.01665510062456632,-0.010546644037258912,-0.19599999999999973,-0.06342780026990547,0.963517826878727
SZ.000059,True,BAR,True,-0.008849557522124019,0.16666666666666674,0.17277512325397415,-0.05800000000000072,-0.12195121951219512,0.5637353027262161
SZ.000068,True,BAR,True,0.003076923076922977,0.018749999999999822,0.02485845658730723,0.0039999999999995595,-0.047761194029850795,0.9386479510363341
SZ.000069,True,BAR,True,-0.03157894736842093,0.022222222222222143,0.028330678809529553,0.013500000000000068,-0.06951871657754016,1.757759925904952
SZ.000402,True,BAR,True,-0.02592592592592602,0.043650793650793496,0.049759250238100905,0.05849999999999911,-0.07954545454545447,1.6993141740332542
SZ.000410,True,BAR,True,-0.007590132827324347,0.013565891472868241,0.01967434806017565,-0.0005000000000006111,-0.0979667282809612,1.9552397529326344
SZ.000428,True,BAR,True,-0.03827751196172258,-0.15368421052631587,-0.14757575393900846,-0.48850000000000016,-0.2415094339622642,0.6684316449793126
SZ.000430,True,BAR,True,-0.02285714285714291,-0.007256894049346818,-0.0011484374620394089,-0.38099999999999934,-0.19754601226993873,0.541220036502806
SZ.000503,True,BAR,True,-0.01601164483260553,-0.024531024531024515,-0.018422567943717105,-0.16849999999999987,-0.09891598915989153,0.900705057707572
SZ.000509,True,BAR,True,-0.018617021276595702,0.07267441860465107,0.07878287519195848,0.11000000000000032,-0.07286432160804024,2.4888948965552498
SZ.000510,True,BAR,True,-0.035361414456578255,0.13386308068459662,0.13997153727190403,0.8644999999999996,-0.10464465584778959,1.1634590355310046
SZ.000516,True,BAR,True,0.007025761124121788,0.031175059952038398,0.03728351653934581,0.09100000000000108,-0.039080459770114984,1.1657181637557739
SZ.000517,True,BAR,True,-0.004975124378109319,-0.1266375545851528,-0.12052909799784539,-0.11949999999999994,-0.1271929824561403,1.1934533405112413
SZ.000518,True,BAR,True,-0.0027173913043478937,-0.05897435897435899,-0.05286590238705158,-0.18650000000000055,-0.0870646766169153,0.7116379504873039
SZ.000520,True,BAR,True,0.012437810945273853,-0.02631578947368407,-0.02020733288637666,-0.16449999999999942,-0.11258278145695377,0.5206047217396245
SZ.000536,True,BAR,True,-0.005698005698005604,-0.02785515320334253,-0.02174669661603512,-0.0794999999999999,-0.15656565656565657,1.0789832994947441
SZ.000545,True,BAR,True,0.0,-0.1780303030303031,-0.17192184644299568,-0.10899999999999999,-0.20817843866171004,0.46550601559529686
SZ.000546,True,BAR,True,-0.004576659038901698,-0.0975103734439835,-0.09140191685667609,-0.2660000000000009,-0.1049382716049384,0.9911942381869313
SZ.000547,True,BAR,True,0.01747030048916831,0.05050505050505061,0.05661350709235802,0.028999999999999915,-0.04727030625832218,1.1369858114143858
SZ.000553,True,BAR,True,0.0,-0.014440433212996373,-0.008331976625688964,-0.23299999999999876,-0.10197368421052633,0.5683289198534334
SZ.000558,True,BAR,True,-0.011080332409972304,-0.0027932960893854997,0.0033151604979219096,-0.1900000000000004,-0.13414634146341464,0.6322152423671331
SZ.000561,True,BAR,True,-0.007751937984496138,-0.00903225806451613,-0.0029238014772087206,-0.16750000000000131,-0.04477611940298498,1.1892783781415517
SZ.000564,True,BAR,True,0.0,0.006802721088435382,0.012911177675742791,-0.08899999999999997,-0.1445086705202312,0.4432802514762292
SZ.000566,True,BAR,True,-0.022916666666666585,-0.06759443339960236,-0.06148597681229495,-0.15999999999999925,-0.10629921259842523,1.2819346460589616
SZ.000571,True,BAR,True,-0.005943536404160454,0.09492635024549911,0.10103480683280652,0.4920000000000009,-0.09843750000000007,1.251442284339872
SZ.000572,True,BAR,True,-0.03482587064676612,0.007792207792207684,0.013900664379515093,-0.17599999999999927,-0.11009174311926617,1.4898471903081263
SZ.000586,True,BAR,True,-0.01541850220264307,0.023664122137404542,0.02977257872471195,-0.4624999999999986,-0.0896130346232179,0.7145047081433784
SZ.000590,True,BAR,True,-0.008839779005524906,-0.051797040169133224,-0.045688583581825815,-0.254999999999999,-0.08246346555323603,0.7643656668955897
SZ.000592,True,BAR,True,0.10025062656641581,0.418416801292407,0.4245252578797144,0.9600000000000009,-0.08381171067738236,0.9793615813058172
SZ.000599,True,BAR,True,-0.006696428571428603,-0.06708595387840655,-0.060977497291099136,-0.2214999999999998,-0.08624229979466114,1.1178501468579212
SZ.000607,True,BAR,True,-0.1004464285714286,0.08042895442359255,0.08653741101089996,0.03149999999999942,-0.19076305220883538,2.2593242431738387
SZ.000608,True,BAR,True,0.027142857142857135,-0.012362637362637319,-0.0062541807753299095,-0.14200000000000035,-0.10941475826972014,0.6758783123288635
SZ.000619,True,BAR,True,-0.003809523809523707,0.050200803212851364,0.05630925980015877,0.1620000000000008,-0.06201550387596899,1.3187626194179705
SZ.000620,True,BAR,True,-0.0457317073170731,-0.06845238095238093,-0.06234392436507352,-0.06650000000000045,-0.13913043478260867,1.1355575460503506
SZ.000635,True,BAR,True,0.006720430107526765,,,,,
SZ.000637,True,BAR,True,0.014423076923076872,0.024271844660194164,0.030380301247501573,-0.013500000000000512,-0.08108108108108114,0.9412656041046077
SZ.000659,True,BAR,True,-0.0036900369003689537,-0.05263157894736836,-0.04652312236006095,-0.17649999999999988,-0.10891089108910879,0.9198893522741152
SZ.000663,True,BAR,True,0.027027027027026973,0.05190311418685112,0.05801157077415853,0.017999999999999794,-0.08517350157728709,0.7521320064652122
SZ.000665,True,BAR,True,0.00990099009900991,0.032911392405063244,0.039019848992370654,-0.03450000000000042,-0.06744186046511624,1.0294645866936354
SZ.000670,True,BAR,True,0.048941798941799064,0.15094339622641506,0.15705185281372247,0.5519999999999978,-0.05675675675675673,1.2968648209079066
SZ.000678,True,BAR,True,0.09999999999999987,0.10376282782212098,0.1098712844094284,0.6034999999999986,-0.08975712777191147,1.0674847029926204
SZ.000679,True,BAR,True,-0.0015408320493065508,0.05024311183144259,0.05635156841875,-0.011499999999998956,-0.15395284327323167,0.695382742447311
SZ.000691,True,BAR,True,-0.02155172413793094,-0.11328125,-0.10717279341269259,-0.7345000000000024,-0.14015151515151514,0.8870617605963588
SZ.000692,True,BAR,True,0.0,-0.03962703962703962,-0.03351858303973221,-0.13700000000000045,-0.07466063348416296,0.54465687970231
SZ.000695,True,BAR,True,-0.015491866769945739,-0.18421052631578938,-0.17810206972848197,-1.1679999999999993,-0.1616094986807387,0.511511179711761
SZ.000697,True,BAR,True,-0.01764057331863289,0.0734939759036144,0.0796024324909218,-0.06400000000000006,-0.07211028632025451,0.7030510169435511
SZ.000702,True,BAR,True,0.003527336860670305,0.010657193605683846,0.016765650192991255,-0.16599999999999948,-0.13239875389408096,0.5146134785603739
SZ.000707,True,BAR,True,0.015555555555555545,-0.02350427350427342,-0.01739581691696601,-0.037499999999999645,-0.07916666666666661,0.9392780742050854
SZ.000710,True,BAR,True,0.09990009990009985,0.17628205128205132,0.18239050786935873,1.9650000000000016,-0.1096911608093718,2.006198753231019
SZ.000711,True,BAR,True,0.0,,,,,
SZ.000717,True,BAR,True,-0.009302325581395321,-0.0818965517241379,-0.07578809513683049,-0.11750000000000016,-0.09361702127659588,1.0440887692376983
SZ.000720,True,BAR,True,-0.008219178082191747,-0.062176165803108696,-0.05606770921580129,-0.26000000000000023,-0.13189448441246998,1.2276560100665412
SZ.000721,True,BAR,True,-0.022328548644338087,-0.12051649928263986,-0.11440804269533245,-0.6840000000000002,-0.2249674902470742,0.5810606920801572
SZ.000723,True,BAR,True,0.0,-0.09278350515463918,-0.08667504856733177,-0.22899999999999965,-0.1177944862155389,0.5955920801906304
SZ.000727,True,BAR,True,-0.01363636363636378,-0.04824561403508765,-0.04213715744778024,-0.09050000000000047,-0.07659574468085117,0.9941213539482412
SZ.000731,True,BAR,True,-0.02933985330073341,0.2785829307568439,0.28469138734415134,0.4270000000000005,-0.07633587786259544,0.707404009430121
SZ.000736,True,BAR,True,-0.029535864978903037,0.024498886414253684,0.030607343001561094,-0.0055000000000005045,-0.12704918032786883,0.9090962621775766
SZ.000759,True,BAR,True,-0.019938650306748462,0.07035175879396993,0.07646021538127734,-0.39949999999999974,-0.2784810126582279,0.8464180933481178
SZ.000761,True,BAR,True,-0.0045045045045045695,-0.08677685950413216,-0.08066840291682476,-0.11899999999999977,-0.09795918367346945,1.078487901252722
SZ.000782,True,BAR,True,-0.014405762304921854,0.03792667509481684,0.04403513168212425,0.32099999999999795,-0.0625,1.0737356280039208
SZ.000790,True,BAR,True,0.1011764705882352,0.125,0.1311084565873074,0.516,-0.10280373831775713,2.0703231777865905
SZ.000797,True,BAR,True,0.03731343283582067,0.139344262295082,0.14545271888238942,0.18550000000000022,-0.0817843866171003,1.4614871816010404
SZ.000802,True,BAR,True,0.005141388174807249,-0.015113350125944613,-0.009004893538637204,-0.1504999999999992,-0.09953703703703709,0.6890531582006229
SZ.000809,True,BAR,True,0.032835820895522394,0.0,0.006108456587307409,0.010500000000000398,-0.06162464985994387,1.5307063329106703
SZ.000813,True,BAR,True,-0.009287925696594312,-0.03903903903903905,-0.03293058245173164,-0.16249999999999964,-0.15466666666666673,0.46511769670931824
SZ.000816,True,BAR,True,-0.00694444444444442,0.0035087719298245723,0.009617228517131982,-0.11250000000000027,-0.14769230769230768,0.72876781704311
SZ.000818,True,BAR,True,-0.01248959200666111,-0.023868312757201693,-0.017759856169894284,-0.26750000000000185,-0.08140462889066236,1.1646507635117898
SZ.000820,True,BAR,True,0.0,-0.02981029810298097,-0.02370184151567356,-0.010999999999999677,-0.07837837837837835,1.0252345701853445
SZ.000822,True,BAR,True,0.002375296912114022,-0.051685393258427026,-0.04557693667111962,-0.20449999999999946,-0.1004273504273504,0.5981186830414623
SZ.000859,True,BAR,True,-0.03529411764705881,0.03440366972477049,0.0405121263120779,-0.1330000000000009,-0.0851926977687627,1.0731015572015115
SZ.000863,True,BAR,True,0.015730337078651457,0.08915662650602396,0.09526508309333137,0.08899999999999952,-0.06315789473684208,0.9832080332562365
SZ.000876,True,BAR,True,-0.015647226173541973,-0.012838801711840153,-0.006730345124532744,-0.3884999999999996,-0.1251580278128951,0.6182985654724524
SZ.000877,True,BAR,True,-0.043147208121827374,0.005333333333333412,0.011441789920640821,0.01750000000000007,-0.04687499999999989,1.9478191366602409
SZ.000881,True,BAR,True,-0.010687022900763288,-0.012195121951219412,-0.006086665363912003,-0.13349999999999884,-0.06295754026354317,0.898857684920092
SZ.000882,True,BAR,True,-0.025974025974025983,0.0,0.006108456587307409,-0.04349999999999987,-0.09259259259259267,1.5409632106067042
SZ.000889,True,BAR,True,-0.010695187165775444,-0.0796019900497511,-0.0734935334624437,-0.2584999999999993,-0.11904761904761907,0.8517399840855567
SZ.000890,True,BAR,True,-0.009433962264150941,-0.07894736842105277,-0.07283891183374536,-0.927999999999999,-0.19759825327510927,0.37166111925638246
SZ.000892,True,BAR,True,-0.00879120879120876,0.18062827225130884,0.18673672883861625,-0.22449999999999992,-0.2696245733788396,0.7983158557532322
SZ.000897,True,BAR,True,-0.010526315789473717,0.027322404371584508,0.03343086095889192,-0.0009999999999998899,-0.061855670103092675,1.278520657200597
SZ.000898,True,BAR,True,-0.00995024875621886,-0.03864734299516903,-0.03253888640786162,-0.06050000000000044,-0.056872037914691864,0.9465526359234924
SZ.000925,True,BAR,True,-0.01122194513715713,-0.06705882352941184,-0.06095036694210443,-0.4770000000000003,-0.18230277185501076,0.3968956741753239
SZ.000926,True,BAR,True,-0.031963470319634646,-0.031963470319634646,-0.025855013732327237,-0.050499999999999545,-0.11739130434782608,1.2199328934925606
SZ.000929,True,BAR,True,-0.003260869565217317,0.005482456140351033,0.011590912727658442,-0.25200000000000067,-0.1286549707602339,0.8868430569516573
SZ.000952,True,BAR,True,-0.012195121951219412,-0.015197568389057725,-0.009089111801750316,-0.05999999999999872,-0.09197080291970805,1.0677272730879854
SZ.000972,True,BAR,True,-0.027027027027027084,0.08791208791208782,0.09402054449939523,0.025500000000000966,-0.13043478260869568,0.6339440700819072
SZ.000980,True,BAR,True,-0.07272727272727275,0.19999999999999996,0.20610845658730736,0.07250000000000001,-0.139240506329114,1.293476882423143
SZ.001201,True,BAR,True,-0.08489388264669162,0.2085737840065951,0.2146822405939025,0.9344999999999999,-0.10061349693251542,1.6688371386585827
SZ.001212,True,BAR,True,-0.014421838784444918,0.15444947209653104,0.16055792868383845,3.0800000000000054,-0.07089765580331608,1.7644463368157024
SZ.001269,True,BAR,True,-0.007183170856849497,0.014682747771368687,0.020791204358676096,0.11500000000000199,-0.07279116465863467,1.051476454667499
SZ.001278,True,BAR,True,0.0029922202274088594,0.031384615384615566,0.037493071971922975,0.3475000000000037,-0.16739846322722274,0.5507931501026562
SZ.001300,True,BAR,True,-0.0024154589371979673,0.048223350253807196,0.054331806841114605,0.3185000000000002,-0.11685214626391105,1.0441888802157415
SZ.001306,True,BAR,True,0.006511791622668017,0.06578456951174072,0.07189302609904813,2.441999999999986,-0.06555316091954022,1.7882454005267394
SZ.001330,True,BAR,True,0.00521739130434784,0.13333333333333353,0.13944178992064094,0.11350000000000016,-0.15748031496062997,0.8124754635393511
SZ.001366,True,BAR,True,-0.0030557677616500634,0.029992107340173657,0.036100563927481066,-0.5414999999999992,-0.21978021978021978,0.44763532058471006
SZ.001373,True,BAR,True,0.028990124243389426,0.11494649637556087,0.12105495296286828,2.8470000000000013,-0.09690309690309695,2.278457254362866
SZ.002021,True,BAR,True,0.0,-0.05166051660516613,-0.04555206001785872,-0.10849999999999982,-0.07885304659498216,0.974252754745731
SZ.002022,True,BAR,True,0.011570247933884392,0.0736842105263158,0.0797926671136232,0.30799999999999983,-0.05932203389830515,2.6231328598023405
SZ.002030,True,BAR,True,0.012499999999999956,0.014311270125223707,0.020419726712531117,0.1980000000000004,-0.07460035523978681,1.4683880602216133
SZ.002031,True,BAR,True,0.015180265654648917,0.040856031128404746,0.046964487715712155,0.09049999999999958,-0.0940325497287523,0.8885833147567527
SZ.002036,True,BAR,True,-0.015974440894568676,-0.09278350515463918,-0.08667504856733177,-0.4515000000000011,-0.15637860082304522,0.7686811333676296
SZ.002037,True,BAR,True,-0.010144927536231974,-0.01726618705035976,-0.011157730463052351,-0.14300000000000068,-0.08484005563282337,1.0669891475972475
SZ.002038,True,BAR,True,-0.02249134948096887,-0.10031847133757965,-0.09421001475027224,-0.23850000000000016,-0.15091463414634132,0.811397440016863
SZ.002045,True,BAR,True,-0.022002200220021972,-0.012222222222222134,-0.006113765634914725,-0.22949999999999804,-0.09033613445378141,0.765466099870396
SZ.002059,True,BAR,True,-0.03516483516483515,-0.04357298474945537,-0.03746452816214796,-0.6835000000000013,-0.30427892234548337,0.634101210178351
SZ.002066,True,BAR,True,-0.01580246913580252,-0.11422222222222222,-0.10811376563491482,-1.1110000000000007,-0.11931064958020321,0.7892675667959901
SZ.002068,True,BAR,True,-0.0020283975659228792,0.23929471032745586,0.24540316691476327,0.6590000000000007,-0.10485436893203881,1.1773762580330198
SZ.002069,True,BAR,True,-0.0027173913043478937,0.016620498614958512,0.02272895520226592,-0.09600000000000053,-0.09950248756218893,0.8306983193734728
SZ.002072,True,BAR,True,0.004092769440654953,-0.09023485784919649,-0.08412640126188908,-0.6950000000000012,-0.2588614393125671,0.42949770783147984
SZ.002076,True,BAR,True,0.0,-0.014018691588785215,-0.007910235001477806,-0.03299999999999992,-0.07272727272727275,0.8310839729284897
SZ.002084,True,BAR,True,-0.004636785162287382,0.3444676409185805,0.3505760975058879,0.2610000000000001,-0.2924137931034483,0.9991741988933303
SZ.002086,True,BAR,True,-0.004878048780487698,-0.05555555555555558,-0.04944709896824817,-0.0804999999999998,-0.13215859030837007,0.7862243482840935
SZ.002092,True,BAR,True,-0.013605442176870874,-0.03547671840354771,-0.029368261816240304,-0.32399999999999984,-0.12650602409638567,0.5833880478249029
SZ.002095,True,BAR,True,0.021019108280254883,0.11165048543689338,0.11775894202420079,0.6134999999999984,-0.09074187614960139,1.414081372525103
SZ.002099,True,BAR,True,-0.02020202020202022,0.11708253358925158,0.12319099017655899,0.33750000000000036,-0.07624113475177297,1.1690003883366211
SZ.002105,True,BAR,True,-0.008183306055646544,0.008319467554076532,0.014427924141383941,-0.07200000000000095,-0.08176100628930827,1.0805453730999053
SZ.002114,True,BAR,True,-0.006906077348066253,-0.0625814863102998,-0.056473029722992396,-0.362000000000001,-0.10137672090112648,0.7176918803720376
SZ.002115,True,BAR,True,0.016000000000000014,-0.04331450094161948,-0.03720604435431207,-0.285499999999999,-0.10488245931283902,0.8879144214433506
SZ.002121,True,BAR,True,-0.049886621315192725,-0.16699801192842934,-0.16088955534112193,-0.6554999999999991,-0.20342205323193907,1.1805659349569717
SZ.002123,True,BAR,True,-0.02885821831869506,-0.026415094339622636,-0.020306637752315226,-0.27000000000000135,-0.10320284697508897,1.5161185556988317
SZ.002124,True,BAR,True,0.014705882352941124,-0.08407079646017701,-0.0779623398728696,-0.2330000000000001,-0.19685039370078738,0.8889951120065538
SZ.002127,True,BAR,True,0.0,0.0034364261168384758,0.009544882704145885,-0.08000000000000007,-0.055016181229773475,1.171201677499773
SZ.002129,True,BAR,True,-0.027055150884495283,0.011904761904761862,0.01801321849206927,0.1750000000000007,-0.12219959266802449,1.310888779703233
SZ.002146,True,BAR,True,-0.055118110236220486,0.016949152542372836,0.023057609129680245,0.0035000000000000586,-0.08800000000000008,1.8248010753196684
SZ.002151,True,BAR,True,-0.024128686327077764,0.03006720905553606,0.03617566564284347,0.3030000000000044,-0.04106776180698146,1.7348478992760445
SZ.002153,True,BAR,True,-0.026109660574412552,-0.03741935483870973,-0.03131089825140232,-0.31900000000000084,-0.07558859975216858,1.0009175166018862
SZ.002157,True,BAR,True,-0.013513513513513487,-0.013513513513513487,-0.007405056926206077,-0.16600000000000037,-0.1097560975609756,0.683157502854564
SZ.002163,True,BAR,True,-0.0052631578947368585,-0.10000000000000009,-0.09389154341269268,-0.9084999999999992,-0.17014270032930845,1.0520764464340975
SZ.002173,True,BAR,True,-0.022148394241417457,-0.06263269639065816,-0.05652423980335075,-0.5920000000000023,-0.07882291119285334,1.153710001100593
SZ.002176,True,BAR,True,-0.01309523809523827,-0.07166853303471454,-0.06556007644740713,-0.49100000000000144,-0.10378378378378383,0.6719442335331782
SZ.002182,True,BAR,True,-0.023156089193825058,-0.07323026851098446,-0.06712181192367705,-0.46399999999999864,-0.08110300081103006,0.6941627451674218
SZ.002184,True,BAR,True,0.0,-0.021674876847290747,-0.015566420259983338,-0.006999999999999673,-0.0703812316715543,1.1802683135450345
SZ.002189,True,BAR,True,-0.007808433107756474,0.029713668287411954,0.03582212487471936,-0.2684999999999995,-0.08561643835616439,0.6080919582072243
SZ.002190,True,BAR,True,-0.01221052631578945,0.011206896551724244,0.017315353139031653,-1.734499999999997,-0.11337868480725621,0.33569781111299807
SZ.002197,True,BAR,True,-0.0030674846625766694,-0.049707602339181256,-0.04359914575187385,-0.3125000000000018,-0.08062234794908063,0.9990901215719611
SZ.002199,True,BAR,True,-0.028112449799196804,-0.01224489795918371,-0.0061364413718763,-0.26200000000000045,-0.07279693486590044,1.7397484738452038
SZ.002200,True,BAR,True,0.05076923076923068,-0.02148997134670494,-0.01538151475939753,-0.0034999999999989484,-0.10987482614742694,0.9938386822746103
SZ.002205,True,BAR,True,0.09982788296041312,0.1789667896678966,0.185075246255204,1.7949999999999982,-0.0845195729537368,1.7764961962041714
SZ.002208,True,BAR,True,-0.025145067698259194,-0.03355704697986572,-0.027448590392558314,-0.14749999999999908,-0.11959521619135227,1.0020273450443768
SZ.002213,True,BAR,True,-0.0047716428084526585,-0.0635022450288647,-0.05739378844155729,0.23849999999999838,-0.13766484400128665,1.1764329165546705
SZ.002214,True,BAR,True,-0.017259978425027023,0.22199865861837687,0.22810711520568427,1.2689999999999984,-0.03188097768331566,1.0797272524861465
SZ.002218,True,BAR,True,-0.03084832904884316,-0.04797979797979801,-0.0418713413924906,-0.3159999999999994,-0.1470588235294118,1.2022985705907068
SZ.002229,True,BAR,True,-0.00941619585687381,-0.038391224862888484,-0.032282768275581075,-0.9685000000000006,-0.14955537590945833,0.5435012580728549
SZ.002234,True,BAR,True,-0.010217113665389577,-0.03366583541147128,-0.02755737882416387,-0.3520000000000003,-0.09462616822429915,0.7242453826480995
SZ.002238,True,BAR,True,0.10052219321148814,0.2657657657657657,0.2718742223530731,1.7389999999999999,-0.08784773060029283,2.3681549563158146
SZ.002240,True,BAR,True,-0.03493613824192332,-0.19264613450659962,-0.1865376779192922,-3.151500000000002,-0.2131699846860643,0.7737238402981753
SZ.002253,True,BAR,True,-0.05844155844155852,-0.10216718266253877,-0.09605872607523136,-1.245000000000001,-0.16666666666666674,1.6225692342308315
SZ.002269,True,BAR,True,0.0,-0.054421768707483054,-0.048313312120175644,-0.06400000000000006,-0.09150326797385633,1.151915458684059
SZ.002272,True,BAR,True,-0.02933832709113604,-0.05182926829268275,-0.04572081170537534,-1.1509999999999998,-0.13322185061315495,0.8396179184766834
SZ.002285,True,BAR,True,0.028391167192429068,0.4618834080717489,0.4679918646590563,0.6969999999999996,-0.16538461538461546,2.240192039820124
SZ.002289,True,BAR,True,-0.028658875904284953,-0.09932920536635714,-0.09322074877904973,-1.7785000000000082,-0.09863155176865479,0.97101473503271
SZ.002291,True,BAR,True,-0.007285974499089298,0.05212355212355213,0.05823200871085954,-0.14749999999999908,-0.11314475873544094,0.7471105966607949
SZ.002298,True,BAR,True,-0.006960556844547439,0.05418719211822687,0.06029564870553428,0.08950000000000102,-0.06956521739130417,1.58032772777109
SZ.002302,True,BAR,True,-0.02087682672233815,-0.01882845188284521,-0.0127199952955378,-0.05999999999999961,-0.04928131416837789,1.2005984805904024
SZ.002307,True,BAR,True,-0.02006688963210701,-0.02006688963210701,-0.0139584330447996,-0.1160000000000001,-0.08150470219435735,0.9962520609467556
SZ.002309,True,BAR,True,0.010638297872340496,-0.04682274247491647,-0.04071428588760906,-0.14349999999999996,-0.08143322475570036,0.9622198167204897
SZ.002310,True,BAR,True,0.013452914798206095,-0.05439330543933063,-0.04828484885202322,-0.057000000000000384,-0.05907172995780596,1.0498301316370144
SZ.002313,True,BAR,True,-0.03544575725026855,0.036951501154734334,0.04305995774204174,0.3435000000000006,-0.09203142536475872,2.029863608920431
SZ.002314,True,BAR,True,-0.029914529914529808,0.0365296803652968,0.04263813695260421,0.025499999999999634,-0.06896551724137923,1.483203019593223
SZ.002319,True,BAR,True,0.015904572564612307,-0.04396632366697839,-0.03785786707967098,-0.20949999999999847,-0.09818181818181815,0.9302633002015629
SZ.002321,True,BAR,True,0.10194174757281549,0.10194174757281549,0.1080502041601229,0.12949999999999973,-0.12,2.116275031497682
SZ.002329,True,BAR,True,-0.008264462809917328,-0.07216494845360821,-0.0660564918663008,-0.2199999999999993,-0.1280788177339901,0.6335076852638343
SZ.002330,True,BAR,True,-0.007352941176470673,-0.016990291262136026,-0.010881834674828617,-0.11399999999999988,-0.08675799086757985,0.7718163255797946
SZ.002331,True,BAR,True,-0.005847953216374324,-0.02857142857142858,-0.02246297198412117,-0.1695000000000011,-0.0876712328767123,0.7364179049121451
SZ.002343,True,BAR,True,-0.01379310344827589,0.09788867562380044,0.10399713221110785,0.09049999999999958,-0.11308562197092087,0.6492644461778084
SZ.002347,True,BAR,True,0.01388888888888884,-0.03311258278145701,-0.027004126194149602,-0.22550000000000026,-0.08860759493670889,0.7913584008435385
SZ.002348,True,BAR,True,0.013812154696132728,-0.015205724508050134,-0.009097267920742724,0.1800000000000015,-0.0968028419182948,1.0003807442494237
SZ.002354,True,BAR,True,-0.006640106241699861,0.06401137980085347,0.07011983638816088,-0.36299999999999777,-0.11479289940828385,0.740971046149495
SZ.002355,True,BAR,True,0.006507592190889255,-0.054989816700611094,-0.048881360113303685,-0.1770000000000005,-0.08893280632411049,0.8530376462089012
SZ.002362,True,BAR,True,-0.011299435028248594,-0.0012682308180088642,0.004840225769298545,-0.5625000000000036,-0.09999999999999998,1.0692818975241594
SZ.002366,True,BAR,True,0.0,-0.10576923076923084,-0.09966077418192343,-0.2995000000000001,-0.11287758346581878,0.49245481964866555
SZ.002368,True,BAR,True,-0.010670731707317027,-0.049780380673499214,-0.043671924086191805,-0.6754999999999995,-0.0986111111111111,1.0103219273237931
SZ.002369,True,BAR,True,-0.014184397163120588,-0.09740259740259749,-0.09129414081529008,-0.4295,-0.13931888544891646,0.5025121684350176
SZ.002374,True,BAR,True,-0.006172839506172867,0.04207119741100329,0.0481796539983107,0.09350000000000014,-0.07476635514018681,1.4127172696019807
SZ.002382,True,BAR,True,0.015358361774743923,-0.016528925619834656,-0.010420469032527246,-0.0019999999999997797,-0.0538336052202284,1.1327786032313916
SZ.002383,True,BAR,True,-0.025821596244131273,0.16409537166900434,0.17020382825631175,0.6369999999999996,-0.055979643765903364,1.3364888619064264
SZ.002385,True,BAR,True,-0.015923566878981,-0.05504587155963303,-0.04893741497232562,-0.22950000000000026,-0.14404432132963985,0.47205955157191626
SZ.002387,True,BAR,True,-0.01008645533141217,-0.03375527426160341,-0.027646817674295998,-0.1620000000000008,-0.06830601092896171,0.8919868368288875
SZ.002388,True,BAR,True,-0.025125628140703515,0.20684292379471225,0.21295138038201966,0.9535,-0.07507507507507505,1.7109559387996596
SZ.002403,True,BAR,True,0.022772277227722793,0.12160694896851232,0.12771540555581973,-0.03500000000000014,-0.30842490842490844,0.8129045310279662
SZ.002413,True,BAR,True,0.10061349693251542,0.15000000000000013,0.15610845658730754,0.7620000000000005,-0.024009603841536498,1.6889751854260462
SZ.002421,True,BAR,True,-0.015822784810126667,-0.015822784810126667,-0.009714328222819257,-0.16750000000000087,-0.11142857142857143,0.7158646740836891
SZ.002425,True,BAR,True,-0.003278688524590123,-0.03492063492063491,-0.0288121783333275,-0.20099999999999962,-0.15555555555555556,0.7128376401146762
SZ.002426,True,BAR,True,-0.05405405405405406,0.04477611940298498,0.05088457599029239,0.09100000000000019,-0.07801418439716301,2.119162283857132
SZ.002439,True,BAR,True,-0.008293020041465149,0.07490636704119846,0.08101482362850587,0.6599999999999966,-0.034381858083394334,1.4724027313851382
SZ.002449,True,BAR,True,-0.014947683109118204,-0.00302571860816947,0.0030827379791379395,0.002000000000000668,-0.05357142857142849,1.0118506746291382
SZ.002453,True,BAR,True,-0.015686274509803977,0.11308203991130816,0.11919049649861557,0.2735000000000003,-0.14480408858603078,3.2247846973195027
SZ.002459,True,BAR,True,-0.026162790697674354,-0.0784044016506189,-0.0722959450633115,-0.14749999999999908,-0.09999999999999998,0.9894151806858265
SZ.002465,True,BAR,True,0.009794319294808895,0.03100000000000014,0.03710845658730755,0.1515000000000004,-0.023529411764705688,1.16244334077457
SZ.002467,True,BAR,True,-0.008230452674897082,0.05934065934065935,0.06544911592796676,0.08000000000000007,-0.06762295081967218,1.7957787355171446
SZ.002471,True,BAR,True,0.020332717190387983,0.026022304832713727,0.03213076142002114,-0.10550000000000015,-0.09228187919463082,1.819169881633837
SZ.002474,True,BAR,True,-0.0031347962382444194,0.02580645161290329,0.0319149082002107,-0.0699999999999994,-0.046969696969696884,0.8853050105696948
SZ.002480,True,BAR,True,-0.044609665427509326,-0.05340699815837935,-0.04729854157107194,-0.20000000000000107,-0.06545454545454554,1.4876535059999763
SZ.002482,True,BAR,True,-0.02919708029197088,0.007575757575757569,0.013684214163064978,-0.011500000000000288,-0.06521739130434778,1.5853780876213386
SZ.002492,True,BAR,True,0.0031746031746031633,0.11660777385159005,0.12271623043889746,0.2900000000000009,-0.0706260032102729,1.3265556378279548
SZ.002496,True,BAR,True,0.014285714285714235,0.014285714285714235,0.020394170873021644,-0.04550000000000054,-0.09170305676855894,0.7290639975523698
SZ.002506,True,BAR,True,-0.024793388429752095,-0.14181818181818184,-0.13570972523087443,-0.19250000000000078,-0.15412186379928317,0.7740889212795635
SZ.002513,True,BAR,True,0.007590132827324458,-0.01666666666666683,-0.01055821007935942,-0.11250000000000071,-0.11896551724137927,0.7623821832288273
SZ.002519,True,BAR,True,0.022530329289428108,0.08856088560885622,0.09466934219616363,0.0600000000000005,-0.0797448165869219,1.1626989986865115
SZ.002520,True,BAR,True,0.033600000000000074,0.040257648953301084,0.04636610554060849,0.11800000000000033,-0.09785932721712531,0.9716078136098485
SZ.002524,True,BAR,True,0.0024875621890549926,-0.007389162561576179,-0.0012807059742687699,-0.016000000000000014,-0.080952380952381,1.0672934488477046
SZ.002529,True,BAR,True,0.006106870229007688,-0.0757363253856943,-0.0696278687983869,-0.31649999999999956,-0.10344827586206895,0.903739109158131
SZ.002535,True,BAR,True,0.01680672268907557,-0.06923076923076932,-0.06312231264346191,-0.08150000000000013,-0.11406844106463876,0.9770540646702042
SZ.002548,True,BAR,True,-0.027989821882951738,-0.0861244019138756,-0.0800159453265682,-0.42150000000000043,-0.19067796610169485,0.6348593527890214
SZ.002551,True,BAR,True,0.006006006006006093,-0.01179941002949858,-0.005690953442191171,0.017000000000000348,-0.06451612903225812,1.2240940471065738
SZ.002554,True,BAR,True,-0.0036101083032491488,-0.06756756756756765,-0.061459110980260245,-0.11950000000000083,-0.0830564784053156,0.6858004179988634
SZ.002561,True,BAR,True,-0.005427408412483015,0.05924855491329484,0.06535701150060225,-0.005000000000000782,-0.07474226804123707,0.7133613629695928
SZ.002567,True,BAR,True,-0.024523160762942697,-0.04787234042553179,-0.04176388383822438,-0.27899999999999947,-0.13526570048309172,0.759556632435328
SZ.002571,True,BAR,True,-0.004537205081669549,0.008272058823529438,0.014380515410836847,-0.05799999999999983,-0.10829103214890023,0.7773923327415391
SZ.002573,True,BAR,True,-0.0032051282051283048,-0.040123456790123524,-0.034015000202816115,-0.10400000000000009,-0.07761194029850749,0.7461892982028727
SZ.002574,True,BAR,True,-0.009960159362549792,-0.006000000000000005,0.00010845658730740393,-0.15200000000000014,-0.07750472589792068,0.5229103755100517
SZ.002575,True,BAR,True,-0.011718750000000111,-0.019379844961240456,-0.013271388373933046,-0.2450000000000001,-0.09892086330935246,1.2233431971705995
SZ.002578,True,BAR,True,-0.01449275362318836,0.020000000000000018,0.026108456587307427,-0.0519999999999996,-0.09237875288683606,0.6077018261289473
SZ.002583,True,BAR,True,0.0012468827930174342,-0.05082742316784883,-0.04471896658054142,-0.3595000000000024,-0.07710011507479864,0.8332250207380469
SZ.002585,True,BAR,True,-0.04436860068259396,0.15822130299896586,0.16432975958627327,0.7539999999999996,-0.1188040912667192,1.5398089272669928
SZ.002591,True,BAR,True,0.004731861198738141,-0.004687500000000067,0.0014209565873073426,-0.06049999999999933,-0.08370702541106134,0.8183451448287765
SZ.002596,True,BAR,True,0.009404388714733702,-0.018292682926829174,-0.012184226339521764,-0.16399999999999926,-0.12121212121212122,1.1743160017827035
SZ.002622,True,BAR,True,0.10121457489878538,0.022556390977443552,0.02866484756475096,0.1070000000000002,-0.09963099630996308,1.786357222716988
SZ.002623,True,BAR,True,0.017628205128205288,0.19211514392991247,0.19822360051721988,2.2029999999999994,-0.055975794251134636,2.536439322205309
SZ.002628,True,BAR,True,-0.013806706114398493,0.04166666666666674,0.04777512325397415,-0.21750000000000114,-0.1028880866425993,0.6147988763191722
SZ.002631,True,BAR,True,0.024264705882352855,0.5757918552036199,0.5819003117909273,2.537000000000001,-0.17142857142857149,1.6673332159806389
SZ.002638,True,BAR,True,0.04008438818565385,0.0955555555555554,0.1016640121428628,0.5384999999999991,-0.14861995753715507,1.1283435281312912
SZ.002640,True,BAR,True,0.025641025641025772,0.06824925816023741,0.07435771474754482,0.09350000000000014,-0.0847457627118644,1.8386366146516537
SZ.002652,True,BAR,True,-0.023454157782516027,0.10895883777239712,0.11506729435970453,0.08549999999999969,-0.0769230769230771,0.7456387455510357
SZ.002656,True,BAR,True,-0.0036101083032491488,-0.0769230769230771,-0.07081462033576968,-0.11000000000000032,-0.09900990099009899,0.9158796902604555
SZ.002657,True,BAR,True,-0.024885396201702603,-0.07972805933250926,-0.07361960274520185,-0.8959999999999972,-0.11064341551413104,0.9532108159450069
SZ.002659,True,BAR,True,0.019565217391304568,0.026258205689277947,0.032366662276585356,0.08050000000000068,-0.08713692946058094,1.0638729245861853
SZ.002660,True,BAR,True,-0.008860759493670933,0.03571428571428581,0.04182274230159322,-0.05799999999999983,-0.11455847255369933,0.47292267288685896
SZ.002663,True,BAR,True,0.00591715976331364,-0.02298850574712641,-0.016880049159819,-0.03649999999999998,-0.07734806629834257,1.2154376605251405
SZ.002672,True,BAR,True,-0.046272493573264795,-0.01851851851851849,-0.01241006193121108,-0.03449999999999953,-0.07940446650124078,2.371808570855925
SZ.002678,True,BAR,True,-0.009029345372460473,-0.09856262833675578,-0.09245417174944837,-0.30299999999999994,-0.18095238095238098,0.5843634368370512
SZ.002682,True,BAR,True,0.04338842975206614,0.016096579476861272,0.02220503606416868,-0.07400000000000073,-0.1070110701107011,0.846832370916822
SZ.002702,True,BAR,True,0.0183486238532109,0.1326530612244896,0.13876151781179702,-0.008000000000000007,-0.25184094256259204,0.7285156448979552
SZ.002712,True,BAR,True,-0.004016064257028162,0.031185031185031242,0.03729348777233865,-0.07849999999999913,-0.09293680297397766,0.737091092098005
SZ.002723,True,BAR,True,0.013736263736263687,-0.02894736842105261,-0.0228389118337452,-0.41299999999999937,-0.10565110565110569,1.0843977976138257
SZ.002735,True,BAR,True,-0.043697478991596594,-0.012152777777777679,-0.00604432119047027,-0.7679999999999989,-0.12123552123552117,1.4351219827880888
SZ.002742,True,BAR,True,-0.016627078384798155,-0.19611650485436904,-0.19000804826706164,-0.4814999999999996,-0.35096153846153855,0.4185162957171374
SZ.002766,True,BAR,True,0.004999999999999893,-0.03827751196172258,-0.03216905537441517,-0.15399999999999991,-0.09706546275395023,0.7086001508191636
SZ.002771,True,BAR,True,-0.008052708638360162,0.09894566098945656,0.10505411757676397,-0.3915000000000006,-0.0863115306810519,0.6236280436276095
SZ.002775,True,BAR,True,0.00909090909090926,-0.10483870967741937,-0.09873025309011196,-0.13349999999999973,-0.1459459459459459,0.9122542740624354
SZ.002785,True,BAR,True,0.03850050658561299,0.22461170848267642,0.23072016506998383,4.0334999999999965,-0.1000843407365758,1.4265319905744587
SZ.002786,True,BAR,True,0.003911342894393766,-0.038701622971285876,-0.03259316638397847,-0.13349999999999795,-0.10442260442260443,1.3696427564724476
SZ.002791,True,BAR,True,0.003240440699935343,0.03822937625754519,0.0443378328448526,0.5914999999999981,-0.08534201954397402,1.4198961347247347
SZ.002793,True,BAR,True,-0.023060796645702153,-0.039175257731958624,-0.033066801144651214,-0.10200000000000031,-0.1373307543520309,0.9604104753280285
SZ.002795,True,BAR,True,0.0037926675094817064,0.1089385474860336,0.11504700407334101,0.4744999999999999,-0.06580645161290322,1.409290476647312
SZ.002796,True,BAR,True,-0.04705882352941182,-0.0115254237288136,-0.00541696714150619,-0.7049999999999983,-0.10387215734480637,1.204357132388767
SZ.002798,True,BAR,True,-0.010494752623688153,0.0945273631840795,0.10063581977138691,0.05749999999999833,-0.059163059163059195,0.8112003356111632
SZ.002799,True,BAR,True,-0.0014641288433381305,-0.014450867052023031,-0.008342410464715622,-0.05849999999999955,-0.07627118644067798,0.9968906748265756
SZ.002800,True,BAR,True,-0.0027247956403269047,0.019498607242339983,0.025607063829647392,-0.4629999999999992,-0.07283090563647865,0.6030554010090162
SZ.002805,True,BAR,True,-0.018226002430133725,-0.13813333333333333,-0.13202487674602592,-1.1739999999999995,-0.14677930306230202,0.8023603463695641
SZ.002806,True,BAR,True,-0.0045811518324606615,0.05405405405405417,0.06016251064136158,0.37500000000000355,-0.05121638924455818,1.374022761698073
SZ.002809,True,BAR,True,0.011918951132300348,-0.03412969283276435,-0.028021236245456937,-0.10799999999999876,-0.11233480176211452,0.6916206314856842
SZ.002813,True,BAR,True,0.013157894736842035,0.10262529832935563,0.10873375491666304,1.3100000000000023,-0.06627854903716957,1.1053500853823088
SZ.002819,True,BAR,True,0.09983498349834985,0.2866795366795367,0.2927879932668441,4.674999999999997,-0.06010685663401605,1.7059203526991138
SZ.002820,True,BAR,True,-0.004085801838610736,-0.019114688128772594,-0.013006231541465185,-0.26899999999999835,-0.11610486891385774,0.5174505178716686
SZ.002829,True,BAR,True,-0.01383399209486158,0.022017409114183373,0.028125865701490782,-0.4654999999999987,-0.108947612424664,0.7812601590400625
SZ.002840,True,BAR,True,-0.07296650717703346,-0.06287787182587656,-0.056769415238569154,-0.777000000000001,-0.16216216216216217,0.9266313428202054
SZ.002848,True,BAR,True,-0.014048531289910682,0.15828957239309815,0.16439802898040556,0.9484999999999975,-0.04295774647887318,1.2214748194244343
SZ.002853,True,BAR,True,-0.021629084215370353,-0.05089285714285696,-0.04478440055554955,-0.5740000000000016,-0.07864674868189814,0.6920224999636577
SZ.002855,True,BAR,True,-0.011485451761102605,0.06694214876033056,0.07305060534763796,-2.0920000000000005,-0.36083550913838114,0.5643839381467786
SZ.002857,True,BAR,True,-0.0045019696117050145,-0.10339584389254941,-0.097287387305242,-0.7039999999999971,-0.12130479102956182,0.8742444503697342
SZ.002858,True,BAR,True,0.016564952048822912,-0.01018675721561968,-0.00407830062831227,-0.16249999999999964,-0.11199999999999999,0.8305296608636323
SZ.002861,True,BAR,True,0.004774897680764001,-0.059386973180076574,-0.053278516592769165,-0.6115000000000013,-0.14552014431749838,0.8318033948516371
SZ.002865,True,BAR,True,-0.017763845350052265,-0.06234413965087282,-0.05623568306356541,-0.8500000000000014,-0.0958836578752773,1.0081759585388304
SZ.002868,True,BAR,True,-0.020104895104894993,0.0214123006833713,0.02752075727067871,-1.0500000000000007,-0.15364288410721016,0.45710298722176607
SZ.002869,True,BAR,True,0.0023852116875371365,0.018787878787878798,0.024896335375186207,0.5869999999999997,-0.10613207547169812,2.1476771960709513
SZ.002875,True,BAR,True,-0.009923664122137299,-0.012937595129375978,-0.006829138542068569,-0.3844999999999974,-0.13595583160800562,0.5402759034147999
SZ.002878,True,BAR,True,-0.0023790642347343294,0.010441767068273267,0.016550223655580676,-0.17149999999999999,-0.08138658628485307,0.7936921649979851
SZ.002900,True,BAR,True,-0.01791277258566981,-0.07415565345080766,-0.06804719686350025,0.15000000000000036,-0.17494600431965435,1.412470054235613
SZ.002902,True,BAR,True,-0.03364550815123135,0.14744645799011535,0.15355491457742276,-0.020000000000003126,-0.107051282051282,1.4209586518861073
SZ.002903,True,BAR,True,-0.022171503097489498,0.003010033444815985,0.009118490032123394,0.8180000000000014,-0.17362637362637368,0.7130663543403692
SZ.002909,True,BAR,True,0.09946949602122013,0.5612052730696797,0.5673137296569871,1.2065000000000001,-0.2740825688073395,0.8566312668459438
SZ.002910,True,BAR,True,-0.004985044865403632,0.013197969543147225,0.019306426130454635,-0.18599999999999994,-0.11850501367365551,0.6014915035187484
SZ.002921,True,BAR,True,-0.016941176470588237,-0.023831775700934532,-0.017723319113627123,-0.4399999999999977,-0.14470284237726094,0.7768134516159123
SZ.002951,True,BAR,True,0.00891265597147961,0.05728518057285181,0.06339363716015922,0.9405000000000001,-0.0567765567765568,1.5503332029160715
SZ.002963,True,BAR,True,-0.016317991631799034,0.051901565995525756,0.058010022582833165,2.556000000000001,-0.1498871331828443,0.8337888669106337
SZ.002989,True,BAR,True,-0.07618025751072965,0.10858369098712428,0.11469214757443169,1.7434999999999974,-0.07618025751072965,1.905092080852536
SZ.002995,True,BAR,True,-0.018454440599769306,-0.0011737089201877549,0.004934747667119654,-0.487999999999996,-0.12579957356076776,1.0276078107815254
SZ.003004,True,BAR,True,-0.04223028703398213,-0.15855072463768116,-0.15244226805037375,-9.475999999999985,-0.2546854942233633,0.9758018622694051
SZ.003029,True,BAR,True,0.0062929061784897655,0.04206161137440767,0.04817006796171508,0.006999999999997897,-0.05455537370430985,1.1741459256167013
SZ.003032,True,BAR,True,-0.028077753779697567,-0.09090909090909094,-0.08480063432178353,-0.8135000000000012,-0.2733333333333333,0.9690717142226186
SZ.003038,True,BAR,True,0.0,-0.03252032520325199,-0.026411868615944578,-0.11999999999999922,-0.08645276292335125,0.9145324522724126
SZ.003042,True,BAR,True,-0.0006993006993007977,0.009893992932862083,0.016002449520169493,-0.24600000000000222,-0.10702772404900063,0.6291436070017371
SZ.300006,True,BAR,True,-0.030249110320284656,-0.06996587030716728,-0.06385741371985987,0.015499999999999403,-0.16611842105263153,0.9195773003652971
SZ.300011,True,BAR,True,-0.006802721088435382,-0.0363036303630363,-0.03019517377572889,-0.13049999999999962,-0.08709677419354844,1.0006964235618219
SZ.300013,True,BAR,True,0.0,0.00932400932400923,0.01543246591131664,0.0470000000000006,-0.0674157303370786,0.8103345468329521
SZ.300022,True,BAR,True,-0.0063131313131312705,-0.03789731051344736,-0.03178885392613995,-0.22050000000000036,-0.0630952380952381,0.7728549943392317
SZ.300024,True,BAR,True,0.0,-0.08575380359612728,-0.07964534700881987,-0.5790000000000006,-0.11780821917808215,0.8907783737997228
SZ.300025,True,BAR,True,-0.005102040816326592,0.07734806629834257,0.08345652288564998,0.061500000000000554,-0.09836065573770492,0.8528255584074846
SZ.300045,True,BAR,True,-0.011864406779661052,-0.021812080536912748,-0.01570362394960534,-0.33800000000000097,-0.0894568690095846,1.1993206361247453
SZ.300051,True,BAR,True,0.002421307506053294,-0.014285714285714457,-0.008177257698407048,-0.0045000000000001705,-0.05213270142180093,1.2335781562357584
SZ.300052,True,BAR,True,-0.011707317073170631,-0.05060918462980313,-0.04450072804249572,-0.6379999999999981,-0.1304721030042918,0.6259911653122356
SZ.300053,True,BAR,True,-0.008986928104575131,0.021903959561921038,0.028012416149228447,-0.014999999999998792,-0.05721192586623702,1.2548389839914411
SZ.300056,True,BAR,True,0.011523687580025754,-0.06398104265402837,-0.057872586066720966,-0.33149999999999835,-0.11454753722794964,1.3298444101977256
SZ.300057,True,BAR,True,-0.046827794561933644,-0.03957382039573831,-0.033465363808430904,-0.25900000000000034,-0.09339080459770122,0.848548103274524
SZ.300061,True,BAR,True,-0.037142857142857144,0.08709677419354844,0.09320523078085585,0.09250000000000114,-0.10734463276836159,0.968140032613002
SZ.300062,True,BAR,True,0.024630541871921263,0.012987012987013102,0.01909546957432051,-0.13999999999999968,-0.08832335329341312,0.8020387851077035
SZ.300067,True,BAR,True,-0.013133208255159512,-0.005671077504725952,0.0004373790825814572,-0.1485000000000003,-0.11538461538461542,0.8266299656904034
SZ.300071,True,BAR,True,-0.004889975550122161,-0.007317073170731603,-0.0012086165834241935,-0.15800000000000125,-0.0997782705099779,0.6944513377408364
SZ.300072,True,BAR,True,-0.02011494252873558,-0.08086253369272234,-0.07475407710541493,-0.2280000000000002,-0.12339331619537275,0.6983626243918792
SZ.300074,True,BAR,True,0.002617801047120505,-0.017948717948717885,-0.011840261361410476,0.03650000000000064,-0.10178117048346069,1.3040768471266349
SZ.300075,True,BAR,True,-0.01839303000968051,-0.06887052341597799,-0.06276206682867058,-0.5204999999999984,-0.09866666666666657,0.7896703681747429
SZ.300077,True,BAR,True,-0.021071115013169495,0.10615079365079372,0.11225925023810113,1.511499999999998,-0.07295120795831356,1.5971509417038885
SZ.300078,True,BAR,True,0.003717472118959231,-0.13738019169329063,-0.13127173510598322,-0.16200000000000037,-0.1913580246913581,0.8573575942640761
SZ.300080,True,BAR,True,-0.005479452054794498,-0.04973821989528793,-0.04362976330798052,-0.11750000000000016,-0.0546875,1.0155887201030065
SZ.300084,True,BAR,True,0.0,-0.00487804878048792,0.001230407806819489,-0.28249999999999886,-0.09982174688057044,0.6516977023571455
SZ.300085,True,BAR,True,-0.02461636828644498,0.013284623048821054,0.019393079636128463,-0.7669999999999959,-0.14464068209500613,0.7144229206933408
SZ.300086,True,BAR,True,-0.021857923497267784,-0.20326409495548958,-0.19715563836818217,-0.9975000000000005,-0.21720116618075802,2.123011436264927
SZ.300094,True,BAR,True,-0.016949152542372947,-0.003436426116838587,0.0026720304704688225,-0.18850000000000033,-0.18338108882521498,0.5728866789178025
SZ.300095,True,BAR,True,0.007803790412485911,0.11604938271604937,0.12215783930335677,0.2919999999999998,-0.036519871106337254,1.3349819677979098
SZ.300097,True,BAR,True,-0.052093023255814,-0.011639185257032114,-0.005530728669724705,-0.006999999999999673,-0.12022367194780992,1.5218428511314614
SZ.300098,True,BAR,True,-0.009345794392523366,-0.0535714285714286,-0.047462971984121194,-0.20199999999999907,-0.0940170940170939,0.8267862531339343
SZ.300103,True,BAR,True,0.017326732673267342,0.03919089759797734,0.045299354185284746,0.02949999999999875,-0.1899563318777293,0.7890833529480042
SZ.300106,True,BAR,True,-0.019607843137254943,0.005747126436781658,0.011855583024089067,-0.6129999999999995,-0.1322314049586777,0.5637503489509419
SZ.300110,True,BAR,True,-0.05479452054794509,0.18965517241379315,0.19576362900110056,0.46799999999999997,-0.12658227848101267,3.2214757745679603
SZ.300111,True,BAR,True,-0.0033444816053512794,-0.032467532467532534,-0.026359075880225125,-0.09050000000000002,-0.08437499999999998,1.3108357141788511
SZ.300112,True,BAR,True,-0.028691983122362874,0.09306742640075982,0.09917588298806723,1.2235000000000014,-0.18785046728971966,1.1868796279957285
SZ.300118,True,BAR,True,-0.026030368763557465,-0.08739837398373973,-0.08128991739643232,-0.36049999999999827,-0.09857723577235777,0.9846747859097434
SZ.300120,True,BAR,True,-0.024390243902438935,-0.22580645161290325,-0.21969799502559584,-0.42199999999999793,-0.2730125523012552,1.024237428561008
SZ.300122,True,BAR,True,-0.03199404761904756,-0.08186309103740297,-0.07575463445009556,-0.2550000000000008,-0.18599999999999994,0.8774886233157447
SZ.300126,True,BAR,True,0.0,0.00917431192660545,0.015282768513912859,-0.005500000000001393,-0.08918128654970747,0.8912570487665996
SZ.300128,True,BAR,True,-0.0200803212851407,-0.004081632653061273,0.002026823934246136,-0.17650000000000077,-0.11131725417439697,0.6773973215021122
SZ.300134,True,BAR,True,-0.005903187721369663,0.004773269689737347,0.010881726277044756,-0.1399999999999988,-0.05555555555555558,0.7501315212282779
SZ.300141,True,BAR,True,0.011201629327902252,-0.007000000000000006,-0.000891543412692597,-0.21749999999999936,-0.0566762728146013,1.014327983869829
SZ.300155,True,BAR,True,-0.08695652173913038,0.02212389380530988,0.02823235039261729,0.09000000000000075,-0.08779443254817987,2.140141467659428
SZ.300158,True,BAR,True,-0.018939393939394034,-0.011450381679389388,-0.005341925092081978,-0.11549999999999994,-0.11170212765957444,1.3428682225126332
SZ.300162,True,BAR,True,-0.053020961775585684,0.0013037809647979959,0.007412237552105405,-0.04150000000000098,-0.06114649681528661,1.634801596223322
SZ.300165,True,BAR,True,-0.023121387283236983,-0.03428571428571425,-0.028177257698406843,-0.15499999999999936,-0.11754068716094035,1.1566605437939543
SZ.300166,True,BAR,True,-0.04538341158059467,-0.051321928460342114,-0.045213471873034705,-0.26450000000000173,-0.10022779043280183,1.304076070818856
SZ.300168,True,BAR,True,-0.012631578947368327,-0.06012024048096187,-0.054011783893654464,-0.17999999999999883,-0.10251450676982599,0.9796839838637169
SZ.300175,True,BAR,True,-0.007421150278293154,-0.09322033898305093,-0.08711188239574352,-0.42900000000000116,-0.1258169934640524,0.7629518248931833
SZ.300177,True,BAR,True,0.011513157894736947,-0.029968454258675004,-0.023859997671367594,-0.1744999999999992,-0.08320726172465975,0.8386295054934976
SZ.300188,True,BAR,True,-0.0018993352326684976,0.009606147934678066,0.015714604521985476,0.11700000000000088,-0.04150943396226414,1.0274293192153436
SZ.300190,True,BAR,True,0.02604166666666674,0.07650273224043702,0.08261118882774443,0.043500000000000316,-0.09592326139088725,0.6808433374771142
SZ.300197,True,BAR,True,0.0,-0.04477611940298498,-0.03866766281567757,-0.0940000000000003,-0.10697674418604652,0.5630233435877349
SZ.300203,True,BAR,True,0.03274021352313161,0.0934438583270536,0.099552314914361,1.6145000000000014,-0.09131736526946099,2.2398737518372887
SZ.300204,True,BAR,True,-0.04118773946360155,-0.07826887661141801,-0.0721604200241106,-0.638499999999997,-0.11197440585009133,1.3378649374020943
SZ.300210,True,BAR,True,-0.00834492350486793,-0.1294261294261294,-0.123317672838822,-0.6325000000000003,-0.15320665083135387,0.8707869109168039
SZ.300214,True,BAR,True,-0.013013013013013053,-0.16369804919423236,-0.15758959260692496,-1.0985000000000014,-0.24502297090352232,0.43432957593528226
SZ.300227,True,BAR,True,-0.026728110599078314,-0.10735418427726118,-0.10124572768995377,-1.9000000000000004,-0.2651779483600838,0.5700748992169679
SZ.300229,True,BAR,True,-0.023520485584218598,-0.021292775665399333,-0.015184319078091923,-0.4685000000000006,-0.08695652173913038,0.8680611203739097
SZ.300234,True,BAR,True,-0.05947323704333041,0.14953271028037385,0.15564116686768126,0.3689999999999998,-0.0888888888888889,1.6534945260314728
SZ.300242,True,BAR,True,-0.015424164524421635,-0.051980198019802026,-0.04587174143249462,-0.20399999999999974,-0.10093896713615014,0.9938329802948963
SZ.300246,True,BAR,True,-0.009457755359394637,0.030839895013123453,0.03694835160043086,0.5335000000000001,-0.07756410256410251,0.9343728984391846
SZ.300253,True,BAR,True,-0.015691868758915706,0.017699115044247815,0.023807571631555224,-0.013000000000000789,-0.08575380359612728,1.0861957528393547
SZ.300255,True,BAR,True,-0.02200592467202711,-0.03224455611390287,-0.026136099526595458,-0.2890000000000015,-0.08380797396257111,1.2805775696777215
SZ.300256,True,BAR,True,-0.014981273408239737,-0.09310344827586203,-0.08699499168855462,-0.16749999999999998,-0.13486842105263164,0.7224999155916536
SZ.300261,True,BAR,True,-0.010245901639344246,-0.03400000000000003,-0.02789154341269262,-0.1274999999999995,-0.12453531598513012,0.6065302957075196
SZ.300264,True,BAR,True,0.016393442622950838,-0.0461538461538461,-0.04004538956653869,-0.067499999999999,-0.10486322188449859,1.0000980724959405
SZ.300266,True,BAR,True,0.0,-0.03645833333333326,-0.03034987674602585,-0.06899999999999995,-0.11111111111111105,0.8598767045055123
SZ.300267,True,BAR,True,-0.03915662650602403,-0.042042042042042094,-0.035933585454734684,-0.08499999999999996,-0.0935672514619883,1.1641885980181055
SZ.300268,True,BAR,True,0.0,-0.09842223891810675,-0.09231378233079934,-0.5490000000000013,-0.16497829232995664,0.6885759978086917
SZ.300270,True,BAR,True,-0.014423076923076983,-0.09211691762621788,-0.08600846103891047,-0.5614999999999988,-0.15051020408163263,0.811517473880965
SZ.300271,True,BAR,True,-0.0206540447504302,0.017889087656529634,0.023997544243837043,-0.05549999999999944,-0.07046979865771807,1.3537697009883853
SZ.300278,True,BAR,True,-0.0027855153203342198,-0.06036745406824151,-0.0542589974809341,-0.040999999999999925,-0.11658031088082899,1.1768524009278525
SZ.300287,True,BAR,True,-0.043010752688172116,-0.005586592178770999,0.0005218644085364099,-0.09149999999999991,-0.0736842105263158,1.2852836436961328
SZ.300289,True,BAR,True,-0.003355704697986517,-0.006688963210702337,-0.0005805066233949274,0.03250000000000064,-0.08279220779220775,1.1430047290417702
SZ.300291,True,BAR,True,-0.031825795644891075,0.14910536779324057,0.15521382438054798,0.3570000000000011,-0.10739436619718301,1.415260762787757
SZ.300293,True,BAR,True,-0.019073569482288777,-0.09717868338557989,-0.09107022679827248,-0.42749999999999666,-0.1266213712168005,0.9965436865085666
SZ.300299,True,BAR,True,0.011194029850746245,0.005565862708719838,0.011674319296027247,-0.13949999999999996,-0.09612141652613815,0.8118300053678587
SZ.300302,True,BAR,True,-0.03352719808416016,-0.02485329651363477,-0.01874483992632736,-0.375,-0.16347342398022247,0.9675702047847602
SZ.300305,True,BAR,True,0.059171597633136175,0.16612377850162874,0.17223223508893615,0.71,-0.04907975460122693,1.6383688182186469
SZ.300313,True,BAR,True,-0.04919292851652579,-0.20450160771704184,-0.19839315112973444,-1.793000000000001,-0.256610576923077,0.7066972777488998
SZ.300317,True,BAR,True,0.0025188916876572875,-0.07441860465116279,-0.06831014806385538,-0.1730000000000005,-0.08735632183908038,0.8851572732685323
SZ.300318,True,BAR,True,-0.01147227533460815,0.015717092337917515,0.021825548925224925,0.1089999999999991,-0.08092485549132966,1.317349295111667
SZ.300323,True,BAR,True,-0.03586321934945791,-0.010273972602739656,-0.004165516015432247,0.20899999999999963,-0.1254152823920266,1.0730308465972984
SZ.300324,True,BAR,True,-0.027848101265822822,0.11627906976744184,0.12238752635474925,0.25699999999999923,-0.1093333333333334,2.6602876260788606
SZ.300328,True,BAR,True,-0.03849000740192443,-0.2504327755337564,-0.24432431894644902,-1.4430000000000014,-0.30972456436200113,0.5653762095843562
SZ.300329,True,BAR,True,-0.010924369747899232,-0.014237855946398703,-0.008129399359091294,-0.27300000000000146,-0.09615384615384626,0.8545464766978205
SZ.300331,True,BAR,True,-0.0382191502337873,-0.00879949717159012,-0.002691040584282711,-0.6964999999999932,-0.09275245934551302,0.8698426606287333
SZ.300333,True,BAR,True,-0.011082693947144118,-0.05996758508914102,-0.05385912850183361,-0.2864999999999984,-0.19956458635703922,0.642938275890794
SZ.300334,True,BAR,True,0.008206330597889888,0.06832298136645942,0.07443143795376683,0.23350000000000115,-0.03785103785103783,0.8034303758158424
SZ.300340,True,BAR,True,-0.011560693641618491,-0.05420353982300863,-0.04809508323570122,-0.2640000000000011,-0.0816993464052288,1.110705004297271
SZ.300345,True,BAR,True,-0.070221066319896,-0.17816091954022972,-0.1720524629529223,-0.4889999999999999,-0.14111922141119237,1.0121015513399794
SZ.300350,True,BAR,True,-0.004310344827586077,0.04054054054054057,0.04664899712784798,0.14200000000000035,-0.07173913043478264,1.8807611526546244
SZ.300359,True,BAR,True,0.022167487684729315,-0.014251781472684022,-0.008143324885376613,-0.03750000000000053,-0.09567198177676528,1.0378349651209686
SZ.300364,True,BAR,True,0.0008176614881438837,0.10970081595648251,0.11580927254378992,-0.5460000000000029,-0.1621335217237725,0.7736062264791437
SZ.300365,True,BAR,True,0.0,-0.04033970276008503,-0.03423124617277762,-0.14900000000000002,-0.07802874743326482,1.080754652027899
SZ.300368,True,BAR,True,-0.01987447698744782,0.1683291770573565,0.17443763364466391,-0.0965000000000007,-0.15438247011952178,0.7374753689781137
SZ.300369,True,BAR,True,-0.04530744336569581,0.295754026354319,0.30186248294162643,0.7009999999999987,-0.10606060606060608,1.403784618147182
SZ.300370,True,BAR,True,-0.0092592592592593,-0.05726872246696035,-0.051160265879652944,-0.0649999999999995,-0.09130434782608698,1.526159870313649
SZ.300374,True,BAR,True,0.009036144578313143,-0.07628676470588236,-0.07017830811857495,-0.7895000000000003,-0.1324041811846689,1.5031685827197454
SZ.300377,True,BAR,True,-0.022001419446415982,-0.05031013094417647,-0.04420167435686906,-0.7924999999999969,-0.14423076923076927,0.5936578707251063
SZ.300381,True,BAR,True,-0.020689655172413834,-0.10268562401263825,-0.09657716742533085,-0.06550000000000011,-0.11650485436893199,0.742587750101417
SZ.300382,True,BAR,True,-0.011342155009451793,-0.11155152887882225,-0.10544307229151484,-1.1910000000000007,-0.21656050955414008,0.7267907722675773
SZ.300393,True,BAR,True,-0.021276595744680882,-0.047770700636942665,-0.041662244049635255,-0.15500000000000025,-0.07301587301587298,1.1434318303015065
SZ.300397,True,BAR,True,-0.025723472668810365,0.08992805755395694,0.09603651414126435,1.0280000000000005,-0.059555555555555584,1.9599436544453013
SZ.300405,True,BAR,True,0.00694444444444442,0.0017271157167528806,0.00783557230406029,0.017000000000000348,-0.11056105610561051,0.9929087854066634
SZ.300418,True,BAR,True,-0.026119402985074758,0.05188916876574301,0.05799762535305042,-2.0900000000000034,-0.10386266094420604,0.8023152283215073
SZ.300422,True,BAR,True,0.00995024875621886,-0.026378896882494063,-0.020270440295186654,-0.0804999999999998,-0.10454545454545461,0.7634925596450336
SZ.300423,True,BAR,True,-0.005514705882353033,-0.08460236886632821,-0.0784939122790208,-0.2990000000000004,-0.08614864864864857,1.032656909283434
SZ.300424,True,BAR,True,-0.01601164483260553,-0.04181431608788089,-0.03570585950057348,-0.5645000000000007,-0.1597265382224985,1.6854637212801749
SZ.300426,True,BAR,True,-0.02966625463535233,0.2304075235109717,0.23651598009827912,0.4970000000000008,-0.10219922380336355,1.4673527134439408
SZ.300427,True,BAR,True,0.023771790808240878,-0.02857142857142858,-0.02246297198412117,-0.27249999999999996,-0.10749646393210754,1.303964168962952
SZ.300429,True,BAR,True,-0.014554794520547976,0.054995417048579354,0.06110387363588676,0.17999999999999794,-0.08276450511945399,1.035225972938327
SZ.300436,True,BAR,True,-0.027560863573725225,-0.10769230769230764,-0.10158385110500023,-4.242999999999995,-0.11143756558237139,0.9811012668460656
SZ.300437,True,BAR,True,-0.009233610341643494,-0.06857638888888884,-0.06246793230158143,-0.5949999999999989,-0.11203319502074705,0.786841844337
SZ.300448,True,BAR,True,-0.010638297872340385,-0.0035714285714284477,0.0025370280158789615,-0.12199999999999989,-0.10344827586206895,0.9010138033640186
SZ.300449,True,BAR,True,0.008995502248875686,-0.05742296918767498,-0.05131451260036757,-0.26449999999999907,-0.09742895805142082,0.9740343018970063
SZ.300451,True,BAR,True,-0.008620689655172376,-0.008620689655172376,-0.0025122330678649663,-0.02300000000000013,-0.08539944903581265,1.2208930807666427
SZ.300459,True,BAR,True,-0.016901408450704092,-0.01412429378531066,-0.00801583719800325,-0.16349999999999953,-0.10051546391752564,0.7805822843810893
SZ.300466,True,BAR,True,0.0,-0.05059920106524629,-0.04449074447793888,-0.16699999999999982,-0.07671957671957663,0.9006897250500014
SZ.300469,True,BAR,True,-0.03436697610112582,-0.10947176684881599,-0.10336331026150858,-3.291000000000004,-0.19749629385603695,0.8239381706776286
SZ.300474,True,BAR,True,-0.013138138138138244,0.04160063391442148,0.04770909050172889,2.156499999999994,-0.08061383061383054,1.6606681733195954
SZ.300478,True,BAR,True,-0.04109211252068379,0.2022821576763485,0.2083906142636559,2.1469999999999985,-0.080655129789864,1.1826487637354042
SZ.300489,True,BAR,True,0.027005529884099655,0.3017282765242437,0.30783673311155113,41.66550000000004,-0.1795984134853743,1.323166396720352
SZ.300490,True,BAR,True,-0.017625231910946115,-0.08785529715762275,-0.08174684057031534,-0.3819999999999997,-0.07832898172323766,0.8670049286295965
SZ.300497,True,BAR,True,-0.0705352676338169,0.1039809863339276,0.11008944292123501,-0.7654999999999994,-0.15736961451247178,1.343276602426062
SZ.300500,True,BAR,True,0.01793248945147674,0.01793248945147674,0.02404094603878415,0.046499999999999986,-0.10218253968253965,0.8633428576611155
SZ.300501,True,BAR,True,0.0010593220338983578,-0.05500000000000005,-0.04889154341269264,-0.3200000000000003,-0.1304761904761904,0.7589611629421527
SZ.300504,True,BAR,True,-0.015839493136219684,0.1979434447300772,0.2040519013173846,0.9175000000000004,-0.06419479800774763,1.2799985500606648
SZ.300506,True,BAR,True,0.002004008016031955,-0.027237354085603016,-0.021128897498295607,0.06900000000000084,-0.1091954022988505,1.0754270286582743
SZ.300510,True,BAR,True,0.005952380952380931,-0.028735632183908066,-0.022627175596600657,-0.06300000000000017,-0.06779661016949157,1.0215153804064556
SZ.300513,True,BAR,True,-0.0013586956521740579,-0.017379679144385096,-0.011271222557077687,-0.08650000000000091,-0.08150064683053049,1.3541966684219828
SZ.300518,True,BAR,True,-0.033270321361058564,0.1083658430862593,0.1144742996735667,0.41600000000000037,-0.10251524390243894,1.079493283801476
SZ.300520,True,BAR,True,-0.06975837879968816,0.013588110403397025,0.019696566990704434,0.4549999999999983,-0.09995903318312171,1.9751515841948561
SZ.300521,True,BAR,True,-0.015748031496062964,0.06883283454467715,0.07494129113198456,0.10200000000000031,-0.10708841463414631,0.8435064864215337
SZ.300523,True,BAR,True,-0.03802447552447541,0.08960396039603968,0.09571241698334709,0.907,-0.042930471301913076,1.3796094057259247
SZ.300528,True,BAR,True,-0.011636363636363667,0.04780262143407854,0.05391107802138595,-0.2184999999999988,-0.08636977058029693,0.6289590524356659
SZ.300530,True,BAR,True,-0.006282722513089034,-0.008359456635318674,-0.0022510000480112646,-1.0625000000000036,-0.13254113345521013,0.5970592759578173
SZ.300536,True,BAR,True,-0.013002364066194039,-0.08039647577092512,-0.07428801918361772,-0.4940000000000033,-0.10021551724137934,0.7230055376016711
SZ.300538,True,BAR,True,-0.02688860435339313,0.016042780748662944,0.022151237335970353,0.0835000000000008,-0.11804697156983934,0.9863072479973749
SZ.300542,True,BAR,True,-0.015273311897106123,-0.05913978494623651,-0.0530313283589291,-0.4580000000000002,-0.11487481590574378,0.5301028029542829
SZ.300551,True,BAR,True,-0.015138772077375906,0.10785241248817412,0.11396086907548153,0.16600000000000037,-0.11488673139158578,0.5587251130777405
SZ.300552,True,BAR,True,-0.008906481939633837,-0.05918271488961946,-0.05307425830231205,-1.2269999999999968,-0.12264564169951808,0.561570482064333
SZ.300554,True,BAR,True,0.00041841004184117736,0.16124332200097147,0.16735177858827888,1.9824999999999982,-0.06303084488153776,2.1344646018414064
SZ.300556,True,BAR,True,-0.005600497822028649,-0.016009852216748666,-0.009901395629441256,-0.3509999999999991,-0.12935883014623173,0.648654877913052
SZ.300560,True,BAR,True,-0.04922566371681403,-0.03263927968486202,-0.026530823097554612,-0.9124999999999979,-0.0787781350482315,1.1077142932638666
SZ.300561,True,BAR,True,-0.049677419354838714,-0.1163767246550691,-0.11026826806776169,-1.3339999999999996,-0.1460869565217391,0.6700066647913515
SZ.300565,True,BAR,True,-0.00911854103343468,-0.011122345803842415,-0.005013889216535006,-0.2240000000000002,-0.04223968565815317,0.9568628260950977
SZ.300571,True,BAR,True,-0.010540632437946229,-0.04777486910994755,-0.04166641252264014,0.07699999999999818,-0.10356200527704484,0.9364405335492415
SZ.300572,True,BAR,True,-0.010865191146881448,0.2120315581854042,0.2181400147727116,0.6589999999999989,-0.0571315996847912,0.7449384682821049
SZ.300578,True,BAR,True,-0.02515723270440251,0.015062213490504295,0.021170670077811704,-0.26399999999999935,-0.11761194029850752,0.8196660892476662
SZ.300579,True,BAR,True,-0.02681189777963977,0.030155210643015407,0.036263667230322816,-0.14899999999999736,-0.06000000000000005,0.9018484254105592
SZ.300581,True,BAR,True,-0.006896551724137945,0.025432349949135347,0.031540806536442756,-0.4300000000000015,-0.08860759493670889,0.4989997039505842
SZ.300583,True,BAR,True,-0.022415039768619027,0.042405551272166386,0.048514007859473796,0.0129999999999999,-0.15606162089752174,0.6985283657799339
SZ.300585,True,BAR,True,,,,,,
SZ.300588,True,BAR,True,-0.029870708872046237,0.04665704665704684,0.05276550324435425,-0.7829999999999977,-0.18350434096290447,0.595708033995982
SZ.300589,True,BAR,True,0.0007358351729211954,0.04055087987758221,0.04665933646488962,-0.21899999999999942,-0.10998650472334692,0.7628365230274211
SZ.300591,True,BAR,True,-0.012213740458015265,-0.07703281027104136,-0.07092435368373395,-0.596000000000001,-0.16233766233766234,0.8895183723419143
SZ.300593,True,BAR,True,-0.0068350668647844115,0.08859934853420204,0.09470780512150945,1.041000000000004,-0.1121951219512195,0.8091709341818105
SZ.300597,True,BAR,True,-0.0012562814070351536,0.0,0.006108456587307409,0.008000000000000007,-0.06740196078431371,0.8570136383066836
SZ.300598,True,BAR,True,-0.002593192868719618,-0.02068746021642276,-0.01457900362911535,-1.1449999999999996,-0.1454388984509467,0.504420763400253
SZ.300599,True,BAR,True,0.10850202429149802,0.17008547008547015,0.17619392667277756,1.945999999999998,-0.08962655601659753,1.7721889634093457
SZ.300600,True,BAR,True,-0.0009727626459143934,0.006862745098039191,0.0129712016853466,-0.28200000000000003,-0.11389128559102679,0.7490421931546315
SZ.300603,True,BAR,True,-0.009840098400983988,0.04681404421326407,0.05292250080057148,-0.06300000000000061,-0.03961584633853543,0.8436681787306319
SZ.300605,True,BAR,True,0.007874015748031482,-0.012536162005785778,-0.006427705418478369,-0.06500000000000128,-0.10545790934320076,0.6862814694775076
SZ.300608,True,BAR,True,-0.0040404040404041774,-0.020854021847070636,-0.014745565259763227,-0.08499999999999908,-0.06796116504854377,1.2762285216277105
SZ.300609,True,BAR,True,-0.03599071207430338,-0.018131651556957062,-0.012023194969649653,0.2289999999999992,-0.10423959548813688,1.1349106730298608
SZ.300612,True,BAR,True,-0.0040584415584415945,0.02849958088851623,0.03460803747582364,0.06649999999999956,-0.10613207547169823,1.1984849910603999
SZ.300614,True,BAR,True,-0.008653846153846123,-0.05151793928242854,-0.04540948269512113,-0.23099999999999987,-0.11341134113411344,1.0599814450234082
SZ.300615,True,BAR,True,-0.0348189415041783,-0.016323633782824754,-0.010215177195517344,-0.484,-0.0854472630173565,0.8255162039422893
SZ.300616,True,BAR,True,-0.020795660036166397,0.004638218923933346,0.010746675511240755,0.2914999999999992,-0.09908256880733946,1.4769928917107988
SZ.300621,True,BAR,True,0.004249291784702569,-0.05087014725568939,-0.04476169066838198,-0.09649999999999981,-0.11066666666666669,0.9502381719464426
SZ.300624,True,BAR,True,-0.026368357970435463,0.0490744726646577,0.05518292925196511,-3.3334999999999866,-0.14849755415793153,0.7570668744811473
SZ.300625,True,BAR,True,0.0030030030030030463,0.03298969072164959,0.039098147308957,0.26049999999999685,-0.06066734074823066,1.091792644137358
SZ.300632,True,BAR,True,0.002067183462532318,0.08810325476992142,0.09421171135722883,0.8975000000000009,-0.07096424702058513,1.0702821217085028
SZ.300635,True,BAR,True,0.00592718035563089,-0.04270749395648665,-0.036599037369179244,-0.2914999999999992,-0.11723602484472062,0.9646756787660332
SZ.300639,True,BAR,True,0.006472491909385036,0.01967213114754096,0.02578058773484837,0.26399999999999935,-0.07817589576547224,1.4051500335119949
SZ.300647,True,BAR,True,0.1181286549707603,0.4121122599704581,0.4182207165577655,1.4949999999999992,-0.12366230677764567,0.8713999044584337
SZ.300648,True,BAR,True,-0.03258454702542579,-0.008099215388509218,-0.0019907588012018085,-0.9514999999999958,-0.07788235294117651,1.1614789373677135
SZ.300649,True,BAR,True,-0.04095800069420341,0.0890815924320063,0.09519004901931372,0.5455000000000005,-0.15213675213675215,1.0480825169476031
SZ.300656,True,BAR,True,-0.015968063872255467,0.15231788079470188,0.15842633738200929,2.795499999999997,-0.06746532156368223,1.6392383901704415
SZ.300659,True,BAR,True,-0.014719411223550916,0.04284323271665058,0.04895168930395799,0.1689999999999987,-0.0678899082568808,1.4079191503312831
SZ.300663,True,BAR,True,-0.006631299734747964,-0.13109048723897898,-0.12498203065167157,-0.7224999999999984,-0.17237569060773483,0.6218206080073444
SZ.300665,True,BAR,True,0.001129943502824915,-0.0818652849740934,-0.07575682838678599,-0.30049999999999955,-0.13793103448275856,0.7795566246052095
SZ.300667,True,BAR,True,-0.010450685826257411,0.05574912891986061,0.06185758550716802,0.31450000000000067,-0.049933422103861536,1.279447439213918
SZ.300671,True,BAR,True,-0.033890138130420855,0.11533469312071198,0.1214431497080194,4.5094999999999885,-0.11646234676007006,1.4803079081672073
SZ.300675,True,BAR,True,0.005372217958557135,0.007692307692307665,0.013800764279615074,0.08299999999999841,-0.1116825863335782,0.8428574568126237
SZ.300676,True,BAR,True,0.02498864152657876,0.10751104565537539,0.1136195022426828,6.136000000000003,-0.10936733692986755,2.193769433818024
SZ.300683,True,BAR,True,-0.03342297349212453,-0.03969465648854964,-0.03358619990124223,0.2339999999999982,-0.1361573373676248,1.7774564224876566
SZ.300686,True,BAR,True,-0.014018691588785104,-0.014018691588785104,-0.007910235001477695,0.03249999999999886,-0.0730263157894736,0.916863753146417
SZ.300688,True,BAR,True,-0.018467475192943783,0.1713815789473685,0.1774900355346759,2.8909999999999982,-0.08372827804107419,1.1142089539266402
SZ.300700,True,BAR,True,-0.004002287021154793,-0.07488050982474759,-0.06877205323744018,-1.4884999999999984,-0.1615271659324523,1.020598681277934
SZ.300706,True,BAR,True,-0.028736740597878563,-0.004546353034196593,0.0015621035531108163,0.6820000000000022,-0.11077389984825481,1.0861650115130015
SZ.300710,True,BAR,True,0.03776630083925103,0.04723127035830621,0.05333972694561362,1.4100000000000001,-0.07538802660753874,0.9119113180195537
SZ.300713,True,BAR,True,-0.0073260073260073,0.0074349442379182396,0.013543400825225649,0.2104999999999997,-0.08498168498168501,1.586679226158544
SZ.300719,True,BAR,True,0.0008361204013378476,0.004194630872483174,0.010303087459790583,-0.3179999999999996,-0.07542768273716949,0.7083806758819615
SZ.300723,True,BAR,True,-0.03404131510037811,-0.07700861829302186,-0.07090016170571445,-1.9250000000000043,-0.11631620974181522,0.8529591896510506
SZ.300730,True,BAR,True,-0.01557093425605538,-0.030664395229982877,-0.024555938642675468,-0.09499999999999886,-0.06587837837837829,1.3602532446801534
SZ.300732,True,BAR,True,-0.003472222222222099,-0.054365733113673764,-0.048257276526366355,-0.1509999999999998,-0.09640522875816993,0.8017977043444858
SZ.300736,True,BAR,True,0.012445730824891532,0.19794520547945194,0.20405366206675934,2.762999999999998,-0.09698212716085564,0.9859631221400615
SZ.300745,True,BAR,True,-0.0035727045373347144,-0.04190999656475436,-0.03580153997744695,-0.24149999999999494,-0.08208955223880599,0.7207463042492417
SZ.300753,True,BAR,True,-0.008430913348946079,-0.03903767589650475,-0.032929219309197344,-0.19550000000000267,-0.12872154115586698,1.107316129952237
SZ.300755,True,BAR,True,-0.026518391787852758,0.006189213085764811,0.01229766967307222,-0.033999999999997144,-0.06974789915966384,1.5768502493499017
SZ.300762,True,BAR,True,-0.015292801193584449,-0.03649635036496346,-0.03038789377765605,-1.266999999999996,-0.09743589743589753,0.9684906547375092
SZ.300766,True,BAR,True,-0.0150136487716106,0.020744931636020647,0.026853388223328056,-0.6020000000000003,-0.10941370767960357,0.7479040758627686
SZ.300767,True,BAR,True,-0.0023573785950024018,0.17948717948717952,0.18559563607448692,1.394000000000002,-0.06071428571428572,1.3225964598429187
SZ.300769,True,BAR,True,-0.024354603019970722,-0.14108061749571177,-0.13497216090840436,-2.3204999999999956,-0.14711517990206513,0.7770821572445518
SZ.300778,True,BAR,True,-0.011839708561020124,0.038277511961722466,0.044385968549029875,0.03750000000000142,-0.14855687606112056,0.8325436981298766
SZ.300780,True,BAR,True,0.0009945300845350946,0.020791075050709873,0.026899531638017282,0.36249999999999716,-0.14245149077141495,1.0230051740397872
SZ.300781,True,BAR,True,-0.024078803356439304,0.03762606671838631,0.04373452330569372,-0.6335000000000051,-0.1304794520547945,0.9402168403813175
SZ.300782,True,BAR,True,-0.012767066180302322,-0.014179784050995181,-0.008071327463687772,1.5810000000000173,-0.12524999999999997,1.2695721153407145
SZ.300786,True,BAR,True,-0.011333333333333306,-0.054209183673469385,-0.048100727086161976,0.057000000000000384,-0.14009962640099616,1.5787157368045746
SZ.300798,True,BAR,True,-0.04009163802978233,0.11436170212765973,0.12047015871496713,-0.1919999999999984,-0.16684266103484702,0.7304597129251044
SZ.300807,True,BAR,True,-0.021369863013698698,-0.07244871461957936,-0.06634025803227195,-1.4010000000000105,-0.13510101010101017,1.0098981813465053
SZ.300808,True,BAR,True,-0.020676691729323404,0.07589055240061948,0.08199900898792689,-0.7164999999999964,-0.28457869634340227,0.9618652830479855
SZ.300810,True,BAR,True,-0.005559968228753043,0.041164241164241,0.04727269775154841,-0.42950000000000443,-0.10566173818968627,0.6352668976033821
SZ.300825,True,BAR,True,-0.026122448979591817,0.14601344860710852,0.15212190519441593,-0.5225000000000009,-0.10903659447348779,0.9395522305481676
SZ.300830,True,BAR,True,-0.011138613861386149,-0.01842751842751844,-0.012319061840211032,-0.5665000000000013,-0.22497522299306238,0.49944123833867055
SZ.300839,True,BAR,True,-0.009841029523088629,0.024275646045418986,0.030384102632726395,0.15649999999999942,-0.08112094395280234,0.5370462215001132
SZ.300844,True,BAR,True,-0.030144694533762006,0.00499791753436063,0.011106374121668039,-0.11550000000000082,-0.11633372502937733,0.9362842492920225
SZ.300846,True,BAR,True,-0.01099450274862579,0.07262872628726291,0.07873718287457032,0.2989999999999995,-0.039786511402231994,1.0617629773466415
SZ.300849,True,BAR,True,0.03445107946715664,0.09586374695863742,0.10197220354594483,0.5355000000000025,-0.09523809523809534,0.9669675956147633
SZ.300853,True,BAR,True,-0.011085751548744804,0.13680659670164919,0.1429150532889566,1.7950000000000017,-0.041706161137440745,1.7093162070774763
SZ.300860,True,BAR,True,-0.038713910761154824,0.08118081180811809,0.0872892683954255,-0.12199999999999633,-0.14809113300492593,1.1924407628976619
SZ.300862,True,BAR,True,-0.06283333333333341,0.08552123552123558,0.09162969210854299,4.606500000000004,-0.15808823529411764,1.4295194327362364
SZ.300868,True,BAR,True,-0.051414176113592114,-0.027699530516431925,-0.021591073929124516,-3.9214999999999804,-0.12917127071823198,1.063506406413997
SZ.300869,True,BAR,True,-0.006932409012131546,-0.006932409012131546,-0.000823952424824137,0.3279999999999994,-0.0913793103448276,1.4764520991783803
SZ.300875,True,BAR,True,-0.012499999999999956,-0.0062893081761006275,-0.00018085158879321828,-1.7484999999999928,-0.10481586402266274,0.5305240303507991
SZ.300876,True,BAR,True,0.005294506949040434,-0.025032092426187424,-0.018923635838880015,-0.06550000000000189,-0.1390887290167866,0.5727666513350398
SZ.300878,True,BAR,True,-0.008025682182985605,-0.05301869445295748,-0.04691023786565007,-1.795500000000004,-0.1153736043515603,0.8903252919372977
SZ.300883,True,BAR,True,-0.0015552099533436836,-0.03892215568862267,-0.03281369910131526,-0.1324999999999994,-0.08394698085419738,0.6046902291531951
SZ.300887,True,BAR,True,-0.009873060648801224,-0.02092050209205021,-0.014812045504742799,-0.08300000000000196,-0.10575635876840694,0.9970751641594133
SZ.300889,True,BAR,True,-0.0039404553415061105,0.05912476722532589,0.0652332238126333,-0.9174999999999969,-0.2326515704894082,0.695287998619039
SZ.300894,True,BAR,True,-0.011560693641618602,-0.06727272727272726,-0.06116427068541985,-0.40449999999999875,-0.170549084858569,0.5881681403027464
SZ.300895,True,BAR,True,0.009826030927835072,0.17375023403856948,0.1798586906258769,6.519499999999994,-0.052863436123347984,1.5657099277974436
SZ.300900,True,BAR,True,-0.008318739054290814,0.02257336343115135,0.02868182001845876,-0.7950000000000017,-0.0844785772029103,0.8789909359716612
SZ.300902,True,BAR,True,-0.0010660980810236476,0.21294498381877025,0.21905344040607766,1.6885000000000012,-0.10477835348301667,1.1319672683144855
SZ.300903,True,BAR,True,-0.045601105481344995,0.30199824054291824,0.30810669713022565,5.213000000000008,-0.08196721311475408,0.9246821913719611
SZ.300904,True,BAR,True,0.09967243799719228,0.13994664079553742,0.14605509738284483,4.6584999999999965,-0.08169014084507054,1.7788950754341586
SZ.300911,True,BAR,True,-0.030077262693156803,0.5869074492099322,0.5930159057972396,5.619,-0.161439114391144,0.9310603704280888
SZ.300912,True,BAR,True,-0.001502253380069929,0.01372648703609558,0.01983494362340299,-0.1739999999999995,-0.11859582542694502,0.8028994107877176
SZ.300928,True,BAR,True,-0.024072612470402488,-0.03661862095831714,-0.03051016437100973,0.20449999999999946,-0.1322124570118457,1.4237443204997255
SZ.300929,True,BAR,True,-0.012330456226880337,-0.05207100591715974,-0.04596254932985233,-0.2770000000000046,-0.1456364647026125,0.4889231661824239
SZ.300931,True,BAR,True,-0.09109838625715772,0.16789297658862878,0.1740014331759362,1.517000000000003,-0.09109838625715772,2.301057893407513
SZ.300935,True,BAR,True,-0.011103151862464244,-0.12042051608792614,-0.11431205950061873,-1.1095000000000006,-0.1556982343499197,1.016005570267571
SZ.300937,True,BAR,True,-0.006117455138662242,-0.031013916500993943,-0.024905459913686534,-0.3944999999999972,-0.10419069588619767,0.9905042286878758
SZ.300948,True,BAR,True,-0.0015259409969481386,-0.052606177606177584,-0.046497721018870175,-0.48900000000000077,-0.1520332717190388,1.2599710522870493
SZ.300949,True,BAR,True,-0.007956448911222713,0.03449781659388651,0.04060627318119392,0.41650000000000276,-0.10057003257328989,0.607879709569751
SZ.300955,True,BAR,True,-0.028368794326241176,-0.01741803278688525,-0.011309576199577842,-0.6624999999999979,-0.10679611650485432,1.047762939743567
SZ.300958,True,BAR,True,0.0008090614886731018,-0.029042386185243352,-0.022933929597935943,0.03500000000000014,-0.09961089494163422,0.738147882150085
SZ.300959,True,BAR,True,-0.04998434728164447,0.0057445868316394755,0.011853043418946885,-2.715999999999994,-0.09363831308077197,1.1195999236163856
SZ.300961,True,BAR,True,-0.014154870940882636,-0.06329113924050633,-0.057182682653198924,-0.7539999999999978,-0.21947965310206807,0.3882963608523009
SZ.300966,True,BAR,True,-0.04210526315789476,0.047697368421052655,0.053805825008360064,1.332499999999996,-0.08370221327967808,1.3379494412150035
SZ.300968,True,BAR,True,-0.014070351758793898,-0.05491329479768792,-0.04880483821038051,-0.36299999999999955,-0.12431941923774947,0.5316075158982795
SZ.300982,True,BAR,True,-0.0020876826722338038,-0.036937541974479515,-0.030829085387172106,-0.2494999999999976,-0.07931262392597493,0.9281008046937733
SZ.300983,True,BAR,True,-0.013499480789200491,-0.010931806350858997,-0.004823349763551588,-0.5169999999999959,-0.1466019417475729,1.1817968703622637
SZ.300985,True,BAR,True,-0.0063207795628128505,-0.014625228519195677,-0.008516771931888267,0.242999999999995,-0.08376288659793818,1.1858012095677224
SZ.300991,True,BAR,True,-0.0650064683053041,0.06286764705882364,0.06897610364613105,-0.3334999999999937,-0.08512658227848102,1.0284442598389458
SZ.301002,True,BAR,True,-0.024494142705005384,-0.006507592190889366,-0.0003991356035819571,-0.22749999999999915,-0.09588092765662859,0.8538780640340038
SZ.301013,True,BAR,True,-0.0393258426966292,-0.019546520719311955,-0.013438064132004546,-0.8704999999999998,-0.10521091811414385,1.0103931900011596
SZ.301024,True,BAR,True,-0.03495311167945425,0.054986020503261956,0.061094477090569366,1.0804999999999936,-0.08539458186101301,1.0634974139769795
SZ.301027,True,BAR,True,-0.007201646090534974,-0.058077110785749064,-0.051968654198441655,-1.1585,-0.0938967136150235,1.0455768956816007
SZ.301037,True,BAR,True,0.0015267175572519776,-0.018698578908002972,-0.012590122320695563,0.22000000000000242,-0.11994113318616628,0.9574343179219491
SZ.301040,True,BAR,True,0.011485451761102716,-0.025451862781261436,-0.019343406193954027,-0.8509999999999955,-0.12178387650085754,0.7813882994992591
SZ.301049,True,BAR,True,0.002916869227029606,-0.0024177949709864865,0.0036906616163209227,0.21899999999999764,-0.09314420803782497,0.9066503472803605
SZ.301051,True,BAR,True,-0.03259726603575186,0.0592976396085203,0.06540609619582771,0.4230000000000018,-0.07271733187534157,0.8536939472956382
SZ.301052,True,BAR,True,0.0,0.05603822762814947,0.06214668421545688,-0.21699999999999875,-0.14602935641701165,0.7690936665766394
SZ.301060,True,BAR,True,-0.023868312757201693,0.06367713004484288,0.06978558663215029,0.9144999999999985,-0.1360544217687074,1.363881763578613
SZ.301067,True,BAR,True,0.022451994091580385,0.2347484837673921,0.2408569403546995,2.988999999999997,-0.1103079824010057,0.9983724989720182
SZ.301070,True,BAR,True,-0.04093567251462005,0.012814574648757127,0.018923031236064536,0.3129999999999882,-0.07298720842738904,0.9759076124425555
SZ.301072,True,BAR,True,-0.04582914572864327,0.07446808510638303,0.08057654169369044,1.7369999999999948,-0.0692156862745098,1.954460171257611
SZ.301075,True,BAR,True,0.001208824418253318,0.18300303517229088,0.1891114917595983,5.030999999999999,-0.07560304354864822,1.2596771230279378
SZ.301089,True,BAR,True,-0.008688456764584185,-0.0070451719850807,-0.0009367153977732912,0.9179999999999993,-0.12577065351417993,1.6062982849857497
SZ.301090,True,BAR,True,-0.0042194092827004814,0.0396475770925111,0.04575603367981851,0.027499999999999858,-0.074585635359116,0.8286865493090653
SZ.301096,True,BAR,True,-0.05133752950432746,0.030996152201795635,0.037104608789103044,0.7364999999999853,-0.08914069877242692,1.2583081027524496
SZ.301097,True,BAR,True,-0.012611063341931739,0.0314371257485031,0.03754558233581051,0.4504999999999981,-0.07198164611413815,0.811003171141047
SZ.301098,True,BAR,True,-0.011111111111111072,-0.04914529914529908,-0.04303684255799167,-0.11950000000000038,-0.12016718913270641,0.7387914015627207
SZ.301100,True,BAR,True,0.013496143958868778,-0.006926952141057985,-0.0008184955537505756,0.1355000000000004,-0.0958230958230959,0.9929828997622532
SZ.301105,True,BAR,True,-0.015390686661404862,0.06170212765957439,0.0678105842468818,0.711500000000008,-0.10396226415094334,0.6843905676442993
SZ.301112,True,BAR,True,-0.023840206185566926,-0.008183306055646433,-0.002074849468339024,-0.23799999999999955,-0.07677784770295792,0.8309936465069986
SZ.301118,True,BAR,True,-0.02212943632567843,0.026292725679228912,0.03240118226653632,-0.06449999999999889,-0.0805119735755574,0.7817180049882912
SZ.301123,True,BAR,True,-0.045725646123260466,0.0231814548361311,0.02928991142343851,-1.7519999999999953,-0.08454951151851398,0.7918943141339929
SZ.301133,True,BAR,True,-0.018335166850018347,-0.09131025118805158,-0.08520179460074417,-2.211500000000001,-0.19861153033504386,0.7028456498205955
SZ.301136,True,BAR,True,0.12331081081081097,0.15853658536585358,0.164645041953161,1.1615000000000002,-0.08171206225680927,1.0956006833667271
SZ.301152,True,BAR,True,-0.008490566037735792,-0.09396551724137925,-0.08785706065407184,-0.8674999999999962,-0.10578158458244125,0.5059783261015702
SZ.301166,True,BAR,True,-0.0003027550711474092,0.10434782608695659,0.110456282674264,3.5430000000000064,-0.07831325301204817,1.6621235886818417
SZ.301169,True,BAR,True,-0.030965391621129212,0.06442577030812346,0.07053422689543087,-1.531000000000006,-0.12295505424487685,1.0141882263952036
SZ.301176,True,BAR,True,-0.10821123321123316,0.3083296014330499,0.3144380580203573,5.901500000000006,-0.12103746397694515,1.6734553796774598
SZ.301180,True,BAR,True,-0.02201524132091448,-0.05016447368421051,-0.0440560170969031,-0.2370000000000001,-0.08964955175224121,0.690939272222551
SZ.301182,True,BAR,True,-0.04265073631564331,0.009226713532513031,0.01533517011982044,-1.1230000000000047,-0.13041700735895334,1.0312295289358537
SZ.301189,True,BAR,True,0.04393939393939417,0.46369254538431837,0.4698010019716258,13.667500000000018,-0.06440903054448877,1.3931494440997718
SZ.301193,True,BAR,True,-0.005430242272347674,0.2524986849026827,0.2586071414899901,3.3124999999999964,-0.0983293556085918,1.6188975651291366
SZ.301198,True,BAR,True,0.007534246575342518,0.1537254901960785,0.15983394678338592,1.483500000000003,-0.10751104565537561,1.7720312594941727
SZ.301201,True,BAR,True,-0.08107284364523026,-0.1507042253521127,-0.1445957687648053,-4.402000000000008,-0.18711242922620663,1.574435349147528
SZ.301218,True,BAR,True,0.034809474768280335,0.06870878536481606,0.07481724195212347,2.323500000000003,-0.2509459924320606,0.7005759575923461
SZ.301227,True,BAR,True,-0.02900717703349276,0.06809210526315801,0.07420056185046542,-0.7255000000000038,-0.10292863235712257,0.9810813983868145
SZ.301228,True,BAR,True,-0.05061112067481499,-0.1216754260232521,-0.11556696943594469,-4.986000000000004,-0.22280157835400216,0.6902157429298245
SZ.301231,True,BAR,True,-0.015465613688713353,0.12101910828025475,0.12712756486756216,1.220000000000006,-0.1675191815856778,0.9232619232431943
SZ.301237,True,BAR,True,-0.04187485129669277,0.0608535300316122,0.06696198661891961,1.4840000000000018,-0.0688341376682754,1.0510399487011048
SZ.301239,True,BAR,True,-0.004739336492890933,-0.10739586285066594,-0.10128740626335853,-0.9779999999999944,-0.13755274261603367,0.9215841118308844
SZ.301260,True,BAR,True,-0.0075949367088608,-0.1352941176470588,-0.12918566105975138,-0.22549999999999848,-0.16678966789667904,0.7150808385607277
SZ.301268,True,BAR,True,-0.009892827699917617,-0.11102886750555141,-0.104920410918244,-0.4184999999999981,-0.13497390007457122,1.114638981066916
SZ.301273,True,BAR,True,-0.016817939135077453,-0.062133944486885806,-0.0560254878995784,-0.5720000000000027,-0.12425889328063222,0.7658765853648297
SZ.301285,True,BAR,True,-0.03240421550280714,0.2086614173228345,0.2147698739101419,7.478999999999999,-0.11506209531896816,1.3181010648622413
SZ.301288,True,BAR,True,-0.02471264367816095,-0.008761682242990787,-0.0026532256556833778,0.022500000000000853,-0.13273842721695472,1.0965145168776267
SZ.301292,True,BAR,True,-0.023573624871882526,-0.12088588126730238,-0.11477742467999497,-4.917500000000011,-0.12545899632802937,0.790429990605603
SZ.301302,True,BAR,True,-0.0022967386311437687,0.039731929152704515,0.045840385740011924,0.05000000000000071,-0.09351565946184393,1.4897630363129097
SZ.301306,True,BAR,True,-0.008374533346786395,0.12771084337349392,0.13381929996080133,0.09700000000000841,-0.047628458498023774,0.9202600637874289
SZ.301307,True,BAR,True,-0.026959142665773594,0.11024073366450127,0.11634919025180868,0.5985000000000014,-0.09748743718592967,0.8060328382364306
SZ.301311,True,BAR,True,0.2002670226969292,0.31914893617021267,0.3252573927575201,3.868499999999999,-0.06284916201117319,2.6254299309404074
SZ.301313,True,BAR,True,-0.015649952091983388,-0.043748060812907164,-0.037639604225599754,-1.1730000000000018,-0.14660894660894652,0.7154750494031917
SZ.301321,True,BAR,True,-0.03825956489122284,0.26962119336469414,0.27572964995200155,5.531500000000008,-0.03825956489122284,0.9987995579663419
SZ.301325,True,BAR,True,-0.021874999999999978,0.015903927296332387,0.022012383883639797,0.9074999999999989,-0.10064935064935066,1.142969833136888
SZ.301326,True,BAR,True,-0.027451705333210064,-0.006327320804608627,-0.00021886421730121786,-0.37300000000000466,-0.18306382978723412,0.8091566976477697
SZ.301337,True,BAR,True,-0.05272108843537404,0.08281493001555229,0.0889233866028597,0.5399999999999991,-0.11433447098976113,1.487667765038917
SZ.301355,True,BAR,True,-0.008278145695364225,0.1642371234207971,0.1703455800081045,0.8279999999999994,-0.026839826839826886,0.8322233349157577
SZ.301368,True,BAR,True,-0.005108556832694622,0.013267429760666083,0.019375886347973492,1.0945000000000036,-0.1034041464038904,1.2748904433615464
SZ.301372,True,BAR,True,-0.010616929698708866,0.14437437769664774,0.15048283428395515,2.3704999999999927,-0.03312693498452002,1.078484068691911
SZ.301378,True,BAR,True,-0.01524628616106316,0.03195411716509633,0.03806257375240374,0.37200000000000344,-0.11583011583011582,1.2612521921624908
SZ.301383,True,BAR,True,-0.02880324543610535,0.004616030214016131,0.01072448680132354,0.15850000000000364,-0.08162428219852336,1.3376006238820872
SZ.301515,True,BAR,True,-0.018304431599229454,0.024120603015075348,0.030229059602382757,1.0019999999999953,-0.09237758707723365,1.2797368094862125
SZ.301516,True,BAR,True,-0.021739130434782594,-0.011746680286006006,-0.005638223698698597,0.7604999999999968,-0.10810810810810811,0.6454545889128958
SZ.301517,True,BAR,True,-0.024352331606217748,0.0005313496280552332,0.0066398062153626425,-0.33899999999999864,-0.061056952283222055,1.687645947802648
SZ.301519,True,BAR,True,0.013355592654423987,0.0,0.006108456587307409,0.20200000000000173,-0.1061093247588425,0.8903351827245751
SZ.301577,True,BAR,True,-0.023570712136409266,0.04303571428571429,0.0491441708730217,0.23049999999999926,-0.053342336259284306,1.084627547355903
SZ.301666,True,BAR,True,-0.054030202000392324,-0.013094629156010229,-0.00698617256870282,-25.466499999999996,-0.23223216912537303,1.0898109091326942
