security_id,valid_member,missing_state,tradable,RET1,RET20,RS20,above_ma20,MDD20,amount_ratio_5_20
BJ.920002,True,BAR,True,0.019376747902516867,-0.006618649016935874,-0.0005101924296284643,-0.20999999999999375,-0.11154201292705446,0.9577547573862871
BJ.920011,True,BAR,True,-0.020509977827050885,-0.011744966442952864,-0.005636509855645455,-0.5594999999999999,-0.07526315789473681,0.7501410454507055
BJ.920026,True,BAR,True,-0.09153439153439136,-0.20435588507877656,-0.19824742849146915,-2.0410000000000004,-0.24601063829787218,0.6672496757580055
BJ.920060,True,BAR,True,-0.04968553459119507,0.4342667299477929,0.4403751865351003,4.8185,-0.04968553459119507,1.7385589797905554
BJ.920061,True,BAR,True,-0.0011560693641617936,-0.04106548279689226,-0.03495702620958485,-0.5365000000000002,-0.1298904538341159,0.814826445529885
BJ.920066,True,BAR,True,-0.03575240128068291,0.05364431486880483,0.05975277145611224,-0.21550000000000225,-0.07154213036565982,0.48312424658122183
BJ.920080,True,BAR,True,-0.018536585365853564,-0.05805243445692876,-0.05194397786962135,-1.2170000000000023,-0.1513353115727003,0.4044119606905245
BJ.920091,True,BAR,True,-0.02002861230329045,-0.014388489208633115,-0.008280032621325706,-1.070999999999998,-0.10998694516971286,0.6297804592220633
BJ.920092,True,BAR,True,-0.0207171314741037,-0.09097633136094674,-0.08486787477363933,-2.2965000000000018,-0.18039346448816274,0.5134064165974536
BJ.920096,True,BAR,True,-0.032667300983190595,-0.05951279679309285,-0.05340434020578544,-2.0360000000000014,-0.13768730562623688,0.7128153107016533
BJ.920100,True,BAR,True,-0.02317232375979117,-0.05880503144654092,-0.052696574859233514,-0.7949999999999946,-0.15798816568047325,0.7997160414323516
BJ.920108,True,BAR,True,-0.01388888888888895,-0.05228031145717471,-0.0461718548698673,-0.3410000000000011,-0.10256410256410242,0.5892068607985218
BJ.920156,True,BAR,True,-0.030902683654106866,-0.050464807436918946,-0.04435635084961154,-0.8879999999999981,-0.11800923550538722,0.8683065621155732
BJ.920198,True,BAR,True,-0.035322777101096325,0.04761904761904767,0.05372750420635508,-0.05299999999999905,-0.09155766944114152,0.9304062450415997
BJ.920199,True,BAR,True,-0.03125000000000011,-0.0746268656716419,-0.06851840908433449,-1.5749999999999993,-0.12869822485207105,1.0115132032334133
BJ.920207,True,BAR,True,-0.055801594331266524,0.023523763802208553,0.029632220389515962,-0.657,-0.1033146792940165,0.8151584401760951
BJ.920211,True,BAR,True,0.004971966571458708,-0.0501899620075984,-0.04408150542029099,-0.6684999999999945,-0.12214036448235743,0.9511951862998919
BJ.920242,True,BAR,True,-0.010806916426512991,0.00586080586080584,0.01196926244811325,-0.20199999999999818,-0.08618331053351569,0.5180271330106981
BJ.920247,True,BAR,True,-0.017591339648173165,0.049891540130151846,0.055999996717459255,-0.04099999999999859,-0.12870662460567817,0.928399668776221
BJ.920249,True,BAR,True,-0.023051591657519133,-0.01439645625692132,-0.00828799966961391,-0.2314999999999987,-0.09062499999999996,0.9207317034263203
BJ.920263,True,BAR,True,-0.01572327044025168,-0.08211143695014667,-0.07600298036283926,-0.5575000000000001,-0.1529093369418133,1.0246801095305609
BJ.920270,True,BAR,True,-0.016829052258635957,-0.09756097560975618,-0.09145251902244877,-0.7555000000000014,-0.1456086286594761,0.4711368782614199
BJ.920346,True,BAR,True,-0.03251533742331292,0.09437890353920886,0.10048736012651627,0.44650000000000034,-0.14106395696353857,1.7074286775804184
BJ.920357,True,BAR,True,-0.05435453983940708,-0.0371069182389937,-0.030998461651686293,-0.29850000000000065,-0.13235294117647056,0.8335997082302334
BJ.920363,True,BAR,True,-0.01696606786427146,-0.022817460317460347,-0.016709003730152938,-0.3929999999999989,-0.11737943585077348,0.7269067083405526
BJ.920374,True,BAR,True,-0.027468933943754048,0.017796030116358663,0.023904486703666072,-0.5510000000000019,-0.11739915713425642,0.5402734710675569
BJ.920378,True,BAR,True,0.0014184397163119478,0.011461318051575908,0.017569774638883318,-0.06450000000000067,-0.08165997322623819,0.7387042516643728
BJ.920414,True,BAR,True,-0.012578616352201366,0.01683937823834203,0.022947834825649438,-0.2829999999999995,-0.12211981566820274,0.6900678373308481
BJ.920418,True,BAR,True,0.01697792869269943,-0.002774694783573839,0.0033337618037335703,-0.08650000000000801,-0.0998953974895398,1.0754278060158955
BJ.920425,True,BAR,True,-0.014025245441795176,0.007163323782234832,0.013271780369542241,-0.36299999999999777,-0.10598179453836154,0.6251160086312937
BJ.920454,True,BAR,True,0.0,0.06697674418604649,0.0730852007733539,0.17150000000000176,-0.0714285714285714,0.8993428561209375
BJ.920469,True,BAR,True,-0.01025641025641022,0.037634408602150504,0.04374286518945791,-0.34800000000000075,-0.1716738197424893,0.4930189871679869
BJ.920475,True,BAR,True,-0.01302083333333337,-0.08306451612903232,-0.07695605954172491,-0.5550000000000015,-0.12177985948477754,0.523993488344466
BJ.920491,True,BAR,True,-0.025282167042889325,0.0041860465116279055,0.010294503098935315,-0.41799999999999926,-0.09209383145091232,0.810901368039482
BJ.920496,True,BAR,True,-0.007739938080495334,0.04738562091503273,0.05349407750234014,-0.0034999999999989484,-0.07530120481927716,1.1432848653964582
BJ.920508,True,BAR,True,-0.020270270270270285,0.01327742837176804,0.01938588495907545,-0.6189999999999998,-0.0901639344262295,0.6946755281314245
BJ.920509,True,BAR,True,0.05635593220338975,0.26355803345159656,0.26966649003890397,3.661999999999999,-0.10956443646160763,1.6857729447284946
BJ.920510,True,BAR,True,0.03650715342871247,-0.019598693420438518,-0.013490236833131108,0.26950000000000074,-0.13057181449797395,1.0890636173845112
BJ.920533,True,BAR,True,-0.007224563515954352,-0.09594298245614041,-0.089834525868833,-1.559000000000001,-0.2315840154068367,0.6993507113727524
BJ.920541,True,BAR,True,-0.014613778705636848,-0.052208835341365556,-0.04610037875405815,-0.3785000000000025,-0.09739633558341365,0.5649468687938859
BJ.920570,True,BAR,True,-0.017363851617995363,0.04184100418410042,0.047949460771407826,0.11950000000000216,-0.07350096711798848,0.9480604437008759
BJ.920578,True,BAR,True,-0.0040183696900114585,0.06051344743276288,0.06662190402007029,0.25749999999999673,-0.0926856504745952,1.102116569836433
BJ.920579,True,BAR,True,-0.01836158192090398,-0.027972027972028024,-0.021863571384720615,-0.464500000000001,-0.10588235294117654,0.7918081517302628
BJ.920593,True,BAR,True,-0.002138579982891353,0.01039411000433077,0.01650256659163818,-0.050499999999999545,-0.09595753368721915,0.9347398879748301
BJ.920690,True,BAR,True,-0.008290816326530503,-0.05585913782635088,-0.04975068123904347,-0.30049999999999955,-0.10953226761397283,0.7333398027142154
BJ.920693,True,BAR,True,-0.03822692151281015,0.04230938739532819,0.0484178439826356,-0.3200000000000003,-0.11837524177949721,0.9272779446270489
BJ.920748,True,BAR,True,0.29985754985755,0.4971287940935194,0.5032372506808268,6.3309999999999995,-0.2321870701513068,0.9098595954493961
BJ.920806,True,BAR,True,-0.017769002961500635,-0.031158714703018564,-0.025050258115711155,-0.4305000000000021,-0.10036166365280297,0.6270317192969435
BJ.920810,True,BAR,True,-0.005780346820809301,-0.08607863974495222,-0.07997018315764481,-0.5404999999999998,-0.11975435005117707,0.4734292220789472
BJ.920839,True,BAR,True,-0.02787021630615638,-0.029081844619858743,-0.022973388032551334,-0.7950000000000017,-0.10011732499022286,0.8968728805611018
BJ.920856,True,BAR,True,-0.03644067796610184,-0.06033057851239676,-0.05422212192508935,-0.7990000000000013,-0.1418867924528302,0.5005684555544585
BJ.920857,True,BAR,True,-0.07966573816155986,-0.13958333333333328,-0.13347487674602587,-3.843,-0.2654513116940862,0.62842686661991
BJ.920876,True,BAR,True,-0.03003003003003002,0.01700251889168758,0.02311097547899499,-0.9324999999999974,-0.15029208709506103,0.4133227705770609
BJ.920896,True,BAR,True,-0.03269537480063778,0.002479338842975354,0.008587795430282763,-0.48249999999999815,-0.09527381845461358,0.6653368721470735
BJ.920906,True,BAR,True,-0.013734466971876969,-0.04132231404958675,-0.03521385746227934,-0.7304999999999993,-0.11362284354550856,0.7775787875107368
BJ.920932,True,BAR,True,-0.014354066985645786,-0.06448683015440504,-0.05837837356709763,-0.5899999999999999,-0.1407972858354537,0.6460603670898553
BJ.920953,True,BAR,True,-0.03681506849315064,0.012145748987854255,0.018254205575161664,-0.4220000000000006,-0.08744769874476988,0.6884631031478249
BJ.920971,True,BAR,True,-0.005204718945176934,0.14863782051282048,0.1547462771001279,1.1900000000000048,-0.08745644599303126,0.9565593833951131
BJ.920978,True,BAR,True,-0.01319563970166382,-0.13611250627825222,-0.1300040496909448,-1.3120000000000012,-0.16146607231302634,0.8917089193024389
SH.600008,True,BAR,True,-0.0073260073260073,-0.06228373702422152,-0.05617528043691411,-0.07450000000000001,-0.0491228070175439,0.7364016244804157
SH.600022,True,BAR,True,-0.022900763358778664,-0.05882352941176472,-0.05271507282445731,-0.05049999999999999,-0.06569343065693434,1.1140186078477896
SH.600031,True,BAR,True,-0.017704169046259377,-0.088016967126193,-0.08190851053888559,-1.8895000000000017,-0.1493570722057369,0.8768955381050629
SH.600053,True,BAR,True,-0.02288021534320317,-0.08679245283018877,-0.08068399624288136,-0.3805000000000005,-0.14198286413708694,1.5308888264628966
SH.600055,True,BAR,True,-0.005671077504725952,-0.049683830171635135,-0.043575373584327726,-0.09950000000000259,-0.10952804986642928,1.292841226722805
SH.600060,True,BAR,True,-0.0051395007342143195,-0.02307137707281892,-0.016962920485511512,-0.7494999999999976,-0.07018156424581012,0.9726614141707742
SH.600071,True,BAR,True,-0.007738095238095211,0.05506329113924058,0.06117174772654799,0.09849999999999781,-0.044352454169130695,0.8826331642172064
SH.600081,True,BAR,True,0.01807802093244515,0.033816425120772875,0.039924881708080284,0.28300000000000125,-0.03860640301318252,1.2504704228043315
SH.600100,True,BAR,True,-0.024890190336749662,-0.024890190336749662,-0.018781733749442253,-0.2079999999999993,-0.057991513437057995,0.9371457877169471
SH.600114,True,BAR,True,-0.03495495495495493,-0.0781411359724613,-0.0720326793851539,-1.8290000000000006,-0.14226075786769432,0.6337000781568329
SH.600121,True,BAR,True,0.01871101871101888,0.17224880382775143,0.17835726041505884,-0.16000000000000014,-0.1578947368421053,0.8025883715858179
SH.600141,True,BAR,True,-0.023410202655485768,-0.08059210526315785,-0.07448364867585044,-2.182500000000001,-0.12437343358395991,0.6616066477383108
SH.600143,True,BAR,True,-0.0113464447806354,-0.06776034236804562,-0.061651885780738214,-0.37700000000000244,-0.085348506401138,1.0420515174706648
SH.600152,True,BAR,True,-0.011612903225806437,-0.07038834951456308,-0.06427989292725567,-0.42849999999999966,-0.09241706161137431,0.88265168889348
SH.600170,True,BAR,True,-0.013452914798206206,-0.04347826086956508,-0.03736980428225767,-0.05099999999999971,-0.051724137931034364,1.1502842708816525
SH.600173,True,BAR,True,-0.013651877133105783,-0.07223113964687,-0.06612268305956259,-0.2885,-0.08832807570977907,0.8934912979008479
SH.600184,True,BAR,True,-0.039980256663376235,0.11333714939896966,0.11944560598627707,0.0045000000000001705,-0.12110257568910976,1.0966700088649366
SH.600196,True,BAR,True,-0.012537829658452182,-0.0008748906386701893,0.00523356594863722,0.40800000000000125,-0.04936653560506765,1.3756349841417108
SH.600203,True,BAR,True,-0.007952286282306154,-0.059377945334589954,-0.053269488747282545,-0.5054999999999978,-0.11764705882352944,0.5413723766123261
SH.600212,True,BAR,True,0.04655172413793118,-0.020967741935483897,-0.014859285348176487,-0.08649999999999913,-0.11314984709480125,0.9350984774497244
SH.600215,True,BAR,True,0.0,-0.04538341158059467,-0.03927495499328726,-0.33199999999999985,-0.10751104565537561,0.7787301193160651
SH.600219,True,BAR,True,-0.017057569296375252,-0.04554865424430632,-0.03944019765699891,-0.2209999999999992,-0.09072978303747536,0.7280029426602216
SH.600268,True,BAR,True,-0.0117647058823529,-0.05617977528089879,-0.05007131869359138,-0.395999999999999,-0.05794392523364478,0.9334214303845774
SH.600282,True,BAR,True,0.002277904328018332,-0.05982905982905973,-0.05372060324175232,-0.1819999999999995,-0.07203389830508466,1.0730781371924951
SH.600288,True,BAR,True,-0.013698630136986134,-0.019073569482288777,-0.012965112894981368,-0.23299999999999876,-0.07280701754385965,0.6673893416041682
SH.600302,True,BAR,True,0.005633802816901401,0.09007633587786268,0.09618479246517009,0.22350000000000048,-0.09428950863213814,0.8311991138827546
SH.600312,True,BAR,True,0.0005282620179609676,-0.07293196279980418,-0.06682350621249677,-0.5839999999999996,-0.07114818449460247,0.648547569006084
SH.600320,True,BAR,True,-0.012285012285012442,-0.026634382566586012,-0.020525925979278603,-0.12450000000000028,-0.07159353348729802,0.8416777045678757
SH.600335,True,BAR,True,-0.0019493177387913674,-0.021032504780114758,-0.014924048192807349,-0.07699999999999996,-0.03962264150943395,0.7373811672425121
SH.600340,True,BAR,True,0.01739130434782621,0.06363636363636349,0.0697448202236709,0.07649999999999979,-0.036363636363636376,1.9353708953819813
SH.600361,True,BAR,True,-0.017191977077363862,-0.09736842105263155,-0.09125996446532414,-0.18349999999999955,-0.08533333333333326,0.6953618605168618
SH.600366,True,BAR,True,-0.018534863195057483,-0.03722943722943739,-0.03112098064212998,-0.20000000000000284,-0.06615776081424929,0.9425783335277423
SH.600388,True,BAR,True,0.013937282229965264,-0.029999999999999916,-0.023891543412692506,-0.5674999999999955,-0.10267155578837095,0.912874810469055
SH.600400,True,BAR,True,0.011869436201780381,0.1520270270270272,0.1581354836143346,0.2634999999999996,-0.06388888888888888,1.6223982297142983
SH.600444,True,BAR,True,-0.006896551724137945,0.004184100418409997,0.010292557005717407,0.12150000000000105,-0.0833898305084746,0.9097235818060001
SH.600487,True,BAR,True,-0.03660280240205893,0.039333641832485,0.04544209841979241,0.48799999999998533,-0.12734922861150066,1.0702971734428555
SH.600499,True,BAR,True,-0.03516295025728988,-0.22252937111264692,-0.21642091452533951,-2.591000000000003,-0.25149700598802394,1.5149678103711752
SH.600501,True,BAR,True,0.015151515151515138,0.03656821378340358,0.04267667037071099,-0.10650000000000048,-0.06201550387596899,0.8689007501818081
SH.600503,True,BAR,True,-0.09863945578231292,0.1936936936936935,0.1998021502810009,0.35399999999999965,-0.09863945578231292,2.8386260076137617
SH.600506,True,BAR,True,0.06315789473684208,0.15575333757151943,0.16186179415882684,1.1724999999999994,-0.13530997304582215,0.9848766351579022
SH.600520,True,BAR,True,-0.013389441469013108,0.07998324958123959,0.086091706168547,0.6579999999999977,-0.0985485103132161,1.0096650894584291
SH.600522,True,BAR,True,-0.027389603130240414,0.04160431008680043,0.04771276667410784,0.21950000000000358,-0.12139689578713964,1.120593422253532
SH.600526,True,BAR,True,0.004405286343612147,-0.02355460385438979,-0.01744614726708238,-0.0470000000000006,-0.05084745762711851,0.8720688591401817
SH.600528,True,BAR,True,-0.010279001468428639,-0.04397163120567371,-0.0378631746183663,-0.1714999999999991,-0.04532577903682711,0.7386246230260737
SH.600536,True,BAR,True,-0.022300095571838097,-0.06518428266829113,-0.05907582608098372,-1.8795000000000037,-0.10524781341107858,0.5810218555548144
SH.600545,True,BAR,True,-0.02262443438914019,0.018867924528301883,0.024976381115609292,-0.017999999999998906,-0.08474576271186429,1.1726531980951904
SH.600549,True,BAR,True,-0.03715869431328278,-0.10870391486126951,-0.1025954582739621,-3.6785000000000068,-0.1441605839416058,0.8447693759800006
SH.600575,True,BAR,True,0.0,-0.03963414634146334,-0.03352568975415593,-0.12450000000000072,-0.0625,0.7822940972246628
SH.600577,True,BAR,True,-0.03146067415730347,-0.0011587485515645035,0.004949708035742906,0.2924999999999969,-0.08458864426419466,1.6882787900876228
SH.600579,True,BAR,True,0.0,0.021398002853067144,0.027506459440374553,0.042500000000000426,-0.03013698630136985,0.9720515848963251
SH.600580,True,BAR,True,-0.013996316758747684,-0.1064753004005341,-0.10036684381322669,-1.3079999999999963,-0.1294583883751652,0.8556395185583682
SH.600582,True,BAR,True,-0.010245901639344246,-0.014285714285714346,-0.008177257698406937,-0.024999999999999467,-0.05432595573440635,0.7038483968312569
SH.600583,True,BAR,True,0.025157232704402288,0.08666666666666667,0.09277512325397408,0.3304999999999989,-0.04140127388535042,1.396002792294903
SH.600584,True,BAR,True,-0.04166086108401834,-0.06510806035068628,-0.05899960376337887,-1.8405000000000058,-0.13348150084978416,1.285198332083309
SH.600587,True,BAR,True,-0.0038461538461539435,0.02941176470588225,0.03552022129318966,0.29749999999999943,-0.05685358255451711,2.7743543354775775
SH.600588,True,BAR,True,-0.021052631578947323,-0.07554671968190851,-0.0694382630946011,-0.4870000000000001,-0.10490856592877762,0.8316380874683534
SH.600590,True,BAR,True,-0.009456264775413725,0.009638554216867545,0.015747010804174955,-0.22550000000000026,-0.07912087912087895,1.028793146775718
SH.600609,True,BAR,True,-0.005617977528089901,0.04424778761061954,0.05035624419792695,0.09699999999999953,-0.07670454545454541,1.9033469631820434
SH.600615,True,BAR,True,0.002125398512220933,-0.017708333333333326,-0.011599876746025917,-0.14949999999999974,-0.09709709709709713,0.7787739928422844
SH.600640,True,BAR,True,-0.031847133757961776,0.13857677902621734,0.14468523561352475,0.7820000000000018,-0.09321401938851603,2.6564159947245503
SH.600678,True,BAR,True,-0.008726003490401535,0.012477718360071277,0.018586174947378686,-0.1639999999999997,-0.11661341853035134,0.645856615088172
SH.600681,True,BAR,True,0.005899705014749346,-0.02011494252873558,-0.01400648594142817,-0.09050000000000002,-0.06868131868131866,0.6934157146250551
SH.600682,True,BAR,True,-0.01538461538461533,0.0,0.006108456587307409,0.04400000000000048,-0.07300509337860772,1.2653217284693279
SH.600690,True,BAR,True,-0.002970297029702862,-0.0477541371158392,-0.04164568052853179,-0.8774999999999977,-0.09590909090909083,1.2623703526129764
SH.600691,True,BAR,True,-0.007246376811594013,0.02621722846441954,0.03232568505172695,-0.28649999999999975,-0.2303370786516853,0.4287242029284896
SH.600699,True,BAR,True,0.050627032048304654,0.19178082191780832,0.19788927850511573,2.906500000000001,-0.1030363364858139,2.102104602784363
SH.600704,True,BAR,True,-0.016494845360824795,-0.04216867469879537,-0.03606021811148796,-0.16500000000000004,-0.055445544554455495,0.7940025809927709
SH.600710,True,BAR,True,-0.0070360598065083435,0.07319391634980987,0.07930237293711728,0.270999999999999,-0.03534482758620694,0.8095811664483007
SH.600718,True,BAR,True,-0.01126408010012514,-0.042424242424242364,-0.036315785836934955,-0.1440000000000019,-0.07416267942583721,1.1335314760786614
SH.600720,True,BAR,True,-0.011627906976744318,-0.03041825095057038,-0.02430979436326297,-0.12349999999999994,-0.0449438202247191,0.6968960243535177
SH.600729,True,BAR,True,-0.013057671381936808,-0.06926629040533594,-0.06315783381802853,-0.9259999999999984,-0.09209209209209213,0.84329040501403
SH.600734,True,BAR,True,0.0,0.12209302325581395,0.12820147984312136,0.04249999999999998,-0.089622641509434,0.7500040933726836
SH.600735,True,BAR,True,-0.013513513513513487,0.077049180327869,0.08315763691517641,0.28999999999999915,-0.029556650246305383,1.0445399336428647
SH.600742,True,BAR,True,0.01037613488975353,0.0038659793814432852,0.009974435968750694,0.01949999999999985,-0.046599496221662484,0.8593942104248996
SH.600761,True,BAR,True,-0.010450685826257411,-0.06654343807763397,-0.060434981490326556,-0.848499999999996,-0.08569704284852142,0.7259141629703204
SH.600775,True,BAR,True,-0.010405827263267442,-0.0020986358866735833,0.004009820700633826,-0.26449999999999996,-0.050000000000000044,1.007931385864934
SH.600805,True,BAR,True,0.00219780219780219,-0.01935483870967758,-0.01324638212237017,0.001000000000000334,-0.04086021505376347,1.0657689793908975
SH.600820,True,BAR,True,-0.007590132827324347,-0.03860294117647056,-0.03249448458916315,-0.1484999999999994,-0.05253623188405787,0.683441886717046
SH.600826,True,BAR,True,0.022670025188916698,0.013732833957553092,0.0198412905448605,0.41949999999999843,-0.058673469387755084,1.6247986589263197
SH.600835,True,BAR,True,-0.005826271186440635,0.045100222717149085,0.051208679304456495,0.6014999999999979,-0.05064655172413779,1.7440398677154272
SH.600839,True,BAR,True,-0.007552870090634434,-0.05873925501432664,-0.05263079842701923,-0.26099999999999834,-0.0772471910112359,0.6619999316904241
SH.600843,True,BAR,True,0.09986859395532188,0.18387553041018379,0.1899839869974912,1.2074999999999996,-0.06327372764786798,2.3534678708648196
SH.600845,True,BAR,True,-0.004362050163576825,0.04641833810888274,0.05252679469619015,0.7730000000000032,-0.05405405405405406,1.7929508895241526
SH.600850,True,BAR,True,-0.021186440677966156,-0.04676753782668497,-0.04065908123937756,-0.44000000000000306,-0.06364251861882186,1.0122578477057822
SH.600860,True,BAR,True,-0.001322751322751281,-0.10438908659549229,-0.09828063000818488,-0.6674999999999995,-0.13714285714285712,1.4858902861530812
SH.600869,True,BAR,True,-0.05706134094151227,0.1449191685912239,0.1510276251785313,-1.390500000000003,-0.20457280385078225,0.8172187689443706
SH.600874,True,BAR,True,-0.003663003663003539,-0.03202846975088958,-0.025920013163582167,-0.14199999999999946,-0.04561403508771922,0.781138883800689
SH.600885,True,BAR,True,0.002702702702702897,-0.032734646581691895,-0.026626189994384486,-1.004499999999993,-0.0677491601343786,0.6844264991665145
SH.600889,True,BAR,True,-0.02262773722627731,0.002245508982035904,0.008353965569343313,-0.11299999999999955,-0.04841040462427748,0.9090619428323807
SH.600894,True,BAR,True,0.002580645161290196,0.06730769230769229,0.0734161488949997,0.3434999999999997,-0.046791443850267456,2.018375924132923
SH.600933,True,BAR,True,-0.015838732901367947,-0.01866475233309406,-0.01255629574578665,0.20500000000000007,-0.10590778097982712,1.9201988691073122
SH.600936,True,BAR,True,-0.00919540229885063,-0.14822134387351782,-0.1421128872862104,-0.5785,-0.20917431192660563,0.5245470460860588
SH.600939,True,BAR,True,-0.003831417624520994,-0.02621722846441943,-0.02010877187711202,-0.059499999999999886,-0.05797101449275355,1.064491188088527
SH.600941,True,BAR,True,0.010892116182572575,-0.01015744032503807,-0.00404898373773066,-0.5439999999999969,-0.04751984126984121,0.9276141283618705
SH.600960,True,BAR,True,-0.005102040816326481,-0.04878048780487798,-0.04267203121757057,-0.09850000000000003,-0.058394160583941646,0.9301944467142368
SH.600967,True,BAR,True,0.0023183925811438577,0.17057761732851984,0.17668607391582725,-0.16749999999999865,-0.10325710325710324,0.6639402191540652
SH.600968,True,BAR,True,0.007792207792207684,-0.00512820512820511,0.0009802514591022993,-0.0804999999999998,-0.05405405405405406,0.7359334387401141
SH.600980,True,BAR,True,-0.018471010774756214,-0.02893401015228425,-0.02282555356497684,-0.182500000000001,-0.09072978303747536,1.0130959540416766
SH.600998,True,BAR,True,-0.010224948875255602,-0.020242914979757165,-0.014134458392449756,-0.14000000000000146,-0.047244094488189003,1.1277706105932515
SH.601126,True,BAR,True,-0.028101265822784827,-0.12231367169638774,-0.11620521510908033,-2.439,-0.11175381767700132,0.8151574677726553
SH.601127,True,BAR,True,-0.018432203389830648,-0.08456826714088128,-0.07845981055357387,-1.9140000000000015,-0.10140343941490415,0.9003496249599666
SH.601137,True,BAR,True,-0.031234748657881783,0.007102993404363378,0.013211449991670787,-0.6140000000000008,-0.1082713754646839,0.7362700892163909
SH.601138,True,BAR,True,-0.031438551921244784,0.007099224038302765,0.013207680625610174,-2.2199999999999918,-0.08667567973561663,0.8368189549755275
SH.601177,True,BAR,True,-0.0007283321194464509,0.008823529411764675,0.014931985999072084,-0.04400000000000048,-0.06901408450704216,0.6396124702067938
SH.601186,True,BAR,True,-0.008291873963515717,-0.02287581699346397,-0.016767360406156562,-0.08699999999999974,-0.029220779220779147,0.8083619730633685
SH.601226,True,BAR,True,-0.022455089820359153,0.007716049382715973,0.013824505970023382,-0.067499999999999,-0.056358381502890076,1.3187223960429628
SH.601238,True,MISSING_DATA,False,,,,,,
SH.601360,True,BAR,True,-0.008859357696566983,0.03828306264501169,0.0443915192323191,0.03250000000000064,-0.07027027027027033,0.8018930331560672
SH.601598,True,BAR,True,0.030864197530864113,0.02297090352220521,0.02907936010951262,0.12049999999999983,-0.06404657933042213,0.8945021078314557
SH.601608,True,BAR,True,0.0,-0.045643153526971125,-0.039534696939663716,-0.17249999999999943,-0.07444668008048294,0.8783837352904251
SH.601609,True,BAR,True,-0.07271305707584053,-0.09946848899012917,-0.09336003240282176,-1.3275000000000006,-0.14120202751629263,1.0649328214833103
SH.601633,True,BAR,True,-0.01417434443656973,-0.09792477302204927,-0.09181631643474186,-0.7440000000000015,-0.09203655352480422,1.0652962798542527
SH.601677,True,BAR,True,-0.036417910447761215,-0.038140643623361226,-0.032032187036053816,-0.6409999999999982,-0.058343057176196034,1.1511678980605407
SH.601689,True,BAR,True,0.011985181956853275,-0.0034334763948498104,0.002674980192457599,0.8855000000000004,-0.12335354380096175,1.238380423189266
SH.601717,True,BAR,True,-0.012527634487840777,-0.12015758371634933,-0.11404912712904192,-0.8189999999999973,-0.1114058355437666,0.6618101821833756
SH.601727,True,BAR,True,-0.013533834586466287,-0.0075642965204236745,-0.0014558399331162653,-0.02900000000000169,-0.05786350148367958,1.2035618514412707
SH.601766,True,BAR,True,0.008445945945945832,-0.03398058252427183,-0.02787212593696442,-0.1429999999999998,-0.061806656101426216,1.0430555222366713
SH.601798,True,BAR,True,0.005298013245033095,-0.03435114503816805,-0.028242688450860642,-0.0860000000000003,-0.06463878326996197,0.7311464059752151
SH.601799,True,BAR,True,-0.0014122299110296277,-0.1811233352634627,-0.17501487867615528,-4.241,-0.13620816027363802,0.6369053773445053
SH.601801,True,BAR,True,0.012820512820512775,0.022181146025878062,0.02828960261318547,0.18400000000000105,-0.0634648370497427,2.0888268333306166
SH.601868,True,BAR,True,-0.004149377593361092,-0.05138339920948609,-0.04527494262217868,-0.06450000000000022,-0.043824701195219085,0.858162082162131
SH.601869,True,BAR,True,-0.04343838039703851,0.12880779341271076,0.13491625000001817,5.043500000000051,-0.11250644299704793,0.9187411472981057
SH.601877,True,BAR,True,-0.011119936457505974,-0.041201386214863356,-0.03509292962755595,-0.40249999999999986,-0.046385775028991105,0.7197320205430149
SH.601956,True,BAR,True,0.03838383838383819,0.028000000000000025,0.034108456587307434,0.18649999999999967,-0.07283464566929132,1.5163929975054644
SH.601965,True,BAR,True,-0.016591251885369585,-0.09444444444444455,-0.08833598785713714,-0.6140000000000025,-0.09351011863224001,0.9036590393144027
SH.601966,True,BAR,True,-0.013270142180094813,-0.08201058201058198,-0.07590212542327457,-0.3230000000000004,-0.07149240393208212,0.8237939838625267
SH.601985,True,BAR,True,0.005649717514124353,-0.0022421524663677195,0.0038663041209396898,-0.06799999999999784,-0.02960526315789469,0.7584960997560936
SH.603005,True,BAR,True,-0.024462809917355277,-0.015677118078719077,-0.009568661491411667,-0.3144999999999989,-0.06888745148771025,1.109041606105716
SH.603007,True,BAR,True,-0.008714596949891074,-0.06952965235173825,-0.06342119576443084,-0.35499999999999954,-0.15270018621973935,0.4887432305937104
SH.603015,True,BAR,True,0.013461538461538414,-0.033913840513290605,-0.027805383925983196,-0.3150000000000013,-0.08450704225352101,0.956721995547018
SH.603018,True,BAR,True,-0.0077071290944122905,-0.0337711069418386,-0.027662650354531193,-0.08999999999999986,-0.05018587360594784,1.0048109455592118
SH.603025,True,BAR,True,-0.01411589895988119,-0.03279883381924209,-0.02669037723193468,-0.2029999999999994,-0.052023121387283267,0.9166445626811337
SH.603028,True,BAR,True,0.016830294530154388,0.021126760563380254,0.027235217150687663,0.22750000000000092,-0.10684931506849316,0.9934659849861273
SH.603030,True,BAR,True,-0.009708737864077666,-0.04225352112676051,-0.0361450645394531,-0.08699999999999974,-0.10176991150442483,0.7771601633608464
SH.603032,True,BAR,True,-0.005991285403050051,-0.08977556109725693,-0.08366710450994952,-0.8120000000000012,-0.09303482587064682,0.4954030245587173
SH.603037,True,BAR,True,0.018943170488534555,-0.013513513513513375,-0.007405056926205966,0.07700000000000173,-0.08064516129032251,1.1704293080652934
SH.603040,True,BAR,True,-0.030402629416598104,-0.09404990403071012,-0.08794144744340271,-1.429000000000002,-0.11601681957186549,1.2586429045823804
SH.603066,True,BAR,True,0.009719222462202914,0.027472527472527375,0.033580984059834784,0.13099999999999845,-0.09025641025641029,0.8780272599842189
SH.603072,True,BAR,True,-0.010372771474878473,-0.033248891703609784,-0.027140435116302375,-0.6439999999999948,-0.08191653786707886,0.9111930768292957
SH.603075,True,BAR,True,-0.0165934602244997,0.04026845637583887,0.04637691296314628,0.37049999999999983,-0.06784519827998081,1.0029393750357607
SH.603081,True,BAR,True,-0.00634249471458781,-0.07206317867719647,-0.06595472208988906,-0.33099999999999774,-0.06965174129353247,0.8822005957603245
SH.603082,True,BAR,True,-0.04592774035517455,0.11871708951651505,0.12482554610382246,-0.38400000000000034,-0.11778029445073601,1.2101209729182203
SH.603088,True,BAR,True,-0.020270270270270174,0.017034068136272618,0.023142524723580027,-0.13400000000000212,-0.0517890772128059,0.66129485496721
SH.603089,True,BAR,True,-0.015353121801433,-0.09416195856873821,-0.0880535019814308,-0.15400000000000347,-0.12523900573613767,0.5165666388915505
SH.603095,True,BAR,True,-0.022357723577235755,-0.13541042540443382,-0.1293019688171264,-0.6260000000000012,-0.16666666666666663,0.5933885528322602
SH.603097,True,BAR,True,-0.005929919137466322,-0.05677749360613804,-0.05066903701883063,-0.4480000000000004,-0.07208121827411162,0.866355317142839
SH.603109,True,BAR,True,0.015472779369627432,0.00567536889897835,0.01178382548628576,0.45649999999999835,-0.07457627118644072,1.279816811013883
SH.603111,True,BAR,True,0.00164473684210531,0.014999999999999902,0.02110845658730731,0.023999999999999133,-0.05016181229773453,0.8087399330354493
SH.603112,True,BAR,True,-0.0028392958546280544,0.11847133757961781,0.12457979416692522,0.6914999999999978,-0.08592848904267592,0.9345163200631815
SH.603118,True,BAR,True,-0.031624863685932314,-0.006711409395973034,-0.0006029528086656244,0.15950000000000486,-0.1268817204301077,1.0141617225333337
SH.603119,True,BAR,True,-0.003356297473944503,0.14210526315789473,0.14821371974520214,3.5600000000000094,-0.096767987687572,1.2425407170476916
SH.603121,True,BAR,True,0.039556962025316444,-0.049891540130151846,-0.043783083542844436,0.1075000000000017,-0.13261648745519716,0.8299460950725415
SH.603131,True,BAR,True,0.0028673835125447855,-0.02508710801393721,-0.0189786514266298,-0.21749999999999936,-0.09398242055442863,1.0898181875175612
SH.603135,True,BAR,True,-0.013513513513513598,-0.02882483370288247,-0.02271637711557506,-0.1639999999999997,-0.09667024704618687,0.6900288532042532
SH.603166,True,BAR,True,-0.00452898550724623,0.0036529680365298134,0.009761424623837223,-0.004499999999998394,-0.06403508771929833,0.8840630067417368
SH.603169,True,BAR,True,-0.0049586776859504855,-0.06666666666666676,-0.060558210079359354,-0.3979999999999997,-0.10416666666666674,0.8793219114797878
SH.603175,True,BAR,True,-0.03656833653342639,0.25215517241379315,0.25826362900110056,12.451499999999996,-0.06073220194257656,1.6142663156455928
SH.603179,True,BAR,True,0.009288682473722831,0.10047974413646044,0.10658820072376785,1.4605000000000032,-0.12039253231211111,0.8671432138195084
SH.603183,True,BAR,True,-0.014028056112224463,0.040169133192388795,0.046277589779696204,0.05750000000000011,-0.10756972111553764,1.3633980595091362
SH.603190,True,BAR,True,-0.007936507936507908,-0.02577937649880091,-0.0196709199114935,-0.03599999999999781,-0.09864944216089266,0.8191731505287224
SH.603194,True,BAR,True,-0.011552132701421858,-0.01592450604541429,-0.009816049458106879,-0.5405000000000015,-0.032501450957632017,0.7111840643057691
SH.603197,True,BAR,True,0.0020477815699657675,-0.020353687020353672,-0.014245230433046263,0.09299999999999642,-0.06465517241379304,0.7334837941755127
SH.603203,True,BAR,True,-0.01567398119122254,0.10589340220709076,0.11200185879439817,2.524499999999996,-0.09472289688672997,1.2445341614472383
SH.603211,True,BAR,True,-0.014940239043824577,-0.08213457076566122,-0.07602611417835381,-0.8625000000000007,-0.10050022737607989,0.9195415588489212
SH.603215,True,BAR,True,0.047908232118758276,0.06442769019876615,0.07053614678607356,1.0780000000000012,-0.08322056833558855,2.275635204538941
SH.603219,True,BAR,True,-0.0007836990595611049,-0.09252669039145911,-0.0864182338041517,-0.347999999999999,-0.10142857142857142,0.9591095020408986
SH.603236,True,BAR,True,-0.025475998927326216,0.33922977704072244,0.34533823362802984,6.938000000000017,-0.04685534591194973,1.065979598948416
SH.603239,True,BAR,True,-0.012693935119887145,-0.003558718861210064,0.0025497377260973453,-0.06299999999999883,-0.09190672153635115,0.898224723229117
SH.603266,True,BAR,True,-0.005506607929515517,0.13442211055276365,0.14053056714007106,1.3130000000000024,-0.10212514757969304,1.6049593943580371
SH.603270,True,BAR,True,-0.044420658282044334,0.2929036929761042,0.2990121495634116,2.1484999999999985,-0.05865522174535065,0.6488722241793139
SH.603273,True,BAR,True,0.005431093007467691,0.004067796610169427,0.010176253197476837,0.1374999999999975,-0.0630810092961488,0.8817692058779709
SH.603275,True,BAR,True,0.005668016194332104,0.013326081044329419,0.019434537631636828,0.767000000000003,-0.051738075990299115,1.2016814840859302
SH.603277,True,BAR,True,-0.02768166089965396,-0.06255212677231026,-0.05644367018500285,-0.24150000000000027,-0.06766917293233088,0.773558703239532
SH.603280,True,BAR,True,0.05831775700934583,0.08717357910906287,0.09328203569637028,1.7645000000000017,-0.08342440801457196,1.122779058891719
SH.603286,True,BAR,True,0.0019577985642811324,0.057392102846648196,0.0635005594339556,1.5234999999999985,-0.13196790540540537,0.9642845293261705
SH.603296,True,BAR,True,-0.009763424708974844,0.024873688301593422,0.03098214488890083,0.6799999999999926,-0.0785539215686274,0.910802471450032
SH.603298,True,BAR,True,-0.024474023185916738,-0.15476190476190477,-0.14865344817459736,-2.0645000000000024,-0.13808801213960553,0.9794424971258905
SH.603306,True,BAR,True,-0.04046103974066517,0.07737934753302778,0.08348780412033519,1.519999999999996,-0.08583471707753243,1.054341648789021
SH.603319,True,BAR,True,-0.011217948717948678,0.15456586826347318,0.1606743248507806,1.4719999999999978,-0.11456628477905073,1.1052713081120291
SH.603328,True,BAR,True,-0.06184210526315781,0.3252788104089219,0.33138726699622933,1.9179999999999993,-0.07617051013277432,1.5851482656400855
SH.603337,True,BAR,True,-0.016201859229747706,-0.03011259492013607,-0.02400413833282866,-0.20949999999999847,-0.06968911917098453,1.227748987579017
SH.603338,True,BAR,True,-0.02763448784082534,-0.08336227856894751,-0.0772538219816401,-3.7779999999999916,-0.11383478844862327,0.822339420700448
SH.603341,True,BAR,True,-0.02862347124642206,0.009737625101433611,0.01584608168874102,0.5010000000000048,-0.08215223097112867,1.5514785098014292
SH.603344,True,BAR,True,-0.007104795737122527,-0.03370786516853941,-0.027599408581232,-1.5920000000000023,-0.11690363349131128,0.6723782470931788
SH.603348,True,BAR,True,0.004857737682165242,-0.0013793103448275223,0.004729146242479887,0.06399999999999828,-0.07866666666666666,0.8968458673493095
SH.603350,True,BAR,True,-0.0031690140845069825,-0.00596910112359561,0.00013935546371179885,0.12450000000000117,-0.05572971090212475,0.9720316634105757
SH.603355,True,BAR,True,-0.039530574428659704,0.05032083755488026,0.05642929414218767,1.5375000000000014,-0.05756635642881769,1.3641895840046943
SH.603360,True,BAR,True,-0.02258566978193144,-0.07923697725605283,-0.07312852066874542,-0.5024999999999995,-0.12635379061371843,0.9668759242152332
SH.603370,True,BAR,True,0.01931486880466471,-0.14777574649603908,-0.14166728990873168,-1.6285000000000025,-0.17741935483870963,1.5648633405318215
SH.603375,True,BAR,True,0.10006700915791811,0.3271355429803289,0.3332439995676363,4.180500000000009,-0.16784386617100366,2.1785937374246918
SH.603380,True,BAR,True,-0.040100953449242804,0.007357268981754039,0.013465725569061449,-0.15750000000000597,-0.08321658727934989,0.7684388009386223
SH.603381,True,BAR,True,-0.01591511936339529,-0.039482200647249166,-0.03337374405994176,-0.028499999999997527,-0.07882736156351788,1.0087033946481079
SH.603386,True,BAR,True,-0.04646360351058343,0.34620991253644307,0.3523183691237505,2.3385,-0.0647902283590015,1.1684956319524518
SH.603398,True,BAR,True,0.0139049826187716,-0.1071428571428572,-0.1010344005555498,-0.9024999999999999,-0.19270346117867154,0.84146029758425
SH.603400,True,MISSING_DATA,False,,,,,,
SH.603408,True,BAR,True,0.0,0.01563857515204159,0.021747031739349,-0.13200000000000145,-0.07060755336617397,0.6090270290611888
SH.603416,True,BAR,True,-0.0072789552558339965,0.021365638766519757,0.027474095353827166,-0.6840000000000046,-0.06136738056013191,0.7701902665705495
SH.603418,True,BAR,True,0.008720930232558155,0.024063564131668658,0.030172020718976067,-0.07500000000000284,-0.04893162393162387,1.456852452747683
SH.603459,True,BAR,True,-0.04077494931290837,-0.01378112333526349,-0.007672666747956081,-3.8389999999999986,-0.10329577761398334,0.8745516243117709
SH.603466,True,BAR,True,-0.045705279747832894,0.10999083409715849,0.1160992906844659,-0.22550000000000203,-0.07838660578386614,0.7978668574866588
SH.603486,True,BAR,True,-0.008275862068965578,-0.06415024172554862,-0.05804178513824121,-0.8940000000000055,-0.07698070799775236,0.7702880839767379
SH.603496,True,BAR,True,-0.01826086956521744,-0.04403048264182907,-0.03792202605452166,-0.4145000000000003,-0.06260504201680683,0.9674409437417815
SH.603501,True,BAR,True,-0.016551890781684064,-0.030952380952380842,-0.024843924365073433,0.6569999999999965,-0.08303761533002141,1.0301538204837946
SH.603506,True,BAR,True,-0.01064701064701068,0.09025270758122739,0.0963611641685348,0.5279999999999987,-0.09267059814658807,0.8816363827424529
SH.603507,True,BAR,True,-0.03568853640951686,0.15800865800865793,0.16411711459596534,2.971499999999999,-0.08067226890756307,2.0474486186579606
SH.603528,True,BAR,True,-0.012158054711246202,0.014040561622464809,0.020149018209772218,0.07500000000000018,-0.03358778625954195,1.2494068803001035
SH.603568,True,BAR,True,-0.02977487291212777,-0.11111111111111116,-0.10500265452380375,-0.7235000000000014,-0.11170212765957444,0.8329564824448468
SH.603579,True,BAR,True,0.026890756302520913,0.011589403973509826,0.017697860560817236,0.3934999999999995,-0.09275053304904057,1.3886438049808332
SH.603583,True,BAR,True,-0.019553072625698387,0.17097581317764798,0.1770842697649554,1.5814999999999984,-0.06342182890855463,1.024601539677595
SH.603596,True,BAR,True,-0.005919220055710217,0.11262665627435697,0.11873511286166438,-0.3384999999999998,-0.08243021346469614,0.6206459081168447
SH.603611,True,BAR,True,-0.0025461489497136114,-0.09838895281933246,-0.09228049623202506,-0.4220000000000024,-0.05431502715751357,0.6873925939111645
SH.603617,True,BAR,True,0.001474926253687281,0.0,0.006108456587307409,-0.11300000000000043,-0.0808926080892608,0.8142919837761338
SH.603619,True,BAR,True,-0.01157407407407407,-0.06768558951965054,-0.061577132932343126,-1.5234999999999985,-0.15180722891566256,0.5757546602457513
SH.603626,True,BAR,True,-0.016171328671328533,0.14671421293937859,0.152822669526686,1.9024999999999999,-0.13715110683349385,1.268418166655435
SH.603633,True,BAR,True,-0.010989010989011061,-0.033742331288343475,-0.027633874701036065,-0.2394999999999996,-0.06666666666666665,1.1210260524696585
SH.603638,True,BAR,True,0.027084439723845,0.02545068928950167,0.03155914587680908,0.797500000000003,-0.08773730118009226,1.2412234536494884
SH.603648,True,BAR,True,0.005181347150258864,0.028632025450689325,0.034740482037996734,0.23599999999999888,-0.06198347107438018,1.070324589851734
SH.603656,True,BAR,True,-0.0005691519635743214,0.004576659038901587,0.010685115626208996,0.1750000000000007,-0.042889390519187276,1.298915760329279
SH.603657,True,BAR,True,-0.025655021834061098,0.5012615643397813,0.5073700209270887,5.778500000000001,-0.042895442359249136,1.341807199293291
SH.603662,True,BAR,True,-0.008046670690001978,0.013149784261351938,0.019258240848659347,-0.375,-0.10095419847328246,0.9387848905631299
SH.603666,True,BAR,True,-0.022350396539293382,-0.0195227765726681,-0.01341431998536069,1.1110000000000042,-0.08364312267657992,1.1126580383674438
SH.603667,True,BAR,True,0.01931978265244516,-0.0007891102781613091,0.0053193463091461,0.3130000000000024,-0.08372978116079921,1.020688791364548
SH.603677,True,BAR,True,0.002081887578070818,0.0609845701689935,0.06709302675630091,0.5589999999999993,-0.06401137980085347,1.0774206900049037
SH.603686,True,BAR,True,0.04883227176220806,0.14000000000000012,0.14610845658730753,0.9805000000000028,-0.08661926308985135,1.7457493838248577
SH.603725,True,BAR,True,-0.04845446950710108,-0.09098164405426967,-0.08487318746696226,0.42249999999999943,-0.15763135946622187,1.3127630198938185
SH.603726,True,BAR,True,-0.014551333872271588,0.017529215358931483,0.023637671946238892,0.16300000000000026,-0.0697485806974858,1.0247374615987384
SH.603728,True,BAR,True,0.016723073860242854,0.07493159334876864,0.08104004993607605,1.6174999999999997,-0.11902530459231497,0.9598167293934592
SH.603738,True,BAR,True,-0.011247711221553769,-0.026024220561711053,-0.019915763974403644,0.5984999999999943,-0.18507959135186514,0.9043017276063302
SH.603776,True,BAR,True,0.015362457993278955,0.05171556439582292,0.05782402098313033,1.0420000000000016,-0.0775862068965516,1.2830702522274147
SH.603789,True,BAR,True,-0.01680672268907568,-0.06250000000000011,-0.0563915434126927,-0.24849999999999994,-0.08450704225352113,0.748396901916839
SH.603809,True,BAR,True,-0.005760368663594306,-0.04111111111111099,-0.03500265452380358,-0.10749999999999993,-0.06881243063263032,0.9058551416163728
SH.603825,True,BAR,True,0.0012820512820512775,-0.04523227383863082,-0.03912381725132341,-0.3655000000000017,-0.11494252873563204,0.5690220281860275
SH.603855,True,BAR,True,0.010739856801909253,0.05808869456589627,0.06419715115320368,0.12400000000000588,-0.04443162146566648,0.5922930029602254
SH.603879,True,BAR,True,0.006160164271047375,-0.10256410256410253,-0.09645564597679512,-0.26449999999999996,-0.10968921389396702,0.8072837732377046
SH.603882,True,BAR,True,0.011007911936704584,0.042198581560283666,0.048307038147591075,1.9609999999999985,-0.0665236051502146,1.5402372797055257
SH.603890,True,BAR,True,-0.04423191870890619,-0.08576329331046306,-0.07965483672315565,-1.958499999999999,-0.1858452138492872,0.5903054156283076
SH.603893,True,BAR,True,-0.017757051253306955,0.2433306845271881,0.2494391411144955,26.372999999999962,-0.12966601178781934,1.535559747317478
SH.603895,True,BAR,True,-0.01560121765601219,0.017702596380802404,0.023811052968109814,-0.6729999999999983,-0.11561508635882978,0.6613008249104323
SH.603897,True,BAR,True,-0.02140974967061915,0.0013481631277383332,0.0074566197150457425,-0.4134999999999991,-0.07000642260757861,0.7427787783751857
SH.603901,True,BAR,True,0.0010537407797681642,0.005291005291005346,0.011399461878312755,-0.03449999999999953,-0.11350293542074363,0.7159110825963486
SH.603915,True,BAR,True,0.00834597875569032,0.015278838808250539,0.021387295395557948,-0.06700000000000372,-0.11687413554633475,0.8575651240778602
SH.603918,True,BAR,True,-0.014204545454545525,-0.0440771349862259,-0.03796867839891849,-0.5785,-0.10729613733905574,1.2231123560908184
SH.603920,True,BAR,True,-0.01000870322019154,0.22246104245029552,0.22856949903760293,4.392499999999998,-0.07468452227659028,1.2983085748828287
SH.603926,True,BAR,True,-0.003981797497155659,0.0902864259028644,0.09639488249017181,0.2795000000000023,-0.11827956989247324,0.652695715220519
SH.603933,True,BAR,True,-0.0036082474226803996,0.024377318494965383,0.030485775082272792,0.13599999999999923,-0.04943934760448532,1.2036705471960556
SH.603936,True,BAR,True,-0.041385515069725654,0.2572271386430678,0.2633355952303752,1.7134999999999998,-0.1324647122692726,1.0437523608926698
SH.603956,True,BAR,True,-0.0196905766526021,0.1520661157024794,0.15817457228978682,0.4449999999999994,-0.03994490358126723,1.1624166398576181
SH.603958,True,BAR,True,-0.012150026413100923,-0.20997042670046484,-0.20386197011315743,-0.5159999999999982,-0.3350104821802936,0.7084297940636618
SH.603959,True,BAR,True,-0.018223234624145768,-0.07510729613733913,-0.06899883955003172,-0.09350000000000058,-0.07510729613733913,0.604334709419126
SH.603960,True,BAR,True,-0.01919912232583665,0.11819887429643527,0.12430733088374268,1.2559999999999967,-0.08213552361396315,1.8748597376801772
SH.603966,True,BAR,True,-0.016949152542372836,-0.06913580246913575,-0.06302734588182834,0.04350000000000076,-0.08417085427135673,1.0043053441114838
SH.603989,True,BAR,True,-0.06372107003306293,0.1477523949889461,0.1538608515762535,-1.474499999999999,-0.14210961167722402,0.7673368645057663
SH.603990,True,BAR,True,-0.011375387797311176,-0.14719000892060663,-0.14108155233329922,-1.543499999999998,-0.17359307359307363,0.9874604588982493
SH.603992,True,BAR,True,-0.017733990147783207,-0.045933014354066826,-0.039824557766759416,-0.3404999999999987,-0.11044362292051757,0.7482726038050808
SH.603997,True,BAR,True,-0.014654570830425762,0.2375109553023662,0.24361941188967362,1.8794999999999984,-0.052032520325203335,1.7337736229421556
SH.605001,True,BAR,True,0.008635578583765069,-0.0017094017094017033,0.004399054877905706,-0.09950000000000081,-0.11848341232227488,0.6259200354172442
SH.605018,True,BAR,True,0.10017271157167529,0.040000000000000036,0.046108456587307445,0.977999999999998,-0.11703821656050961,1.4364833184486248
SH.605050,True,BAR,True,-0.003960396039603853,-0.019493177387914118,-0.013384720800606709,-0.23199999999999754,-0.08271375464684017,0.7309321647010594
SH.605055,True,BAR,True,0.0068415051311288,-0.10536980749746694,-0.09926135091015953,-0.4535,-0.15815324165029465,0.933279671002398
SH.605056,True,BAR,True,0.0007142857142856673,-0.007790368271954673,-0.0016819116846472637,0.3229999999999986,-0.09638554216867468,1.873045421475778
SH.605066,True,BAR,True,-0.00592592592592589,-0.06675938803894299,-0.06065093145163558,-0.22250000000000014,-0.09491059147180181,0.8764174983446336
SH.605068,True,BAR,True,-0.003831417624520994,0.18993135011441642,0.19603980670172383,0.5675000000000026,-0.18723404255319143,0.9703558268924011
SH.605069,True,BAR,True,0.03951890034364247,0.134020618556701,0.1401290751440084,0.7209999999999983,-0.07984189723320156,1.6645232072610308
SH.605088,True,BAR,True,-0.050559629486684576,0.209439528023599,0.2155479846109064,2.3124999999999964,-0.10232762406675444,1.582501679177313
SH.605111,True,BAR,True,-0.04296248797691571,0.023487056403223017,0.029595512990530426,2.344999999999999,-0.1211770540585222,1.4194532255052776
SH.605118,True,BAR,True,-0.037637521713954736,0.1816565943832209,0.1877650509705283,-0.010500000000000398,-0.08359046283309945,0.7887761802289288
SH.605128,True,BAR,True,-0.010477787091366264,0.021193771626297542,0.02730222821360495,-0.36400000000000077,-0.11463223787167454,0.9410588067060851
SH.605133,True,BAR,True,-0.006060606060605989,-0.11415196254951376,-0.10804350596220635,-0.5305,-0.15163636363636368,1.088196825638103
SH.605186,True,BAR,True,-0.022829341317365248,0.016744548286604433,0.022853004873911842,0.25199999999999534,-0.07955390334572476,1.2660643405835394
SH.605189,True,BAR,True,0.006360424028268641,-0.03913630229419707,-0.03302784570688966,0.045000000000001705,-0.09354413702239794,0.8603239873774715
SH.605208,True,BAR,True,-0.01734489659773175,0.040989399293286155,0.047097855880593564,0.01399999999999757,-0.04761904761904756,1.1533479836788647
SH.605222,True,BAR,True,-0.021652673442333126,0.09171597633136086,0.09782443291866827,0.13450000000000273,-0.055057618437900135,0.7461821494112518
SH.605228,True,BAR,True,-0.021071115013169495,0.06903163950143831,0.07514009608874572,0.4670000000000005,-0.06463527239150502,1.3163360960835042
SH.605277,True,BAR,True,-0.010900745840504933,0.03295386458957439,0.0390623211768818,-0.08850000000000335,-0.10534934497816595,0.5612376139782063
SH.605358,True,BAR,True,0.006454299396210672,0.1390197926484451,0.14512824923575252,4.708000000000013,-0.09937191565724535,1.5130749128324226
SH.605365,True,BAR,True,0.024204702627939056,0.04590395480225995,0.05201241138956736,0.188500000000003,-0.13320707070707072,0.6991720543153475
SH.605389,True,BAR,True,-0.02546226129130047,-0.05690818421824595,-0.05079972763093854,-2.446000000000012,-0.07161420733468105,0.9414889645833128
SH.605398,True,BAR,True,-0.015887025595763382,0.09367336929867576,0.09978182588598317,-0.1479999999999997,-0.2783136834583779,1.0016695893887755
SH.605488,True,BAR,True,0.03901967107384707,0.11526479750778806,0.12137325409509547,2.7455,-0.07947243828204265,1.1637835101911274
SH.605555,True,BAR,True,-0.008709422011084822,-0.006349206349206327,-0.0002407497618989174,0.09799999999999898,-0.07861635220125784,1.2906348727332877
SH.688002,True,BAR,True,-0.028305987178094183,0.14566651719941048,0.1517749737867179,-1.1299999999999955,-0.04255888650963602,0.7778551571470459
SH.688003,True,BAR,True,-0.04227053140096615,-0.036217792902284884,-0.030109336314977475,-1.0069999999999908,-0.1181518927815659,0.8605600289422436
SH.688007,True,BAR,True,0.0035746201966042612,0.09241245136186782,0.09852090794917523,0.616500000000002,-0.08502772643253231,2.0616466581545176
SH.688010,True,BAR,True,0.019505398815743646,0.11888379204892963,0.12499224863623704,2.132999999999999,-0.11087495572086425,1.176517397982795
SH.688017,True,BAR,True,-0.008922969675845271,-0.029125550585584192,-0.023017093998276783,-4.694500000000005,-0.07025192186096052,0.9445030609574222
SH.688018,True,BAR,True,-0.02937085821811347,0.06260635915808321,0.06871481574539062,5.313500000000019,-0.18370594319357147,1.503033472366734
SH.688022,True,BAR,True,-0.013483146067415852,-0.018994413407821265,-0.012885956820513855,-0.16600000000000215,-0.08219178082191769,1.0993594553728194
SH.688035,True,BAR,True,-0.07097232079489002,0.22298349423855512,0.22909195082586253,5.46550000000002,-0.08716845878136203,1.3322234982859766
SH.688039,True,BAR,True,-0.016771488469601747,0.06452658884565499,0.0706350454329624,-0.6694999999999993,-0.14582224587546555,0.7010805973145694
SH.688047,True,BAR,True,-0.010864430798299352,0.01640617415784873,0.02251463074515614,1.5390000000000157,-0.10925925925925928,1.4332966457769982
SH.688049,True,BAR,True,0.021470396877033116,0.20460358056265981,0.21071203714996722,4.978999999999992,-0.15050240279598082,1.6595658955820074
SH.688052,True,BAR,True,-0.005033623028825374,0.08068511874252504,0.08679357532983245,9.217499999999973,-0.10009465215333646,1.0349050855968362
SH.688057,True,BAR,True,0.011758691206543936,0.10005558643690948,0.10616404302421689,1.9179999999999957,-0.1554267650158061,1.427809177669679
SH.688059,True,BAR,True,-0.022302790595473576,0.045342417479149466,0.051450874066456875,1.8379999999999939,-0.08364891958119858,1.0129864498649337
SH.688061,True,BAR,True,-0.02126315789473676,0.26537833424060975,0.27148679082791716,0.920499999999997,-0.18346303501945527,0.7892204587196759
SH.688071,True,BAR,True,-0.002797202797202858,0.09389383246394578,0.10000228905125319,2.00950000000001,-0.12892470130591827,1.3565401807943935
SH.688077,True,BAR,True,-0.013456090651558061,-0.02621461027612726,-0.02010615368881985,0.30900000000000105,-0.09715475364330328,1.783441235168281
SH.688078,True,BAR,True,-0.01308649856367683,0.3163048105576842,0.32241326714499163,3.5845000000000056,-0.07160493827160497,1.4732122467806585
SH.688080,True,BAR,True,-0.012461059190031265,0.04764527678325514,0.05375373337056255,0.5075000000000145,-0.06322580645161302,1.030685786806975
SH.688084,True,BAR,True,-0.032381380706093976,0.024523809523809614,0.030632266111117024,-1.5454999999999899,-0.11838265944143389,0.6620069612484231
SH.688085,True,BAR,True,-0.004542013626040897,-0.011278195488721776,-0.005169738901414367,0.14049999999999763,-0.1080291970802919,1.065007129740903
SH.688088,True,BAR,True,-0.019288327236448355,0.008894970920287237,0.015003427507594647,-0.3745000000000047,-0.06634460547504029,0.9386786495606448
SH.688090,True,BAR,True,-0.017570754716981107,0.17952711312473468,0.1856355697120421,7.7960000000000065,-0.10921228304405883,1.2106293886630026
SH.688092,True,BAR,True,0.0030661410424879243,-0.008228670420095341,-0.0021202138327879316,0.6119999999999983,-0.10478654592496761,1.2057558401686643
SH.688097,True,BAR,True,-0.04264392324093813,-0.04264392324093813,-0.03653546665363072,-1.1920000000000002,-0.09221311475409832,1.0255286267691892
SH.688099,True,BAR,True,-0.036279470341263886,-0.012247600132406444,-0.006139143545099035,-0.49800000000000466,-0.1385783157246896,1.2255062790267828
SH.688107,True,BAR,True,-0.0087096774193548,0.030170968823332256,0.036279425410639665,0.7805,-0.10216422660725655,0.9781731961585549
SH.688109,True,BAR,True,-0.004269972451790505,0.03079994296306876,0.03690839955037617,-0.2779999999999916,-0.06587301587301575,1.1476434482860232
SH.688114,True,BAR,True,-0.005309264666843672,0.12623985572587904,0.13234831231318644,10.911500000000004,-0.19496402877697838,1.4653404529559608
SH.688116,True,BAR,True,-0.01924198250728848,0.011425135297654876,0.017533591884962285,-0.29349999999999454,-0.08298052497883146,0.7881872529012763
SH.688125,True,BAR,True,-0.03232825613926027,0.041659695499414395,0.047768152086721805,2.289500000000018,-0.12269088669950723,0.9861532231014469
SH.688130,True,BAR,True,-0.04033672395650656,0.18236819360414858,0.18847665019145599,3.059000000000001,-0.09999999999999998,1.5894971207712747
SH.688139,True,BAR,True,-0.013401767892785799,0.13479829452279457,0.14090675111010198,2.7014999999999993,-0.04844720496894417,1.737301105451531
SH.688148,True,BAR,True,-0.01342281879194629,-0.069620253164557,-0.06351179657724959,-0.18949999999999978,-0.08307210031347967,0.8868259989602498
SH.688151,True,BAR,True,0.004705882352941115,0.06883604505632035,0.07494450164362776,0.4504999999999981,-0.0571761960326721,0.9161266064942484
SH.688152,True,BAR,True,-0.03611491108071141,0.1371852808263394,0.14329373741364682,-0.9590000000000032,-0.115315776016364,0.6377383538965397
SH.688153,True,BAR,True,-0.015601783060921304,0.05325914149443567,0.05936759808174308,0.6919999999999966,-0.13783201722900218,0.9088473399600928
SH.688155,True,BAR,True,0.00503449561812408,-0.12881849038306126,-0.12271003379575385,1.6325000000000003,-0.13766048502139794,0.716716370175464
SH.688157,True,BAR,True,-0.028686462003019608,0.009414225941422494,0.015522682528729903,0.12199999999999989,-0.08129675810473813,0.8831245369491214
SH.688158,True,BAR,True,-0.018536908308507183,0.009533537623425126,0.015641994210732535,-0.12400000000000233,-0.09433354797166771,1.1564157103812116
SH.688159,True,BAR,True,-0.03377308707124016,0.1425897035881436,0.148698160175451,1.5019999999999953,-0.09756779424098416,1.2031860438385693
SH.688160,True,BAR,True,-0.0014358974358974486,0.004125412541254203,0.010233869128561612,-0.44650000000000034,-0.07425742574257421,0.997405822481444
SH.688162,True,BAR,True,-0.0027955271565495154,-0.0035913806863527853,0.002517075900954624,0.7014999999999993,-0.08028904054596553,0.9450819026987073
SH.688165,True,BAR,True,-0.014637391882900808,-0.09029484029484036,-0.08418638370753295,-0.498999999999997,-0.12873703477730325,1.0308544725451942
SH.688169,True,BAR,True,-0.015294724179412245,-0.1289807706924071,-0.12287231410509969,-9.801000000000002,-0.14208713879323265,0.70431164499099
SH.688173,True,BAR,True,-0.025343953656770446,-0.005173688100517215,0.000934768486790194,0.3500000000000014,-0.18326417704011067,1.0335522194680242
SH.688187,True,BAR,True,-0.029932270045881726,-0.06545990317827821,-0.0593514465909708,-1.654999999999994,-0.07883817427385897,0.9056423485750373
SH.688188,True,BAR,True,-0.021169458431815835,-0.031027466937945003,-0.024919010350637594,-1.524000000000001,-0.06535044422507397,0.8933293973454165
SH.688207,True,BAR,True,-0.05419664268585145,0.13008595988538674,0.13619441647269415,0.8724999999999952,-0.05419664268585145,1.2300496328516928
SH.688208,True,BAR,True,-0.014626635873749017,-0.011583011583011449,-0.00547455499570404,-0.10349999999999682,-0.08864468864468866,0.9341233953355488
SH.688211,True,BAR,True,-0.0021090689966857257,0.0721916477824538,0.0783001043697612,1.936,-0.07215541165587414,1.6465083093984936
SH.688212,True,BAR,True,0.017659279778393433,0.06950509461426502,0.07561355120157243,0.06400000000000006,-0.10967741935483866,1.1641486261556035
SH.688213,True,BAR,True,-0.023214472445885148,-0.04498517533994484,-0.03887671875263743,-0.7000000000000028,-0.0928758301469107,1.3849834940739743
SH.688215,True,BAR,True,-0.03557229545930107,0.02833556448014285,0.03444402106745026,-1.0329999999999941,-0.09655448717948723,0.8380839033655734
SH.688218,True,BAR,True,-0.04090233019335665,-0.07661097852028642,-0.07050252193297901,-2.269500000000008,-0.09221022993899575,1.4366581625345198
SH.688219,True,BAR,True,-0.0057526366251199335,-0.012380952380952492,-0.006272495793645083,-0.004500000000001947,-0.06548175865294659,0.9399800718338488
SH.688236,True,BAR,True,-0.03155006858710563,-0.03485987696514026,-0.028751420377832848,0.12749999999999773,-0.08299039780521267,1.0775777078811224
SH.688248,True,BAR,True,-0.041977800201816295,0.16262552045064904,0.16873397703795645,0.7049999999999983,-0.14065894279507607,1.3390806569508946
SH.688251,True,BAR,True,-0.036553524804177506,-0.07750000000000001,-0.0713915434126926,-1.0199999999999996,-0.1460885956644674,1.3272738429820352
SH.688255,True,BAR,True,0.00037327360955585753,0.04564962934061656,0.05175808592792397,1.0324999999999989,-0.09343339587242017,1.0367670274792318
SH.688259,True,BAR,True,0.007859733978234695,0.1282571912013537,0.1343656477886611,1.829500000000003,-0.05649188514357051,1.118092395987713
SH.688261,True,BAR,True,-0.031571034828363764,0.12110224800580127,0.12721070459310868,6.016500000000008,-0.12780540249966388,2.0575681019957495
SH.688272,True,BAR,True,-0.018000000000000016,0.03223545900490543,0.03834391559221284,1.0529999999999973,-0.10222672064777327,0.993730618824054
SH.688273,True,BAR,True,-0.021283671433322215,-0.012084592145015116,-0.005976135557707707,0.48249999999999815,-0.10219707057256988,1.1228999589717554
SH.688277,True,BAR,True,-0.03411244472520536,-0.01608751608751613,-0.00997905950020872,0.09249999999999936,-0.05662805662805659,1.3067235375803772
SH.688279,True,BAR,True,-0.008634295794262337,0.1289316487815193,0.1350401053688267,18.496499999999997,-0.11017721518987333,0.9587396312351573
SH.688286,True,BAR,True,0.09090909090909083,0.2331491712707181,0.2392576278580255,7.533500000000004,-0.15779283639883834,1.1481301454538622
SH.688290,True,BAR,True,-0.032360406091370586,-0.08955223880597019,-0.08344378221866278,-2.4879999999999995,-0.1133720930232558,1.250712275794339
SH.688295,True,BAR,True,-0.025428265524625293,-0.04959540589924316,-0.04348694931193575,-1.8005000000000067,-0.08240927419354849,1.1929850569986478
SH.688305,True,BAR,True,-0.0240942971052176,-0.07720045894115724,-0.07109200235384983,-0.9155000000000015,-0.11473547549496921,0.6959437110084238
SH.688306,True,BAR,True,0.024217961654894093,0.1707035755478663,0.1768120321351737,1.2309999999999999,-0.054360135900339834,2.2235477617344066
SH.688307,True,BAR,True,-0.030595482546201258,-0.021757148777455382,-0.015648692190147973,0.20649999999999835,-0.12684189565909987,0.8976914902401332
SH.688308,True,BAR,True,-0.03852652923284894,-0.06721311475409841,-0.061104658166791004,-3.528500000000008,-0.1725054123204094,0.8171816123733391
SH.688320,True,BAR,True,0.0051089002420006135,0.0772334293948127,0.08334188598212011,3.5860000000000056,-0.1392757660167131,1.3877768995892525
SH.688322,True,BAR,True,-0.0186383072031574,-0.0473605789697743,-0.041252122382466894,-3.7560000000000002,-0.12983942468722298,0.8799366560735826
SH.688326,True,BAR,True,-0.012938372488934369,-0.05276915536677018,-0.04666069877946277,-1.8755000000000095,-0.11996904024767796,0.6805376678307269
SH.688327,True,BAR,True,-0.01787487586891756,0.013319672131147708,0.019428128718455118,-0.22499999999999787,-0.09831460674157289,0.8460437034895432
SH.688328,True,BAR,True,-0.051612141254281374,-0.07679926419866645,-0.07069080761135904,-1.1950000000000074,-0.14589941096511094,0.8548735459674699
SH.688333,True,BAR,True,-0.04700290467388435,0.06806747558449233,0.07417593217179974,-3.0005000000000024,-0.12039395483104098,0.8410188597576357
SH.688343,True,BAR,True,-0.024893097128894315,0.1560745971392361,0.1621830537265435,5.483999999999995,-0.13198138297872342,1.503663231881307
SH.688345,True,BAR,True,-0.022154471544715504,-0.06181747269890803,-0.05570901611160062,-2.586500000000001,-0.1001124859392577,0.7070310999903996
SH.688355,True,BAR,True,-0.008761682242990787,-0.029176201372997812,-0.023067744785690403,-0.10850000000000293,-0.10317902955939773,0.9534902944013828
SH.688358,True,BAR,True,-0.011925042589437829,0.031661330487370964,0.037769787074678374,0.8889999999999993,-0.08753861997940271,1.069472873393517
SH.688360,True,BAR,True,0.0024449877750609694,0.08250825082508229,0.0886167074123897,1.346,-0.09455958549222787,1.676661743473383
SH.688368,True,BAR,True,-0.0459957814519969,0.19940119760479047,0.20550965419209788,-4.27849999999998,-0.1782940719647943,0.9807769161014172
SH.688379,True,BAR,True,-0.04519245753467349,0.05022283167637975,0.05633128826368716,3.9180000000000064,-0.11506622516556286,1.1760395634108933
SH.688380,True,BAR,True,-0.028269363364743616,0.04498269896193774,0.05109115554924515,2.2595000000000027,-0.11129647283126787,1.3064214842587218
SH.688381,True,BAR,True,-0.04610829103214886,0.39801611903285816,0.40412457562016557,6.113500000000002,-0.06013245033112591,1.2116070558117247
SH.688383,True,BAR,True,0.00988630746416197,0.18552598856005975,0.19163444514736716,8.292499999999961,-0.07420749279538907,1.1187426892326047
SH.688395,True,BAR,True,-0.015321375186846065,0.15671641791044766,0.16282487449775507,2.6005000000000003,-0.04913901721965552,1.454306989774187
SH.688396,True,BAR,True,-0.03332788760006533,0.023702422145328805,0.029810878732636215,0.5534999999999926,-0.12380952380952381,1.06488874003071
SH.688400,True,BAR,True,-0.027192242833052216,0.014731750219876938,0.020840206807184347,-0.190499999999993,-0.08479471838250463,0.7992782978836834
SH.688408,True,BAR,True,-0.02028485110056122,-0.09018036072144286,-0.08407190413413546,-0.6395000000000017,-0.1652830188679245,0.7037660941118813
SH.688418,True,BAR,True,-0.008059516429014146,0.0025062656641603454,0.008614722251467755,-0.08049999999999358,-0.07235064545181635,0.9723654824076589
SH.688425,True,BAR,True,-0.010101010101010055,-0.041564792176039145,-0.035456335588731736,-0.0940000000000003,-0.03921568627450989,0.7576038197756001
SH.688433,True,BAR,True,-0.04388194981761906,-0.11644535240040865,-0.11033689581310124,-12.010999999999996,-0.23383525243578396,0.7259261120388677
SH.688450,True,BAR,True,-0.023907910271546706,-0.008693045563549107,-0.0025845889762416974,0.17149999999999466,-0.1096866096866097,0.9256878539401966
SH.688455,True,BAR,True,-0.01666666666666672,0.07272727272727275,0.07883572931458016,0.8125,-0.05558772437753334,0.7685689182115115
SH.688456,True,BAR,True,-0.04183673469387761,-0.03395061728395066,-0.027842160696643248,-0.3710000000000093,-0.14555515457716828,1.1134242374884444
SH.688458,True,BAR,True,-0.016821491338187333,0.19572519083969464,0.20183364742700205,2.3759999999999906,-0.0442525634106854,0.9580153197770255
SH.688459,True,BAR,True,0.003658536585366079,0.024906600249066102,0.03101505683637351,0.10050000000000203,-0.021871202916160404,0.8077759134340123
SH.688469,True,BAR,True,-0.027180067950169917,0.010588235294117565,0.016696691881424974,0.04899999999999949,-0.06043329532497144,1.0611898130669968
SH.688475,True,BAR,True,-0.006742370475514625,-0.03014553014553023,-0.02403707355822282,-0.4400000000000013,-0.07924403183023876,0.873873049497898
SH.688484,True,BAR,True,-0.029682997118155696,-0.016647196261682207,-0.010538739674374797,-0.7549999999999955,-0.1544391281233386,0.8522391679044178
SH.688499,True,BAR,True,-0.01769450949778817,0.06578204404291355,0.07189050063022095,3.348000000000006,-0.10979060554612341,1.4188746339108207
SH.688507,True,BAR,True,-0.020752359800111142,-0.055306327418814805,-0.049197870831507395,-4.962500000000006,-0.1354483282674771,0.8163597818428788
SH.688508,True,BAR,True,-0.05999776959964309,-0.04735533453887886,-0.04124687795157145,-2.5124999999999886,-0.0967066857583434,0.9140953834585263
SH.688515,True,BAR,True,-0.034810126582278444,0.03586469229724232,0.04197314888454973,4.0604999999999905,-0.11794546607482559,1.1077975114206648
SH.688518,True,BAR,True,-0.01999070199907038,0.03893543617545592,0.04504389276276333,0.18900000000000006,-0.047819971870604716,1.039244115245644
SH.688525,True,BAR,True,-0.05244959360546053,-0.0534696990086575,-0.04736124242135009,-8.107000000000028,-0.13624905470128568,1.2544873739178886
SH.688529,True,BAR,True,0.013645224171539905,0.0012836970474967568,0.007392153634804166,0.47699999999999854,-0.10506329113924051,1.0555019432760806
SH.688533,True,BAR,True,-0.02663438256658579,-0.04739336492891,-0.04128490834160259,0.02149999999999963,-0.09389895138226878,1.2939207445651504
SH.688536,True,BAR,True,-0.031175796854485127,0.1201511579083363,0.1262596144956437,26.78899999999993,-0.0730719326560968,1.1621303873822773
SH.688539,True,BAR,True,-0.011928429423459175,-0.0016070711128967075,0.004501385474410702,0.8769999999999989,-0.07613589848546864,1.159296380299969
SH.688556,True,BAR,True,-0.011335012594458571,-0.03325123152709353,-0.02714277493978612,0.0034999999999989484,-0.10373944511459587,0.7838644067023621
SH.688557,True,BAR,True,-0.006535947712418277,0.03200775945683798,0.03811621604414539,0.9864999999999995,-0.10781544256120523,1.222188315251657
SH.688558,True,BAR,True,-0.0032173150043872667,0.10362694300518127,0.10973539959248868,1.5834999999999866,-0.10073206442166904,1.054629929381754
SH.688563,True,BAR,True,-0.02619442907212699,0.06324269889224565,0.06935115547955306,-0.6610000000000014,-0.08095403899721443,0.846256980645755
SH.688567,True,BAR,True,-0.015521064301551979,-0.09387755102040818,-0.08776909443310077,-0.23000000000000043,-0.13346613545816732,0.6678916530206273
SH.688570,True,BAR,True,0.0,-0.039113428943937434,-0.033004972356630025,-0.030500000000001748,-0.06184895833333326,0.8630543955380171
SH.688573,True,BAR,True,-0.0728862973760932,-0.03284671532846717,-0.02673825874115976,-0.12049999999999805,-0.09946075494307982,1.7576641262981052
SH.688577,True,BAR,True,-0.013355592654424098,-0.00457170356111658,0.001536753026190829,-0.36549999999999727,-0.14744758432087524,0.8918983861304244
SH.688580,True,BAR,True,-0.02357742008614827,-0.07871657754010697,-0.07260812095279956,-0.6365000000000123,-0.1310052910052909,1.0446809319998065
SH.688581,True,BAR,True,0.025927899129817078,0.10904204261854478,0.11515049920585219,4.190500000000007,-0.040866755369701524,1.528351999576395
SH.688582,True,BAR,True,-0.01946902654867244,-0.05529841656516432,-0.04918995997785691,-1.3839999999999932,-0.12928277752398365,0.9170761414801614
SH.688583,True,BAR,True,-0.05424792647388477,0.016259183427676627,0.022367640014984036,1.7049999999999983,-0.15427631578947376,0.8867549156102368
SH.688585,True,BAR,True,-0.01774123755949808,-0.05678670360110816,-0.05067824701380075,-10.843499999999977,-0.14811108331248446,1.0701425632385473
SH.688592,True,BAR,True,0.004698846646732147,-0.05428226779252121,-0.0481738112052138,0.07299999999999685,-0.11809754131398631,0.9940482595961057
SH.688595,True,BAR,True,-0.01646985705407089,0.1610418195157739,0.1671502761030813,1.9135000000000026,-0.08440487965710519,1.2121619032743265
SH.688597,True,BAR,True,-0.004769475357710662,-0.06287425149700598,-0.056765794909698575,-0.13250000000000028,-0.09609609609609615,1.1070241069108515
SH.688599,True,BAR,True,-0.02767857142857133,-0.14655172413793094,-0.14044326755062353,-0.4764999999999979,-0.14817749603803476,0.9199908683670278
SH.688601,True,BAR,True,-0.030544066178810114,0.1643102789453572,0.17041873553266462,0.4969999999999999,-0.11382616764614906,0.7100314038455939
SH.688609,True,BAR,True,-0.03347280334728031,0.034714445688689866,0.040822902275997275,-0.04049999999999976,-0.06288032454361048,0.9625128972271838
SH.688610,True,BAR,True,-0.04302446944218963,-0.015568147927229381,-0.009459691339921972,4.0434999999999945,-0.13806228373702423,1.1767300860015977
SH.688611,True,BAR,True,-0.03304221251819495,0.09783506858370528,0.10394352517101269,1.7449999999999903,-0.0455459770114941,0.9469526067429566
SH.688615,True,BAR,True,-0.04000440819925055,-0.05397480451781056,-0.04786634793050315,-5.08550000000001,-0.14017008504252126,1.384367131706989
SH.688618,True,BAR,True,-0.031333333333333324,-0.07569974554707382,-0.0695912889597664,-0.6230000000000011,-0.12759170653907492,0.771783470974356
SH.688619,True,BAR,True,-0.024932614555255972,0.05236363636363639,0.0584720929509438,-0.1794999999999991,-0.11132686084142385,0.705803143727587
SH.688626,True,BAR,True,-0.0036182722749885654,0.03378695448146418,0.03989541106877159,3.3475000000000037,-0.1374913053559007,1.8353688509393955
SH.688627,True,BAR,True,-0.03568421052631576,-0.0036976617727024763,0.002410794814604933,-22.334999999999923,-0.15454719509860226,0.7608231898772173
SH.688629,True,BAR,True,-0.051563134388956655,-0.11387603368484944,-0.10776757709754203,-11.044500000000042,-0.15515370705244125,0.9834821996768521
SH.688638,True,BAR,True,0.013734658094681551,0.054086903676694,0.06019536026400141,1.6869999999999976,-0.0870712401055409,0.9866306572509027
SH.688646,True,BAR,True,0.03956695450444636,0.14281666194389353,0.14892511853120094,4.5390000000000015,-0.05742226680040119,1.3460825491907298
SH.688648,True,BAR,True,-0.006805035726437536,-0.11812688821752271,-0.1120184316302153,-2.0710000000000015,-0.17758620689655158,0.7301880264265619
SH.688655,True,BAR,True,-0.05566218809980816,0.6946039035591274,0.7007123601464348,17.102499999999992,-0.0803844473569244,1.2476990480483523
SH.688659,True,BAR,True,-0.0010741138560687036,-0.130841121495327,-0.1247326649080196,-0.42350000000000065,-0.16132075471698104,0.9922202103799198
SH.688661,True,BAR,True,-0.05346754086249894,0.060966773625918735,0.06707523021322614,-1.7840000000000202,-0.12188491164476656,1.016522267822874
SH.688676,True,BAR,True,-0.033333333333333326,-0.14222529371112635,-0.13611683712381895,-3.146499999999989,-0.09401459854014593,0.6349739913251318
SH.688678,True,BAR,True,0.03818008272351259,0.6750513347022589,0.6811597912895663,9.408000000000001,-0.07899305555555558,1.9573677434425645
SH.688686,True,BAR,True,-0.03871923266803001,0.037764580478148346,0.043873037065455756,-6.816499999999991,-0.10317146993025383,0.7298712965486961
SH.688695,True,BAR,True,-0.005519317611640706,0.02694300518134707,0.03305146176865448,0.4250000000000007,-0.11655239960822739,0.892933692059476
SH.688697,True,BAR,True,-0.023575638506876162,0.033264033264033266,0.039372489851340675,-0.004000000000001336,-0.09364977549711351,0.738719212130188
SH.688698,True,BAR,True,-0.01304836895388084,0.03174976481655678,0.03785822140386419,1.029999999999994,-0.07730337078651683,0.9255514596223622
SH.688707,True,BAR,True,-0.018482490272373475,-0.046313799621928164,-0.040205343034620755,-0.21050000000000146,-0.059981255857544546,0.7191892269406471
SH.688709,True,BAR,True,-0.021939953810623525,0.0031583103039873883,0.009266766891294798,0.6814999999999962,-0.09595375722543342,1.1108533296832626
SH.688711,True,BAR,True,-0.04093959731543628,0.13728611221647435,0.14339456880378176,2.504999999999999,-0.10285714285714287,1.4482390562036866
SH.688716,True,BAR,True,-0.012658227848101222,-0.021402214022140265,-0.015293757434832855,-0.29850000000000065,-0.12325418994413406,1.0881107485339565
SH.688722,True,BAR,True,0.0006863417982154729,0.06813186813186811,0.07424032471917552,0.24700000000000166,-0.06702775897088697,0.9254399035008595
SH.688768,True,BAR,True,-0.015113350125944613,0.12924187725631775,0.13535033384362516,3.863500000000002,-0.07221965851407486,1.5286756254515077
SH.688772,True,BAR,True,0.03010279001468441,-0.06653359946773119,-0.06042514288042378,-0.5744999999999987,-0.148708254568368,0.9076690355271747
SH.688775,True,BAR,True,-0.04442105263157892,-0.23842281879194627,-0.23231436220463886,-12.403500000000008,-0.2479496313478584,1.1870035702761865
SH.688777,True,BAR,True,-0.015623077869356794,-0.11589879571318096,-0.10979033912587355,-7.4765000000000015,-0.18188324302218595,1.0203563077478803
SH.688798,True,BAR,True,-0.02531863589390282,0.04699352451433869,0.0531019811016461,-2.5689999999999884,-0.23436123348017612,0.728815059046505
SH.688800,True,BAR,True,-0.07819976076555024,0.010158938227101455,0.016267394814408864,-3.9839999999999876,-0.14930606281957637,0.8940254539887043
SH.688818,True,BAR,True,-0.004443405051449911,-0.04914004914004921,-0.043031592552741804,-1.0159999999999982,-0.09528977642717606,1.1346837377046315
SH.688835,True,BAR,True,0.07317966636609574,0.27170428743154806,0.2778127440188555,73.89999999999998,-0.1567333333333334,1.0161374132242853
SH.688836,True,BAR,True,-0.006049249444976312,-0.17502070900884148,-0.16891225242153407,-33.53250000000003,-0.23613482269157593,0.7605563847603678
SH.689009,True,BAR,True,-0.0112059765208109,-0.14113557358053297,-0.13502711699322556,-2.100999999999999,-0.165415244596132,0.7117564316788904
SZ.000002,True,BAR,True,-0.04081632653061229,0.20127795527156556,0.20738641185887297,0.4889999999999999,-0.07645259938837923,2.695902710120874
SZ.000008,True,BAR,True,0.0,-0.04800000000000004,-0.04189154341269263,-0.08500000000000085,-0.07031250000000011,0.9093357820997786
SZ.000009,True,BAR,True,-0.02857142857142858,-0.05555555555555558,-0.04944709896824817,-0.2525000000000004,-0.0633608815426997,0.959838273324785
SZ.000021,True,BAR,True,-0.037388241668924294,-0.01932100469224385,-0.013212548104936439,-0.4414999999999978,-0.10779392338177007,1.1164657757301788
SZ.000026,True,BAR,True,-0.007537688442211032,-0.020823004462072414,-0.014714547874765005,0.09050000000000225,-0.13724562233790816,0.8577791592600763
SZ.000034,True,BAR,True,0.037371134020618424,0.037371134020618424,0.04347959060792583,0.6280000000000001,-0.05661157024793395,1.139868810892161
SZ.000035,True,BAR,True,-0.024439918533604943,0.032327586206896575,0.038436042794203984,-0.07249999999999979,-0.05940594059405935,1.002486708583461
SZ.000039,True,BAR,True,-0.014789533560864543,-0.05355191256830605,-0.04744345598099864,-0.5015000000000001,-0.10395010395010396,0.7544808540356452
SZ.000049,True,BAR,True,-0.01291184327693673,-0.059796437659032975,-0.053687981071725566,-0.5719999999999992,-0.0716405256464604,0.8595541580818035
SZ.000062,True,BAR,True,-0.02361528553027048,0.028028933092224095,0.034137389679531505,-0.7600000000000051,-0.10261569416498995,0.7794076382990969
SZ.000063,True,BAR,True,-0.01115241635687736,-0.04830053667262957,-0.04219208008532216,-1.0219999999999914,-0.07030338389731627,1.1153209896587069
SZ.000090,True,BAR,True,-0.016853932584269704,0.0,0.006108456587307409,-0.025500000000000078,-0.08174386920980925,1.3089054628702488
SZ.000156,True,BAR,True,-0.008474576271186529,0.011527377521613813,0.017635834108921222,-0.002500000000001279,-0.03835616438356171,1.5359358997165222
SZ.000157,True,BAR,True,-0.00983606557377048,-0.14689265536723162,-0.1407841987799242,-0.44949999999999957,-0.14809590973201692,0.72520466935302
SZ.000333,True,BAR,True,0.00218261185885793,-0.04329204769070494,-0.03718359110339753,-2.855000000000004,-0.07785250199475657,1.3317065062134943
SZ.000409,True,BAR,True,-0.013392857142857206,0.006833712984054774,0.012942169571362183,-0.1645000000000003,-0.06815761448349311,0.6678347633861411
SZ.000425,True,BAR,True,-0.008298755186722073,-0.10375000000000001,-0.0976415434126926,-0.677999999999999,-0.14439140811455853,0.7941234756039488
SZ.000516,True,BAR,True,0.007025761124121788,0.031175059952038398,0.03728351653934581,0.09100000000000108,-0.039080459770114984,1.1657181637557739
SZ.000528,True,BAR,True,-0.014454664914586135,-0.08647990255785631,-0.0803714459705489,-0.4035000000000011,-0.10287081339712911,0.6111392342509717
SZ.000544,True,BAR,True,-0.005555555555555536,-0.023192360163710735,-0.017083903576403325,-0.16499999999999826,-0.04021447721179627,0.9191730946215311
SZ.000551,True,BAR,True,-0.015409570154095609,-0.020967741935483897,-0.014859285348176487,-0.14250000000000185,-0.054416403785488954,0.9279857434792346
SZ.000559,True,BAR,True,-0.005376344086021501,-0.014209591474245165,-0.008101134886937755,0.10850000000000115,-0.09490333919156413,2.222252981606141
SZ.000581,True,BAR,True,-0.0033039647577092213,-0.010928961748633892,-0.004820505161326483,-0.03500000000000014,-0.02285092491838947,0.7578252767638556
SZ.000582,True,BAR,True,-0.029818956336528313,-0.15491651205936918,-0.14880805547206177,-1.6870000000000012,-0.2520525451559935,0.7280434325200912
SZ.000589,True,BAR,True,-0.004739336492890933,-0.0344827586206895,-0.028374302033382093,-0.11199999999999921,-0.04977375565610853,0.6954160605959994
SZ.000591,True,BAR,True,-0.00952380952380949,-0.03703703703703709,-0.03092858044972968,-0.13750000000000018,-0.048054919908466776,0.992370604287064
SZ.000599,True,BAR,True,-0.006696428571428603,-0.06708595387840655,-0.060977497291099136,-0.2214999999999998,-0.08624229979466114,1.1178501468579212
SZ.000636,True,BAR,True,-0.04630575417092264,0.09821603607135865,0.10432449265866606,1.5900000000000105,-0.13367931281317114,1.0487313487113041
SZ.000651,True,BAR,True,0.0036496350364962904,-0.027286508337544202,-0.021178051750236793,-0.0835000000000008,-0.03284950343773885,0.8784493317710378
SZ.000670,True,BAR,True,0.048941798941799064,0.15094339622641506,0.15705185281372247,0.5519999999999978,-0.05675675675675673,1.2968648209079066
SZ.000680,True,BAR,True,-0.025862068965517238,-0.12487899322362062,-0.1187705366363132,-1.009500000000001,-0.15750232991612312,0.950071635022557
SZ.000682,True,BAR,True,-0.022556390977443663,-0.10576096302665527,-0.09965250643934787,-0.6099999999999977,-0.10344827586206895,0.9279089980099737
SZ.000700,True,BAR,True,0.033996683250414605,0.13363636363636378,0.13974482022367118,0.759500000000001,-0.09375,1.0857223638008577
SZ.000708,True,BAR,True,-0.0030864197530865445,-0.06782106782106778,-0.06171261123376037,-0.370000000000001,-0.06686046511627908,0.8646802927654788
SZ.000717,True,BAR,True,-0.009302325581395321,-0.0818965517241379,-0.07578809513683049,-0.11750000000000016,-0.09361702127659588,1.0440887692376983
SZ.000723,True,BAR,True,0.0,-0.09278350515463918,-0.08667504856733177,-0.22899999999999965,-0.1177944862155389,0.5955920801906304
SZ.000795,True,BAR,True,0.024038461538461453,-0.0273972602739726,-0.021288803686665192,0.08949999999999925,-0.0750853242320817,1.199603593693024
SZ.000811,True,BAR,True,-0.009540547326135962,-0.019875776397515477,-0.013767319810208067,0.6154999999999973,-0.15696320447135526,1.2093603141155767
SZ.000821,True,BAR,True,-0.015852047556142668,0.01775956284153013,0.02386801942883754,-0.0459999999999976,-0.0808457711442786,0.6966642296314844
SZ.000837,True,BAR,True,-0.005175983436853104,-0.04662698412698418,-0.040518527539676774,-0.21850000000000058,-0.08640776699029129,0.927295198666016
SZ.000856,True,BAR,True,0.001136363636363713,0.01732101616628179,0.023429472753589198,-0.0005000000000006111,-0.08125677139761645,0.7117490746909225
SZ.000875,True,BAR,True,-0.021186440677966045,-0.05714285714285716,-0.05103440055554975,-0.2475000000000005,-0.07599999999999996,1.0185085457792937
SZ.000881,True,BAR,True,-0.010687022900763288,-0.012195121951219412,-0.006086665363912003,-0.13349999999999884,-0.06295754026354317,0.898857684920092
SZ.000887,True,BAR,True,-0.02121212121212135,-0.038690476190476275,-0.032582019603168866,-0.8500000000000014,-0.12173507462686584,0.7960171810821792
SZ.000903,True,BAR,True,-0.005076142131979711,0.03703703703703698,0.04314549362434439,-0.046499999999999986,-0.07981220657276988,0.5699933415534522
SZ.000922,True,BAR,True,-0.012175324675324672,0.02874049027895187,0.03484894686625928,0.11300000000000132,-0.048465266558966213,0.9515309699317691
SZ.000925,True,BAR,True,-0.01122194513715713,-0.06705882352941184,-0.06095036694210443,-0.4770000000000003,-0.18230277185501076,0.3968956741753239
SZ.000932,True,BAR,True,-0.025423728813559254,-0.07754010695187163,-0.07143165036456423,-0.16100000000000048,-0.08488063660477452,0.8450113857962089
SZ.000938,True,BAR,True,-0.007724301841948833,-0.04297994269340977,-0.03687148610610236,-1.4954999999999998,-0.15969191270860095,0.7541664009332028
SZ.000950,True,BAR,True,-0.005747126436781436,-0.049450549450549386,-0.04334209286324198,-0.14100000000000001,-0.07347670250896055,0.7949127237398304
SZ.000959,True,BAR,True,-0.014409221902017322,-0.05524861878453047,-0.04914016219722306,-0.19199999999999973,-0.09042553191489355,0.7524721559217019
SZ.000967,True,BAR,True,0.006172839506172867,-0.030915576694411362,-0.024807120107103953,-0.054499999999999105,-0.07763615295480886,0.9826808718287754
SZ.000969,True,BAR,True,-0.032146957520092,0.0,0.006108456587307409,-0.4175000000000004,-0.06385341476957263,0.8551499142391378
SZ.000970,True,BAR,True,-0.016421780466724267,-0.05716652858326421,-0.0510580719959568,-0.31349999999999945,-0.08285479901558657,0.881786931785417
SZ.000988,True,BAR,True,-0.029794455968319755,-0.00867052023121384,-0.0025620636439064315,-0.616999999999976,-0.08865586272640624,0.9198816074129567
SZ.001208,True,BAR,True,0.010385756676557722,-0.009454545454545493,-0.003346088867238084,-0.4905000000000026,-0.09225589225589226,1.1597164518250378
SZ.001223,True,BAR,True,-0.03388689407540402,0.07624999999999993,0.08235845658730734,0.944500000000005,-0.0663630448926481,1.0751442400726225
SZ.001230,True,BAR,True,0.04961240310077497,-0.1268271711092005,-0.12071871452189309,0.5509999999999948,-0.21984868713840666,0.7362383184965496
SZ.001239,True,BAR,True,0.0289735099337749,0.027272727272727337,0.03338118386003475,0.3279999999999994,-0.058870967741935565,1.591186542120716
SZ.001266,True,BAR,True,-0.05369484316852724,0.03548574752763223,0.04159420411493964,1.6670000000000016,-0.08968481375358162,2.029265488422098
SZ.001282,True,BAR,True,0.013317191283293006,0.08771929824561386,0.09382775483292127,0.770500000000002,-0.0757575757575758,1.9542842477596991
SZ.001283,True,BAR,True,-0.026697498423376098,0.035562513978975474,0.04167097056628288,-1.7960000000000065,-0.09304603330068562,1.0397179785692618
SZ.001287,True,BAR,True,-0.030952380952380842,0.09802158273381312,0.10413003932112053,1.0790000000000042,-0.05062205062205061,1.232429111371216
SZ.001288,True,BAR,True,0.034134758088453676,0.3446545735237361,0.3507630301110435,4.934000000000005,-0.06704095112285335,1.0515253758405159
SZ.001298,True,BAR,True,-0.011091652072387492,-0.03968253968253965,-0.03357408309523224,-0.7174999999999976,-0.12807109252483007,0.5956178425896976
SZ.001306,True,BAR,True,0.006511791622668017,0.06578456951174072,0.07189302609904813,2.441999999999986,-0.06555316091954022,1.7882454005267394
SZ.001311,True,BAR,True,0.0,-0.013808975834292192,-0.007700519246984783,-0.08149999999999835,-0.08430393788130885,0.9033843519300458
SZ.001314,True,BAR,True,-0.024098536237058266,0.09012961116650064,0.09623806775380805,2.676499999999997,-0.08381883104679577,1.2595072432509617
SZ.001319,True,BAR,True,-0.03177485247389933,0.09216589861751134,0.09827435520481875,0.3475000000000037,-0.045210384959713634,0.8947520701605094
SZ.001324,True,BAR,True,-0.024079320113314373,0.11428571428571432,0.12039417087302173,0.5150000000000006,-0.08321579689703806,1.0382502513513827
SZ.001339,True,BAR,True,-0.044165621079046424,-0.009620384815392513,-0.003511928228085104,-1.2549999999999955,-0.10830058939096254,0.957967707044181
SZ.001365,True,BAR,True,-0.010958904109588996,0.040945790080738176,0.047054246668045585,0.9245000000000019,-0.06274620146314003,2.1370246281499212
SZ.001380,True,BAR,True,0.016471838469712896,0.10259365994236291,0.10870211652967032,0.957499999999996,-0.018538713195201728,1.136578194906482
SZ.001382,True,BAR,True,-0.0006090133982948887,-0.013822115384615419,-0.0077136587973080095,-0.2375000000000007,-0.06496519721577709,0.5703221999334418
SZ.001388,True,BAR,True,-0.03876349362119724,-0.08798882681564246,-0.08188037022833505,-1.5225000000000009,-0.1331858407079647,0.729215662428943
SZ.001389,True,BAR,True,-0.057685305591677505,0.1941203612154767,0.20022881780278412,11.462500000000006,-0.08804429901837407,2.0377782476885
SZ.001696,True,BAR,True,-0.047503045066991545,0.04615384615384621,0.05226230274115362,-0.15600000000000058,-0.11032863849765251,0.8656869265144392
SZ.002006,True,BAR,True,0.005189028910304039,0.024943310657596474,0.031051767244903883,0.05850000000000222,-0.08327501749475152,0.8062973701050843
SZ.002008,True,BAR,True,-0.041836954183695374,0.03979925303454701,0.04590770962185442,-4.4345,-0.10552208835341359,0.9740775300158689
SZ.002009,True,BAR,True,-0.01085568326947639,-0.060072815533980584,-0.053964358946673174,-0.49600000000000044,-0.08998200359928021,0.9626453803242908
SZ.002021,True,BAR,True,0.0,-0.05166051660516613,-0.04555206001785872,-0.10849999999999982,-0.07885304659498216,0.974252754745731
SZ.002026,True,BAR,True,0.0008795074758136678,-0.043697478991596594,-0.037589022404289185,-0.4054999999999982,-0.13532651455546818,1.070663189673241
SZ.002031,True,BAR,True,0.015180265654648917,0.040856031128404746,0.046964487715712155,0.09049999999999958,-0.0940325497287523,0.8885833147567527
SZ.002036,True,BAR,True,-0.015974440894568676,-0.09278350515463918,-0.08667504856733177,-0.4515000000000011,-0.15637860082304522,0.7686811333676296
SZ.002046,True,BAR,True,-0.033282904689863835,0.3022213164866516,0.30832977307395903,6.053999999999995,-0.04338842975206614,1.1797661814426077
SZ.002048,True,BAR,True,-0.004878048780487809,-0.02444208289054206,-0.01833362630323465,-0.2765000000000022,-0.14264339152119698,0.8958512557559342
SZ.002050,True,BAR,True,0.0025006946373991035,-0.0016602102933038765,0.004448246294003533,0.3984999999999985,-0.08392178164041286,1.1932298042657616
SZ.002056,True,BAR,True,-0.01812836844683985,-0.05203405865657529,-0.04592560206926788,-0.2065000000000019,-0.09620721554116562,0.9745674936616694
SZ.002057,True,BAR,True,-0.02190580503833528,0.012471655328798015,0.018580111916105424,-0.004000000000001336,-0.0428100987925355,0.9316135744191292
SZ.002059,True,BAR,True,-0.03516483516483515,-0.04357298474945537,-0.03746452816214796,-0.6835000000000013,-0.30427892234548337,0.634101210178351
SZ.002061,True,BAR,True,-0.009009009009009028,-0.08333333333333337,-0.07722487674602596,-0.11950000000000038,-0.06779661016949157,0.7428957590851714
SZ.002063,True,BAR,True,-0.013232514177693777,-0.03333333333333344,-0.027224876746026028,-0.20650000000000102,-0.0628366247755836,0.8661091126504522
SZ.002067,True,BAR,True,-0.004975124378109319,-0.033816425120772875,-0.027707968533465466,-0.13049999999999962,-0.09216589861751145,0.8315177681478864
SZ.002079,True,BAR,True,-0.01541850220264318,-0.033513513513513615,-0.027405056926206206,-0.14000000000000234,-0.06553911205074003,1.0683927968917775
SZ.002090,True,BAR,True,-0.0033149171270719924,-0.05845511482254706,-0.05234665823523965,-0.1980000000000004,-0.0762800417972832,1.0253762113867835
SZ.002097,True,BAR,True,-0.014306151645207543,-0.058743169398907225,-0.052634712811599815,-0.4189999999999996,-0.10169491525423735,0.8590670813821903
SZ.002101,True,BAR,True,-0.010428736964078977,-0.040449438202247334,-0.034340981614939925,-0.20950000000000024,-0.043673012318029225,0.9395433779616931
SZ.002111,True,BAR,True,-0.00425985090521841,-0.024008350730688965,-0.017899894143381556,-0.35900000000000176,-0.07425742574257421,0.7292618635133659
SZ.002116,True,BAR,True,-0.005594405594405605,-0.0300136425648021,-0.023905185977494692,-0.15500000000000025,-0.06481481481481477,0.7856821840571361
SZ.002117,True,BAR,True,-0.006257822277847325,-0.02337023370233704,-0.01726177711502963,-0.09949999999999992,-0.09467455621301768,0.9636538224902075
SZ.002121,True,BAR,True,-0.049886621315192725,-0.16699801192842934,-0.16088955534112193,-0.6554999999999991,-0.20342205323193907,1.1805659349569717
SZ.002123,True,BAR,True,-0.02885821831869506,-0.026415094339622636,-0.020306637752315226,-0.27000000000000135,-0.10320284697508897,1.5161185556988317
SZ.002124,True,BAR,True,0.014705882352941124,-0.08407079646017701,-0.0779623398728696,-0.2330000000000001,-0.19685039370078738,0.8889951120065538
SZ.002126,True,BAR,True,-0.05791807983302888,-0.11364752086401575,-0.10753906427670834,-4.078500000000005,-0.18099342254479478,0.8460728364038125
SZ.002130,True,BAR,True,-0.02896801448400732,-0.06453488372093019,-0.05842642713362278,-0.9249999999999972,-0.08475540386803182,0.8736942566530795
SZ.002132,True,BAR,True,-0.014457831325301318,-0.09111111111111114,-0.08500265452380373,-0.20350000000000001,-0.10503282275711168,0.679282528415096
SZ.002133,True,BAR,True,-0.013937282229965153,0.017985611510791477,0.024094068098098886,-0.02699999999999969,-0.13548387096774195,0.6795041325236207
SZ.002138,True,BAR,True,-0.06147091108671787,0.09404990403071012,0.10015836061801753,1.893500000000003,-0.11108891108891095,1.207835947958704
SZ.002139,True,BAR,True,-0.0031152647975078995,-0.0020790020790020236,0.004029454508305386,0.049500000000001876,-0.04287138584247252,0.8807875111785505
SZ.002144,True,BAR,True,0.005535055350553542,-0.02678571428571419,-0.02067725769840678,-0.07150000000000034,-0.10848643919510059,1.0287631600025204
SZ.002148,True,BAR,True,-0.01569858712715866,-0.007911392405063444,-0.001802935817756035,-0.1225000000000005,-0.06666666666666654,1.3301589821974755
SZ.002151,True,BAR,True,-0.024128686327077764,0.03006720905553606,0.03617566564284347,0.3030000000000044,-0.04106776180698146,1.7348478992760445
SZ.002152,True,BAR,True,-0.016339869281045805,-0.08510638297872342,-0.078997926391416,-0.48099999999999987,-0.0869565217391306,0.8164731181265068
SZ.002161,True,BAR,True,-0.029673590504451064,0.06514657980456029,0.0712550363918677,-0.3794999999999993,-0.10807113543091651,1.2488975703837308
SZ.002162,True,BAR,True,-0.009638554216867434,0.014814814814814836,0.020923271402122245,-0.0034999999999998366,-0.1612200435729847,0.9603855714389834
SZ.002164,True,BAR,True,0.10025273799494538,0.1713004484304932,0.1774089050178006,2.145999999999999,-0.0793795620437957,2.7165321598766203
SZ.002171,True,BAR,True,-0.03755868544600938,0.03535353535353525,0.04146199194084266,-0.28850000000000087,-0.07740774077407742,0.7058127827247939
SZ.002176,True,BAR,True,-0.01309523809523827,-0.07166853303471454,-0.06556007644740713,-0.49100000000000144,-0.10378378378378383,0.6719442335331782
SZ.002179,True,BAR,True,-0.015243025596778814,0.02607132154629932,0.03217977813360673,-0.5309999999999988,-0.041971830985915504,1.0029361950419597
SZ.002180,True,BAR,True,-0.02743724460011665,-0.008923259964306873,-0.002814803376999464,-0.1579999999999977,-0.07869040781160264,1.7706256167334868
SZ.002182,True,BAR,True,-0.023156089193825058,-0.07323026851098446,-0.06712181192367705,-0.46399999999999864,-0.08110300081103006,0.6941627451674218
SZ.002184,True,BAR,True,0.0,-0.021674876847290747,-0.015566420259983338,-0.006999999999999673,-0.0703812316715543,1.1802683135450345
SZ.002185,True,BAR,True,-0.04300489929232454,0.055222088835534144,0.061330545422841554,0.7639999999999993,-0.09371362048894061,1.7608685457415418
SZ.002195,True,BAR,True,-0.013136288998357948,-0.05205047318611988,-0.045942016598812474,-0.24600000000000044,-0.08523592085235931,0.879827864846089
SZ.002196,True,BAR,True,0.003964321110009994,-0.03431839847473783,-0.028209941887430423,-0.3070000000000004,-0.12777284826974267,0.7678647408729438
SZ.002197,True,BAR,True,-0.0030674846625766694,-0.049707602339181256,-0.04359914575187385,-0.3125000000000018,-0.08062234794908063,0.9990901215719611
SZ.002204,True,BAR,True,0.005576208178438735,0.03441682600382401,0.04052528259113142,0.027000000000001023,-0.08658743633276733,1.1253323460719484
SZ.002209,True,BAR,True,-0.0205580029368575,0.022222222222222143,0.028330678809529553,-0.022500000000000853,-0.08393632416787267,0.7000225453991695
SZ.002212,True,BAR,True,-0.018413597733710985,0.11414790996784574,0.12025636655515315,0.04249999999999954,-0.10810810810810811,1.202614605938988
SZ.002214,True,BAR,True,-0.017259978425027023,0.22199865861837687,0.22810711520568427,1.2689999999999984,-0.03188097768331566,1.0797272524861465
SZ.002217,True,BAR,True,0.006451612903225712,0.046979865771812124,0.05308832235911953,0.04850000000000021,-0.06060606060606055,1.4629297007525186
SZ.002219,True,BAR,True,-0.009615384615384581,-0.06363636363636371,-0.057527907049056304,-0.09949999999999992,-0.0964912280701753,1.0488903807249172
SZ.002224,True,BAR,True,0.008086253369272267,-0.01058201058201047,-0.004473553994703061,-0.07199999999999962,-0.11325301204819282,0.47413005778500045
SZ.002230,True,BAR,True,-0.010330578512396604,-0.033787191124558635,-0.027678734537251226,-0.9135000000000062,-0.049131513647642566,0.8340204235617975
SZ.002236,True,BAR,True,-0.019558359621451138,-0.023869346733668362,-0.017760890146360953,-0.3410000000000011,-0.045454545454545525,0.8072380564447186
SZ.002241,True,BAR,True,-0.020858895705521352,0.005037783375314797,0.011146239962622206,0.5835000000000008,-0.1187628865979381,1.617402640389433
SZ.002242,True,BAR,True,-0.03790983606557374,0.12186379928315438,0.1279722558704618,0.4455000000000009,-0.03790983606557374,1.3648889028307278
SZ.002245,True,BAR,True,-0.005931198102016477,-0.04064109902690316,-0.03453264243959575,-0.8915000000000006,-0.08164383561643829,1.0639042470516518
SZ.002249,True,BAR,True,0.0015527950310558758,-0.03153153153153154,-0.025423074944224133,-0.11999999999999833,-0.07748538011695916,0.9218812077503241
SZ.002254,True,BAR,True,-0.028235294117647025,0.00895765472312715,0.01506611131043456,-0.2585000000000015,-0.07311500380807312,0.9242462239404218
SZ.002261,True,BAR,True,-0.01228209191759111,-0.017343318880567615,-0.011234862293260206,-0.5784999999999982,-0.05028571428571427,1.29335065076214
SZ.002265,True,BAR,True,-0.013251783893985847,0.05331882480957573,0.059427281396883136,-0.8610000000000007,-0.1065989847715737,0.6103422995744328
SZ.002270,True,BAR,True,-0.010039040713887282,-0.08457968024755036,-0.07847122366024295,-1.064,-0.10848819688598699,0.7436894347964441
SZ.002272,True,BAR,True,-0.02933832709113604,-0.05182926829268275,-0.04572081170537534,-1.1509999999999998,-0.13322185061315495,0.8396179184766834
SZ.002273,True,BAR,True,-0.038946162657502836,-0.029683885890516515,-0.023575429303209106,-0.25900000000000034,-0.1048296518157994,1.0964089403822308
SZ.002276,True,BAR,True,-0.00908173562058523,-0.04844961240310075,-0.04234115581579334,-0.3609999999999989,-0.0575815738963531,0.9351816073116486
SZ.002277,True,BAR,True,-0.020522388059701524,-0.18351477449455678,-0.17740631790724937,-0.5975000000000001,-0.19354838709677413,0.7370994914297955
SZ.002278,True,BAR,True,0.006321112515802696,-0.04096385542168679,-0.03485539883437938,-0.23849999999999927,-0.1283783783783784,0.4538922364227003
SZ.002283,True,BAR,True,0.0025031289111387967,-0.06206088992974235,-0.05595243334243494,-0.13449999999999918,-0.07845433255269307,0.8035851518963044
SZ.002284,True,BAR,True,-0.008342022940563076,-0.03353658536585369,-0.02742812877854628,-0.41300000000000026,-0.1205607476635513,0.6114439830283478
SZ.002313,True,BAR,True,-0.03544575725026855,0.036951501154734334,0.04305995774204174,0.3435000000000006,-0.09203142536475872,2.029863608920431
SZ.002324,True,BAR,True,-0.01533406352683464,-0.00221975582685896,0.003888700760448449,-0.24650000000000105,-0.08016443987667021,0.6374665218688548
SZ.002334,True,BAR,True,-0.006116207951070374,-0.035608308605341255,-0.029499852018033845,-0.1485000000000012,-0.051244509516837455,0.960339139322753
SZ.002337,True,BAR,True,-0.01642710472279263,0.010548523206751037,0.016656979794058446,0.050499999999999545,-0.05809128630705396,1.5712944675040097
SZ.002338,True,BAR,True,-0.018201284796573902,0.07251461988304087,0.07862307647034827,3.6679999999999993,-0.08654729109274573,1.7057947560131042
SZ.002339,True,BAR,True,0.008010680907877044,0.017520215633423097,0.023628672220730507,-0.06750000000000167,-0.08991494532199273,1.8779229156047512
SZ.002340,True,BAR,True,-0.01607717041800638,-0.08108108108108103,-0.07497262449377362,-0.24150000000000027,-0.08245877061469264,0.7733858869436752
SZ.002347,True,BAR,True,0.01388888888888884,-0.03311258278145701,-0.027004126194149602,-0.22550000000000026,-0.08860759493670889,0.7913584008435385
SZ.002348,True,BAR,True,0.013812154696132728,-0.015205724508050134,-0.009097267920742724,0.1800000000000015,-0.0968028419182948,1.0003807442494237
SZ.002352,True,BAR,True,-0.011330527678860558,-0.0770625566636447,-0.07095410007633729,-0.6925000000000061,-0.08800482218203731,0.6337469527233816
SZ.002354,True,BAR,True,-0.006640106241699861,0.06401137980085347,0.07011983638816088,-0.36299999999999777,-0.11479289940828385,0.740971046149495
SZ.002358,True,BAR,True,-0.007736943907156735,-0.06557377049180335,-0.05946531390449594,-0.22949999999999982,-0.06896551724137934,1.0605149094235289
SZ.002361,True,BAR,True,0.003960396039603964,-0.016488845780795347,-0.010380389193487938,-0.24349999999999739,-0.09873188405797106,0.8497084183415868
SZ.002362,True,BAR,True,-0.011299435028248594,-0.0012682308180088642,0.004840225769298545,-0.5625000000000036,-0.09999999999999998,1.0692818975241594
SZ.002366,True,BAR,True,0.0,-0.10576923076923084,-0.09966077418192343,-0.2995000000000001,-0.11287758346581878,0.49245481964866555
SZ.002367,True,BAR,True,-0.035541195476575194,0.09541284403669725,0.10152130062400466,0.1775000000000002,-0.08000000000000007,1.937367196073016
SZ.002369,True,BAR,True,-0.014184397163120588,-0.09740259740259749,-0.09129414081529008,-0.4295,-0.13931888544891646,0.5025121684350176
SZ.002376,True,BAR,True,0.002971768202080227,0.008968609865470878,0.015077066452778287,0.08750000000000036,-0.0741279069767442,0.992583748728303
SZ.002380,True,BAR,True,-0.016023306627822365,-0.02910528206970886,-0.02299682548240145,-0.5500000000000007,-0.11278711004456643,0.786782202654254
SZ.002383,True,BAR,True,-0.025821596244131273,0.16409537166900434,0.17020382825631175,0.6369999999999996,-0.055979643765903364,1.3364888619064264
SZ.002384,True,BAR,True,-0.036321243523316005,-0.043064416546614526,-0.036955959959307116,-4.6440000000000055,-0.10932203389830508,1.0372904678369614
SZ.002396,True,BAR,True,0.0035596933187294066,0.2087730870712401,0.2148815436585475,-0.7795000000000059,-0.1372646184340931,0.8333777341921154
SZ.002398,True,BAR,True,0.016666666666666607,0.004705882352941115,0.010814338940248525,0.04150000000000009,-0.05760368663594473,1.0609177561041472
SZ.002402,True,BAR,True,-0.01869658119658113,-0.02235231506120272,-0.016243858473895312,-0.4209999999999958,-0.05754276827371696,1.042540051055889
SZ.002403,True,BAR,True,0.022772277227722793,0.12160694896851232,0.12771540555581973,-0.03500000000000014,-0.30842490842490844,0.8129045310279662
SZ.002405,True,BAR,True,-0.01490066225165565,-0.06739811912225702,-0.06128966253494961,-0.23800000000000043,-0.08062015503875974,0.8506040929603852
SZ.002406,True,BAR,True,0.0078125,-0.0401785714285714,-0.03407011484126399,-0.20750000000000046,-0.07647907647907637,0.9029225455177213
SZ.002414,True,BAR,True,-0.011647254575707033,-0.0667714061272584,-0.060662949539950994,-0.5064999999999991,-0.07763975155279501,0.8380105587195126
SZ.002415,True,BAR,True,-0.014497130776200406,-0.06181713628522134,-0.05570867969791393,-1.286999999999992,-0.09660356347438748,0.8128573989201948
SZ.002420,True,BAR,True,-0.004909983633387904,0.020134228187919545,0.026242684775226954,-0.03449999999999953,-0.08044164037854884,0.828287872124724
SZ.002421,True,BAR,True,-0.015822784810126667,-0.015822784810126667,-0.009714328222819257,-0.16750000000000087,-0.11142857142857143,0.7158646740836891
SZ.002434,True,BAR,True,-0.003231017770597866,0.06379310344827593,0.06990156003558334,0.28999999999999915,-0.05852842809364556,1.6621837677285134
SZ.002436,True,BAR,True,-0.05642701525054461,0.3006006006006008,0.3067090571879082,3.9994999999999976,-0.07220216606498198,1.1861843029885242
SZ.002439,True,BAR,True,-0.008293020041465149,0.07490636704119846,0.08101482362850587,0.6599999999999966,-0.034381858083394334,1.4724027313851382
SZ.002441,True,BAR,True,-0.0024449877750610804,0.0394904458598726,0.04559890244718001,0.023999999999999133,-0.027912621359223344,0.7554599223265885
SZ.002444,True,BAR,True,-0.02571428571428569,-0.09847984137475219,-0.09237138478744478,-1.790499999999998,-0.11979166666666663,1.0018089823234182
SZ.002448,True,BAR,True,-0.01980198019801971,-0.13088587390263362,-0.12477741731532621,-0.7399999999999984,-0.10591133004926101,0.6874063551690781
SZ.002451,True,BAR,True,0.01735647530040052,-0.04030226700251893,-0.03419381041521152,-0.15550000000000086,-0.09443099273607736,0.6116685353888754
SZ.002456,True,BAR,True,-0.023357664233576547,-0.06824512534818927,-0.062136668760881864,-0.5865,-0.16270337922403,0.6982426939704701
SZ.002465,True,BAR,True,0.009794319294808895,0.03100000000000014,0.03710845658730755,0.1515000000000004,-0.023529411764705688,1.16244334077457
SZ.002471,True,BAR,True,0.020332717190387983,0.026022304832713727,0.03213076142002114,-0.10550000000000015,-0.09228187919463082,1.819169881633837
SZ.002472,True,BAR,True,0.03618946248004251,0.09382022471910112,0.09992868130640853,2.386499999999998,-0.06438896189224697,0.9600904031460586
SZ.002475,True,BAR,True,-0.04359021519220152,-0.08947644895815088,-0.08336799237084347,-2.8175000000000097,-0.10395695938910088,0.8711481972476988
SZ.002480,True,BAR,True,-0.044609665427509326,-0.05340699815837935,-0.04729854157107194,-0.20000000000000107,-0.06545454545454554,1.4876535059999763
SZ.002484,True,BAR,True,-0.03157894736842104,-0.027353582815908717,-0.021245126228601308,-1.6769999999999854,-0.11876971608832809,0.8430486097684471
SZ.002488,True,BAR,True,-0.022636484687083902,-0.09494451294697903,-0.08883605635967162,-0.49900000000000055,-0.1188475390156063,0.8510902018291684
SZ.002489,True,BAR,True,0.0,0.08185053380782925,0.08795899039513666,0.1305000000000005,-0.03832752613240431,1.4601815447299367
SZ.002497,True,BAR,True,-0.026862026862026878,-0.15883905013192612,-0.1527305935446187,-1.5615000000000006,-0.17409326424870475,0.6396376789902843
SZ.002512,True,BAR,True,0.005181347150259086,-0.041975308641975295,-0.035866852054667886,-0.18400000000000016,-0.1131639722863742,0.8028597920947567
SZ.002514,True,BAR,True,0.0,0.3532608695652175,0.3593693261525249,0.13800000000000034,-0.13438735177865613,0.7154780062944474
SZ.002516,True,BAR,True,-0.025380710659898553,0.07462686567164178,0.0807353222589492,0.0779999999999994,-0.06721311475409819,0.8614754646497689
SZ.002519,True,BAR,True,0.022530329289428108,0.08856088560885622,0.09466934219616363,0.0600000000000005,-0.0797448165869219,1.1626989986865115
SZ.002520,True,BAR,True,0.033600000000000074,0.040257648953301084,0.04636610554060849,0.11800000000000033,-0.09785932721712531,0.9716078136098485
SZ.002523,True,BAR,True,0.0,-0.020289855072463836,-0.014181398485156427,-0.11450000000000005,-0.07142857142857151,0.7194051016697676
SZ.002526,True,BAR,True,0.0,-0.04761904761904756,-0.04151059103174015,-0.09150000000000036,-0.07142857142857129,0.9255987996851365
SZ.002527,True,BAR,True,0.004672897196261738,-0.0401785714285714,-0.03407011484126399,-0.19099999999999895,-0.07739665787159178,0.9153674770833479
SZ.002530,True,BAR,True,-0.019525801952580135,-0.044836956521739135,-0.038728499934431726,-0.28199999999999914,-0.06640106241699872,0.8096316218602284
SZ.002533,True,BAR,True,0.0018365472910926162,-0.0267618198037467,-0.02065336321643929,-0.20950000000000024,-0.060922541340295955,0.7382193153285033
SZ.002536,True,BAR,True,-0.03061029271092408,0.02778904665314408,0.03389750324045149,-4.2335000000000065,-0.19609709662065677,0.6585342270353275
SZ.002541,True,BAR,True,-0.07262569832402233,-0.0796370967741935,-0.0735286401868861,-1.2579999999999991,-0.1556603773584906,1.3489630002680377
SZ.002544,True,BAR,True,-0.010718789407313967,-0.027881040892193343,-0.021772584304885934,-0.37100000000000044,-0.03985285101164926,1.1208839396183274
SZ.002547,True,BAR,True,0.038135593220339103,-0.054054054054053946,-0.04794559746674654,-0.10749999999999993,-0.15579710144927528,1.0284316688203599
SZ.002548,True,BAR,True,-0.027989821882951738,-0.0861244019138756,-0.0800159453265682,-0.42150000000000043,-0.19067796610169485,0.6348593527890214
SZ.002553,True,BAR,True,0.051712992889463516,0.05239327296248364,0.05850172954979105,0.04550000000000054,-0.15982484948002185,0.8953285955391952
SZ.002559,True,BAR,True,-0.021810250817884347,-0.005543237250554167,0.0005652193367532421,-0.11499999999999844,-0.04108108108108122,1.0109366098088135
SZ.002560,True,BAR,True,-0.025787965616045905,0.10749185667752448,0.11360031326483189,0.07899999999999885,-0.11917098445595853,1.3458077272628088
SZ.002573,True,BAR,True,-0.0032051282051283048,-0.040123456790123524,-0.034015000202816115,-0.10400000000000009,-0.07761194029850749,0.7461892982028727
SZ.002576,True,BAR,True,0.005551700208188848,0.004854368932038833,0.010962825519346242,0.0039999999999995595,-0.06325706594885594,0.9102636914371662
SZ.002577,True,BAR,True,-0.017937219730941756,0.14539748953974874,0.15150594612705615,1.9719999999999978,-0.09049544994944403,1.7541801385732785
SZ.002579,True,BAR,True,0.033333333333333215,0.40805860805860794,0.41416706464591535,2.2695000000000007,-0.091796875,1.2662586071769466
SZ.002583,True,BAR,True,0.0012468827930174342,-0.05082742316784883,-0.04471896658054142,-0.3595000000000024,-0.07710011507479864,0.8332250207380469
SZ.002587,True,BAR,True,0.00190839694656475,-0.045454545454545414,-0.039346088867238005,-0.17549999999999955,-0.10106382978723394,0.9535075469501693
SZ.002590,True,BAR,True,-0.0020790020790020236,0.0031347962382444194,0.009243252825551829,-0.1960000000000015,-0.06988188976377963,0.8602695342679533
SZ.002593,True,BAR,True,0.02207505518763786,0.01758241758241752,0.02369087416972493,0.031500000000000306,-0.0423728813559322,0.8748429811715213
SZ.002594,True,BAR,True,-0.017588817705299853,-0.08415680312737539,-0.07804834654006798,-2.1429999999999865,-0.09532062391681106,0.9378681593533924
SZ.002598,True,BAR,True,-0.007194244604316502,0.0014513788098695635,0.007559835397176973,-0.0779999999999994,-0.04360056258790446,1.3983392658060056
SZ.002599,True,BAR,True,-0.010638297872340385,-0.06375838926174493,-0.05764993267443752,-0.15050000000000008,-0.09151414309484185,0.9831076860683265
SZ.002600,True,BAR,True,-0.011317704122877803,0.0,0.006108456587307409,-0.3620000000000001,-0.07207890743550827,0.6878541551970119
SZ.002611,True,BAR,True,0.004172461752433909,-0.01433447098976115,-0.00822601440245374,-0.0045000000000001705,-0.09914642153644126,1.302205956055722
SZ.002614,True,BAR,True,0.10039630118890353,0.41186440677966085,0.41797286336696826,2.330000000000001,-0.06655290102389089,2.482587814067774
SZ.002617,True,BAR,True,-0.03884892086330938,0.08617886178861767,0.09228731837592508,0.17149999999999999,-0.06703910614525144,1.467016420811108
SZ.002625,True,BAR,True,-0.06021829130598422,-0.11043819023868906,-0.10432973365138165,-2.6665000000000028,-0.12631210636808954,1.2445364965901549
SZ.002628,True,BAR,True,-0.013806706114398493,0.04166666666666674,0.04777512325397415,-0.21750000000000114,-0.1028880866425993,0.6147988763191722
SZ.002635,True,BAR,True,-0.058368076235854605,0.02529182879377445,0.03140028538108186,0.5440000000000005,-0.09255784865540961,1.6515798092910385
SZ.002641,True,BAR,True,-0.007874015748031593,-0.07125307125307134,-0.06514461466576393,-0.12900000000000045,-0.06435643564356441,0.8190472505021423
SZ.002645,True,BAR,True,-0.020452099031216364,-0.04210526315789476,-0.03599680657058735,-0.13600000000000279,-0.10661199384930808,0.989088495077744
SZ.002651,True,BAR,True,0.0012315270935963074,-0.04014167650531286,-0.03403321991800545,-0.4189999999999987,-0.0997782705099779,0.4728803367766439
SZ.002654,True,BAR,True,-0.039970930232558044,-0.03857350800582238,-0.03246505141851497,-0.5739999999999998,-0.07167955024595918,0.7537328814836824
SZ.002660,True,BAR,True,-0.008860759493670933,0.03571428571428581,0.04182274230159322,-0.05799999999999983,-0.11455847255369933,0.47292267288685896
SZ.002664,True,BAR,True,-0.010752688172043001,-0.03094140882159313,-0.02483295223428572,-0.34450000000000003,-0.1008883248730964,0.8285205158346496
SZ.002669,True,BAR,True,0.04338842975206614,0.31624674196351,0.3223551985508174,2.0905000000000005,-0.042449547668754306,1.723830244557402
SZ.002676,True,BAR,True,-0.007547169811320753,0.025341130604288553,0.03144958719159596,-0.0015000000000000568,-0.05762081784386608,1.0482006647970592
SZ.002681,True,BAR,True,-0.008830022075055233,-0.006637168141592764,-0.0005287115542853549,-0.2599999999999989,-0.13152804642166338,0.7610518370952083
SZ.002682,True,BAR,True,0.04338842975206614,0.016096579476861272,0.02220503606416868,-0.07400000000000073,-0.1070110701107011,0.846832370916822
SZ.002689,True,BAR,True,0.0,0.0034246575342467,0.00953311412155411,0.0030000000000001137,-0.04983388704318936,0.8394258441667017
SZ.002690,True,BAR,True,-0.012476606363069354,-0.008766437069505306,-0.002657980482197897,-0.01399999999999757,-0.05524861878453036,1.1550912209749113
SZ.002691,True,BAR,True,-0.009685230024213065,-0.08908685968819607,-0.08297840310088866,-0.3179999999999996,-0.12043010752688177,0.7910078557943062
SZ.002697,True,BAR,True,-0.010729613733905574,0.0,0.006108456587307409,-0.10849999999999937,-0.07505070993914809,0.690824327378661
SZ.002698,True,BAR,True,-0.007017543859649145,-0.07136997538966361,-0.0652615188023562,-0.4580000000000002,-0.09912070343725021,0.7185315133766648
SZ.002705,True,BAR,True,0.0077054794520547976,0.04251550044286989,0.0486239570301773,0.4309999999999974,-0.02834366696191304,1.762310182809809
SZ.002708,True,BAR,True,-0.044160371876815874,0.41080617495711835,0.41691463154442576,0.7865000000000002,-0.04692931633835473,0.7878784333621691
SZ.002730,True,BAR,True,-0.022348816827344464,-0.014575971731448867,-0.008467515144141458,-1.0420000000000016,-0.10909839440098801,1.009504538354906
SZ.002745,True,BAR,True,-0.044283413848631326,0.06936936936936933,0.07547782595667674,0.15549999999999997,-0.10033444816053516,0.8378356121033733
SZ.002747,True,BAR,True,-0.004071937563623895,-0.060799999999999965,-0.054691543412692556,-0.7420000000000009,-0.09996856334486015,0.9920244564668443
SZ.002757,True,BAR,True,-0.04339250493096658,0.24758842443729878,0.2536968810246062,1.6269999999999953,-0.04339250493096658,1.5828381223431816
SZ.002765,True,BAR,True,-0.00434153400868309,-0.012912482065997155,-0.006804025478689746,-0.18550000000000022,-0.07951482479784366,0.692689193748418
SZ.002767,True,BAR,True,-0.0058448459086077875,0.0440848214285714,0.050193278015878806,0.5040000000000049,-0.08576051779935279,1.6818786580808933
SZ.002768,True,BAR,True,-0.012781574284991049,0.2647535667963685,0.27086202338367593,12.421500000000009,-0.09695332432838055,1.640449896684642
SZ.002779,True,BAR,True,-0.03651162790697671,0.10039840637450204,0.10650686296180945,2.7804999999999893,-0.06778637022716283,1.0855339071595373
SZ.002782,True,BAR,True,-0.036082474226803996,-0.008614976805831565,-0.0025065202185241553,-0.3144999999999971,-0.05972045743329091,0.9660941104792649
SZ.002786,True,BAR,True,0.003911342894393766,-0.038701622971285876,-0.03259316638397847,-0.13349999999999795,-0.10442260442260443,1.3696427564724476
SZ.002801,True,BAR,True,0.005939123979213035,0.013084112149532867,0.019192568736840276,-0.06050000000000111,-0.06428571428571428,0.8578254547149299
SZ.002813,True,BAR,True,0.013157894736842035,0.10262529832935563,0.10873375491666304,1.3100000000000023,-0.06627854903716957,1.1053500853823088
SZ.002815,True,BAR,True,-0.04143201930812557,0.7457875457875456,0.751896002374853,4.695499999999999,-0.06144151240645934,1.2512653437722017
SZ.002816,True,BAR,True,-0.012523191094619635,-0.11069340016708451,-0.1045849435797771,-1.6460000000000008,-0.1507778220981253,0.9548413906694954
SZ.002823,True,BAR,True,-0.006153846153846176,0.010954616588419341,0.01706307317572675,0.051000000000000156,-0.04863221884498481,0.9235061469710004
SZ.002829,True,BAR,True,-0.01383399209486158,0.022017409114183373,0.028125865701490782,-0.4654999999999987,-0.108947612424664,0.7812601590400625
SZ.002831,True,BAR,True,0.008695652173912993,0.08573567952077865,0.09184413610808606,1.088000000000001,-0.04388069934864591,0.8014973352659985
SZ.002833,True,BAR,True,-0.01927194860813697,0.03211267605633794,0.03822113264364535,-0.0024999999999977263,-0.0631299734748011,0.6740245957795828
SZ.002838,True,BAR,True,-0.007352941176470673,0.05122950819672134,0.05733796478402875,0.4344999999999999,-0.06843521722414458,0.8327659607599099
SZ.002841,True,BAR,True,-0.035622317596566644,-0.04666949512091645,-0.04056103853360904,-2.111000000000004,-0.0856561546286877,0.8650759887742755
SZ.002845,True,BAR,True,-0.03376981392143352,0.06778370144706769,0.0738921580343751,0.1930000000000014,-0.041695146958304896,1.179547225211676
SZ.002850,True,BAR,True,-0.010001169727453352,-0.0578314594233551,-0.05172300283604769,-4.252999999999986,-0.07702486629541816,0.8367682645975207
SZ.002851,True,BAR,True,-0.0019536019536019467,-0.004061408496466523,0.002047048090840886,-1.9825000000000017,-0.10073468151177756,0.9319783580185587
SZ.002857,True,BAR,True,-0.0045019696117050145,-0.10339584389254941,-0.097287387305242,-0.7039999999999971,-0.12130479102956182,0.8742444503697342
SZ.002863,True,BAR,True,0.006342494714587588,0.0,0.006108456587307409,-0.025500000000000966,-0.06275303643724706,0.7909726591267182
SZ.002869,True,BAR,True,0.0023852116875371365,0.018787878787878798,0.024896335375186207,0.5869999999999997,-0.10613207547169812,2.1476771960709513
SZ.002870,True,BAR,True,-0.023500810372771408,,,,,
SZ.002879,True,BAR,True,0.06350148367952513,0.09135200974421442,0.09746046633152183,1.1870000000000012,-0.05481049562682205,1.3130688249536728
SZ.002881,True,BAR,True,-0.015567567567567497,0.11320293398533021,0.11931139057263762,1.6909999999999954,-0.1511260787202694,0.8526671040010112
SZ.002886,True,BAR,True,-0.060058953574060436,0.16911090742438128,0.1752193640116887,-1.0999999999999943,-0.1893644617380026,0.7754046749887288
SZ.002889,True,BAR,True,0.00836120401337781,-0.057812500000000044,-0.051704043412692635,-0.04749999999999943,-0.08313539192399055,0.8250319146774475
SZ.002892,True,BAR,True,0.0,-0.06093579978237196,-0.05482734319506455,-0.2754999999999992,-0.07359307359307354,0.8951954796850832
SZ.002896,True,BAR,True,0.007902535396772992,-0.03605731380884902,-0.029948857221541614,-1.0900000000000034,-0.07644882860665836,0.9404165868024711
SZ.002901,True,BAR,True,-0.00910834132310634,-0.10305923193751354,-0.09695077535020613,0.49849999999999994,-0.14745426493277491,1.0769528582613184
SZ.002903,True,BAR,True,-0.022171503097489498,0.003010033444815985,0.009118490032123394,0.8180000000000014,-0.17362637362637368,0.7130663543403692
SZ.002917,True,BAR,True,-0.008797653958944274,-0.01553398058252431,-0.0094255239952169,-0.21999999999999886,-0.07136150234741778,0.8668866890543111
SZ.002920,True,BAR,True,-0.007544006705783812,-0.037510161421437704,-0.031401704834130295,-3.1585000000000036,-0.1167298321602599,0.5811323789093022
SZ.002921,True,BAR,True,-0.016941176470588237,-0.023831775700934532,-0.017723319113627123,-0.4399999999999977,-0.14470284237726094,0.7768134516159123
SZ.002925,True,BAR,True,-0.0634662327095199,0.0008695652173913437,0.006978021804698753,-0.7675000000000018,-0.07846277021617298,0.9419702317694645
SZ.002929,True,BAR,True,-0.010777521170130866,-0.018147086914995225,-0.012038630327687816,0.0034999999999953957,-0.08754208754208759,0.9826615621603094
SZ.002931,True,BAR,True,-0.009057527539779842,-0.12267013437364549,-0.11656167778633808,-2.6085000000000065,-0.13856320613941586,0.8643595988646408
SZ.002933,True,BAR,True,-0.0028766630708377816,0.04602036967182199,0.0521288262591294,0.4454999999999991,-0.05979233798782668,0.9747186271514472
SZ.002953,True,BAR,True,-0.005797101449275366,-0.04722222222222239,-0.04111376563491498,-0.4969999999999999,-0.13636363636363646,0.48008161057459425
SZ.002957,True,BAR,True,-0.05651777575205108,0.023485784919653696,0.029594241506961105,0.347999999999999,-0.12532330119915347,1.605657652543298
SZ.002960,True,BAR,True,-0.017897091722595126,0.030516431924882514,0.036624888512189924,0.18599999999999817,-0.06022727272727291,1.423430596767523
SZ.002965,True,BAR,True,-0.017917825146740785,0.04161205766710352,0.04772051425441093,1.3809999999999967,-0.1485981308411216,1.690055626425643
SZ.002967,True,BAR,True,0.031321184510250566,0.06717737183264583,0.07328582841995324,0.9029999999999987,-0.045480386583286014,1.2707603133422516
SZ.002973,True,BAR,True,-0.03965785381026432,0.03347280334728042,0.03958125993458783,-0.34800000000000075,-0.09161490683229823,1.061309856059639
SZ.002975,True,BAR,True,0.0029845346839108,0.09965294992563223,0.10576140651293964,7.346499999999992,-0.12058115861558394,0.9094209230201403
SZ.002979,True,BAR,True,-0.002770594754340605,-0.02351238922047383,-0.01740393263316642,-0.16400000000000858,-0.09168853893263351,0.7556538593836106
SZ.002981,True,BAR,True,-0.015834348355663885,0.02321654706627263,0.02932500365358004,-0.1490000000000009,-0.08562806488117702,2.3298374870281386
SZ.002984,True,BAR,True,-0.009954058192955695,-0.09326788218793824,-0.08715942560063084,-0.5570000000000004,-0.09668313338038104,0.7791442838939447
SZ.002988,True,BAR,True,-0.019297690604239137,0.24798711755233493,0.25409557413964234,2.3800000000000026,-0.046900489396411005,0.606361679135457
SZ.002990,True,BAR,True,0.03464076246334313,0.2116333977248337,0.2177418543121411,7.156000000000006,-0.046492659053833596,1.6467090757278324
SZ.002993,True,BAR,True,-0.03354947843247813,-0.0964681075382181,-0.0903596509509107,-2.545499999999997,-0.12125096129197632,0.9250892927884278
SZ.002997,True,BAR,True,-0.006838905775075954,-0.08601398601398602,-0.07990552942667861,-1.9820000000000029,-0.11179068977234108,0.602044147863569
SZ.003002,True,BAR,True,-0.027163613392293118,-0.05982905982905973,-0.05372060324175232,-1.8364999999999991,-0.23383084577114432,0.7148332744466934
SZ.003008,True,BAR,True,-0.00952858575727189,0.003047232097511454,0.009155688684818863,0.20400000000000063,-0.07834331337325351,0.9105104409758952
SZ.003019,True,BAR,True,-0.017562724014336895,0.07616804083235174,0.08227649741965914,-0.13449999999999918,-0.0635696821515892,0.864404270225102
SZ.003021,True,BAR,True,-0.012438162544169518,-0.015360766629086697,-0.009252310041779288,-0.9569999999999936,-0.11757719714964365,1.0033717122967556
SZ.003025,True,BAR,True,-0.01692183722804197,-0.02478017585931258,-0.01867171927200517,0.04350000000000165,-0.06145251396648044,0.9530443182797917
SZ.003028,True,BAR,True,-0.010477787091366264,0.03689064558629784,0.04299910217360525,0.36699999999999733,-0.05438448566610454,0.9220647398476705
SZ.003032,True,BAR,True,-0.028077753779697567,-0.09090909090909094,-0.08480063432178353,-0.8135000000000012,-0.2733333333333333,0.9690717142226186
SZ.003033,True,BAR,True,-0.03816313692598028,0.43433395872420255,0.44044241531150996,15.129999999999995,-0.03816313692598028,1.656257221707147
SZ.003036,True,BAR,True,-0.03809523809523796,0.10253411306042892,0.10864256964773633,1.9394999999999953,-0.15165240731420904,1.3096052507408813
SZ.300001,True,BAR,True,-0.004787383835539116,-0.01942286348501654,-0.01331440689770913,1.6214999999999975,-0.08794041821827547,1.3505479845956572
SZ.300002,True,BAR,True,-0.008695652173913104,0.002512562814070307,0.008621019401377716,-0.16849999999999987,-0.05917159763313595,0.9963731642015986
SZ.300005,True,BAR,True,-0.0018382352941177516,0.04122722914669219,0.0473356857339996,-0.014000000000001123,-0.11218229623137588,0.9284802626653036
SZ.300007,True,BAR,True,-0.013215859030837107,0.014558395341313535,0.020666851928620944,0.5365000000000038,-0.08524693299779806,1.4286138287177974
SZ.300008,True,BAR,True,0.006359300476947549,0.024271844660194164,0.030380301247501573,-0.0785000000000009,-0.07363770250368185,0.8415683675367253
SZ.300010,True,BAR,True,0.013282732447817969,0.9704797047970479,0.9765881613843553,0.8354999999999988,-0.19389587073608616,0.8368604411305863
SZ.300011,True,BAR,True,-0.006802721088435382,-0.0363036303630363,-0.03019517377572889,-0.13049999999999962,-0.08709677419354844,1.0006964235618219
SZ.300012,True,BAR,True,-0.031649831649831595,-0.04005340453938577,-0.033944947952078364,-0.38700000000000045,-0.05145118733509235,0.8468081868341428
SZ.300014,True,BAR,True,-0.022386568059164613,-0.12142985449973065,-0.11532139791242324,-1.7109999999999985,-0.1287110789283128,1.3822975870740712
SZ.300020,True,BAR,True,-0.002631578947368318,0.11143695014662747,0.11754540673393488,-0.06000000000000005,-0.11876484560570066,0.5786491246422039
SZ.300021,True,BAR,True,-0.012919896640826933,-0.027989821882951738,-0.02188136529564433,-0.20849999999999946,-0.12471131639722866,0.5199559462727422
SZ.300022,True,BAR,True,-0.0063131313131312705,-0.03789731051344736,-0.03178885392613995,-0.22050000000000036,-0.0630952380952381,0.7728549943392317
SZ.300024,True,BAR,True,0.0,-0.08575380359612728,-0.07964534700881987,-0.5790000000000006,-0.11780821917808215,0.8907783737997228
SZ.300031,True,BAR,True,-0.024503005085529272,-0.0023640661938533203,0.003744390393454089,0.1579999999999977,-0.060918462980318666,0.8652136181945718
SZ.300044,True,BAR,True,0.0016313213703098572,0.14338919925512106,0.14949765584242847,0.22250000000000014,-0.061295971978984176,0.9297999694515564
SZ.300047,True,BAR,True,-0.02049622437971943,-0.026795284030010746,-0.020686827442703337,-0.16999999999999993,-0.0737279335410177,1.1971449307383442
SZ.300062,True,BAR,True,0.024630541871921263,0.012987012987013102,0.01909546957432051,-0.13999999999999968,-0.08832335329341312,0.8020387851077035
SZ.300065,True,BAR,True,-0.007832898172323799,-0.0006574621959238858,0.0054509943913835235,-0.41000000000000014,-0.06976744186046513,0.9282966513110169
SZ.300075,True,BAR,True,-0.01839303000968051,-0.06887052341597799,-0.06276206682867058,-0.5204999999999984,-0.09866666666666657,0.7896703681747429
SZ.300077,True,BAR,True,-0.021071115013169495,0.10615079365079372,0.11225925023810113,1.511499999999998,-0.07295120795831356,1.5971509417038885
SZ.300078,True,BAR,True,0.003717472118959231,-0.13738019169329063,-0.13127173510598322,-0.16200000000000037,-0.1913580246913581,0.8573575942640761
SZ.300081,True,BAR,True,0.035820895522387985,0.11935483870967745,0.12546329529698486,0.06700000000000061,-0.05932203389830504,0.7618686236621963
SZ.300083,True,BAR,True,-0.028799999999999937,-0.09063670411985014,-0.08452824753254273,-0.5614999999999988,-0.12572674418604657,0.7289451715583881
SZ.300085,True,BAR,True,-0.02461636828644498,0.013284623048821054,0.019393079636128463,-0.7669999999999959,-0.14464068209500613,0.7144229206933408
SZ.300095,True,BAR,True,0.007803790412485911,0.11604938271604937,0.12215783930335677,0.2919999999999998,-0.036519871106337254,1.3349819677979098
SZ.300098,True,BAR,True,-0.009345794392523366,-0.0535714285714286,-0.047462971984121194,-0.20199999999999907,-0.0940170940170939,0.8267862531339343
SZ.300099,True,BAR,True,-0.01393188854489158,0.06700167504187604,0.07311013162918345,0.1800000000000006,-0.04836193447737913,0.989465611479034
SZ.300100,True,BAR,True,0.020270270270270396,-0.020842982862436243,-0.014734526275128834,0.26850000000000307,-0.08183908045977017,1.3504684881529891
SZ.300101,True,BAR,True,0.012561060711793415,0.014685314685314532,0.02079377127262194,0.2550000000000008,-0.05757368060315282,1.5158901614999973
SZ.300112,True,BAR,True,-0.028691983122362874,0.09306742640075982,0.09917588298806723,1.2235000000000014,-0.18785046728971966,1.1868796279957285
SZ.300115,True,BAR,True,-0.022954924874791338,-0.08626073380171739,-0.08015227721440998,-0.5849999999999973,-0.07151515151515153,0.7040847678997464
SZ.300124,True,BAR,True,-0.01593323216995446,-0.1618739903069466,-0.1557655337196392,-4.3729999999999976,-0.1719253058596265,1.0735246646833143
SZ.300128,True,BAR,True,-0.0200803212851407,-0.004081632653061273,0.002026823934246136,-0.17650000000000077,-0.11131725417439697,0.6773973215021122
SZ.300131,True,BAR,True,-0.04727511490479319,-0.10542540073982731,-0.0993169441525199,-1.4385000000000012,-0.14596821659799875,0.8633042362545534
SZ.300134,True,BAR,True,-0.005903187721369663,0.004773269689737347,0.010881726277044756,-0.1399999999999988,-0.05555555555555558,0.7501315212282779
SZ.300136,True,BAR,True,-0.012239269091535943,-0.03891311640389128,-0.03280465981658387,-1.0209999999999937,-0.09489286289672949,1.154381562441218
SZ.300137,True,BAR,True,-0.0038986354775827348,-0.11668107173725151,-0.1105726151499441,-0.7934999999999999,-0.15089514066496157,1.7327396207480612
SZ.300141,True,BAR,True,0.011201629327902252,-0.007000000000000006,-0.000891543412692597,-0.21749999999999936,-0.0566762728146013,1.014327983869829
SZ.300143,True,BAR,True,-0.005095541401273884,-0.005095541401273884,0.001012915186033525,0.20000000000000018,-0.08651399491094158,1.705012338121969
SZ.300151,True,BAR,True,-0.025047258979206122,0.29179711959924837,0.2979055761865558,2.5319999999999965,-0.06766467065868254,1.2548406648585122
SZ.300154,True,BAR,True,-0.0042949176807445255,0.1272285251215559,0.13333698170886332,0.7644999999999982,-0.06056018168054511,0.9348973806618219
SZ.300157,True,BAR,True,-0.01084010840108407,-0.09203980099502485,-0.08593134440771744,-0.3240000000000003,-0.14319248826291076,0.5546183180130625
SZ.300161,True,BAR,True,-0.015549796371714275,0.007196969696969813,0.013305426284277222,0.0449999999999946,-0.08011760382212418,1.4489776820837292
SZ.300168,True,BAR,True,-0.012631578947368327,-0.06012024048096187,-0.054011783893654464,-0.17999999999999883,-0.10251450676982599,0.9796839838637169
SZ.300171,True,BAR,True,-0.023897058823529438,0.0712844653665099,0.0773929219538173,1.325000000000001,-0.11788079470198676,1.6210697647097476
SZ.300177,True,BAR,True,0.011513157894736947,-0.029968454258675004,-0.023859997671367594,-0.1744999999999992,-0.08320726172465975,0.8386295054934976
SZ.300184,True,BAR,True,-0.03355155482815053,0.0016963528413911355,0.007804809428698545,-0.2530000000000001,-0.05792437650844717,1.1107374656150406
SZ.300188,True,BAR,True,-0.0018993352326684976,0.009606147934678066,0.015714604521985476,0.11700000000000088,-0.04150943396226414,1.0274293192153436
SZ.300190,True,BAR,True,0.02604166666666674,0.07650273224043702,0.08261118882774443,0.043500000000000316,-0.09592326139088725,0.6808433374771142
SZ.300193,True,BAR,True,-0.0037735849056603765,-0.006273525721455453,-0.0001650691341480437,-0.06349999999999767,-0.07246376811594202,0.6450833120682598
SZ.300195,True,BAR,True,0.0,0.10915492957746475,0.11526338616477216,0.12699999999999978,-0.09657320872274144,0.5021271989849875
SZ.300201,True,BAR,True,-0.030634573304157642,-0.059447983014862094,-0.053339526427554684,-0.09450000000000358,-0.15293296089385466,1.0030245167463705
SZ.300207,True,BAR,True,0.028673835125447855,0.10566868464501922,0.11177714123232663,1.7985000000000007,-0.06909894969596464,1.4572293677445676
SZ.300210,True,BAR,True,-0.00834492350486793,-0.1294261294261294,-0.123317672838822,-0.6325000000000003,-0.15320665083135387,0.8707869109168039
SZ.300213,True,BAR,True,-0.009216589861751112,0.014150943396226356,0.020259399983533766,-0.030999999999999694,-0.04841149773071107,1.0423183655370816
SZ.300217,True,BAR,True,-0.014742014742014864,-0.0452380952380953,-0.03912963865078789,-0.1385000000000005,-0.0630841121495328,0.8211903393468349
SZ.300221,True,BAR,True,-0.01384083044982698,0.04548789435069689,0.0515963509380043,0.3445000000000018,-0.058273381294964066,1.1447999175266526
SZ.300222,True,BAR,True,-0.017804154302670572,-0.02359882005899705,-0.01749036347168964,-0.18750000000000178,-0.041910331384015564,0.9701496098807787
SZ.300223,True,BAR,True,-0.04531537048377221,0.062391156205042764,0.06849961279235017,4.313500000000033,-0.10079726651480636,1.2987183921406673
SZ.300224,True,BAR,True,-0.008216926869350827,0.07193605683836601,0.07804451342567342,0.3655000000000008,-0.08517608517608521,1.0182578754867408
SZ.300229,True,BAR,True,-0.023520485584218598,-0.021292775665399333,-0.015184319078091923,-0.4685000000000006,-0.08695652173913038,0.8680611203739097
SZ.300230,True,BAR,True,0.006944444444444198,0.004618937644341736,0.010727394231649146,-0.00649999999999995,-0.04954954954954971,0.8877178814965215
SZ.300232,True,BAR,True,-0.011194029850746356,-0.038112522686025385,-0.032004066098717976,-0.17749999999999932,-0.07042253521126751,0.9151298113548528
SZ.300245,True,BAR,True,-0.014657980456026065,0.03418803418803429,0.0402964907753417,-0.04299999999999926,-0.1099397590361445,0.9141201980389706
SZ.300247,True,BAR,True,0.0,-0.013157894736842035,-0.007049438149534626,0.017500000000000515,-0.07751937984496127,1.153534493308112
SZ.300248,True,BAR,True,-0.00846432889963733,-0.06605922551252852,-0.05995076892522111,-0.35799999999999876,-0.12052117263843665,0.7750741560516735
SZ.300249,True,BAR,True,-0.01698670605612984,0.03499222395023338,0.04110068053754079,-0.060499999999997556,-0.09886201991465149,0.7924703788479075
SZ.300258,True,BAR,True,0.006749156355455366,-0.05391120507399594,-0.04780274848668853,-0.2605000000000004,-0.08731808731808732,0.9910756296339072
SZ.300265,True,BAR,True,-0.030780780780780836,-0.07055435565154788,-0.06444589906424047,-0.7910000000000021,-0.09783368273934312,1.074711713871165
SZ.300270,True,BAR,True,-0.014423076923076983,-0.09211691762621788,-0.08600846103891047,-0.5614999999999988,-0.15051020408163263,0.811517473880965
SZ.300272,True,BAR,True,0.008620689655172376,-0.010152284263959421,-0.004043827676652012,0.0365000000000002,-0.06543624161073824,0.9952263593551279
SZ.300275,True,BAR,True,-0.004444444444444362,0.0011173184357544663,0.007225775023061876,-0.09949999999999903,-0.047311827956989405,0.9138088927767943
SZ.300276,True,BAR,True,-0.008403361344537785,-0.06645569620253167,-0.06034723961522426,-0.27149999999999963,-0.0852713178294573,0.9892944220782797
SZ.300278,True,BAR,True,-0.0027855153203342198,-0.06036745406824151,-0.0542589974809341,-0.040999999999999925,-0.11658031088082899,1.1768524009278525
SZ.300279,True,BAR,True,0.026890756302521135,0.06631762652705064,0.07242608311435805,0.24849999999999994,-0.06666666666666676,1.1911259679228143
SZ.300287,True,BAR,True,-0.043010752688172116,-0.005586592178770999,0.0005218644085364099,-0.09149999999999991,-0.0736842105263158,1.2852836436961328
SZ.300290,True,BAR,True,-0.04122340425531912,0.1956882255389718,0.20179668212627921,0.5389999999999988,-0.1825487944890931,1.1746598595093876
SZ.300299,True,BAR,True,0.011194029850746245,0.005565862708719838,0.011674319296027247,-0.13949999999999996,-0.09612141652613815,0.8118300053678587
SZ.300303,True,BAR,True,-0.03735632183908044,-0.042857142857142816,-0.03674868626983541,-0.2314999999999996,-0.07073509015256585,0.9963663102264648
SZ.300304,True,BAR,True,0.003308519437551727,0.09476534296028882,0.10087379954759623,0.6865000000000023,-0.10050251256281406,1.0577487515191961
SZ.300306,True,BAR,True,0.010546500479386323,0.007648183556405286,0.013756640143712695,0.15449999999999875,-0.05738476011288818,0.9558487398527935
SZ.300307,True,BAR,True,-0.009589041095890316,-0.029530201342281792,-0.023421744754974383,-0.11600000000000055,-0.05960264900662249,0.9539162221714774
SZ.300310,True,BAR,True,-0.02083333333333326,-0.057906458797327365,-0.051798002210019956,-0.1664999999999992,-0.07843137254901944,1.0746158449546466
SZ.300319,True,BAR,True,-0.0464252553389044,0.1657207718501701,0.1718292284374775,0.007999999999999119,-0.1338095238095237,0.8563255187676425
SZ.300322,True,BAR,True,-0.04523424878836835,0.023672055427251815,0.029780512014559224,-0.2859999999999978,-0.09393139841688647,1.2320913880498798
SZ.300327,True,BAR,True,-0.023943135054246167,0.11543394613082514,0.12154240271813255,1.2014999999999993,-0.0538827258320127,1.2688605855130901
SZ.300328,True,BAR,True,-0.03849000740192443,-0.2504327755337564,-0.24432431894644902,-1.4430000000000014,-0.30972456436200113,0.5653762095843562
SZ.300339,True,BAR,True,-0.013387660069848706,-0.036384309266628834,-0.030275852679321424,-1.1905000000000001,-0.08576051779935279,0.8604714877662305
SZ.300341,True,BAR,True,-0.006896551724137945,-0.01966717095310133,-0.013558714365793922,0.010500000000000398,-0.07335329341317354,1.2600731290181832
SZ.300345,True,BAR,True,-0.070221066319896,-0.17816091954022972,-0.1720524629529223,-0.4889999999999999,-0.14111922141119237,1.0121015513399794
SZ.300351,True,BAR,True,-0.015602836879432536,-0.012099644128113818,-0.005991187540806409,-0.44650000000000034,-0.07975871313672922,0.767354118800626
SZ.300353,True,BAR,True,-0.001776198934280715,-0.10651828298887134,-0.10040982640156393,-0.014000000000002899,-0.15932023366967596,0.9716343921887357
SZ.300354,True,BAR,True,-0.012893982808023008,0.026443202979515634,0.032551659566823044,0.23549999999999827,-0.08712522045855386,0.888907702736385
SZ.300358,True,BAR,True,-0.01134020618556697,0.04580152671755733,0.05190998330486474,0.9060000000000006,-0.12309368191721126,1.9297609447344302
SZ.300368,True,BAR,True,-0.01987447698744782,0.1683291770573565,0.17443763364466391,-0.0965000000000007,-0.15438247011952178,0.7374753689781137
SZ.300370,True,BAR,True,-0.0092592592592593,-0.05726872246696035,-0.051160265879652944,-0.0649999999999995,-0.09130434782608698,1.526159870313649
SZ.300375,True,BAR,True,-0.007317073170731603,0.0024630541871923928,0.008571510774499802,-0.08849999999999891,-0.06976744186046513,0.6961018194250184
SZ.300377,True,BAR,True,-0.022001419446415982,-0.05031013094417647,-0.04420167435686906,-0.7924999999999969,-0.14423076923076927,0.5936578707251063
SZ.300382,True,BAR,True,-0.011342155009451793,-0.11155152887882225,-0.10544307229151484,-1.1910000000000007,-0.21656050955414008,0.7267907722675773
SZ.300384,True,BAR,True,0.02857142857142847,0.0016366612111291534,0.007745117798436563,0.25150000000000006,-0.06849315068493145,1.2024615313469114
SZ.300387,True,BAR,True,-0.002702702702702786,-0.017310252996005304,-0.011201796408697895,-0.2839999999999998,-0.12589928057553956,0.46601826506586014
SZ.300397,True,BAR,True,-0.025723472668810365,0.08992805755395694,0.09603651414126435,1.0280000000000005,-0.059555555555555584,1.9599436544453013
SZ.300403,True,BAR,True,0.019406392694063967,-0.030401737242128246,-0.024293280654820837,-0.10100000000000087,-0.10084925690021229,0.9436003961745534
SZ.300407,True,BAR,True,0.0,-0.11167086481947941,-0.105562408232172,-0.629500000000002,-0.12635983263598327,1.0878445183619283
SZ.300409,True,BAR,True,-0.029909706546275228,-0.0667752442996743,-0.06066678771236689,-0.2444999999999986,-0.10151187904967596,1.1972850113631877
SZ.300410,True,BAR,True,-0.022246941045606317,0.11974522292993628,0.1258536795172437,0.38899999999999757,-0.049636803874092084,1.195910640186974
SZ.300412,True,BAR,True,-0.004424778761061843,-0.030172413793103425,-0.024063957205796016,-0.01449999999999907,-0.10593220338983056,1.0087956762764219
SZ.300413,True,BAR,True,-0.017071908949818804,0.3465627214741318,0.3526711780614392,0.4710000000000001,-0.24298642533936654,0.6760093569010388
SZ.300415,True,BAR,True,-0.010443864229764954,-0.03953370501773956,-0.03342524843043215,-0.2510000000000012,-0.05398587285570133,1.0155344676204574
SZ.300420,True,BAR,True,-0.022222222222222143,-0.06713780918727918,-0.061029352599971776,-0.09750000000000014,-0.1706484641638224,0.7334552328990871
SZ.300421,True,BAR,True,-0.010863350485991852,0.04216867469879504,0.04827713128610245,0.5344999999999978,-0.08009422850412251,1.1364212632684438
SZ.300428,True,BAR,True,-0.0066632496155818455,0.028662420382165488,0.0347708769694729,-0.4604999999999997,-0.06195546950629238,0.6193196847896921
SZ.300432,True,BAR,True,-0.014339622641509342,-0.17289423685877126,-0.16678578027146385,-0.8895,-0.16442738323736406,0.968264080288972
SZ.300433,True,BAR,True,-0.03437132784958874,-0.15761148129164548,-0.15150302470433807,-2.293999999999997,-0.15851472471190775,1.0575531270120861
SZ.300438,True,BAR,True,-0.030339083878643702,-0.2241789623988577,-0.2180705058115503,-5.176000000000002,-0.21546606770415533,0.8617518050789519
SZ.300440,True,BAR,True,-0.02281802624073026,-0.10220125786163514,-0.09609280127432773,-1.9430000000000014,-0.1615271659324523,0.867912982590504
SZ.300442,True,BAR,True,0.01902906802517257,0.09870759289176112,0.10481604947906853,4.526500000000013,-0.08420732634138939,1.5283842950264497
SZ.300444,True,BAR,True,-0.014823261117445696,-0.12016293279022405,-0.11405447620291664,-0.516,-0.10743801652892548,0.7307414426368659
SZ.300446,True,BAR,True,-0.015540015540015495,-0.05306427503736921,-0.046955818450061804,-0.3550000000000004,-0.058252427184466105,0.8841107193976084
SZ.300454,True,BAR,True,-0.03032165539848386,0.26067655154044234,0.26678500812774975,6.751000000000033,-0.060477734400846916,0.9387217683984899
SZ.300455,True,BAR,True,-0.003529411764705781,-0.0258769407705578,-0.01976848418325039,-0.38149999999999906,-0.06543624161073813,1.077516397207316
SZ.300458,True,BAR,True,-0.010660349422564552,0.0911169170476811,0.09722537363498851,1.711500000000001,-0.13789039481437826,1.2565298123939734
SZ.300459,True,BAR,True,-0.016901408450704092,-0.01412429378531066,-0.00801583719800325,-0.16349999999999953,-0.10051546391752564,0.7805822843810893
SZ.300460,True,BAR,True,-0.00766703176341732,0.05964912280701751,0.06575757939432492,0.3094999999999999,-0.06263982102908261,1.3128315547547809
SZ.300463,True,BAR,True,-0.010638297872340385,-0.0064102564102562765,-0.0003017998229488672,0.06899999999999906,-0.052016985138004235,1.2870564424954465
SZ.300466,True,BAR,True,0.0,-0.05059920106524629,-0.04449074447793888,-0.16699999999999982,-0.07671957671957663,0.9006897250500014
SZ.300470,True,BAR,True,-0.011806797853309403,-0.003607503607503504,0.0025009529798039054,-0.09750000000000014,-0.03662873399715505,1.0985419175303754
SZ.300472,True,BAR,True,-0.007225433526011571,,,,,
SZ.300473,True,BAR,True,-0.0019214932747735336,0.42756183745583054,0.43367029404313795,6.8990000000000045,-0.041501263081919926,1.697452897201289
SZ.300476,True,BAR,True,-0.047523536635284525,-0.06715041693393198,-0.06104196034662457,-0.9270000000000209,-0.1655578787302795,1.3073755386313197
SZ.300479,True,BAR,True,-0.007397444519166019,-0.006729475100942128,-0.000621018513634719,-0.12300000000000111,-0.07392996108949423,0.7488879872537287
SZ.300480,True,BAR,True,-0.023982999392835436,0.03309768637532118,0.03920614296262859,1.1204999999999963,-0.1260896637608966,0.8802554783705742
SZ.300486,True,BAR,True,0.0016853932584268705,-0.15497630331753565,-0.14886784673022824,-0.3330000000000055,-0.1020725388601037,0.546971653515635
SZ.300488,True,BAR,True,-0.01677588466579294,0.19610969387755106,0.20221815046485847,2.7864999999999966,-0.05880721220527041,1.2302914631295772
SZ.300490,True,BAR,True,-0.017625231910946115,-0.08785529715762275,-0.08174684057031534,-0.3819999999999997,-0.07832898172323766,0.8670049286295965
SZ.300496,True,BAR,True,-0.0190696845482089,-0.014326647564469996,-0.008218190977162587,-1.653499999999994,-0.0900991763321567,0.804909180358038
SZ.300503,True,BAR,True,-0.0273972602739726,-0.017153174842010288,-0.011044718254702879,-0.6170000000000044,-0.08471134319698281,1.0537464928648712
SZ.300508,True,BAR,True,-0.012392513909964653,-0.022772772772772898,-0.01666431618546549,-0.16099999999999426,-0.13110478899952582,0.7797684460062042
SZ.300509,True,BAR,True,-0.003386004514672636,-0.008978675645342271,-0.002870219058034862,-0.12700000000000067,-0.09304812834224596,0.8149168914569053
SZ.300510,True,BAR,True,0.005952380952380931,-0.028735632183908066,-0.022627175596600657,-0.06300000000000017,-0.06779661016949157,1.0215153804064556
SZ.300515,True,BAR,True,-0.03597944031981737,0.05171339563862909,0.0578218522259365,0.8864999999999981,-0.0733048259010386,1.621298675123797
SZ.300520,True,BAR,True,-0.06975837879968816,0.013588110403397025,0.019696566990704434,0.4549999999999983,-0.09995903318312171,1.9751515841948561
SZ.300523,True,BAR,True,-0.03802447552447541,0.08960396039603968,0.09571241698334709,0.907,-0.042930471301913076,1.3796094057259247
SZ.300525,True,BAR,True,-0.010243277848911547,-0.05616605616605608,-0.05005759957874867,-0.2965,-0.10129564193168439,0.9478838288693556
SZ.300527,True,BAR,True,-0.009685230024213065,0.007389162561576512,0.013497619148883921,-0.12549999999999883,-0.06721698113207553,0.6666880704715634
SZ.300531,True,BAR,True,-0.01103896103896107,-0.10306242638398111,-0.0969539697966737,-0.7970000000000006,-0.13364595545134816,0.6286687084612714
SZ.300532,True,BAR,True,0.006793478260869623,0.06772334293948123,0.07383179952678864,0.16049999999999986,-0.07066666666666666,0.9584145917562547
SZ.300538,True,BAR,True,-0.02688860435339313,0.016042780748662944,0.022151237335970353,0.0835000000000008,-0.11804697156983934,0.9863072479973749
SZ.300539,True,BAR,True,-0.022900763358778553,-0.005549389567147456,0.0005590670201599535,0.1424999999999983,-0.10631408526713448,1.479731136928564
SZ.300543,True,BAR,True,0.002547770700636942,-0.0025348542458808465,0.0035736023414265627,0.14449999999999896,-0.09677419354838712,1.0002912166194582
SZ.300545,True,BAR,True,-0.06351351351351364,-0.12,-0.11389154341269259,-0.7490000000000023,-0.16518987341772162,1.2528885190320025
SZ.300546,True,BAR,True,-0.010695187165775333,-0.09707158351409995,-0.09096312692679254,-0.8220000000000027,-0.13251729643427346,0.4326800685247236
SZ.300547,True,BAR,True,-0.01721377101681343,-0.06760349411317879,-0.06149503752587138,-1.7410000000000032,-0.1466805700382342,0.8947818823697106
SZ.300548,True,BAR,True,-0.03338912133891214,0.1978016280396122,0.20391008462691962,12.846499999999992,-0.10291190222674873,0.9896149183731792
SZ.300549,True,BAR,True,0.010818120351588911,0.029614325068870517,0.03572278165617793,0.3949999999999978,-0.09470198675496688,0.9918888083031416
SZ.300551,True,BAR,True,-0.015138772077375906,0.10785241248817412,0.11396086907548153,0.16600000000000037,-0.11488673139158578,0.5587251130777405
SZ.300552,True,BAR,True,-0.008906481939633837,-0.05918271488961946,-0.05307425830231205,-1.2269999999999968,-0.12264564169951808,0.561570482064333
SZ.300553,True,BAR,True,-0.02289962825278824,0.5443008225616921,0.5504092791489995,9.710999999999991,-0.05893536121672993,1.0101453031973227
SZ.300560,True,BAR,True,-0.04922566371681403,-0.03263927968486202,-0.026530823097554612,-0.9124999999999979,-0.0787781350482315,1.1077142932638666
SZ.300568,True,BAR,True,0.02941176470588225,0.14603798297314996,0.15214643956045737,2.2904999999999998,-0.10624597553122983,1.2054744073331374
SZ.300571,True,BAR,True,-0.010540632437946229,-0.04777486910994755,-0.04166641252264014,0.07699999999999818,-0.10356200527704484,0.9364405335492415
SZ.300572,True,BAR,True,-0.010865191146881448,0.2120315581854042,0.2181400147727116,0.6589999999999989,-0.0571315996847912,0.7449384682821049
SZ.300578,True,BAR,True,-0.02515723270440251,0.015062213490504295,0.021170670077811704,-0.26399999999999935,-0.11761194029850752,0.8196660892476662
SZ.300580,True,BAR,True,-0.019649495485926538,-0.06531645569620248,-0.05920799910889507,-0.4184999999999981,-0.11849281110560239,1.0439324319677732
SZ.300585,True,BAR,True,,,,,,
SZ.300587,True,BAR,True,-0.06809338521400776,-0.043912175648702534,-0.037803719061395125,-0.03650000000000109,-0.10297029702970284,1.3461180150089125
SZ.300598,True,BAR,True,-0.002593192868719618,-0.02068746021642276,-0.01457900362911535,-1.1449999999999996,-0.1454388984509467,0.504420763400253
SZ.300600,True,BAR,True,-0.0009727626459143934,0.006862745098039191,0.0129712016853466,-0.28200000000000003,-0.11389128559102679,0.7490421931546315
SZ.300602,True,BAR,True,-0.03923076923076929,-0.13324080499653013,-0.12713234840922272,-3.4635000000000034,-0.1941558441558443,0.6163794886823705
SZ.300606,True,BAR,True,-0.021750951604132762,-0.024138866286954164,-0.018030409699646754,0.47749999999999204,-0.13411078717201153,1.3715127064298271
SZ.300607,True,BAR,True,-0.005555555555555536,-0.10250696378830082,-0.09639850720099341,-2.3100000000000023,-0.18670475201246428,0.5427698140304807
SZ.300608,True,BAR,True,-0.0040404040404041774,-0.020854021847070636,-0.014745565259763227,-0.08499999999999908,-0.06796116504854377,1.2762285216277105
SZ.300611,True,BAR,True,-0.019386676066267206,0.16890756302521015,0.17501601961251756,1.2639999999999993,-0.04373392135244403,0.9379031438760563
SZ.300613,True,BAR,True,0.0033491165261576583,0.3171619163129169,0.3232703729002243,11.236000000000018,-0.16311967951927897,1.2211528180508
SZ.300616,True,BAR,True,-0.020795660036166397,0.004638218923933346,0.010746675511240755,0.2914999999999992,-0.09908256880733946,1.4769928917107988
SZ.300624,True,BAR,True,-0.026368357970435463,0.0490744726646577,0.05518292925196511,-3.3334999999999866,-0.14849755415793153,0.7570668744811473
SZ.300626,True,BAR,True,-0.0006863417982154729,0.11699271192942073,0.12310116851672814,1.3070000000000022,-0.06051975792096831,0.9404577452010157
SZ.300627,True,BAR,True,-0.01462317210348707,-0.03700989373396846,-0.030901437146661048,-1.0699999999999932,-0.09600000000000009,0.6725045230483091
SZ.300632,True,BAR,True,0.002067183462532318,0.08810325476992142,0.09421171135722883,0.8975000000000009,-0.07096424702058513,1.0702821217085028
SZ.300634,True,BAR,True,-0.029748283752860538,0.1175540326831841,0.1236624892704915,1.0859999999999985,-0.0712890625,1.817879654110397
SZ.300638,True,BAR,True,-0.01498308361527323,0.06701570680628266,0.07312416339359007,1.1544999999999987,-0.122072745391131,1.4275221824772877
SZ.300644,True,BAR,True,0.0018691588785046953,0.04534373476352993,0.05145219135083734,1.0655000000000037,-0.09164292497625826,1.6680448070639344
SZ.300652,True,BAR,True,-0.022184300341297036,0.025044722719141266,0.031153179306448675,1.3114999999999988,-0.12976565232598813,2.325535925675342
SZ.300657,True,BAR,True,-0.031182795698924792,0.07357759904676797,0.07968605563407538,-0.13750000000000284,-0.08795923840171627,1.0233261205861353
SZ.300660,True,BAR,True,-0.012536564981195153,-0.022341745966073745,-0.016233289378766336,-0.3670000000000009,-0.09220985691573924,0.978911099425667
SZ.300667,True,BAR,True,-0.010450685826257411,0.05574912891986061,0.06185758550716802,0.31450000000000067,-0.049933422103861536,1.279447439213918
SZ.300672,True,BAR,True,-0.03864325856666828,0.19846239692479406,0.20457085351210147,14.463499999999982,-0.13866525423728815,1.197522530072882
SZ.300678,True,BAR,True,-0.019935095039406603,-0.03734061930783239,-0.03123216272052498,-0.8609999999999971,-0.09605488850771882,0.8247714698988887
SZ.300680,True,BAR,True,-0.014299332697807476,0.013725490196078383,0.019833946783385792,0.5640000000000001,-0.07632474477394269,1.1363380177509605
SZ.300686,True,BAR,True,-0.014018691588785104,-0.014018691588785104,-0.007910235001477695,0.03249999999999886,-0.0730263157894736,0.916863753146417
SZ.300687,True,BAR,True,-0.02354111405835546,0.16311216429699837,0.16922062088430578,0.8779999999999966,-0.11576846307385236,1.1000494419934146
SZ.300690,True,BAR,True,0.04799666110183631,0.09890590809627997,0.10501436468358738,1.3200000000000003,-0.08866396761133599,1.2068773927432095
SZ.300691,True,BAR,True,0.03435114503816794,0.4648648648648648,0.4709733214521722,5.926500000000001,-0.06636005256241784,3.21770163559771
SZ.300694,True,BAR,True,0.010396975425330801,-0.0018674136321196189,0.00424104295518779,0.039499999999998536,-0.08348623853211012,0.7994761475899023
SZ.300695,True,BAR,True,-0.03673700075357944,0.04410863794159692,0.05021709452890433,1.389000000000003,-0.1029874213836478,1.0413126621073976
SZ.300700,True,BAR,True,-0.004002287021154793,-0.07488050982474759,-0.06877205323744018,-1.4884999999999984,-0.1615271659324523,1.020598681277934
SZ.300709,True,BAR,True,-0.0315627405696689,-0.08219844357976647,-0.07608998699245906,-3.566499999999998,-0.22670807453416142,0.3600561407451008
SZ.300718,True,BAR,True,0.024877497173011687,-0.017879718258984933,-0.011771261671677524,-0.015500000000002956,-0.07934264004241032,1.0217660103736352
SZ.300720,True,BAR,True,-0.018268467037331315,-0.164639091646391,-0.1585306350590836,-3.065000000000012,-0.24651810584958223,0.8155968902594999
SZ.300729,True,BAR,True,0.0026619343389531203,0.08445297504798477,0.09056143163529218,0.5205000000000002,-0.06135531135531136,1.7845965133883086
SZ.300733,True,BAR,True,-0.027596223674654974,-0.0007462686567164534,0.005362187930590956,-0.048500000000000654,-0.08604483007953723,1.8167004954471766
SZ.300735,True,BAR,True,-0.008588298443370945,-0.07045797684952204,-0.06434952026221463,-0.6274999999999977,-0.15769414006669835,0.7882570335597636
SZ.300745,True,BAR,True,-0.0035727045373347144,-0.04190999656475436,-0.03580153997744695,-0.24149999999999494,-0.08208955223880599,0.7207463042492417
SZ.300746,True,BAR,True,0.0033444816053511683,0.10132158590308382,0.10743004249039123,0.7889999999999979,-0.11605937921727405,0.9917129115818818
SZ.300748,True,BAR,True,-0.010176125244618417,-0.06333333333333335,-0.05722487674602594,-0.5694999999999979,-0.09412623130244446,0.8878292367159258
SZ.300753,True,BAR,True,-0.008430913348946079,-0.03903767589650475,-0.032929219309197344,-0.19550000000000267,-0.12872154115586698,1.107316129952237
SZ.300756,True,BAR,True,-0.04001185536455254,0.1445229681978799,0.15063142478518732,1.055500000000002,-0.07641859138865126,1.6379493927968223
SZ.300760,True,BAR,True,-0.01029203653672972,-0.036689206110693595,-0.030580749523386186,-8.230999999999995,-0.09467490438364212,0.6793402903226249
SZ.300762,True,BAR,True,-0.015292801193584449,-0.03649635036496346,-0.03038789377765605,-1.266999999999996,-0.09743589743589753,0.9684906547375092
SZ.300766,True,BAR,True,-0.0150136487716106,0.020744931636020647,0.026853388223328056,-0.6020000000000003,-0.10941370767960357,0.7479040758627686
SZ.300771,True,BAR,True,-0.0017467248908296096,-0.028061224489795977,-0.021952767902488568,-0.11749999999999972,-0.08000000000000007,1.0655042790773743
SZ.300780,True,BAR,True,0.0009945300845350946,0.020791075050709873,0.026899531638017282,0.36249999999999716,-0.14245149077141495,1.0230051740397872
SZ.300784,True,BAR,True,-0.0009324009324008786,0.039282250242483,0.045390706829790406,1.258499999999998,-0.06786050895381701,0.9149184736289472
SZ.300787,True,BAR,True,-0.008474576271186529,0.1607142857142856,0.166822742301593,1.2724999999999973,-0.058195926285160016,2.0483030377275395
SZ.300789,True,BAR,True,-0.0018270401948843329,-0.10583742498636106,-0.09972896839905365,0.07499999999999574,-0.16093229744728077,0.9130648204601408
SZ.300790,True,BAR,True,-0.03294001966568327,0.020228215767634783,0.026336672354942192,0.1340000000000039,-0.07548125633232006,0.9841582001678523
SZ.300793,True,BAR,True,-0.00666666666666671,0.06333630686886704,0.06944476345617445,0.3340000000000014,-0.08060453400503786,1.6212583463855692
SZ.300809,True,BAR,True,-0.014949494949494935,0.035683942225998244,0.04179239881330565,0.26399999999999935,-0.06468673718470297,1.0151810802772163
SZ.300810,True,BAR,True,-0.005559968228753043,0.041164241164241,0.04727269775154841,-0.42950000000000443,-0.10566173818968627,0.6352668976033821
SZ.300813,True,BAR,True,-0.026281775096940962,0.10784313725490202,0.11395159384220943,1.4585000000000008,-0.09517112048757603,1.2805412105029403
SZ.300815,True,BAR,True,-0.009009009009008917,-0.024699176694110148,-0.01859072010680274,0.2810000000000006,-0.09860935524652337,1.6598267559064885
SZ.300817,True,BAR,True,0.008547008547008517,0.08398950131233596,0.09009795789964337,0.03750000000000142,-0.07042253521126762,0.5019811887747389
SZ.300819,True,BAR,True,-0.03268621236133118,0.061521739130434794,0.0676301957177422,1.5534999999999926,-0.05636787454969261,1.191664971206802
SZ.300823,True,BAR,True,0.0,-0.028420356906807775,-0.022311900319500366,0.07099999999999973,-0.09240924092409242,0.7652983008151834
SZ.300825,True,BAR,True,-0.026122448979591817,0.14601344860710852,0.15212190519441593,-0.5225000000000009,-0.10903659447348779,0.9395522305481676
SZ.300826,True,BAR,True,-0.03997501561524064,0.03781228899392297,0.04392074558123038,0.29349999999999987,-0.060880829015544036,1.075720884631018
SZ.300828,True,BAR,True,-0.018823529411764683,-0.013601419278533422,-0.007492962691226013,-0.44750000000000156,-0.11717921527041364,0.6465022955867262
SZ.300836,True,BAR,True,-0.0645371577574968,0.1908713692946058,0.1969798258819132,4.762499999999989,-0.08306709265175727,1.9310511840715197
SZ.300843,True,BAR,True,-0.08915073365940418,-0.05642561031782589,-0.05031715373051848,-9.531000000000006,-0.1512326496788896,1.10440369312434
SZ.300852,True,BAR,True,-0.08250534523959252,0.6363840287124272,0.6424924852997346,13.462000000000003,-0.08250534523959252,1.2694714814996275
SZ.300853,True,BAR,True,-0.011085751548744804,0.13680659670164919,0.1429150532889566,1.7950000000000017,-0.041706161137440745,1.7093162070774763
SZ.300857,True,BAR,True,0.002126786313943585,0.13694280997333097,0.14305126656063838,5.852499999999907,-0.08495420209466109,0.8031339143928159
SZ.300863,True,BAR,True,-0.027122641509433887,-0.007936507936507908,-0.001828051349200499,-0.9465000000000003,-0.07110091743119273,1.292729786794015
SZ.300866,True,BAR,True,-0.015656362906463328,-0.01833613579950366,-0.012227679212196252,-5.193000000000012,-0.10615339749198016,0.7893129235720188
SZ.300873,True,BAR,True,-0.02623360399750163,0.04701141705842837,0.05311987364573578,-0.16799999999999926,-0.12454873646209386,1.4535014925998915
SZ.300875,True,BAR,True,-0.012499999999999956,-0.0062893081761006275,-0.00018085158879321828,-1.7484999999999928,-0.10481586402266274,0.5305240303507991
SZ.300879,True,BAR,True,-0.022087244616234014,0.06879903439951729,0.0749074909868247,0.5810000000000031,-0.16083150984682715,1.9034685694875315
SZ.300884,True,BAR,True,-0.0016366612111293755,-0.0564578499613303,-0.05034939337402289,-0.4029999999999987,-0.1496005809731299,0.6820963279104267
SZ.300885,True,BAR,True,-0.009952854897852359,-0.02021772939346811,-0.0141092728061607,-0.27299999999999613,-0.09538002980625926,0.928530674054092
SZ.300887,True,BAR,True,-0.009873060648801224,-0.02092050209205021,-0.014812045504742799,-0.08300000000000196,-0.10575635876840694,0.9970751641594133
SZ.300889,True,BAR,True,-0.0039404553415061105,0.05912476722532589,0.0652332238126333,-0.9174999999999969,-0.2326515704894082,0.695287998619039
SZ.300894,True,BAR,True,-0.011560693641618602,-0.06727272727272726,-0.06116427068541985,-0.40449999999999875,-0.170549084858569,0.5881681403027464
SZ.300900,True,BAR,True,-0.008318739054290814,0.02257336343115135,0.02868182001845876,-0.7950000000000017,-0.0844785772029103,0.8789909359716612
SZ.300902,True,BAR,True,-0.0010660980810236476,0.21294498381877025,0.21905344040607766,1.6885000000000012,-0.10477835348301667,1.1319672683144855
SZ.300903,True,BAR,True,-0.045601105481344995,0.30199824054291824,0.30810669713022565,5.213000000000008,-0.08196721311475408,0.9246821913719611
SZ.300907,True,BAR,True,-0.009477009477009468,0.12273721901730639,0.1288456756046138,3.010000000000005,-0.058154706430568415,1.3567079589687847
SZ.300912,True,BAR,True,-0.001502253380069929,0.01372648703609558,0.01983494362340299,-0.1739999999999995,-0.11859582542694502,0.8028994107877176
SZ.300913,True,BAR,True,-0.04218181818181821,0.11139240506329107,0.11750086165059848,0.036499999999996646,-0.14276415708396628,1.0009627245439927
SZ.300916,True,BAR,True,-0.01245108502312342,0.03736920777279518,0.043477664360102586,2.0730000000000004,-0.09954751131221717,1.051835031417495
SZ.300918,True,BAR,True,0.013023255813953583,0.04711538461538467,0.05322384120269208,0.1789999999999985,-0.0712996389891698,1.1489883920901915
SZ.300919,True,BAR,True,-0.018533020099190778,-0.07229212928694795,-0.06618367269964054,-1.238500000000002,-0.07909604519774005,0.8431668725341063
SZ.300920,True,BAR,True,-0.03023322775698234,0.03918543659364393,0.04529389318095134,-0.6289999999999978,-0.0764277715565509,0.9374988601270876
SZ.300926,True,BAR,True,-0.015494636471990564,-0.0339181286549709,-0.027809672067663493,-0.570999999999998,-0.11361141602634472,0.7916487499803814
SZ.300933,True,BAR,True,-0.022488755622188994,-0.022488755622188994,-0.016380299034881585,-0.20450000000000124,-0.10263522884882115,0.7041322398799057
SZ.300938,True,BAR,True,-0.045882710422363915,0.17033171822586657,0.17644017481317398,2.2369999999999983,-0.05392689106044146,1.4363034638401315
SZ.300939,True,BAR,True,-0.0003907394744554482,0.6775409836065573,0.6836494401938648,24.275499999999994,-0.07098848111438516,1.8945054057938864
SZ.300946,True,BAR,True,0.008672086720867167,-0.002144772117962379,0.00396368446934503,0.25150000000000006,-0.16039603960396032,0.8390710329290368
SZ.300952,True,BAR,True,0.0023654642223536193,0.04823747680890533,0.05434593339621274,0.729499999999998,-0.09506618531889299,1.339805173196343
SZ.300953,True,BAR,True,-0.04677498769079269,0.04603414739572065,0.05214260398302806,4.034999999999982,-0.07164021164021162,1.4231823855959187
SZ.300956,True,BAR,True,-0.005267778753292429,0.023486901535682003,0.029595358122989412,0.041499999999999204,-0.09075487701441887,0.8285596609700145
SZ.300961,True,BAR,True,-0.014154870940882636,-0.06329113924050633,-0.057182682653198924,-0.7539999999999978,-0.21947965310206807,0.3882963608523009
SZ.300964,True,BAR,True,-0.054901474780022164,0.3350840336134455,0.34119249020075293,9.630499999999998,-0.065435965056865,1.22911708663317
SZ.300968,True,BAR,True,-0.014070351758793898,-0.05491329479768792,-0.04880483821038051,-0.36299999999999955,-0.12431941923774947,0.5316075158982795
SZ.300975,True,BAR,True,-0.03948339483394836,0.03870710295291313,0.04481555954022054,0.12749999999999773,-0.09806835066864783,0.9898394159154453
SZ.300980,True,BAR,True,-0.018641259320629655,0.03585483165719294,0.04196328824450035,0.2505000000000024,-0.08181063122923582,0.9352230053364351
SZ.300986,True,BAR,True,-0.035773710482529086,0.00782608695652165,0.013934543543829059,-0.16999999999999993,-0.14127861089187055,0.9048861981273952
SZ.300988,True,BAR,True,-0.0036540803897686658,0.11520109066121331,0.12130954724852072,0.718499999999997,-0.05062500000000003,1.1579104560138445
SZ.300998,True,BAR,True,-0.05546700669429394,0.1257598784194529,0.13186833500676032,-0.7650000000000006,-0.09884428223844288,1.258602938248175
SZ.301000,True,BAR,True,-0.008939455505891813,0.013715710723191998,0.019824167310499408,0.34850000000000136,-0.07157464212678932,1.3036359228754462
SZ.301005,True,BAR,True,0.001480993911469497,-0.128704366499642,-0.1225959099123346,-3.849499999999992,-0.14576890638178241,0.9493038089567701
SZ.301007,True,BAR,True,-0.0015470297029701596,0.11506565307532823,0.12117410966263564,0.8670000000000009,-0.03765432098765431,0.7140636641958138
SZ.301008,True,BAR,True,-0.034700315457413144,0.5512273212379937,0.5573357778253011,12.716500000000003,-0.1505489864864865,1.626928484250214
SZ.301013,True,BAR,True,-0.0393258426966292,-0.019546520719311955,-0.013438064132004546,-0.8704999999999998,-0.10521091811414385,1.0103931900011596
SZ.301015,True,BAR,True,-0.03407350689127109,0.029795918367346852,0.03590437495465426,0.7714999999999961,-0.08866799204771358,1.479637576385278
SZ.301023,True,BAR,True,-0.0010295126973233204,0.031537916371367825,0.037646372958675234,0.48300000000000054,-0.07365919891378148,1.05977561875585
SZ.301029,True,BAR,True,0.0008016032064128709,-0.02308294209702655,-0.01697448550971914,-0.0004999999999988347,-0.09191880505553418,0.7398291149654729
SZ.301041,True,BAR,True,-0.014686598478888091,0.41720105620520553,0.42330951279251294,5.267999999999994,-0.05549358616843281,1.587460146987789
SZ.301042,True,BAR,True,-0.014084507042253502,-0.05084745762711873,-0.04473900103981132,-0.6609999999999943,-0.11241358581304484,0.813768487799575
SZ.301046,True,BAR,True,-0.00891316848763668,0.498695652173913,0.5048041087612204,4.434499999999996,-0.05196374622356503,0.933496527952845
SZ.301058,True,BAR,True,-0.039548022598870025,-0.029680365296803624,-0.023571908709496214,-0.40499999999999936,-0.11746361746361733,0.8134434841010456
SZ.301067,True,BAR,True,0.022451994091580385,0.2347484837673921,0.2408569403546995,2.988999999999997,-0.1103079824010057,0.9983724989720182
SZ.301079,True,BAR,True,0.028273809523809534,0.0010865628395508864,0.007195019426858296,-0.4529999999999994,-0.097025016903313,0.913110437575191
SZ.301083,True,BAR,True,0.015299026425591,0.04509663564781663,0.05120509223512404,0.6369999999999969,-0.08662508662508661,1.2796341033907042
SZ.301086,True,BAR,True,-0.04607030580165761,0.41792693288020377,0.4240353894675112,14.598000000000013,-0.06822364663324232,0.8707776515305989
SZ.301099,True,BAR,True,-0.04153632255822037,0.09948165869218495,0.10559011527949236,3.600999999999999,-0.07533064979873494,1.6782206596979599
SZ.301107,True,BAR,True,-0.010176125244618417,0.07846481876332612,0.08457327535063353,2.382999999999999,-0.11125211505922161,1.4462741747064272
SZ.301112,True,BAR,True,-0.023840206185566926,-0.008183306055646433,-0.002074849468339024,-0.23799999999999955,-0.07677784770295792,0.8309936465069986
SZ.301120,True,BAR,True,-0.02140468227424741,-0.016801075268817245,-0.010692618681509836,-0.2694999999999972,-0.059516023544800456,0.8087506305324981
SZ.301123,True,BAR,True,-0.045725646123260466,0.0231814548361311,0.02928991142343851,-1.7519999999999953,-0.08454951151851398,0.7918943141339929
SZ.301128,True,BAR,True,-0.025662251655629076,0.07233965014577248,0.07844810673307989,-0.8285000000000053,-0.15638506876227898,0.7121556952595299
SZ.301131,True,BAR,True,0.0008933889219773228,-0.0029664787896767075,0.0031419777976307017,0.4615000000000009,-0.10600808781051407,0.8337711625638111
SZ.301132,True,BAR,True,-0.056196351931330435,0.9423130002760147,0.9484214568633221,18.9825,-0.056196351931330435,1.8122533765805238
SZ.301135,True,BAR,True,-0.0016722408026756952,0.051056338028169,0.05716479461547641,0.5770000000000017,-0.0744500846023689,1.0557826089492464
SZ.301138,True,BAR,True,-0.0016677785190126748,0.04176818656456671,0.04787664315187412,1.1715000000000018,-0.07849133537206932,1.224765786176451
SZ.301139,True,MISSING_DATA,False,,,,,,
SZ.301141,True,BAR,True,-0.005002632964718257,-0.09938036224976177,-0.09327190566245436,-0.8009999999999948,-0.1311904761904762,1.0990734758620582
SZ.301161,True,BAR,True,-0.02042118698149331,0.08251057827926656,0.08861903486657396,1.1954999999999991,-0.054711246200607966,1.0318421527203947
SZ.301163,True,BAR,True,-0.0012782275244992425,-0.02576891105569401,-0.0196604544683866,0.6685000000000016,-0.10739657333890518,1.084173672012788
SZ.301172,True,BAR,True,-0.026609898882384297,0.08998808104886757,0.09609653763617498,0.1419999999999959,-0.07294994675186373,0.6747918700200378
SZ.301178,True,BAR,True,-0.0005571030640667551,0.050351288056206256,0.056459744643513665,0.2745000000000033,-0.06853582554517135,1.3371803167188132
SZ.301179,True,BAR,True,-0.02962603205439529,0.04008328995314936,0.04619174654045677,-0.3000000000000007,-0.04034582132564846,0.7674964208313606
SZ.301182,True,BAR,True,-0.04265073631564331,0.009226713532513031,0.01533517011982044,-1.1230000000000047,-0.13041700735895334,1.0312295289358537
SZ.301186,True,BAR,True,-0.03503688092729185,0.10464414957780477,0.11075260616511218,0.8860000000000028,-0.11149732620320862,1.4112933796901876
SZ.301187,True,BAR,True,0.003831417624521105,0.05716207128446538,0.06327052787177279,1.1729999999999983,-0.13136729222520105,1.8526541570008164
SZ.301189,True,BAR,True,0.04393939393939417,0.46369254538431837,0.4698010019716258,13.667500000000018,-0.06440903054448877,1.3931494440997718
SZ.301195,True,BAR,True,-0.011293260473588251,0.036273386788850726,0.042381843376158135,0.802500000000002,-0.04662439388287953,1.2109193096522057
SZ.301196,True,BAR,True,-0.03475758246623861,-0.004566210045662045,0.0015422465416453646,-0.9279999999999831,-0.20242669362992927,0.7636498705225133
SZ.301199,True,BAR,True,-0.003302146395157024,0.027226318774815628,0.03333477536212304,0.1819999999999986,-0.042739726027397285,0.6477856067336202
SZ.301202,True,BAR,True,-0.04299443601416275,0.05286588759042865,0.05897434417773606,0.9940000000000069,-0.057738572574177915,1.1281581777892156
SZ.301213,True,BAR,True,-0.026045086452177624,0.12402121747916128,0.1301296740664687,2.8575000000000017,-0.06903765690376562,2.1660709084414758
SZ.301216,True,BAR,True,-0.03125,-0.03563348416289591,-0.029525027575588503,-1.5794999999999995,-0.17553191489361697,0.45495641259688785
SZ.301218,True,BAR,True,0.034809474768280335,0.06870878536481606,0.07481724195212347,2.323500000000003,-0.2509459924320606,0.7005759575923461
SZ.301221,True,BAR,True,-0.026221264367816133,-0.025871361839741258,-0.01976290525243385,-0.2029999999999994,-0.15228426395939088,0.9231956617295298
SZ.301226,True,BAR,True,0.04983684366656771,0.25141442715700135,0.25752288374430876,4.235499999999998,-0.12477231329690341,1.3253777440661267
SZ.301228,True,BAR,True,-0.05061112067481499,-0.1216754260232521,-0.11556696943594469,-4.986000000000004,-0.22280157835400216,0.6902157429298245
SZ.301229,True,BAR,True,0.005033557046979942,-0.025223759153783498,-0.01911530256647609,-0.023999999999999133,-0.11287758346581878,0.9896596711965701
SZ.301232,True,BAR,True,-0.012683357229513637,-0.0491768454593734,-0.04306838887206599,-6.284000000000006,-0.15588096362777515,0.809103988876352
SZ.301236,True,BAR,True,-0.028115706947823726,-0.026536691037097104,-0.020428234449789695,-1.123500000000007,-0.06567242281527996,1.005739837313409
SZ.301248,True,BAR,True,-0.013232830820770647,-0.004394118641203426,0.0017143379461039832,1.9714999999999847,-0.11053598263483044,1.1638045288588952
SZ.301251,True,BAR,True,-0.02224669603524221,0.8849256900212314,0.8910341466085389,23.005499999999998,-0.07899241868427498,1.5341727242756087
SZ.301255,True,BAR,True,-0.004677754677754664,-0.0293968575772936,-0.02328840098998619,-0.21649999999999636,-0.10196078431372546,1.0511361497748335
SZ.301260,True,BAR,True,-0.0075949367088608,-0.1352941176470588,-0.12918566105975138,-0.22549999999999848,-0.16678966789667904,0.7150808385607277
SZ.301261,True,BAR,True,-0.01854162952397942,-0.0061382921104893295,-2.9835523181920287e-05,-1.1214999999999975,-0.13348563968668403,0.7777259031473627
SZ.301275,True,BAR,True,-0.02669902912621358,-0.02882053766045045,-0.022712081073143042,-1.7025000000000006,-0.07283236994219655,0.9692267104199814
SZ.301278,True,BAR,True,-0.015713808090939474,0.04582593250444056,0.05193438909174797,0.8924999999999983,-0.07591892820336654,1.3655454174323025
SZ.301280,True,BAR,True,-0.035690534249611994,0.03056147832267242,0.03666993490997983,0.8969999999999985,-0.06447309915518007,1.5119905383659356
SZ.301282,True,BAR,True,-0.08633696563285831,0.29492129492129493,0.30102975150860234,2.113500000000002,-0.08633696563285831,0.9345886058670801
SZ.301285,True,BAR,True,-0.03240421550280714,0.2086614173228345,0.2147698739101419,7.478999999999999,-0.11506209531896816,1.3181010648622413
SZ.301290,True,BAR,True,-0.01238701037830603,0.022530329289428108,0.028638785876735517,1.3045000000000009,-0.0779355732594389,1.6981876796392377
SZ.301298,True,BAR,True,0.004702194357366851,-0.02286585365853655,-0.01675739707122914,0.16850000000000165,-0.10410334346504568,0.9705657413649235
SZ.301302,True,BAR,True,-0.0022967386311437687,0.039731929152704515,0.045840385740011924,0.05000000000000071,-0.09351565946184393,1.4897630363129097
SZ.301308,True,BAR,True,-0.04112716763005786,-0.0890444810543658,-0.08293602446705839,-20.702500000000043,-0.14951456310679612,1.100271723594459
SZ.301310,True,BAR,True,-0.04543107898812593,0.13389206868356496,0.14000052527087237,1.9825000000000017,-0.13584514344970622,1.0114664352811327
SZ.301311,True,BAR,True,0.2002670226969292,0.31914893617021267,0.3252573927575201,3.868499999999999,-0.06284916201117319,2.6254299309404074
SZ.301312,True,BAR,True,-0.06047516198704095,0.1796610169491526,0.18576947353646,4.0719999999999885,-0.08820147194112227,1.0853806387627034
SZ.301313,True,BAR,True,-0.015649952091983388,-0.043748060812907164,-0.037639604225599754,-1.1730000000000018,-0.14660894660894652,0.7154750494031917
SZ.301315,True,BAR,True,-0.010966875559534461,0.0764920828258222,0.08260053941312961,3.5360000000000014,-0.1312206572769954,1.5189042514482234
SZ.301320,True,BAR,True,-0.009873060648801224,0.02857142857142847,0.03467988515873588,0.2099999999999973,-0.058487874465049994,1.011919537290158
SZ.301323,True,BAR,True,-0.027575833542241246,0.15206415206415191,0.15817260865145932,5.3629999999999995,-0.05084745762711862,1.060769259401597
SZ.301325,True,BAR,True,-0.021874999999999978,0.015903927296332387,0.022012383883639797,0.9074999999999989,-0.10064935064935066,1.142969833136888
SZ.301327,True,BAR,True,-0.01261004044729952,-0.06992380098610484,-0.06381534439879744,-0.3459999999999894,-0.111712931618145,0.9128676944146104
SZ.301328,True,BAR,True,-0.03152027676340574,-0.05335337215855718,-0.04724491557124977,-1.686,-0.10166756320602477,0.8518103813342646
SZ.301330,True,BAR,True,-0.0026923076923076605,0.07817047817047817,0.08427893475778558,0.4830000000000041,-0.06079261254328583,0.7124784549917946
SZ.301332,True,BAR,True,-0.003916449086161955,-0.04505632040050067,-0.03894786381319326,-0.1639999999999997,-0.06913580246913575,1.0121443065518003
SZ.301337,True,BAR,True,-0.05272108843537404,0.08281493001555229,0.0889233866028597,0.5399999999999991,-0.11433447098976113,1.487667765038917
SZ.301339,True,BAR,True,0.11157024793388426,0.20844564240790642,0.21455409899521383,2.134499999999999,-0.055944055944055826,1.9478619012915166
SZ.301345,True,BAR,True,-0.021315342907992196,-0.05089507907200763,-0.04478662248470022,1.8475000000000534,-0.10536715190128632,0.7602533453078244
SZ.301363,True,BAR,True,-0.028185554903112142,0.003030303030303161,0.00913875961761057,0.40449999999999875,-0.08283313325330133,2.0820039077457992
SZ.301366,True,BAR,True,-0.02621423819028612,0.36478925773964965,0.37089771432695706,10.309999999999988,-0.06565307532826548,1.5971706482224324
SZ.301367,True,BAR,True,-0.010479041916167553,0.03466010733452607,0.04076856392183348,0.507000000000005,-0.0995780590717299,0.8352814552727736
SZ.301368,True,BAR,True,-0.005108556832694622,0.013267429760666083,0.019375886347973492,1.0945000000000036,-0.1034041464038904,1.2748904433615464
SZ.301377,True,BAR,True,-0.03160772690106295,-0.03711890243902438,-0.031010445851716972,-16.963999999999942,-0.10421143102707353,1.0345064598073406
SZ.301387,True,BAR,True,-0.020239352340725048,0.01421023865913651,0.02031869524644392,-0.2605000000000075,-0.07559544356230574,0.9000765801880849
SZ.301413,True,BAR,True,-0.013671875,-0.07370351842587963,-0.06759506183857222,-2.0544999999999973,-0.12382799870675709,1.0100440430818625
SZ.301419,True,BAR,True,-0.06215270631817249,0.24780941949616642,0.2539178760834738,4.194999999999993,-0.07823392718822608,1.2986580590233892
SZ.301421,True,BAR,True,-0.02522255192878331,0.03873517786561265,0.044843634452920056,1.0170000000000101,-0.08009466865969117,0.92975480187504
SZ.301428,True,BAR,True,-0.021848137535816714,-0.02044476327116218,-0.014336306683854771,-0.4149999999999956,-0.09927360774818406,1.1895586580891768
SZ.301448,True,BAR,True,-0.05046040515653771,0.15501792114695334,0.16112637773426075,5.0560000000000045,-0.08191126279863492,1.7693621950348366
SZ.301449,True,BAR,True,-0.006624141315014653,-0.11613184894127915,-0.11002339235397174,-1.4889999999999972,-0.18345173422482242,0.6859805933192891
SZ.301458,True,BAR,True,-0.035074626865671754,0.08807854137447402,0.09418699796178143,0.8909999999999982,-0.10175527855507505,0.9597830136155251
SZ.301459,True,BAR,True,-0.010565568676196402,0.0075949367088608,0.01370339329616821,-0.3035000000000032,-0.031736344217272006,0.8504874733964584
SZ.301479,True,BAR,True,-0.034482758620689724,0.06980586534489874,0.07591432193220615,1.4314999999999998,-0.09368988072335505,1.120468093769022
SZ.301487,True,BAR,True,-0.017034700315457396,-0.050578915295551474,-0.044470458708244065,-0.31849999999999845,-0.0764099454214674,0.7922376064492811
SZ.301488,True,BAR,True,-0.003399915002124998,-0.046844832842190876,-0.040736376254883466,-1.617999999999995,-0.0953143772527032,0.7448479524314021
SZ.301489,True,BAR,True,-0.03702842977767451,0.08643593777311653,0.09254439436042394,-2.2420000000000186,-0.12447452796579983,0.8326915012151835
SZ.301502,True,BAR,True,-0.017378163959199,0.02160251374705413,0.02771097033436154,0.8420000000000059,-0.08601346297681367,0.9988299124480395
SZ.301503,True,BAR,True,-0.003140421713773045,0.031090487238979003,0.03719894382628641,0.29149999999999565,-0.129777404451911,0.6822564048686803
SZ.301508,True,BAR,True,0.0020669698222404165,-0.010208248264597763,-0.004099791677290354,-0.12950000000000017,-0.052000000000000046,0.8793652121220472
SZ.301510,True,BAR,True,-0.017787264318747775,0.06602316602316605,0.07213162261047346,0.17249999999999943,-0.13536668951336528,0.8542027261012007
SZ.301512,True,BAR,True,-0.01216469120399255,-0.016764979819931636,-0.010656523232624227,0.6709999999999958,-0.09451502943910761,0.9323878824650366
SZ.301525,True,BAR,True,-0.019999999999999907,0.021897810218978186,0.028006266806285596,0.6684999999999945,-0.09725000000000006,1.197975054200306
SZ.301536,True,BAR,True,-0.02398923847246104,0.16027007818052597,0.16637853476783337,8.234000000000009,-0.17896318557475577,1.10178548955226
SZ.301538,True,BAR,True,-0.025464064731080427,0.05896043444530652,0.06506889103261393,0.13799999999999812,-0.10536218250235196,0.9245528031845345
SZ.301550,True,BAR,True,-0.02028954876888933,0.10198502317841429,0.1080934797657217,1.274499999999989,-0.12051150895140661,1.0371853992096
SZ.301555,True,BAR,True,-0.04077365394668053,0.09096313912009513,0.09707159570740254,1.3355000000000032,-0.05174322080796889,1.1341668720734255
SZ.301556,True,BAR,True,-0.022628791526239866,0.06767180925666194,0.07378026584396935,-2.521500000000003,-0.1549356223175966,0.5513340254052363
SZ.301560,True,BAR,True,0.10976072920622859,0.28552573691157046,0.29163419349887787,5.0290000000000035,-0.10983346550356854,1.875029980372614
SZ.301563,True,BAR,True,-0.03072143596824306,-0.04748982360922671,-0.0413813670219193,-3.6920000000000215,-0.12452076677316293,1.064909143334848
SZ.301567,True,BAR,True,-0.009072058061171617,0.06519921983839505,0.07130767642570246,1.8754999999999882,-0.10115911485774509,0.9674459710541772
SZ.301575,True,BAR,True,-0.020634920634920673,-0.08354994430003715,-0.07744148771272974,-0.7805000000000035,-0.19853747714808045,1.3151438400945616
SZ.301584,True,BAR,True,-0.007052896725440849,-0.08154706430568504,-0.07543860771837763,-0.7409999999999997,-0.11497938616582681,1.200907912297037
SZ.301596,True,BAR,True,-0.029028186790071575,0.005664488017429248,0.011772944604736657,-0.9014999999999986,-0.0879676440849343,0.9873806638951396
SZ.301600,True,BAR,True,-0.027261462205700138,-0.07570940774755686,-0.06960095116024945,-2.3170000000000073,-0.1395994906817919,1.0066043101549333
SZ.301602,True,BAR,True,-0.015815085158151,-0.022356495468278004,-0.016248038880970594,0.16799999999999926,-0.10320284697508897,1.1746517593711665
SZ.301603,True,BAR,True,-0.03355757815591609,0.02175550163166262,0.02786395821897003,-3.717000000000027,-0.13780425031252308,0.7093542435396728
SZ.301613,True,BAR,True,-0.017642117054046502,-0.027985591576614177,-0.021877134989306768,-0.42900000000000915,-0.0734094616639479,1.2444531028634198
SZ.301616,True,BAR,True,0.0335305719921104,0.05584340817501432,0.06195186476232173,1.259999999999998,-0.07664932931836854,1.2418650075266902
SZ.301622,True,BAR,True,-0.017372992892866645,-0.018922470433639926,-0.012814013846332517,-0.517000000000003,-0.09212857504429262,0.84009103496199
SZ.301628,True,BAR,True,-0.05785672781605378,0.2738496071829406,0.279958063770248,-0.2634999999999792,-0.13622526636225274,1.020317789797694
SZ.301632,True,BAR,True,-0.027550260610573307,-0.0347376201034737,-0.02862916351616629,-0.306499999999998,-0.06998556998556993,1.3959286527226344
SZ.301633,True,BAR,True,0.06907949099322419,0.15600428877769823,0.16211274536500564,5.490499999999997,-0.23353293413173648,1.07126666188343
SZ.301696,True,BAR,True,-0.00963574756459129,-0.021140763997906764,-0.015032307410599355,-0.9629999999999939,-0.07923608289313289,1.020357896727983
SZ.301699,True,BAR,True,0.19986495611073596,,,,,
SZ.302132,True,BAR,True,-0.022543741588156085,0.007456216403675997,0.013564672990983406,-2.906499999999994,-0.10821181887950893,0.624394735937526
