trade_date,sector_type,sector_id,field,actual,actual_quality,independent_expected,members,independent_known_members,membership_snapshot_id,source_history_sha256,source_factors_sha256,source_membership_sha256
2026-09-30,INDUSTRY,INDUSTRY:T010101,sector_rs1,0.009230769230769154,ACCEPTED,0.009230769230769154,25,0,3dd77c68f3f29601b59d09853a70977bfab15f3fba3edeca6737f75ef9d7bcc0,9f7ee99454374db02824b5c9d52e2da89fca30232bc291ddb1f48ef6db84b6c0,2ee46c732cbd9a2d9496fe9e4763efb9a1ab85568c9ae6e0d0e121bc4adb4265,164142652bf5b3032f4e1a8ee54fe2817a3f3b5130635cf04fb641a6e819211d
2026-09-30,INDUSTRY,INDUSTRY:T010101,sector_rs5,-0.03021784961349261,ACCEPTED,-0.03021784961349261,25,0,3dd77c68f3f29601b59d09853a70977bfab15f3fba3edeca6737f75ef9d7bcc0,9f7ee99454374db02824b5c9d52e2da89fca30232bc291ddb1f48ef6db84b6c0,2ee46c732cbd9a2d9496fe9e4763efb9a1ab85568c9ae6e0d0e121bc4adb4265,164142652bf5b3032f4e1a8ee54fe2817a3f3b5130635cf04fb641a6e819211d
2026-09-30,INDUSTRY,INDUSTRY:T010101,sector_rs20,-0.06400000000000006,ACCEPTED,-0.06400000000000006,25,0,3dd77c68f3f29601b59d09853a70977bfab15f3fba3edeca6737f75ef9d7bcc0,9f7ee99454374db02824b5c9d52e2da89fca30232bc291ddb1f48ef6db84b6c0,2ee46c732cbd9a2d9496fe9e4763efb9a1ab85568c9ae6e0d0e121bc4adb4265,164142652bf5b3032f4e1a8ee54fe2817a3f3b5130635cf04fb641a6e819211d
2026-09-30,INDUSTRY,INDUSTRY:T010101,breadth_ret1,0.72,ACCEPTED,0.72,25,25,3dd77c68f3f29601b59d09853a70977bfab15f3fba3edeca6737f75ef9d7bcc0,9f7ee99454374db02824b5c9d52e2da89fca30232bc291ddb1f48ef6db84b6c0,2ee46c732cbd9a2d9496fe9e4763efb9a1ab85568c9ae6e0d0e121bc4adb4265,164142652bf5b3032f4e1a8ee54fe2817a3f3b5130635cf04fb641a6e819211d
2026-09-30,INDUSTRY,INDUSTRY:T010101,breadth_ret5,0.16,ACCEPTED,0.16,25,25,3dd77c68f3f29601b59d09853a70977bfab15f3fba3edeca6737f75ef9d7bcc0,9f7ee99454374db02824b5c9d52e2da89fca30232bc291ddb1f48ef6db84b6c0,2ee46c732cbd9a2d9496fe9e4763efb9a1ab85568c9ae6e0d0e121bc4adb4265,164142652bf5b3032f4e1a8ee54fe2817a3f3b5130635cf04fb641a6e819211d
2026-09-30,INDUSTRY,INDUSTRY:T010101,breadth_ret20,0.08,ACCEPTED,0.08,25,25,3dd77c68f3f29601b59d09853a70977bfab15f3fba3edeca6737f75ef9d7bcc0,9f7ee99454374db02824b5c9d52e2da89fca30232bc291ddb1f48ef6db84b6c0,2ee46c732cbd9a2d9496fe9e4763efb9a1ab85568c9ae6e0d0e121bc4adb4265,164142652bf5b3032f4e1a8ee54fe2817a3f3b5130635cf04fb641a6e819211d
2026-09-30,INDUSTRY,INDUSTRY:T010101,ma20_width,0.32,ACCEPTED,0.32,25,25,3dd77c68f3f29601b59d09853a70977bfab15f3fba3edeca6737f75ef9d7bcc0,9f7ee99454374db02824b5c9d52e2da89fca30232bc291ddb1f48ef6db84b6c0,2ee46c732cbd9a2d9496fe9e4763efb9a1ab85568c9ae6e0d0e121bc4adb4265,164142652bf5b3032f4e1a8ee54fe2817a3f3b5130635cf04fb641a6e819211d
2026-09-30,INDUSTRY,INDUSTRY:T010102,sector_rs1,0.010452961672473782,ACCEPTED,0.010452961672473782,7,0,3dd77c68f3f29601b59d09853a70977bfab15f3fba3edeca6737f75ef9d7bcc0,9f7ee99454374db02824b5c9d52e2da89fca30232bc291ddb1f48ef6db84b6c0,2ee46c732cbd9a2d9496fe9e4763efb9a1ab85568c9ae6e0d0e121bc4adb4265,164142652bf5b3032f4e1a8ee54fe2817a3f3b5130635cf04fb641a6e819211d
2026-09-30,INDUSTRY,INDUSTRY:T010102,sector_rs5,-0.03654485049833878,ACCEPTED,-0.03654485049833878,7,0,3dd77c68f3f29601b59d09853a70977bfab15f3fba3edeca6737f75ef9d7bcc0,9f7ee99454374db02824b5c9d52e2da89fca30232bc291ddb1f48ef6db84b6c0,2ee46c732cbd9a2d9496fe9e4763efb9a1ab85568c9ae6e0d0e121bc4adb4265,164142652bf5b3032f4e1a8ee54fe2817a3f3b5130635cf04fb641a6e819211d
2026-09-30,INDUSTRY,INDUSTRY:T010102,sector_rs20,-0.07389162561576346,ACCEPTED,-0.07389162561576346,7,0,3dd77c68f3f29601b59d09853a70977bfab15f3fba3edeca6737f75ef9d7bcc0,9f7ee99454374db02824b5c9d52e2da89fca30232bc291ddb1f48ef6db84b6c0,2ee46c732cbd9a2d9496fe9e4763efb9a1ab85568c9ae6e0d0e121bc4adb4265,164142652bf5b3032f4e1a8ee54fe2817a3f3b5130635cf04fb641a6e819211d
2026-09-30,INDUSTRY,INDUSTRY:T010102,breadth_ret1,0.7142857142857143,ACCEPTED,0.7142857142857143,7,7,3dd77c68f3f29601b59d09853a70977bfab15f3fba3edeca6737f75ef9d7bcc0,9f7ee99454374db02824b5c9d52e2da89fca30232bc291ddb1f48ef6db84b6c0,2ee46c732cbd9a2d9496fe9e4763efb9a1ab85568c9ae6e0d0e121bc4adb4265,164142652bf5b3032f4e1a8ee54fe2817a3f3b5130635cf04fb641a6e819211d
2026-09-30,INDUSTRY,INDUSTRY:T010102,breadth_ret5,0.0,ACCEPTED,0.0,7,7,3dd77c68f3f29601b59d09853a70977bfab15f3fba3edeca6737f75ef9d7bcc0,9f7ee99454374db02824b5c9d52e2da89fca30232bc291ddb1f48ef6db84b6c0,2ee46c732cbd9a2d9496fe9e4763efb9a1ab85568c9ae6e0d0e121bc4adb4265,164142652bf5b3032f4e1a8ee54fe2817a3f3b5130635cf04fb641a6e819211d
2026-09-30,INDUSTRY,INDUSTRY:T010102,breadth_ret20,0.14285714285714285,ACCEPTED,0.14285714285714285,7,7,3dd77c68f3f29601b59d09853a70977bfab15f3fba3edeca6737f75ef9d7bcc0,9f7ee99454374db02824b5c9d52e2da89fca30232bc291ddb1f48ef6db84b6c0,2ee46c732cbd9a2d9496fe9e4763efb9a1ab85568c9ae6e0d0e121bc4adb4265,164142652bf5b3032f4e1a8ee54fe2817a3f3b5130635cf04fb641a6e819211d
2026-09-30,INDUSTRY,INDUSTRY:T010102,ma20_width,0.2857142857142857,ACCEPTED,0.2857142857142857,7,7,3dd77c68f3f29601b59d09853a70977bfab15f3fba3edeca6737f75ef9d7bcc0,9f7ee99454374db02824b5c9d52e2da89fca30232bc291ddb1f48ef6db84b6c0,2ee46c732cbd9a2d9496fe9e4763efb9a1ab85568c9ae6e0d0e121bc4adb4265,164142652bf5b3032f4e1a8ee54fe2817a3f3b5130635cf04fb641a6e819211d
2026-09-30,INDUSTRY,INDUSTRY:T010201,sector_rs1,0.007922077922077886,ACCEPTED,0.007922077922077886,22,0,3dd77c68f3f29601b59d09853a70977bfab15f3fba3edeca6737f75ef9d7bcc0,9f7ee99454374db02824b5c9d52e2da89fca30232bc291ddb1f48ef6db84b6c0,2ee46c732cbd9a2d9496fe9e4763efb9a1ab85568c9ae6e0d0e121bc4adb4265,164142652bf5b3032f4e1a8ee54fe2817a3f3b5130635cf04fb641a6e819211d
2026-09-30,INDUSTRY,INDUSTRY:T010201,sector_rs5,-0.01666675343742352,ACCEPTED,-0.01666675343742352,22,0,3dd77c68f3f29601b59d09853a70977bfab15f3fba3edeca6737f75ef9d7bcc0,9f7ee99454374db02824b5c9d52e2da89fca30232bc291ddb1f48ef6db84b6c0,2ee46c732cbd9a2d9496fe9e4763efb9a1ab85568c9ae6e0d0e121bc4adb4265,164142652bf5b3032f4e1a8ee54fe2817a3f3b5130635cf04fb641a6e819211d
2026-09-30,INDUSTRY,INDUSTRY:T010201,sector_rs20,-0.02267869738829803,ACCEPTED,-0.02267869738829803,22,0,3dd77c68f3f29601b59d09853a70977bfab15f3fba3edeca6737f75ef9d7bcc0,9f7ee99454374db02824b5c9d52e2da89fca30232bc291ddb1f48ef6db84b6c0,2ee46c732cbd9a2d9496fe9e4763efb9a1ab85568c9ae6e0d0e121bc4adb4265,164142652bf5b3032f4e1a8ee54fe2817a3f3b5130635cf04fb641a6e819211d
2026-09-30,INDUSTRY,INDUSTRY:T010201,breadth_ret1,0.8636363636363636,ACCEPTED,0.8636363636363636,22,22,3dd77c68f3f29601b59d09853a70977bfab15f3fba3edeca6737f75ef9d7bcc0,9f7ee99454374db02824b5c9d52e2da89fca30232bc291ddb1f48ef6db84b6c0,2ee46c732cbd9a2d9496fe9e4763efb9a1ab85568c9ae6e0d0e121bc4adb4265,164142652bf5b3032f4e1a8ee54fe2817a3f3b5130635cf04fb641a6e819211d
2026-09-30,INDUSTRY,INDUSTRY:T010201,breadth_ret5,0.2727272727272727,ACCEPTED,0.2727272727272727,22,22,3dd77c68f3f29601b59d09853a70977bfab15f3fba3edeca6737f75ef9d7bcc0,9f7ee99454374db02824b5c9d52e2da89fca30232bc291ddb1f48ef6db84b6c0,2ee46c732cbd9a2d9496fe9e4763efb9a1ab85568c9ae6e0d0e121bc4adb4265,164142652bf5b3032f4e1a8ee54fe2817a3f3b5130635cf04fb641a6e819211d
2026-09-30,INDUSTRY,INDUSTRY:T010201,breadth_ret20,0.3181818181818182,ACCEPTED,0.3181818181818182,22,22,3dd77c68f3f29601b59d09853a70977bfab15f3fba3edeca6737f75ef9d7bcc0,9f7ee99454374db02824b5c9d52e2da89fca30232bc291ddb1f48ef6db84b6c0,2ee46c732cbd9a2d9496fe9e4763efb9a1ab85568c9ae6e0d0e121bc4adb4265,164142652bf5b3032f4e1a8ee54fe2817a3f3b5130635cf04fb641a6e819211d
2026-09-30,INDUSTRY,INDUSTRY:T010201,ma20_width,0.2727272727272727,ACCEPTED,0.2727272727272727,22,22,3dd77c68f3f29601b59d09853a70977bfab15f3fba3edeca6737f75ef9d7bcc0,9f7ee99454374db02824b5c9d52e2da89fca30232bc291ddb1f48ef6db84b6c0,2ee46c732cbd9a2d9496fe9e4763efb9a1ab85568c9ae6e0d0e121bc4adb4265,164142652bf5b3032f4e1a8ee54fe2817a3f3b5130635cf04fb641a6e819211d
2026-09-30,INDUSTRY,INDUSTRY:T010202,sector_rs1,0.009920634920634885,ACCEPTED,0.009920634920634885,31,0,3dd77c68f3f29601b59d09853a70977bfab15f3fba3edeca6737f75ef9d7bcc0,9f7ee99454374db02824b5c9d52e2da89fca30232bc291ddb1f48ef6db84b6c0,2ee46c732cbd9a2d9496fe9e4763efb9a1ab85568c9ae6e0d0e121bc4adb4265,164142652bf5b3032f4e1a8ee54fe2817a3f3b5130635cf04fb641a6e819211d
2026-09-30,INDUSTRY,INDUSTRY:T010202,sector_rs5,-0.014869888475836368,ACCEPTED,-0.014869888475836368,31,0,3dd77c68f3f29601b59d09853a70977bfab15f3fba3edeca6737f75ef9d7bcc0,9f7ee99454374db02824b5c9d52e2da89fca30232bc291ddb1f48ef6db84b6c0,2ee46c732cbd9a2d9496fe9e4763efb9a1ab85568c9ae6e0d0e121bc4adb4265,164142652bf5b3032f4e1a8ee54fe2817a3f3b5130635cf04fb641a6e819211d
2026-09-30,INDUSTRY,INDUSTRY:T010202,sector_rs20,-0.028625954198473358,ACCEPTED,-0.028625954198473358,31,0,3dd77c68f3f29601b59d09853a70977bfab15f3fba3edeca6737f75ef9d7bcc0,9f7ee99454374db02824b5c9d52e2da89fca30232bc291ddb1f48ef6db84b6c0,2ee46c732cbd9a2d9496fe9e4763efb9a1ab85568c9ae6e0d0e121bc4adb4265,164142652bf5b3032f4e1a8ee54fe2817a3f3b5130635cf04fb641a6e819211d
2026-09-30,INDUSTRY,INDUSTRY:T010202,breadth_ret1,0.8709677419354839,ACCEPTED,0.8709677419354839,31,31,3dd77c68f3f29601b59d09853a70977bfab15f3fba3edeca6737f75ef9d7bcc0,9f7ee99454374db02824b5c9d52e2da89fca30232bc291ddb1f48ef6db84b6c0,2ee46c732cbd9a2d9496fe9e4763efb9a1ab85568c9ae6e0d0e121bc4adb4265,164142652bf5b3032f4e1a8ee54fe2817a3f3b5130635cf04fb641a6e819211d
2026-09-30,INDUSTRY,INDUSTRY:T010202,breadth_ret5,0.25806451612903225,ACCEPTED,0.25806451612903225,31,31,3dd77c68f3f29601b59d09853a70977bfab15f3fba3edeca6737f75ef9d7bcc0,9f7ee99454374db02824b5c9d52e2da89fca30232bc291ddb1f48ef6db84b6c0,2ee46c732cbd9a2d9496fe9e4763efb9a1ab85568c9ae6e0d0e121bc4adb4265,164142652bf5b3032f4e1a8ee54fe2817a3f3b5130635cf04fb641a6e819211d
2026-09-30,INDUSTRY,INDUSTRY:T010202,breadth_ret20,0.25806451612903225,ACCEPTED,0.25806451612903225,31,31,3dd77c68f3f29601b59d09853a70977bfab15f3fba3edeca6737f75ef9d7bcc0,9f7ee99454374db02824b5c9d52e2da89fca30232bc291ddb1f48ef6db84b6c0,2ee46c732cbd9a2d9496fe9e4763efb9a1ab85568c9ae6e0d0e121bc4adb4265,164142652bf5b3032f4e1a8ee54fe2817a3f3b5130635cf04fb641a6e819211d
2026-09-30,INDUSTRY,INDUSTRY:T010202,ma20_width,0.22580645161290322,ACCEPTED,0.22580645161290322,31,31,3dd77c68f3f29601b59d09853a70977bfab15f3fba3edeca6737f75ef9d7bcc0,9f7ee99454374db02824b5c9d52e2da89fca30232bc291ddb1f48ef6db84b6c0,2ee46c732cbd9a2d9496fe9e4763efb9a1ab85568c9ae6e0d0e121bc4adb4265,164142652bf5b3032f4e1a8ee54fe2817a3f3b5130635cf04fb641a6e819211d
2026-09-30,INDUSTRY,INDUSTRY:T010203,sector_rs1,0.004784935466330853,ACCEPTED,0.004784935466330853,32,0,3dd77c68f3f29601b59d09853a70977bfab15f3fba3edeca6737f75ef9d7bcc0,9f7ee99454374db02824b5c9d52e2da89fca30232bc291ddb1f48ef6db84b6c0,2ee46c732cbd9a2d9496fe9e4763efb9a1ab85568c9ae6e0d0e121bc4adb4265,164142652bf5b3032f4e1a8ee54fe2817a3f3b5130635cf04fb641a6e819211d
2026-09-30,INDUSTRY,INDUSTRY:T010203,sector_rs5,-0.02474977053192895,ACCEPTED,-0.02474977053192895,32,0,3dd77c68f3f29601b59d09853a70977bfab15f3fba3edeca6737f75ef9d7bcc0,9f7ee99454374db02824b5c9d52e2da89fca30232bc291ddb1f48ef6db84b6c0,2ee46c732cbd9a2d9496fe9e4763efb9a1ab85568c9ae6e0d0e121bc4adb4265,164142652bf5b3032f4e1a8ee54fe2817a3f3b5130635cf04fb641a6e819211d
2026-09-30,INDUSTRY,INDUSTRY:T010203,sector_rs20,-0.033356702958319606,ACCEPTED,-0.033356702958319606,32,0,3dd77c68f3f29601b59d09853a70977bfab15f3fba3edeca6737f75ef9d7bcc0,9f7ee99454374db02824b5c9d52e2da89fca30232bc291ddb1f48ef6db84b6c0,2ee46c732cbd9a2d9496fe9e4763efb9a1ab85568c9ae6e0d0e121bc4adb4265,164142652bf5b3032f4e1a8ee54fe2817a3f3b5130635cf04fb641a6e819211d
2026-09-30,INDUSTRY,INDUSTRY:T010203,breadth_ret1,0.71875,ACCEPTED,0.71875,32,32,3dd77c68f3f29601b59d09853a70977bfab15f3fba3edeca6737f75ef9d7bcc0,9f7ee99454374db02824b5c9d52e2da89fca30232bc291ddb1f48ef6db84b6c0,2ee46c732cbd9a2d9496fe9e4763efb9a1ab85568c9ae6e0d0e121bc4adb4265,164142652bf5b3032f4e1a8ee54fe2817a3f3b5130635cf04fb641a6e819211d
2026-09-30,INDUSTRY,INDUSTRY:T010203,breadth_ret5,0.1875,ACCEPTED,0.1875,32,32,3dd77c68f3f29601b59d09853a70977bfab15f3fba3edeca6737f75ef9d7bcc0,9f7ee99454374db02824b5c9d52e2da89fca30232bc291ddb1f48ef6db84b6c0,2ee46c732cbd9a2d9496fe9e4763efb9a1ab85568c9ae6e0d0e121bc4adb4265,164142652bf5b3032f4e1a8ee54fe2817a3f3b5130635cf04fb641a6e819211d
2026-09-30,INDUSTRY,INDUSTRY:T010203,breadth_ret20,0.1875,ACCEPTED,0.1875,32,32,3dd77c68f3f29601b59d09853a70977bfab15f3fba3edeca6737f75ef9d7bcc0,9f7ee99454374db02824b5c9d52e2da89fca30232bc291ddb1f48ef6db84b6c0,2ee46c732cbd9a2d9496fe9e4763efb9a1ab85568c9ae6e0d0e121bc4adb4265,164142652bf5b3032f4e1a8ee54fe2817a3f3b5130635cf04fb641a6e819211d
2026-09-30,INDUSTRY,INDUSTRY:T010203,ma20_width,0.21875,ACCEPTED,0.21875,32,32,3dd77c68f3f29601b59d09853a70977bfab15f3fba3edeca6737f75ef9d7bcc0,9f7ee99454374db02824b5c9d52e2da89fca30232bc291ddb1f48ef6db84b6c0,2ee46c732cbd9a2d9496fe9e4763efb9a1ab85568c9ae6e0d0e121bc4adb4265,164142652bf5b3032f4e1a8ee54fe2817a3f3b5130635cf04fb641a6e819211d
2026-09-30,INDUSTRY,INDUSTRY:T010301,sector_rs1,0.0009233610341643494,ACCEPTED,0.0009233610341643494,21,0,3dd77c68f3f29601b59d09853a70977bfab15f3fba3edeca6737f75ef9d7bcc0,9f7ee99454374db02824b5c9d52e2da89fca30232bc291ddb1f48ef6db84b6c0,2ee46c732cbd9a2d9496fe9e4763efb9a1ab85568c9ae6e0d0e121bc4adb4265,164142652bf5b3032f4e1a8ee54fe2817a3f3b5130635cf04fb641a6e819211d
2026-09-30,INDUSTRY,INDUSTRY:T010301,sector_rs5,-0.03667136812411842,ACCEPTED,-0.03667136812411842,21,0,3dd77c68f3f29601b59d09853a70977bfab15f3fba3edeca6737f75ef9d7bcc0,9f7ee99454374db02824b5c9d52e2da89fca30232bc291ddb1f48ef6db84b6c0,2ee46c732cbd9a2d9496fe9e4763efb9a1ab85568c9ae6e0d0e121bc4adb4265,164142652bf5b3032f4e1a8ee54fe2817a3f3b5130635cf04fb641a6e819211d
2026-09-30,INDUSTRY,INDUSTRY:T010301,sector_rs20,-0.07452574525745259,ACCEPTED,-0.07452574525745259,21,0,3dd77c68f3f29601b59d09853a70977bfab15f3fba3edeca6737f75ef9d7bcc0,9f7ee99454374db02824b5c9d52e2da89fca30232bc291ddb1f48ef6db84b6c0,2ee46c732cbd9a2d9496fe9e4763efb9a1ab85568c9ae6e0d0e121bc4adb4265,164142652bf5b3032f4e1a8ee54fe2817a3f3b5130635cf04fb641a6e819211d
2026-09-30,INDUSTRY,INDUSTRY:T010301,breadth_ret1,0.5238095238095238,ACCEPTED,0.5238095238095238,21,21,3dd77c68f3f29601b59d09853a70977bfab15f3fba3edeca6737f75ef9d7bcc0,9f7ee99454374db02824b5c9d52e2da89fca30232bc291ddb1f48ef6db84b6c0,2ee46c732cbd9a2d9496fe9e4763efb9a1ab85568c9ae6e0d0e121bc4adb4265,164142652bf5b3032f4e1a8ee54fe2817a3f3b5130635cf04fb641a6e819211d
2026-09-30,INDUSTRY,INDUSTRY:T010301,breadth_ret5,0.2857142857142857,ACCEPTED,0.2857142857142857,21,21,3dd77c68f3f29601b59d09853a70977bfab15f3fba3edeca6737f75ef9d7bcc0,9f7ee99454374db02824b5c9d52e2da89fca30232bc291ddb1f48ef6db84b6c0,2ee46c732cbd9a2d9496fe9e4763efb9a1ab85568c9ae6e0d0e121bc4adb4265,164142652bf5b3032f4e1a8ee54fe2817a3f3b5130635cf04fb641a6e819211d
2026-09-30,INDUSTRY,INDUSTRY:T010301,breadth_ret20,0.14285714285714285,ACCEPTED,0.14285714285714285,21,21,3dd77c68f3f29601b59d09853a70977bfab15f3fba3edeca6737f75ef9d7bcc0,9f7ee99454374db02824b5c9d52e2da89fca30232bc291ddb1f48ef6db84b6c0,2ee46c732cbd9a2d9496fe9e4763efb9a1ab85568c9ae6e0d0e121bc4adb4265,164142652bf5b3032f4e1a8ee54fe2817a3f3b5130635cf04fb641a6e819211d
2026-09-30,INDUSTRY,INDUSTRY:T010301,ma20_width,0.19047619047619047,ACCEPTED,0.19047619047619047,21,21,3dd77c68f3f29601b59d09853a70977bfab15f3fba3edeca6737f75ef9d7bcc0,9f7ee99454374db02824b5c9d52e2da89fca30232bc291ddb1f48ef6db84b6c0,2ee46c732cbd9a2d9496fe9e4763efb9a1ab85568c9ae6e0d0e121bc4adb4265,164142652bf5b3032f4e1a8ee54fe2817a3f3b5130635cf04fb641a6e819211d
2026-09-30,INDUSTRY,INDUSTRY:T010302,sector_rs1,0.005376344086021501,ACCEPTED,0.005376344086021501,13,0,3dd77c68f3f29601b59d09853a70977bfab15f3fba3edeca6737f75ef9d7bcc0,9f7ee99454374db02824b5c9d52e2da89fca30232bc291ddb1f48ef6db84b6c0,2ee46c732cbd9a2d9496fe9e4763efb9a1ab85568c9ae6e0d0e121bc4adb4265,164142652bf5b3032f4e1a8ee54fe2817a3f3b5130635cf04fb641a6e819211d
2026-09-30,INDUSTRY,INDUSTRY:T010302,sector_rs5,-0.017045454545454586,ACCEPTED,-0.017045454545454586,13,0,3dd77c68f3f29601b59d09853a70977bfab15f3fba3edeca6737f75ef9d7bcc0,9f7ee99454374db02824b5c9d52e2da89fca30232bc291ddb1f48ef6db84b6c0,2ee46c732cbd9a2d9496fe9e4763efb9a1ab85568c9ae6e0d0e121bc4adb4265,164142652bf5b3032f4e1a8ee54fe2817a3f3b5130635cf04fb641a6e819211d
2026-09-30,INDUSTRY,INDUSTRY:T010302,sector_rs20,-0.0344827586206895,ACCEPTED,-0.0344827586206895,13,0,3dd77c68f3f29601b59d09853a70977bfab15f3fba3edeca6737f75ef9d7bcc0,9f7ee99454374db02824b5c9d52e2da89fca30232bc291ddb1f48ef6db84b6c0,2ee46c732cbd9a2d9496fe9e4763efb9a1ab85568c9ae6e0d0e121bc4adb4265,164142652bf5b3032f4e1a8ee54fe2817a3f3b5130635cf04fb641a6e819211d
2026-09-30,INDUSTRY,INDUSTRY:T010302,breadth_ret1,0.6923076923076923,ACCEPTED,0.6923076923076923,13,13,3dd77c68f3f29601b59d09853a70977bfab15f3fba3edeca6737f75ef9d7bcc0,9f7ee99454374db02824b5c9d52e2da89fca30232bc291ddb1f48ef6db84b6c0,2ee46c732cbd9a2d9496fe9e4763efb9a1ab85568c9ae6e0d0e121bc4adb4265,164142652bf5b3032f4e1a8ee54fe2817a3f3b5130635cf04fb641a6e819211d
2026-09-30,INDUSTRY,INDUSTRY:T010302,breadth_ret5,0.23076923076923078,ACCEPTED,0.23076923076923078,13,13,3dd77c68f3f29601b59d09853a70977bfab15f3fba3edeca6737f75ef9d7bcc0,9f7ee99454374db02824b5c9d52e2da89fca30232bc291ddb1f48ef6db84b6c0,2ee46c732cbd9a2d9496fe9e4763efb9a1ab85568c9ae6e0d0e121bc4adb4265,164142652bf5b3032f4e1a8ee54fe2817a3f3b5130635cf04fb641a6e819211d
2026-09-30,INDUSTRY,INDUSTRY:T010302,breadth_ret20,0.07692307692307693,ACCEPTED,0.07692307692307693,13,13,3dd77c68f3f29601b59d09853a70977bfab15f3fba3edeca6737f75ef9d7bcc0,9f7ee99454374db02824b5c9d52e2da89fca30232bc291ddb1f48ef6db84b6c0,2ee46c732cbd9a2d9496fe9e4763efb9a1ab85568c9ae6e0d0e121bc4adb4265,164142652bf5b3032f4e1a8ee54fe2817a3f3b5130635cf04fb641a6e819211d
2026-09-30,INDUSTRY,INDUSTRY:T010302,ma20_width,0.3076923076923077,ACCEPTED,0.3076923076923077,13,13,3dd77c68f3f29601b59d09853a70977bfab15f3fba3edeca6737f75ef9d7bcc0,9f7ee99454374db02824b5c9d52e2da89fca30232bc291ddb1f48ef6db84b6c0,2ee46c732cbd9a2d9496fe9e4763efb9a1ab85568c9ae6e0d0e121bc4adb4265,164142652bf5b3032f4e1a8ee54fe2817a3f3b5130635cf04fb641a6e819211d
2026-09-30,INDUSTRY,INDUSTRY:T010303,sector_rs1,-0.004545454545454519,ACCEPTED,-0.004545454545454519,4,0,3dd77c68f3f29601b59d09853a70977bfab15f3fba3edeca6737f75ef9d7bcc0,9f7ee99454374db02824b5c9d52e2da89fca30232bc291ddb1f48ef6db84b6c0,2ee46c732cbd9a2d9496fe9e4763efb9a1ab85568c9ae6e0d0e121bc4adb4265,164142652bf5b3032f4e1a8ee54fe2817a3f3b5130635cf04fb641a6e819211d
2026-09-30,INDUSTRY,INDUSTRY:T010303,sector_rs5,-0.021850896098003614,ACCEPTED,-0.021850896098003614,4,0,3dd77c68f3f29601b59d09853a70977bfab15f3fba3edeca6737f75ef9d7bcc0,9f7ee99454374db02824b5c9d52e2da89fca30232bc291ddb1f48ef6db84b6c0,2ee46c732cbd9a2d9496fe9e4763efb9a1ab85568c9ae6e0d0e121bc4adb4265,164142652bf5b3032f4e1a8ee54fe2817a3f3b5130635cf04fb641a6e819211d
2026-09-30,INDUSTRY,INDUSTRY:T010303,sector_rs20,-0.0616757569556281,ACCEPTED,-0.0616757569556281,4,0,3dd77c68f3f29601b59d09853a70977bfab15f3fba3edeca6737f75ef9d7bcc0,9f7ee99454374db02824b5c9d52e2da89fca30232bc291ddb1f48ef6db84b6c0,2ee46c732cbd9a2d9496fe9e4763efb9a1ab85568c9ae6e0d0e121bc4adb4265,164142652bf5b3032f4e1a8ee54fe2817a3f3b5130635cf04fb641a6e819211d
2026-09-30,INDUSTRY,INDUSTRY:T010303,breadth_ret1,0.25,ACCEPTED,0.25,4,4,3dd77c68f3f29601b59d09853a70977bfab15f3fba3edeca6737f75ef9d7bcc0,9f7ee99454374db02824b5c9d52e2da89fca30232bc291ddb1f48ef6db84b6c0,2ee46c732cbd9a2d9496fe9e4763efb9a1ab85568c9ae6e0d0e121bc4adb4265,164142652bf5b3032f4e1a8ee54fe2817a3f3b5130635cf04fb641a6e819211d
2026-09-30,INDUSTRY,INDUSTRY:T010303,breadth_ret5,0.0,ACCEPTED,0.0,4,4,3dd77c68f3f29601b59d09853a70977bfab15f3fba3edeca6737f75ef9d7bcc0,9f7ee99454374db02824b5c9d52e2da89fca30232bc291ddb1f48ef6db84b6c0,2ee46c732cbd9a2d9496fe9e4763efb9a1ab85568c9ae6e0d0e121bc4adb4265,164142652bf5b3032f4e1a8ee54fe2817a3f3b5130635cf04fb641a6e819211d
2026-09-30,INDUSTRY,INDUSTRY:T010303,breadth_ret20,0.25,ACCEPTED,0.25,4,4,3dd77c68f3f29601b59d09853a70977bfab15f3fba3edeca6737f75ef9d7bcc0,9f7ee99454374db02824b5c9d52e2da89fca30232bc291ddb1f48ef6db84b6c0,2ee46c732cbd9a2d9496fe9e4763efb9a1ab85568c9ae6e0d0e121bc4adb4265,164142652bf5b3032f4e1a8ee54fe2817a3f3b5130635cf04fb641a6e819211d
2026-09-30,INDUSTRY,INDUSTRY:T010303,ma20_width,0.0,ACCEPTED,0.0,4,4,3dd77c68f3f29601b59d09853a70977bfab15f3fba3edeca6737f75ef9d7bcc0,9f7ee99454374db02824b5c9d52e2da89fca30232bc291ddb1f48ef6db84b6c0,2ee46c732cbd9a2d9496fe9e4763efb9a1ab85568c9ae6e0d0e121bc4adb4265,164142652bf5b3032f4e1a8ee54fe2817a3f3b5130635cf04fb641a6e819211d
2026-09-30,INDUSTRY,INDUSTRY:T020101,sector_rs1,0.01736613603473236,ACCEPTED,0.01736613603473236,27,0,3dd77c68f3f29601b59d09853a70977bfab15f3fba3edeca6737f75ef9d7bcc0,9f7ee99454374db02824b5c9d52e2da89fca30232bc291ddb1f48ef6db84b6c0,2ee46c732cbd9a2d9496fe9e4763efb9a1ab85568c9ae6e0d0e121bc4adb4265,164142652bf5b3032f4e1a8ee54fe2817a3f3b5130635cf04fb641a6e819211d
2026-09-30,INDUSTRY,INDUSTRY:T020101,sector_rs5,0.0,ACCEPTED,0.0,27,0,3dd77c68f3f29601b59d09853a70977bfab15f3fba3edeca6737f75ef9d7bcc0,9f7ee99454374db02824b5c9d52e2da89fca30232bc291ddb1f48ef6db84b6c0,2ee46c732cbd9a2d9496fe9e4763efb9a1ab85568c9ae6e0d0e121bc4adb4265,164142652bf5b3032f4e1a8ee54fe2817a3f3b5130635cf04fb641a6e819211d
2026-09-30,INDUSTRY,INDUSTRY:T020101,sector_rs20,-0.048714479025710355,ACCEPTED,-0.048714479025710355,27,0,3dd77c68f3f29601b59d09853a70977bfab15f3fba3edeca6737f75ef9d7bcc0,9f7ee99454374db02824b5c9d52e2da89fca30232bc291ddb1f48ef6db84b6c0,2ee46c732cbd9a2d9496fe9e4763efb9a1ab85568c9ae6e0d0e121bc4adb4265,164142652bf5b3032f4e1a8ee54fe2817a3f3b5130635cf04fb641a6e819211d
2026-09-30,INDUSTRY,INDUSTRY:T020101,breadth_ret1,0.9259259259259259,ACCEPTED,0.9259259259259259,27,27,3dd77c68f3f29601b59d09853a70977bfab15f3fba3edeca6737f75ef9d7bcc0,9f7ee99454374db02824b5c9d52e2da89fca30232bc291ddb1f48ef6db84b6c0,2ee46c732cbd9a2d9496fe9e4763efb9a1ab85568c9ae6e0d0e121bc4adb4265,164142652bf5b3032f4e1a8ee54fe2817a3f3b5130635cf04fb641a6e819211d
2026-09-30,INDUSTRY,INDUSTRY:T020101,breadth_ret5,0.4444444444444444,ACCEPTED,0.4444444444444444,27,27,3dd77c68f3f29601b59d09853a70977bfab15f3fba3edeca6737f75ef9d7bcc0,9f7ee99454374db02824b5c9d52e2da89fca30232bc291ddb1f48ef6db84b6c0,2ee46c732cbd9a2d9496fe9e4763efb9a1ab85568c9ae6e0d0e121bc4adb4265,164142652bf5b3032f4e1a8ee54fe2817a3f3b5130635cf04fb641a6e819211d
2026-09-30,INDUSTRY,INDUSTRY:T020101,breadth_ret20,0.037037037037037035,ACCEPTED,0.037037037037037035,27,27,3dd77c68f3f29601b59d09853a70977bfab15f3fba3edeca6737f75ef9d7bcc0,9f7ee99454374db02824b5c9d52e2da89fca30232bc291ddb1f48ef6db84b6c0,2ee46c732cbd9a2d9496fe9e4763efb9a1ab85568c9ae6e0d0e121bc4adb4265,164142652bf5b3032f4e1a8ee54fe2817a3f3b5130635cf04fb641a6e819211d
2026-09-30,INDUSTRY,INDUSTRY:T020101,ma20_width,0.18518518518518517,ACCEPTED,0.18518518518518517,27,27,3dd77c68f3f29601b59d09853a70977bfab15f3fba3edeca6737f75ef9d7bcc0,9f7ee99454374db02824b5c9d52e2da89fca30232bc291ddb1f48ef6db84b6c0,2ee46c732cbd9a2d9496fe9e4763efb9a1ab85568c9ae6e0d0e121bc4adb4265,164142652bf5b3032f4e1a8ee54fe2817a3f3b5130635cf04fb641a6e819211d
2026-09-30,INDUSTRY,INDUSTRY:T020102,sector_rs1,0.012895357009964026,ACCEPTED,0.012895357009964026,10,0,3dd77c68f3f29601b59d09853a70977bfab15f3fba3edeca6737f75ef9d7bcc0,9f7ee99454374db02824b5c9d52e2da89fca30232bc291ddb1f48ef6db84b6c0,2ee46c732cbd9a2d9496fe9e4763efb9a1ab85568c9ae6e0d0e121bc4adb4265,164142652bf5b3032f4e1a8ee54fe2817a3f3b5130635cf04fb641a6e819211d
2026-09-30,INDUSTRY,INDUSTRY:T020102,sector_rs5,-0.009825677086335305,ACCEPTED,-0.009825677086335305,10,0,3dd77c68f3f29601b59d09853a70977bfab15f3fba3edeca6737f75ef9d7bcc0,9f7ee99454374db02824b5c9d52e2da89fca30232bc291ddb1f48ef6db84b6c0,2ee46c732cbd9a2d9496fe9e4763efb9a1ab85568c9ae6e0d0e121bc4adb4265,164142652bf5b3032f4e1a8ee54fe2817a3f3b5130635cf04fb641a6e819211d
2026-09-30,INDUSTRY,INDUSTRY:T020102,sector_rs20,-0.04787090274706368,ACCEPTED,-0.04787090274706368,10,0,3dd77c68f3f29601b59d09853a70977bfab15f3fba3edeca6737f75ef9d7bcc0,9f7ee99454374db02824b5c9d52e2da89fca30232bc291ddb1f48ef6db84b6c0,2ee46c732cbd9a2d9496fe9e4763efb9a1ab85568c9ae6e0d0e121bc4adb4265,164142652bf5b3032f4e1a8ee54fe2817a3f3b5130635cf04fb641a6e819211d
2026-09-30,INDUSTRY,INDUSTRY:T020102,breadth_ret1,0.9,ACCEPTED,0.9,10,10,3dd77c68f3f29601b59d09853a70977bfab15f3fba3edeca6737f75ef9d7bcc0,9f7ee99454374db02824b5c9d52e2da89fca30232bc291ddb1f48ef6db84b6c0,2ee46c732cbd9a2d9496fe9e4763efb9a1ab85568c9ae6e0d0e121bc4adb4265,164142652bf5b3032f4e1a8ee54fe2817a3f3b5130635cf04fb641a6e819211d
2026-09-30,INDUSTRY,INDUSTRY:T020102,breadth_ret5,0.3,ACCEPTED,0.3,10,10,3dd77c68f3f29601b59d09853a70977bfab15f3fba3edeca6737f75ef9d7bcc0,9f7ee99454374db02824b5c9d52e2da89fca30232bc291ddb1f48ef6db84b6c0,2ee46c732cbd9a2d9496fe9e4763efb9a1ab85568c9ae6e0d0e121bc4adb4265,164142652bf5b3032f4e1a8ee54fe2817a3f3b5130635cf04fb641a6e819211d
2026-09-30,INDUSTRY,INDUSTRY:T020102,breadth_ret20,0.1,ACCEPTED,0.1,10,10,3dd77c68f3f29601b59d09853a70977bfab15f3fba3edeca6737f75ef9d7bcc0,9f7ee99454374db02824b5c9d52e2da89fca30232bc291ddb1f48ef6db84b6c0,2ee46c732cbd9a2d9496fe9e4763efb9a1ab85568c9ae6e0d0e121bc4adb4265,164142652bf5b3032f4e1a8ee54fe2817a3f3b5130635cf04fb641a6e819211d
2026-09-30,INDUSTRY,INDUSTRY:T020102,ma20_width,0.2,ACCEPTED,0.2,10,10,3dd77c68f3f29601b59d09853a70977bfab15f3fba3edeca6737f75ef9d7bcc0,9f7ee99454374db02824b5c9d52e2da89fca30232bc291ddb1f48ef6db84b6c0,2ee46c732cbd9a2d9496fe9e4763efb9a1ab85568c9ae6e0d0e121bc4adb4265,164142652bf5b3032f4e1a8ee54fe2817a3f3b5130635cf04fb641a6e819211d
2026-09-30,INDUSTRY,INDUSTRY:T020103,sector_rs1,-0.0036198219125047615,ACCEPTED,-0.0036198219125047615,22,0,3dd77c68f3f29601b59d09853a70977bfab15f3fba3edeca6737f75ef9d7bcc0,9f7ee99454374db02824b5c9d52e2da89fca30232bc291ddb1f48ef6db84b6c0,2ee46c732cbd9a2d9496fe9e4763efb9a1ab85568c9ae6e0d0e121bc4adb4265,164142652bf5b3032f4e1a8ee54fe2817a3f3b5130635cf04fb641a6e819211d
2026-09-30,INDUSTRY,INDUSTRY:T020103,sector_rs5,-0.01518967056615006,ACCEPTED,-0.01518967056615006,22,0,3dd77c68f3f29601b59d09853a70977bfab15f3fba3edeca6737f75ef9d7bcc0,9f7ee99454374db02824b5c9d52e2da89fca30232bc291ddb1f48ef6db84b6c0,2ee46c732cbd9a2d9496fe9e4763efb9a1ab85568c9ae6e0d0e121bc4adb4265,164142652bf5b3032f4e1a8ee54fe2817a3f3b5130635cf04fb641a6e819211d
2026-09-30,INDUSTRY,INDUSTRY:T020103,sector_rs20,-0.05299765067317247,ACCEPTED,-0.05299765067317247,22,0,3dd77c68f3f29601b59d09853a70977bfab15f3fba3edeca6737f75ef9d7bcc0,9f7ee99454374db02824b5c9d52e2da89fca30232bc291ddb1f48ef6db84b6c0,2ee46c732cbd9a2d9496fe9e4763efb9a1ab85568c9ae6e0d0e121bc4adb4265,164142652bf5b3032f4e1a8ee54fe2817a3f3b5130635cf04fb641a6e819211d
2026-09-30,INDUSTRY,INDUSTRY:T020103,breadth_ret1,0.36363636363636365,ACCEPTED,0.36363636363636365,22,22,3dd77c68f3f29601b59d09853a70977bfab15f3fba3edeca6737f75ef9d7bcc0,9f7ee99454374db02824b5c9d52e2da89fca30232bc291ddb1f48ef6db84b6c0,2ee46c732cbd9a2d9496fe9e4763efb9a1ab85568c9ae6e0d0e121bc4adb4265,164142652bf5b3032f4e1a8ee54fe2817a3f3b5130635cf04fb641a6e819211d
2026-09-30,INDUSTRY,INDUSTRY:T020103,breadth_ret5,0.18181818181818182,ACCEPTED,0.18181818181818182,22,22,3dd77c68f3f29601b59d09853a70977bfab15f3fba3edeca6737f75ef9d7bcc0,9f7ee99454374db02824b5c9d52e2da89fca30232bc291ddb1f48ef6db84b6c0,2ee46c732cbd9a2d9496fe9e4763efb9a1ab85568c9ae6e0d0e121bc4adb4265,164142652bf5b3032f4e1a8ee54fe2817a3f3b5130635cf04fb641a6e819211d
2026-09-30,INDUSTRY,INDUSTRY:T020103,breadth_ret20,0.18181818181818182,ACCEPTED,0.18181818181818182,22,22,3dd77c68f3f29601b59d09853a70977bfab15f3fba3edeca6737f75ef9d7bcc0,9f7ee99454374db02824b5c9d52e2da89fca30232bc291ddb1f48ef6db84b6c0,2ee46c732cbd9a2d9496fe9e4763efb9a1ab85568c9ae6e0d0e121bc4adb4265,164142652bf5b3032f4e1a8ee54fe2817a3f3b5130635cf04fb641a6e819211d
2026-09-30,INDUSTRY,INDUSTRY:T020103,ma20_width,0.22727272727272727,ACCEPTED,0.22727272727272727,22,22,3dd77c68f3f29601b59d09853a70977bfab15f3fba3edeca6737f75ef9d7bcc0,9f7ee99454374db02824b5c9d52e2da89fca30232bc291ddb1f48ef6db84b6c0,2ee46c732cbd9a2d9496fe9e4763efb9a1ab85568c9ae6e0d0e121bc4adb4265,164142652bf5b3032f4e1a8ee54fe2817a3f3b5130635cf04fb641a6e819211d
2026-09-30,INDUSTRY,INDUSTRY:T020201,sector_rs1,-0.00011145868335693532,ACCEPTED,-0.00011145868335693532,18,0,3dd77c68f3f29601b59d09853a70977bfab15f3fba3edeca6737f75ef9d7bcc0,9f7ee99454374db02824b5c9d52e2da89fca30232bc291ddb1f48ef6db84b6c0,2ee46c732cbd9a2d9496fe9e4763efb9a1ab85568c9ae6e0d0e121bc4adb4265,164142652bf5b3032f4e1a8ee54fe2817a3f3b5130635cf04fb641a6e819211d
2026-09-30,INDUSTRY,INDUSTRY:T020201,sector_rs5,-0.07271016059914293,ACCEPTED,-0.07271016059914293,18,0,3dd77c68f3f29601b59d09853a70977bfab15f3fba3edeca6737f75ef9d7bcc0,9f7ee99454374db02824b5c9d52e2da89fca30232bc291ddb1f48ef6db84b6c0,2ee46c732cbd9a2d9496fe9e4763efb9a1ab85568c9ae6e0d0e121bc4adb4265,164142652bf5b3032f4e1a8ee54fe2817a3f3b5130635cf04fb641a6e819211d
2026-09-30,INDUSTRY,INDUSTRY:T020201,sector_rs20,-0.10969655304811343,ACCEPTED,-0.10969655304811343,18,0,3dd77c68f3f29601b59d09853a70977bfab15f3fba3edeca6737f75ef9d7bcc0,9f7ee99454374db02824b5c9d52e2da89fca30232bc291ddb1f48ef6db84b6c0,2ee46c732cbd9a2d9496fe9e4763efb9a1ab85568c9ae6e0d0e121bc4adb4265,164142652bf5b3032f4e1a8ee54fe2817a3f3b5130635cf04fb641a6e819211d
2026-09-30,INDUSTRY,INDUSTRY:T020201,breadth_ret1,0.5,ACCEPTED,0.5,18,18,3dd77c68f3f29601b59d09853a70977bfab15f3fba3edeca6737f75ef9d7bcc0,9f7ee99454374db02824b5c9d52e2da89fca30232bc291ddb1f48ef6db84b6c0,2ee46c732cbd9a2d9496fe9e4763efb9a1ab85568c9ae6e0d0e121bc4adb4265,164142652bf5b3032f4e1a8ee54fe2817a3f3b5130635cf04fb641a6e819211d
2026-09-30,INDUSTRY,INDUSTRY:T020201,breadth_ret5,0.0,ACCEPTED,0.0,18,18,3dd77c68f3f29601b59d09853a70977bfab15f3fba3edeca6737f75ef9d7bcc0,9f7ee99454374db02824b5c9d52e2da89fca30232bc291ddb1f48ef6db84b6c0,2ee46c732cbd9a2d9496fe9e4763efb9a1ab85568c9ae6e0d0e121bc4adb4265,164142652bf5b3032f4e1a8ee54fe2817a3f3b5130635cf04fb641a6e819211d
2026-09-30,INDUSTRY,INDUSTRY:T020201,breadth_ret20,0.05555555555555555,ACCEPTED,0.05555555555555555,18,18,3dd77c68f3f29601b59d09853a70977bfab15f3fba3edeca6737f75ef9d7bcc0,9f7ee99454374db02824b5c9d52e2da89fca30232bc291ddb1f48ef6db84b6c0,2ee46c732cbd9a2d9496fe9e4763efb9a1ab85568c9ae6e0d0e121bc4adb4265,164142652bf5b3032f4e1a8ee54fe2817a3f3b5130635cf04fb641a6e819211d
2026-09-30,INDUSTRY,INDUSTRY:T020201,ma20_width,0.0,ACCEPTED,0.0,18,18,3dd77c68f3f29601b59d09853a70977bfab15f3fba3edeca6737f75ef9d7bcc0,9f7ee99454374db02824b5c9d52e2da89fca30232bc291ddb1f48ef6db84b6c0,2ee46c732cbd9a2d9496fe9e4763efb9a1ab85568c9ae6e0d0e121bc4adb4265,164142652bf5b3032f4e1a8ee54fe2817a3f3b5130635cf04fb641a6e819211d
2026-09-30,INDUSTRY,INDUSTRY:T020202,sector_rs1,-0.0012979596292983508,ACCEPTED,-0.0012979596292983508,30,0,3dd77c68f3f29601b59d09853a70977bfab15f3fba3edeca6737f75ef9d7bcc0,9f7ee99454374db02824b5c9d52e2da89fca30232bc291ddb1f48ef6db84b6c0,2ee46c732cbd9a2d9496fe9e4763efb9a1ab85568c9ae6e0d0e121bc4adb4265,164142652bf5b3032f4e1a8ee54fe2817a3f3b5130635cf04fb641a6e819211d
2026-09-30,INDUSTRY,INDUSTRY:T020202,sector_rs5,-0.022140045677632503,ACCEPTED,-0.022140045677632503,30,0,3dd77c68f3f29601b59d09853a70977bfab15f3fba3edeca6737f75ef9d7bcc0,9f7ee99454374db02824b5c9d52e2da89fca30232bc291ddb1f48ef6db84b6c0,2ee46c732cbd9a2d9496fe9e4763efb9a1ab85568c9ae6e0d0e121bc4adb4265,164142652bf5b3032f4e1a8ee54fe2817a3f3b5130635cf04fb641a6e819211d
2026-09-30,INDUSTRY,INDUSTRY:T020202,sector_rs20,-0.060302700287621136,ACCEPTED,-0.060302700287621136,30,0,3dd77c68f3f29601b59d09853a70977bfab15f3fba3edeca6737f75ef9d7bcc0,9f7ee99454374db02824b5c9d52e2da89fca30232bc291ddb1f48ef6db84b6c0,2ee46c732cbd9a2d9496fe9e4763efb9a1ab85568c9ae6e0d0e121bc4adb4265,164142652bf5b3032f4e1a8ee54fe2817a3f3b5130635cf04fb641a6e819211d
2026-09-30,INDUSTRY,INDUSTRY:T020202,breadth_ret1,0.4,ACCEPTED,0.4,30,30,3dd77c68f3f29601b59d09853a70977bfab15f3fba3edeca6737f75ef9d7bcc0,9f7ee99454374db02824b5c9d52e2da89fca30232bc291ddb1f48ef6db84b6c0,2ee46c732cbd9a2d9496fe9e4763efb9a1ab85568c9ae6e0d0e121bc4adb4265,164142652bf5b3032f4e1a8ee54fe2817a3f3b5130635cf04fb641a6e819211d
2026-09-30,INDUSTRY,INDUSTRY:T020202,breadth_ret5,0.06666666666666667,ACCEPTED,0.06666666666666667,30,30,3dd77c68f3f29601b59d09853a70977bfab15f3fba3edeca6737f75ef9d7bcc0,9f7ee99454374db02824b5c9d52e2da89fca30232bc291ddb1f48ef6db84b6c0,2ee46c732cbd9a2d9496fe9e4763efb9a1ab85568c9ae6e0d0e121bc4adb4265,164142652bf5b3032f4e1a8ee54fe2817a3f3b5130635cf04fb641a6e819211d
2026-09-30,INDUSTRY,INDUSTRY:T020202,breadth_ret20,0.1,ACCEPTED,0.1,30,30,3dd77c68f3f29601b59d09853a70977bfab15f3fba3edeca6737f75ef9d7bcc0,9f7ee99454374db02824b5c9d52e2da89fca30232bc291ddb1f48ef6db84b6c0,2ee46c732cbd9a2d9496fe9e4763efb9a1ab85568c9ae6e0d0e121bc4adb4265,164142652bf5b3032f4e1a8ee54fe2817a3f3b5130635cf04fb641a6e819211d
2026-09-30,INDUSTRY,INDUSTRY:T020202,ma20_width,0.16666666666666666,ACCEPTED,0.16666666666666666,30,30,3dd77c68f3f29601b59d09853a70977bfab15f3fba3edeca6737f75ef9d7bcc0,9f7ee99454374db02824b5c9d52e2da89fca30232bc291ddb1f48ef6db84b6c0,2ee46c732cbd9a2d9496fe9e4763efb9a1ab85568c9ae6e0d0e121bc4adb4265,164142652bf5b3032f4e1a8ee54fe2817a3f3b5130635cf04fb641a6e819211d
2026-09-30,INDUSTRY,INDUSTRY:T020203,sector_rs1,-0.0008992805755395628,ACCEPTED,-0.0008992805755395628,13,0,3dd77c68f3f29601b59d09853a70977bfab15f3fba3edeca6737f75ef9d7bcc0,9f7ee99454374db02824b5c9d52e2da89fca30232bc291ddb1f48ef6db84b6c0,2ee46c732cbd9a2d9496fe9e4763efb9a1ab85568c9ae6e0d0e121bc4adb4265,164142652bf5b3032f4e1a8ee54fe2817a3f3b5130635cf04fb641a6e819211d
2026-09-30,INDUSTRY,INDUSTRY:T020203,sector_rs5,-0.06736242884250465,ACCEPTED,-0.06736242884250465,13,0,3dd77c68f3f29601b59d09853a70977bfab15f3fba3edeca6737f75ef9d7bcc0,9f7ee99454374db02824b5c9d52e2da89fca30232bc291ddb1f48ef6db84b6c0,2ee46c732cbd9a2d9496fe9e4763efb9a1ab85568c9ae6e0d0e121bc4adb4265,164142652bf5b3032f4e1a8ee54fe2817a3f3b5130635cf04fb641a6e819211d
2026-09-30,INDUSTRY,INDUSTRY:T020203,sector_rs20,-0.14619883040935677,ACCEPTED,-0.14619883040935677,13,0,3dd77c68f3f29601b59d09853a70977bfab15f3fba3edeca6737f75ef9d7bcc0,9f7ee99454374db02824b5c9d52e2da89fca30232bc291ddb1f48ef6db84b6c0,2ee46c732cbd9a2d9496fe9e4763efb9a1ab85568c9ae6e0d0e121bc4adb4265,164142652bf5b3032f4e1a8ee54fe2817a3f3b5130635cf04fb641a6e819211d
2026-09-30,INDUSTRY,INDUSTRY:T020203,breadth_ret1,0.46153846153846156,ACCEPTED,0.46153846153846156,13,13,3dd77c68f3f29601b59d09853a70977bfab15f3fba3edeca6737f75ef9d7bcc0,9f7ee99454374db02824b5c9d52e2da89fca30232bc291ddb1f48ef6db84b6c0,2ee46c732cbd9a2d9496fe9e4763efb9a1ab85568c9ae6e0d0e121bc4adb4265,164142652bf5b3032f4e1a8ee54fe2817a3f3b5130635cf04fb641a6e819211d
2026-09-30,INDUSTRY,INDUSTRY:T020203,breadth_ret5,0.0,ACCEPTED,0.0,13,13,3dd77c68f3f29601b59d09853a70977bfab15f3fba3edeca6737f75ef9d7bcc0,9f7ee99454374db02824b5c9d52e2da89fca30232bc291ddb1f48ef6db84b6c0,2ee46c732cbd9a2d9496fe9e4763efb9a1ab85568c9ae6e0d0e121bc4adb4265,164142652bf5b3032f4e1a8ee54fe2817a3f3b5130635cf04fb641a6e819211d
2026-09-30,INDUSTRY,INDUSTRY:T020203,breadth_ret20,0.0,ACCEPTED,0.0,13,13,3dd77c68f3f29601b59d09853a70977bfab15f3fba3edeca6737f75ef9d7bcc0,9f7ee99454374db02824b5c9d52e2da89fca30232bc291ddb1f48ef6db84b6c0,2ee46c732cbd9a2d9496fe9e4763efb9a1ab85568c9ae6e0d0e121bc4adb4265,164142652bf5b3032f4e1a8ee54fe2817a3f3b5130635cf04fb641a6e819211d
2026-09-30,INDUSTRY,INDUSTRY:T020203,ma20_width,0.0,ACCEPTED,0.0,13,13,3dd77c68f3f29601b59d09853a70977bfab15f3fba3edeca6737f75ef9d7bcc0,9f7ee99454374db02824b5c9d52e2da89fca30232bc291ddb1f48ef6db84b6c0,2ee46c732cbd9a2d9496fe9e4763efb9a1ab85568c9ae6e0d0e121bc4adb4265,164142652bf5b3032f4e1a8ee54fe2817a3f3b5130635cf04fb641a6e819211d
2026-09-30,INDUSTRY,INDUSTRY:T020204,sector_rs1,0.010208093833824816,ACCEPTED,0.010208093833824816,10,0,3dd77c68f3f29601b59d09853a70977bfab15f3fba3edeca6737f75ef9d7bcc0,9f7ee99454374db02824b5c9d52e2da89fca30232bc291ddb1f48ef6db84b6c0,2ee46c732cbd9a2d9496fe9e4763efb9a1ab85568c9ae6e0d0e121bc4adb4265,164142652bf5b3032f4e1a8ee54fe2817a3f3b5130635cf04fb641a6e819211d
2026-09-30,INDUSTRY,INDUSTRY:T020204,sector_rs5,-0.08402136387569809,ACCEPTED,-0.08402136387569809,10,0,3dd77c68f3f29601b59d09853a70977bfab15f3fba3edeca6737f75ef9d7bcc0,9f7ee99454374db02824b5c9d52e2da89fca30232bc291ddb1f48ef6db84b6c0,2ee46c732cbd9a2d9496fe9e4763efb9a1ab85568c9ae6e0d0e121bc4adb4265,164142652bf5b3032f4e1a8ee54fe2817a3f3b5130635cf04fb641a6e819211d
2026-09-30,INDUSTRY,INDUSTRY:T020204,sector_rs20,-0.16470739868467082,ACCEPTED,-0.16470739868467082,10,0,3dd77c68f3f29601b59d09853a70977bfab15f3fba3edeca6737f75ef9d7bcc0,9f7ee99454374db02824b5c9d52e2da89fca30232bc291ddb1f48ef6db84b6c0,2ee46c732cbd9a2d9496fe9e4763efb9a1ab85568c9ae6e0d0e121bc4adb4265,164142652bf5b3032f4e1a8ee54fe2817a3f3b5130635cf04fb641a6e819211d
2026-09-30,INDUSTRY,INDUSTRY:T020204,breadth_ret1,1.0,ACCEPTED,1.0,10,10,3dd77c68f3f29601b59d09853a70977bfab15f3fba3edeca6737f75ef9d7bcc0,9f7ee99454374db02824b5c9d52e2da89fca30232bc291ddb1f48ef6db84b6c0,2ee46c732cbd9a2d9496fe9e4763efb9a1ab85568c9ae6e0d0e121bc4adb4265,164142652bf5b3032f4e1a8ee54fe2817a3f3b5130635cf04fb641a6e819211d
2026-09-30,INDUSTRY,INDUSTRY:T020204,breadth_ret5,0.0,ACCEPTED,0.0,10,10,3dd77c68f3f29601b59d09853a70977bfab15f3fba3edeca6737f75ef9d7bcc0,9f7ee99454374db02824b5c9d52e2da89fca30232bc291ddb1f48ef6db84b6c0,2ee46c732cbd9a2d9496fe9e4763efb9a1ab85568c9ae6e0d0e121bc4adb4265,164142652bf5b3032f4e1a8ee54fe2817a3f3b5130635cf04fb641a6e819211d
2026-09-30,INDUSTRY,INDUSTRY:T020204,breadth_ret20,0.0,ACCEPTED,0.0,10,10,3dd77c68f3f29601b59d09853a70977bfab15f3fba3edeca6737f75ef9d7bcc0,9f7ee99454374db02824b5c9d52e2da89fca30232bc291ddb1f48ef6db84b6c0,2ee46c732cbd9a2d9496fe9e4763efb9a1ab85568c9ae6e0d0e121bc4adb4265,164142652bf5b3032f4e1a8ee54fe2817a3f3b5130635cf04fb641a6e819211d
2026-09-30,INDUSTRY,INDUSTRY:T020204,ma20_width,0.0,ACCEPTED,0.0,10,10,3dd77c68f3f29601b59d09853a70977bfab15f3fba3edeca6737f75ef9d7bcc0,9f7ee99454374db02824b5c9d52e2da89fca30232bc291ddb1f48ef6db84b6c0,2ee46c732cbd9a2d9496fe9e4763efb9a1ab85568c9ae6e0d0e121bc4adb4265,164142652bf5b3032f4e1a8ee54fe2817a3f3b5130635cf04fb641a6e819211d
2026-09-30,INDUSTRY,INDUSTRY:T020205,sector_rs1,-0.007048872180451249,ACCEPTED,-0.007048872180451249,61,0,3dd77c68f3f29601b59d09853a70977bfab15f3fba3edeca6737f75ef9d7bcc0,9f7ee99454374db02824b5c9d52e2da89fca30232bc291ddb1f48ef6db84b6c0,2ee46c732cbd9a2d9496fe9e4763efb9a1ab85568c9ae6e0d0e121bc4adb4265,164142652bf5b3032f4e1a8ee54fe2817a3f3b5130635cf04fb641a6e819211d
2026-09-30,INDUSTRY,INDUSTRY:T020205,sector_rs5,-0.06860158311345654,ACCEPTED,-0.06860158311345654,61,0,3dd77c68f3f29601b59d09853a70977bfab15f3fba3edeca6737f75ef9d7bcc0,9f7ee99454374db02824b5c9d52e2da89fca30232bc291ddb1f48ef6db84b6c0,2ee46c732cbd9a2d9496fe9e4763efb9a1ab85568c9ae6e0d0e121bc4adb4265,164142652bf5b3032f4e1a8ee54fe2817a3f3b5130635cf04fb641a6e819211d
2026-09-30,INDUSTRY,INDUSTRY:T020205,sector_rs20,-0.11017395888244597,ACCEPTED,-0.11017395888244597,61,0,3dd77c68f3f29601b59d09853a70977bfab15f3fba3edeca6737f75ef9d7bcc0,9f7ee99454374db02824b5c9d52e2da89fca30232bc291ddb1f48ef6db84b6c0,2ee46c732cbd9a2d9496fe9e4763efb9a1ab85568c9ae6e0d0e121bc4adb4265,164142652bf5b3032f4e1a8ee54fe2817a3f3b5130635cf04fb641a6e819211d
2026-09-30,INDUSTRY,INDUSTRY:T020205,breadth_ret1,0.288135593220339,ACCEPTED,0.288135593220339,61,59,3dd77c68f3f29601b59d09853a70977bfab15f3fba3edeca6737f75ef9d7bcc0,9f7ee99454374db02824b5c9d52e2da89fca30232bc291ddb1f48ef6db84b6c0,2ee46c732cbd9a2d9496fe9e4763efb9a1ab85568c9ae6e0d0e121bc4adb4265,164142652bf5b3032f4e1a8ee54fe2817a3f3b5130635cf04fb641a6e819211d
2026-09-30,INDUSTRY,INDUSTRY:T020205,breadth_ret5,0.06779661016949153,ACCEPTED,0.06779661016949153,61,59,3dd77c68f3f29601b59d09853a70977bfab15f3fba3edeca6737f75ef9d7bcc0,9f7ee99454374db02824b5c9d52e2da89fca30232bc291ddb1f48ef6db84b6c0,2ee46c732cbd9a2d9496fe9e4763efb9a1ab85568c9ae6e0d0e121bc4adb4265,164142652bf5b3032f4e1a8ee54fe2817a3f3b5130635cf04fb641a6e819211d
2026-09-30,INDUSTRY,INDUSTRY:T020205,breadth_ret20,0.06779661016949153,ACCEPTED,0.06779661016949153,61,59,3dd77c68f3f29601b59d09853a70977bfab15f3fba3edeca6737f75ef9d7bcc0,9f7ee99454374db02824b5c9d52e2da89fca30232bc291ddb1f48ef6db84b6c0,2ee46c732cbd9a2d9496fe9e4763efb9a1ab85568c9ae6e0d0e121bc4adb4265,164142652bf5b3032f4e1a8ee54fe2817a3f3b5130635cf04fb641a6e819211d
2026-09-30,INDUSTRY,INDUSTRY:T020205,ma20_width,0.0847457627118644,ACCEPTED,0.0847457627118644,61,59,3dd77c68f3f29601b59d09853a70977bfab15f3fba3edeca6737f75ef9d7bcc0,9f7ee99454374db02824b5c9d52e2da89fca30232bc291ddb1f48ef6db84b6c0,2ee46c732cbd9a2d9496fe9e4763efb9a1ab85568c9ae6e0d0e121bc4adb4265,164142652bf5b3032f4e1a8ee54fe2817a3f3b5130635cf04fb641a6e819211d
2026-09-30,INDUSTRY,INDUSTRY:T0203,sector_rs1,0.002895884027067197,ACCEPTED,0.002895884027067197,32,0,3dd77c68f3f29601b59d09853a70977bfab15f3fba3edeca6737f75ef9d7bcc0,9f7ee99454374db02824b5c9d52e2da89fca30232bc291ddb1f48ef6db84b6c0,2ee46c732cbd9a2d9496fe9e4763efb9a1ab85568c9ae6e0d0e121bc4adb4265,164142652bf5b3032f4e1a8ee54fe2817a3f3b5130635cf04fb641a6e819211d
2026-09-30,INDUSTRY,INDUSTRY:T0203,sector_rs5,-0.034595166708039915,ACCEPTED,-0.034595166708039915,32,0,3dd77c68f3f29601b59d09853a70977bfab15f3fba3edeca6737f75ef9d7bcc0,9f7ee99454374db02824b5c9d52e2da89fca30232bc291ddb1f48ef6db84b6c0,2ee46c732cbd9a2d9496fe9e4763efb9a1ab85568c9ae6e0d0e121bc4adb4265,164142652bf5b3032f4e1a8ee54fe2817a3f3b5130635cf04fb641a6e819211d
2026-09-30,INDUSTRY,INDUSTRY:T0203,sector_rs20,-0.08618303069149624,ACCEPTED,-0.08618303069149624,32,0,3dd77c68f3f29601b59d09853a70977bfab15f3fba3edeca6737f75ef9d7bcc0,9f7ee99454374db02824b5c9d52e2da89fca30232bc291ddb1f48ef6db84b6c0,2ee46c732cbd9a2d9496fe9e4763efb9a1ab85568c9ae6e0d0e121bc4adb4265,164142652bf5b3032f4e1a8ee54fe2817a3f3b5130635cf04fb641a6e819211d
2026-09-30,INDUSTRY,INDUSTRY:T0203,breadth_ret1,0.53125,ACCEPTED,0.53125,32,32,3dd77c68f3f29601b59d09853a70977bfab15f3fba3edeca6737f75ef9d7bcc0,9f7ee99454374db02824b5c9d52e2da89fca30232bc291ddb1f48ef6db84b6c0,2ee46c732cbd9a2d9496fe9e4763efb9a1ab85568c9ae6e0d0e121bc4adb4265,164142652bf5b3032f4e1a8ee54fe2817a3f3b5130635cf04fb641a6e819211d
2026-09-30,INDUSTRY,INDUSTRY:T0203,breadth_ret5,0.1875,ACCEPTED,0.1875,32,32,3dd77c68f3f29601b59d09853a70977bfab15f3fba3edeca6737f75ef9d7bcc0,9f7ee99454374db02824b5c9d52e2da89fca30232bc291ddb1f48ef6db84b6c0,2ee46c732cbd9a2d9496fe9e4763efb9a1ab85568c9ae6e0d0e121bc4adb4265,164142652bf5b3032f4e1a8ee54fe2817a3f3b5130635cf04fb641a6e819211d
2026-09-30,INDUSTRY,INDUSTRY:T0203,breadth_ret20,0.125,ACCEPTED,0.125,32,32,3dd77c68f3f29601b59d09853a70977bfab15f3fba3edeca6737f75ef9d7bcc0,9f7ee99454374db02824b5c9d52e2da89fca30232bc291ddb1f48ef6db84b6c0,2ee46c732cbd9a2d9496fe9e4763efb9a1ab85568c9ae6e0d0e121bc4adb4265,164142652bf5b3032f4e1a8ee54fe2817a3f3b5130635cf04fb641a6e819211d
2026-09-30,INDUSTRY,INDUSTRY:T0203,ma20_width,0.21875,ACCEPTED,0.21875,32,32,3dd77c68f3f29601b59d09853a70977bfab15f3fba3edeca6737f75ef9d7bcc0,9f7ee99454374db02824b5c9d52e2da89fca30232bc291ddb1f48ef6db84b6c0,2ee46c732cbd9a2d9496fe9e4763efb9a1ab85568c9ae6e0d0e121bc4adb4265,164142652bf5b3032f4e1a8ee54fe2817a3f3b5130635cf04fb641a6e819211d
2026-09-30,INDUSTRY,INDUSTRY:T020401,sector_rs1,-0.0016112746395884336,ACCEPTED,-0.0016112746395884336,241,0,3dd77c68f3f29601b59d09853a70977bfab15f3fba3edeca6737f75ef9d7bcc0,9f7ee99454374db02824b5c9d52e2da89fca30232bc291ddb1f48ef6db84b6c0,2ee46c732cbd9a2d9496fe9e4763efb9a1ab85568c9ae6e0d0e121bc4adb4265,164142652bf5b3032f4e1a8ee54fe2817a3f3b5130635cf04fb641a6e819211d
2026-09-30,INDUSTRY,INDUSTRY:T020401,sector_rs5,-0.03643439254449865,ACCEPTED,-0.03643439254449865,241,0,3dd77c68f3f29601b59d09853a70977bfab15f3fba3edeca6737f75ef9d7bcc0,9f7ee99454374db02824b5c9d52e2da89fca30232bc291ddb1f48ef6db84b6c0,2ee46c732cbd9a2d9496fe9e4763efb9a1ab85568c9ae6e0d0e121bc4adb4265,164142652bf5b3032f4e1a8ee54fe2817a3f3b5130635cf04fb641a6e819211d
2026-09-30,INDUSTRY,INDUSTRY:T020401,sector_rs20,-0.051585785250286675,ACCEPTED,-0.051585785250286675,241,0,3dd77c68f3f29601b59d09853a70977bfab15f3fba3edeca6737f75ef9d7bcc0,9f7ee99454374db02824b5c9d52e2da89fca30232bc291ddb1f48ef6db84b6c0,2ee46c732cbd9a2d9496fe9e4763efb9a1ab85568c9ae6e0d0e121bc4adb4265,164142652bf5b3032f4e1a8ee54fe2817a3f3b5130635cf04fb641a6e819211d
2026-09-30,INDUSTRY,INDUSTRY:T020401,breadth_ret1,0.46638655462184875,ACCEPTED,0.46638655462184875,241,238,3dd77c68f3f29601b59d09853a70977bfab15f3fba3edeca6737f75ef9d7bcc0,9f7ee99454374db02824b5c9d52e2da89fca30232bc291ddb1f48ef6db84b6c0,2ee46c732cbd9a2d9496fe9e4763efb9a1ab85568c9ae6e0d0e121bc4adb4265,164142652bf5b3032f4e1a8ee54fe2817a3f3b5130635cf04fb641a6e819211d
2026-09-30,INDUSTRY,INDUSTRY:T020401,breadth_ret5,0.14285714285714285,ACCEPTED,0.14285714285714285,241,238,3dd77c68f3f29601b59d09853a70977bfab15f3fba3edeca6737f75ef9d7bcc0,9f7ee99454374db02824b5c9d52e2da89fca30232bc291ddb1f48ef6db84b6c0,2ee46c732cbd9a2d9496fe9e4763efb9a1ab85568c9ae6e0d0e121bc4adb4265,164142652bf5b3032f4e1a8ee54fe2817a3f3b5130635cf04fb641a6e819211d
2026-09-30,INDUSTRY,INDUSTRY:T020401,breadth_ret20,0.24472573839662448,ACCEPTED,0.24472573839662448,241,237,3dd77c68f3f29601b59d09853a70977bfab15f3fba3edeca6737f75ef9d7bcc0,9f7ee99454374db02824b5c9d52e2da89fca30232bc291ddb1f48ef6db84b6c0,2ee46c732cbd9a2d9496fe9e4763efb9a1ab85568c9ae6e0d0e121bc4adb4265,164142652bf5b3032f4e1a8ee54fe2817a3f3b5130635cf04fb641a6e819211d
2026-09-30,INDUSTRY,INDUSTRY:T020401,ma20_width,0.2773109243697479,ACCEPTED,0.2773109243697479,241,238,3dd77c68f3f29601b59d09853a70977bfab15f3fba3edeca6737f75ef9d7bcc0,9f7ee99454374db02824b5c9d52e2da89fca30232bc291ddb1f48ef6db84b6c0,2ee46c732cbd9a2d9496fe9e4763efb9a1ab85568c9ae6e0d0e121bc4adb4265,164142652bf5b3032f4e1a8ee54fe2817a3f3b5130635cf04fb641a6e819211d
2026-09-30,INDUSTRY,INDUSTRY:T020402,sector_rs1,0.008517887563884052,ACCEPTED,0.008517887563884052,55,0,3dd77c68f3f29601b59d09853a70977bfab15f3fba3edeca6737f75ef9d7bcc0,9f7ee99454374db02824b5c9d52e2da89fca30232bc291ddb1f48ef6db84b6c0,2ee46c732cbd9a2d9496fe9e4763efb9a1ab85568c9ae6e0d0e121bc4adb4265,164142652bf5b3032f4e1a8ee54fe2817a3f3b5130635cf04fb641a6e819211d
2026-09-30,INDUSTRY,INDUSTRY:T020402,sector_rs5,-0.029210925644916563,ACCEPTED,-0.029210925644916563,55,0,3dd77c68f3f29601b59d09853a70977bfab15f3fba3edeca6737f75ef9d7bcc0,9f7ee99454374db02824b5c9d52e2da89fca30232bc291ddb1f48ef6db84b6c0,2ee46c732cbd9a2d9496fe9e4763efb9a1ab85568c9ae6e0d0e121bc4adb4265,164142652bf5b3032f4e1a8ee54fe2817a3f3b5130635cf04fb641a6e819211d
2026-09-30,INDUSTRY,INDUSTRY:T020402,sector_rs20,-0.08090419806243276,ACCEPTED,-0.08090419806243276,55,0,3dd77c68f3f29601b59d09853a70977bfab15f3fba3edeca6737f75ef9d7bcc0,9f7ee99454374db02824b5c9d52e2da89fca30232bc291ddb1f48ef6db84b6c0,2ee46c732cbd9a2d9496fe9e4763efb9a1ab85568c9ae6e0d0e121bc4adb4265,164142652bf5b3032f4e1a8ee54fe2817a3f3b5130635cf04fb641a6e819211d
2026-09-30,INDUSTRY,INDUSTRY:T020402,breadth_ret1,0.7272727272727273,ACCEPTED,0.7272727272727273,55,55,3dd77c68f3f29601b59d09853a70977bfab15f3fba3edeca6737f75ef9d7bcc0,9f7ee99454374db02824b5c9d52e2da89fca30232bc291ddb1f48ef6db84b6c0,2ee46c732cbd9a2d9496fe9e4763efb9a1ab85568c9ae6e0d0e121bc4adb4265,164142652bf5b3032f4e1a8ee54fe2817a3f3b5130635cf04fb641a6e819211d
2026-09-30,INDUSTRY,INDUSTRY:T020402,breadth_ret5,0.18181818181818182,ACCEPTED,0.18181818181818182,55,55,3dd77c68f3f29601b59d09853a70977bfab15f3fba3edeca6737f75ef9d7bcc0,9f7ee99454374db02824b5c9d52e2da89fca30232bc291ddb1f48ef6db84b6c0,2ee46c732cbd9a2d9496fe9e4763efb9a1ab85568c9ae6e0d0e121bc4adb4265,164142652bf5b3032f4e1a8ee54fe2817a3f3b5130635cf04fb641a6e819211d
2026-09-30,INDUSTRY,INDUSTRY:T020402,breadth_ret20,0.09259259259259259,ACCEPTED,0.09259259259259259,55,54,3dd77c68f3f29601b59d09853a70977bfab15f3fba3edeca6737f75ef9d7bcc0,9f7ee99454374db02824b5c9d52e2da89fca30232bc291ddb1f48ef6db84b6c0,2ee46c732cbd9a2d9496fe9e4763efb9a1ab85568c9ae6e0d0e121bc4adb4265,164142652bf5b3032f4e1a8ee54fe2817a3f3b5130635cf04fb641a6e819211d
2026-09-30,INDUSTRY,INDUSTRY:T020402,ma20_width,0.16363636363636364,ACCEPTED,0.16363636363636364,55,55,3dd77c68f3f29601b59d09853a70977bfab15f3fba3edeca6737f75ef9d7bcc0,9f7ee99454374db02824b5c9d52e2da89fca30232bc291ddb1f48ef6db84b6c0,2ee46c732cbd9a2d9496fe9e4763efb9a1ab85568c9ae6e0d0e121bc4adb4265,164142652bf5b3032f4e1a8ee54fe2817a3f3b5130635cf04fb641a6e819211d
2026-09-30,INDUSTRY,INDUSTRY:T020404,sector_rs1,-0.008577878103837366,ACCEPTED,-0.008577878103837366,69,0,3dd77c68f3f29601b59d09853a70977bfab15f3fba3edeca6737f75ef9d7bcc0,9f7ee99454374db02824b5c9d52e2da89fca30232bc291ddb1f48ef6db84b6c0,2ee46c732cbd9a2d9496fe9e4763efb9a1ab85568c9ae6e0d0e121bc4adb4265,164142652bf5b3032f4e1a8ee54fe2817a3f3b5130635cf04fb641a6e819211d
2026-09-30,INDUSTRY,INDUSTRY:T020404,sector_rs5,-0.04020100502512547,ACCEPTED,-0.04020100502512547,69,0,3dd77c68f3f29601b59d09853a70977bfab15f3fba3edeca6737f75ef9d7bcc0,9f7ee99454374db02824b5c9d52e2da89fca30232bc291ddb1f48ef6db84b6c0,2ee46c732cbd9a2d9496fe9e4763efb9a1ab85568c9ae6e0d0e121bc4adb4265,164142652bf5b3032f4e1a8ee54fe2817a3f3b5130635cf04fb641a6e819211d
2026-09-30,INDUSTRY,INDUSTRY:T020404,sector_rs20,-0.02906241639267232,ACCEPTED,-0.02906241639267232,69,0,3dd77c68f3f29601b59d09853a70977bfab15f3fba3edeca6737f75ef9d7bcc0,9f7ee99454374db02824b5c9d52e2da89fca30232bc291ddb1f48ef6db84b6c0,2ee46c732cbd9a2d9496fe9e4763efb9a1ab85568c9ae6e0d0e121bc4adb4265,164142652bf5b3032f4e1a8ee54fe2817a3f3b5130635cf04fb641a6e819211d
2026-09-30,INDUSTRY,INDUSTRY:T020404,breadth_ret1,0.30434782608695654,ACCEPTED,0.30434782608695654,69,69,3dd77c68f3f29601b59d09853a70977bfab15f3fba3edeca6737f75ef9d7bcc0,9f7ee99454374db02824b5c9d52e2da89fca30232bc291ddb1f48ef6db84b6c0,2ee46c732cbd9a2d9496fe9e4763efb9a1ab85568c9ae6e0d0e121bc4adb4265,164142652bf5b3032f4e1a8ee54fe2817a3f3b5130635cf04fb641a6e819211d
2026-09-30,INDUSTRY,INDUSTRY:T020404,breadth_ret5,0.14492753623188406,ACCEPTED,0.14492753623188406,69,69,3dd77c68f3f29601b59d09853a70977bfab15f3fba3edeca6737f75ef9d7bcc0,9f7ee99454374db02824b5c9d52e2da89fca30232bc291ddb1f48ef6db84b6c0,2ee46c732cbd9a2d9496fe9e4763efb9a1ab85568c9ae6e0d0e121bc4adb4265,164142652bf5b3032f4e1a8ee54fe2817a3f3b5130635cf04fb641a6e819211d
2026-09-30,INDUSTRY,INDUSTRY:T020404,breadth_ret20,0.27941176470588236,ACCEPTED,0.27941176470588236,69,68,3dd77c68f3f29601b59d09853a70977bfab15f3fba3edeca6737f75ef9d7bcc0,9f7ee99454374db02824b5c9d52e2da89fca30232bc291ddb1f48ef6db84b6c0,2ee46c732cbd9a2d9496fe9e4763efb9a1ab85568c9ae6e0d0e121bc4adb4265,164142652bf5b3032f4e1a8ee54fe2817a3f3b5130635cf04fb641a6e819211d
2026-09-30,INDUSTRY,INDUSTRY:T020404,ma20_width,0.3235294117647059,ACCEPTED,0.3235294117647059,69,68,3dd77c68f3f29601b59d09853a70977bfab15f3fba3edeca6737f75ef9d7bcc0,9f7ee99454374db02824b5c9d52e2da89fca30232bc291ddb1f48ef6db84b6c0,2ee46c732cbd9a2d9496fe9e4763efb9a1ab85568c9ae6e0d0e121bc4adb4265,164142652bf5b3032f4e1a8ee54fe2817a3f3b5130635cf04fb641a6e819211d
2026-09-30,INDUSTRY,INDUSTRY:T020405,sector_rs1,-0.006864360241625511,ACCEPTED,-0.006864360241625511,13,0,3dd77c68f3f29601b59d09853a70977bfab15f3fba3edeca6737f75ef9d7bcc0,9f7ee99454374db02824b5c9d52e2da89fca30232bc291ddb1f48ef6db84b6c0,2ee46c732cbd9a2d9496fe9e4763efb9a1ab85568c9ae6e0d0e121bc4adb4265,164142652bf5b3032f4e1a8ee54fe2817a3f3b5130635cf04fb641a6e819211d
2026-09-30,INDUSTRY,INDUSTRY:T020405,sector_rs5,-0.033293697978596826,ACCEPTED,-0.033293697978596826,13,0,3dd77c68f3f29601b59d09853a70977bfab15f3fba3edeca6737f75ef9d7bcc0,9f7ee99454374db02824b5c9d52e2da89fca30232bc291ddb1f48ef6db84b6c0,2ee46c732cbd9a2d9496fe9e4763efb9a1ab85568c9ae6e0d0e121bc4adb4265,164142652bf5b3032f4e1a8ee54fe2817a3f3b5130635cf04fb641a6e819211d
2026-09-30,INDUSTRY,INDUSTRY:T020405,sector_rs20,-0.007042253521126751,ACCEPTED,-0.007042253521126751,13,0,3dd77c68f3f29601b59d09853a70977bfab15f3fba3edeca6737f75ef9d7bcc0,9f7ee99454374db02824b5c9d52e2da89fca30232bc291ddb1f48ef6db84b6c0,2ee46c732cbd9a2d9496fe9e4763efb9a1ab85568c9ae6e0d0e121bc4adb4265,164142652bf5b3032f4e1a8ee54fe2817a3f3b5130635cf04fb641a6e819211d
2026-09-30,INDUSTRY,INDUSTRY:T020405,breadth_ret1,0.3076923076923077,ACCEPTED,0.3076923076923077,13,13,3dd77c68f3f29601b59d09853a70977bfab15f3fba3edeca6737f75ef9d7bcc0,9f7ee99454374db02824b5c9d52e2da89fca30232bc291ddb1f48ef6db84b6c0,2ee46c732cbd9a2d9496fe9e4763efb9a1ab85568c9ae6e0d0e121bc4adb4265,164142652bf5b3032f4e1a8ee54fe2817a3f3b5130635cf04fb641a6e819211d
2026-09-30,INDUSTRY,INDUSTRY:T020405,breadth_ret5,0.15384615384615385,ACCEPTED,0.15384615384615385,13,13,3dd77c68f3f29601b59d09853a70977bfab15f3fba3edeca6737f75ef9d7bcc0,9f7ee99454374db02824b5c9d52e2da89fca30232bc291ddb1f48ef6db84b6c0,2ee46c732cbd9a2d9496fe9e4763efb9a1ab85568c9ae6e0d0e121bc4adb4265,164142652bf5b3032f4e1a8ee54fe2817a3f3b5130635cf04fb641a6e819211d
2026-09-30,INDUSTRY,INDUSTRY:T020405,breadth_ret20,0.46153846153846156,ACCEPTED,0.46153846153846156,13,13,3dd77c68f3f29601b59d09853a70977bfab15f3fba3edeca6737f75ef9d7bcc0,9f7ee99454374db02824b5c9d52e2da89fca30232bc291ddb1f48ef6db84b6c0,2ee46c732cbd9a2d9496fe9e4763efb9a1ab85568c9ae6e0d0e121bc4adb4265,164142652bf5b3032f4e1a8ee54fe2817a3f3b5130635cf04fb641a6e819211d
2026-09-30,INDUSTRY,INDUSTRY:T020405,ma20_width,0.23076923076923078,ACCEPTED,0.23076923076923078,13,13,3dd77c68f3f29601b59d09853a70977bfab15f3fba3edeca6737f75ef9d7bcc0,9f7ee99454374db02824b5c9d52e2da89fca30232bc291ddb1f48ef6db84b6c0,2ee46c732cbd9a2d9496fe9e4763efb9a1ab85568c9ae6e0d0e121bc4adb4265,164142652bf5b3032f4e1a8ee54fe2817a3f3b5130635cf04fb641a6e819211d
2026-09-30,INDUSTRY,INDUSTRY:T020406,sector_rs1,0.0008853474988932408,ACCEPTED,0.0008853474988932408,35,0,3dd77c68f3f29601b59d09853a70977bfab15f3fba3edeca6737f75ef9d7bcc0,9f7ee99454374db02824b5c9d52e2da89fca30232bc291ddb1f48ef6db84b6c0,2ee46c732cbd9a2d9496fe9e4763efb9a1ab85568c9ae6e0d0e121bc4adb4265,164142652bf5b3032f4e1a8ee54fe2817a3f3b5130635cf04fb641a6e819211d
2026-09-30,INDUSTRY,INDUSTRY:T020406,sector_rs5,-0.030100334448160737,ACCEPTED,-0.030100334448160737,35,0,3dd77c68f3f29601b59d09853a70977bfab15f3fba3edeca6737f75ef9d7bcc0,9f7ee99454374db02824b5c9d52e2da89fca30232bc291ddb1f48ef6db84b6c0,2ee46c732cbd9a2d9496fe9e4763efb9a1ab85568c9ae6e0d0e121bc4adb4265,164142652bf5b3032f4e1a8ee54fe2817a3f3b5130635cf04fb641a6e819211d
2026-09-30,INDUSTRY,INDUSTRY:T020406,sector_rs20,-0.024615384615384595,ACCEPTED,-0.024615384615384595,35,0,3dd77c68f3f29601b59d09853a70977bfab15f3fba3edeca6737f75ef9d7bcc0,9f7ee99454374db02824b5c9d52e2da89fca30232bc291ddb1f48ef6db84b6c0,2ee46c732cbd9a2d9496fe9e4763efb9a1ab85568c9ae6e0d0e121bc4adb4265,164142652bf5b3032f4e1a8ee54fe2817a3f3b5130635cf04fb641a6e819211d
2026-09-30,INDUSTRY,INDUSTRY:T020406,breadth_ret1,0.5142857142857142,ACCEPTED,0.5142857142857142,35,35,3dd77c68f3f29601b59d09853a70977bfab15f3fba3edeca6737f75ef9d7bcc0,9f7ee99454374db02824b5c9d52e2da89fca30232bc291ddb1f48ef6db84b6c0,2ee46c732cbd9a2d9496fe9e4763efb9a1ab85568c9ae6e0d0e121bc4adb4265,164142652bf5b3032f4e1a8ee54fe2817a3f3b5130635cf04fb641a6e819211d
2026-09-30,INDUSTRY,INDUSTRY:T020406,breadth_ret5,0.2571428571428571,ACCEPTED,0.2571428571428571,35,35,3dd77c68f3f29601b59d09853a70977bfab15f3fba3edeca6737f75ef9d7bcc0,9f7ee99454374db02824b5c9d52e2da89fca30232bc291ddb1f48ef6db84b6c0,2ee46c732cbd9a2d9496fe9e4763efb9a1ab85568c9ae6e0d0e121bc4adb4265,164142652bf5b3032f4e1a8ee54fe2817a3f3b5130635cf04fb641a6e819211d
2026-09-30,INDUSTRY,INDUSTRY:T020406,breadth_ret20,0.3142857142857143,ACCEPTED,0.3142857142857143,35,35,3dd77c68f3f29601b59d09853a70977bfab15f3fba3edeca6737f75ef9d7bcc0,9f7ee99454374db02824b5c9d52e2da89fca30232bc291ddb1f48ef6db84b6c0,2ee46c732cbd9a2d9496fe9e4763efb9a1ab85568c9ae6e0d0e121bc4adb4265,164142652bf5b3032f4e1a8ee54fe2817a3f3b5130635cf04fb641a6e819211d
2026-09-30,INDUSTRY,INDUSTRY:T020406,ma20_width,0.45714285714285713,ACCEPTED,0.45714285714285713,35,35,3dd77c68f3f29601b59d09853a70977bfab15f3fba3edeca6737f75ef9d7bcc0,9f7ee99454374db02824b5c9d52e2da89fca30232bc291ddb1f48ef6db84b6c0,2ee46c732cbd9a2d9496fe9e4763efb9a1ab85568c9ae6e0d0e121bc4adb4265,164142652bf5b3032f4e1a8ee54fe2817a3f3b5130635cf04fb641a6e819211d
2026-09-30,INDUSTRY,INDUSTRY:T020601,sector_rs1,0.0023923444976077235,ACCEPTED,0.0023923444976077235,5,0,3dd77c68f3f29601b59d09853a70977bfab15f3fba3edeca6737f75ef9d7bcc0,9f7ee99454374db02824b5c9d52e2da89fca30232bc291ddb1f48ef6db84b6c0,2ee46c732cbd9a2d9496fe9e4763efb9a1ab85568c9ae6e0d0e121bc4adb4265,164142652bf5b3032f4e1a8ee54fe2817a3f3b5130635cf04fb641a6e819211d
2026-09-30,INDUSTRY,INDUSTRY:T020601,sector_rs5,-0.04743202416918435,ACCEPTED,-0.04743202416918435,5,0,3dd77c68f3f29601b59d09853a70977bfab15f3fba3edeca6737f75ef9d7bcc0,9f7ee99454374db02824b5c9d52e2da89fca30232bc291ddb1f48ef6db84b6c0,2ee46c732cbd9a2d9496fe9e4763efb9a1ab85568c9ae6e0d0e121bc4adb4265,164142652bf5b3032f4e1a8ee54fe2817a3f3b5130635cf04fb641a6e819211d
2026-09-30,INDUSTRY,INDUSTRY:T020601,sector_rs20,-0.014841431026402119,ACCEPTED,-0.014841431026402119,5,0,3dd77c68f3f29601b59d09853a70977bfab15f3fba3edeca6737f75ef9d7bcc0,9f7ee99454374db02824b5c9d52e2da89fca30232bc291ddb1f48ef6db84b6c0,2ee46c732cbd9a2d9496fe9e4763efb9a1ab85568c9ae6e0d0e121bc4adb4265,164142652bf5b3032f4e1a8ee54fe2817a3f3b5130635cf04fb641a6e819211d
2026-09-30,INDUSTRY,INDUSTRY:T020601,breadth_ret1,0.6,ACCEPTED,0.6,5,5,3dd77c68f3f29601b59d09853a70977bfab15f3fba3edeca6737f75ef9d7bcc0,9f7ee99454374db02824b5c9d52e2da89fca30232bc291ddb1f48ef6db84b6c0,2ee46c732cbd9a2d9496fe9e4763efb9a1ab85568c9ae6e0d0e121bc4adb4265,164142652bf5b3032f4e1a8ee54fe2817a3f3b5130635cf04fb641a6e819211d
2026-09-30,INDUSTRY,INDUSTRY:T020601,breadth_ret5,0.2,ACCEPTED,0.2,5,5,3dd77c68f3f29601b59d09853a70977bfab15f3fba3edeca6737f75ef9d7bcc0,9f7ee99454374db02824b5c9d52e2da89fca30232bc291ddb1f48ef6db84b6c0,2ee46c732cbd9a2d9496fe9e4763efb9a1ab85568c9ae6e0d0e121bc4adb4265,164142652bf5b3032f4e1a8ee54fe2817a3f3b5130635cf04fb641a6e819211d
2026-09-30,INDUSTRY,INDUSTRY:T020601,breadth_ret20,0.2,ACCEPTED,0.2,5,5,3dd77c68f3f29601b59d09853a70977bfab15f3fba3edeca6737f75ef9d7bcc0,9f7ee99454374db02824b5c9d52e2da89fca30232bc291ddb1f48ef6db84b6c0,2ee46c732cbd9a2d9496fe9e4763efb9a1ab85568c9ae6e0d0e121bc4adb4265,164142652bf5b3032f4e1a8ee54fe2817a3f3b5130635cf04fb641a6e819211d
2026-09-30,INDUSTRY,INDUSTRY:T020601,ma20_width,0.4,ACCEPTED,0.4,5,5,3dd77c68f3f29601b59d09853a70977bfab15f3fba3edeca6737f75ef9d7bcc0,9f7ee99454374db02824b5c9d52e2da89fca30232bc291ddb1f48ef6db84b6c0,2ee46c732cbd9a2d9496fe9e4763efb9a1ab85568c9ae6e0d0e121bc4adb4265,164142652bf5b3032f4e1a8ee54fe2817a3f3b5130635cf04fb641a6e819211d
2026-09-30,INDUSTRY,INDUSTRY:T020602,sector_rs1,0.007934424148347663,ACCEPTED,0.007934424148347663,22,0,3dd77c68f3f29601b59d09853a70977bfab15f3fba3edeca6737f75ef9d7bcc0,9f7ee99454374db02824b5c9d52e2da89fca30232bc291ddb1f48ef6db84b6c0,2ee46c732cbd9a2d9496fe9e4763efb9a1ab85568c9ae6e0d0e121bc4adb4265,164142652bf5b3032f4e1a8ee54fe2817a3f3b5130635cf04fb641a6e819211d
2026-09-30,INDUSTRY,INDUSTRY:T020602,sector_rs5,0.007867988378264856,ACCEPTED,0.007867988378264856,22,0,3dd77c68f3f29601b59d09853a70977bfab15f3fba3edeca6737f75ef9d7bcc0,9f7ee99454374db02824b5c9d52e2da89fca30232bc291ddb1f48ef6db84b6c0,2ee46c732cbd9a2d9496fe9e4763efb9a1ab85568c9ae6e0d0e121bc4adb4265,164142652bf5b3032f4e1a8ee54fe2817a3f3b5130635cf04fb641a6e819211d
2026-09-30,INDUSTRY,INDUSTRY:T020602,sector_rs20,-0.007872046718666148,ACCEPTED,-0.007872046718666148,22,0,3dd77c68f3f29601b59d09853a70977bfab15f3fba3edeca6737f75ef9d7bcc0,9f7ee99454374db02824b5c9d52e2da89fca30232bc291ddb1f48ef6db84b6c0,2ee46c732cbd9a2d9496fe9e4763efb9a1ab85568c9ae6e0d0e121bc4adb4265,164142652bf5b3032f4e1a8ee54fe2817a3f3b5130635cf04fb641a6e819211d
2026-09-30,INDUSTRY,INDUSTRY:T020602,breadth_ret1,0.6363636363636364,ACCEPTED,0.6363636363636364,22,22,3dd77c68f3f29601b59d09853a70977bfab15f3fba3edeca6737f75ef9d7bcc0,9f7ee99454374db02824b5c9d52e2da89fca30232bc291ddb1f48ef6db84b6c0,2ee46c732cbd9a2d9496fe9e4763efb9a1ab85568c9ae6e0d0e121bc4adb4265,164142652bf5b3032f4e1a8ee54fe2817a3f3b5130635cf04fb641a6e819211d
2026-09-30,INDUSTRY,INDUSTRY:T020602,breadth_ret5,0.7272727272727273,ACCEPTED,0.7272727272727273,22,22,3dd77c68f3f29601b59d09853a70977bfab15f3fba3edeca6737f75ef9d7bcc0,9f7ee99454374db02824b5c9d52e2da89fca30232bc291ddb1f48ef6db84b6c0,2ee46c732cbd9a2d9496fe9e4763efb9a1ab85568c9ae6e0d0e121bc4adb4265,164142652bf5b3032f4e1a8ee54fe2817a3f3b5130635cf04fb641a6e819211d
2026-09-30,INDUSTRY,INDUSTRY:T020602,breadth_ret20,0.3181818181818182,ACCEPTED,0.3181818181818182,22,22,3dd77c68f3f29601b59d09853a70977bfab15f3fba3edeca6737f75ef9d7bcc0,9f7ee99454374db02824b5c9d52e2da89fca30232bc291ddb1f48ef6db84b6c0,2ee46c732cbd9a2d9496fe9e4763efb9a1ab85568c9ae6e0d0e121bc4adb4265,164142652bf5b3032f4e1a8ee54fe2817a3f3b5130635cf04fb641a6e819211d
2026-09-30,INDUSTRY,INDUSTRY:T020602,ma20_width,0.5454545454545454,ACCEPTED,0.5454545454545454,22,22,3dd77c68f3f29601b59d09853a70977bfab15f3fba3edeca6737f75ef9d7bcc0,9f7ee99454374db02824b5c9d52e2da89fca30232bc291ddb1f48ef6db84b6c0,2ee46c732cbd9a2d9496fe9e4763efb9a1ab85568c9ae6e0d0e121bc4adb4265,164142652bf5b3032f4e1a8ee54fe2817a3f3b5130635cf04fb641a6e819211d
2026-09-30,INDUSTRY,INDUSTRY:T020603,sector_rs1,-0.008169246674993802,ACCEPTED,-0.008169246674993802,19,0,3dd77c68f3f29601b59d09853a70977bfab15f3fba3edeca6737f75ef9d7bcc0,9f7ee99454374db02824b5c9d52e2da89fca30232bc291ddb1f48ef6db84b6c0,2ee46c732cbd9a2d9496fe9e4763efb9a1ab85568c9ae6e0d0e121bc4adb4265,164142652bf5b3032f4e1a8ee54fe2817a3f3b5130635cf04fb641a6e819211d
2026-09-30,INDUSTRY,INDUSTRY:T020603,sector_rs5,-0.07379064690336667,ACCEPTED,-0.07379064690336667,19,0,3dd77c68f3f29601b59d09853a70977bfab15f3fba3edeca6737f75ef9d7bcc0,9f7ee99454374db02824b5c9d52e2da89fca30232bc291ddb1f48ef6db84b6c0,2ee46c732cbd9a2d9496fe9e4763efb9a1ab85568c9ae6e0d0e121bc4adb4265,164142652bf5b3032f4e1a8ee54fe2817a3f3b5130635cf04fb641a6e819211d
2026-09-30,INDUSTRY,INDUSTRY:T020603,sector_rs20,-0.008041083515357372,ACCEPTED,-0.008041083515357372,19,0,3dd77c68f3f29601b59d09853a70977bfab15f3fba3edeca6737f75ef9d7bcc0,9f7ee99454374db02824b5c9d52e2da89fca30232bc291ddb1f48ef6db84b6c0,2ee46c732cbd9a2d9496fe9e4763efb9a1ab85568c9ae6e0d0e121bc4adb4265,164142652bf5b3032f4e1a8ee54fe2817a3f3b5130635cf04fb641a6e819211d
2026-09-30,INDUSTRY,INDUSTRY:T020603,breadth_ret1,0.3333333333333333,ACCEPTED,0.3333333333333333,19,18,3dd77c68f3f29601b59d09853a70977bfab15f3fba3edeca6737f75ef9d7bcc0,9f7ee99454374db02824b5c9d52e2da89fca30232bc291ddb1f48ef6db84b6c0,2ee46c732cbd9a2d9496fe9e4763efb9a1ab85568c9ae6e0d0e121bc4adb4265,164142652bf5b3032f4e1a8ee54fe2817a3f3b5130635cf04fb641a6e819211d
2026-09-30,INDUSTRY,INDUSTRY:T020603,breadth_ret5,0.0,ACCEPTED,0.0,19,18,3dd77c68f3f29601b59d09853a70977bfab15f3fba3edeca6737f75ef9d7bcc0,9f7ee99454374db02824b5c9d52e2da89fca30232bc291ddb1f48ef6db84b6c0,2ee46c732cbd9a2d9496fe9e4763efb9a1ab85568c9ae6e0d0e121bc4adb4265,164142652bf5b3032f4e1a8ee54fe2817a3f3b5130635cf04fb641a6e819211d
2026-09-30,INDUSTRY,INDUSTRY:T020603,breadth_ret20,0.5,ACCEPTED,0.5,19,18,3dd77c68f3f29601b59d09853a70977bfab15f3fba3edeca6737f75ef9d7bcc0,9f7ee99454374db02824b5c9d52e2da89fca30232bc291ddb1f48ef6db84b6c0,2ee46c732cbd9a2d9496fe9e4763efb9a1ab85568c9ae6e0d0e121bc4adb4265,164142652bf5b3032f4e1a8ee54fe2817a3f3b5130635cf04fb641a6e819211d
2026-09-30,INDUSTRY,INDUSTRY:T020603,ma20_width,0.1111111111111111,ACCEPTED,0.1111111111111111,19,18,3dd77c68f3f29601b59d09853a70977bfab15f3fba3edeca6737f75ef9d7bcc0,9f7ee99454374db02824b5c9d52e2da89fca30232bc291ddb1f48ef6db84b6c0,2ee46c732cbd9a2d9496fe9e4763efb9a1ab85568c9ae6e0d0e121bc4adb4265,164142652bf5b3032f4e1a8ee54fe2817a3f3b5130635cf04fb641a6e819211d
2026-09-30,INDUSTRY,INDUSTRY:T020604,sector_rs1,-0.001530612244898033,ACCEPTED,-0.001530612244898033,27,0,3dd77c68f3f29601b59d09853a70977bfab15f3fba3edeca6737f75ef9d7bcc0,9f7ee99454374db02824b5c9d52e2da89fca30232bc291ddb1f48ef6db84b6c0,2ee46c732cbd9a2d9496fe9e4763efb9a1ab85568c9ae6e0d0e121bc4adb4265,164142652bf5b3032f4e1a8ee54fe2817a3f3b5130635cf04fb641a6e819211d
2026-09-30,INDUSTRY,INDUSTRY:T020604,sector_rs5,-0.01886792452830177,ACCEPTED,-0.01886792452830177,27,0,3dd77c68f3f29601b59d09853a70977bfab15f3fba3edeca6737f75ef9d7bcc0,9f7ee99454374db02824b5c9d52e2da89fca30232bc291ddb1f48ef6db84b6c0,2ee46c732cbd9a2d9496fe9e4763efb9a1ab85568c9ae6e0d0e121bc4adb4265,164142652bf5b3032f4e1a8ee54fe2817a3f3b5130635cf04fb641a6e819211d
2026-09-30,INDUSTRY,INDUSTRY:T020604,sector_rs20,-0.02410346854791301,ACCEPTED,-0.02410346854791301,27,0,3dd77c68f3f29601b59d09853a70977bfab15f3fba3edeca6737f75ef9d7bcc0,9f7ee99454374db02824b5c9d52e2da89fca30232bc291ddb1f48ef6db84b6c0,2ee46c732cbd9a2d9496fe9e4763efb9a1ab85568c9ae6e0d0e121bc4adb4265,164142652bf5b3032f4e1a8ee54fe2817a3f3b5130635cf04fb641a6e819211d
2026-09-30,INDUSTRY,INDUSTRY:T020604,breadth_ret1,0.4074074074074074,ACCEPTED,0.4074074074074074,27,27,3dd77c68f3f29601b59d09853a70977bfab15f3fba3edeca6737f75ef9d7bcc0,9f7ee99454374db02824b5c9d52e2da89fca30232bc291ddb1f48ef6db84b6c0,2ee46c732cbd9a2d9496fe9e4763efb9a1ab85568c9ae6e0d0e121bc4adb4265,164142652bf5b3032f4e1a8ee54fe2817a3f3b5130635cf04fb641a6e819211d
2026-09-30,INDUSTRY,INDUSTRY:T020604,breadth_ret5,0.37037037037037035,ACCEPTED,0.37037037037037035,27,27,3dd77c68f3f29601b59d09853a70977bfab15f3fba3edeca6737f75ef9d7bcc0,9f7ee99454374db02824b5c9d52e2da89fca30232bc291ddb1f48ef6db84b6c0,2ee46c732cbd9a2d9496fe9e4763efb9a1ab85568c9ae6e0d0e121bc4adb4265,164142652bf5b3032f4e1a8ee54fe2817a3f3b5130635cf04fb641a6e819211d
2026-09-30,INDUSTRY,INDUSTRY:T020604,breadth_ret20,0.25925925925925924,ACCEPTED,0.25925925925925924,27,27,3dd77c68f3f29601b59d09853a70977bfab15f3fba3edeca6737f75ef9d7bcc0,9f7ee99454374db02824b5c9d52e2da89fca30232bc291ddb1f48ef6db84b6c0,2ee46c732cbd9a2d9496fe9e4763efb9a1ab85568c9ae6e0d0e121bc4adb4265,164142652bf5b3032f4e1a8ee54fe2817a3f3b5130635cf04fb641a6e819211d
2026-09-30,INDUSTRY,INDUSTRY:T020604,ma20_width,0.5185185185185185,ACCEPTED,0.5185185185185185,27,27,3dd77c68f3f29601b59d09853a70977bfab15f3fba3edeca6737f75ef9d7bcc0,9f7ee99454374db02824b5c9d52e2da89fca30232bc291ddb1f48ef6db84b6c0,2ee46c732cbd9a2d9496fe9e4763efb9a1ab85568c9ae6e0d0e121bc4adb4265,164142652bf5b3032f4e1a8ee54fe2817a3f3b5130635cf04fb641a6e819211d
2026-09-30,INDUSTRY,INDUSTRY:T0207,sector_rs1,0.007633587786259444,ACCEPTED,0.007633587786259444,33,0,3dd77c68f3f29601b59d09853a70977bfab15f3fba3edeca6737f75ef9d7bcc0,9f7ee99454374db02824b5c9d52e2da89fca30232bc291ddb1f48ef6db84b6c0,2ee46c732cbd9a2d9496fe9e4763efb9a1ab85568c9ae6e0d0e121bc4adb4265,164142652bf5b3032f4e1a8ee54fe2817a3f3b5130635cf04fb641a6e819211d
2026-09-30,INDUSTRY,INDUSTRY:T0207,sector_rs5,-0.0207980652962515,ACCEPTED,-0.0207980652962515,33,0,3dd77c68f3f29601b59d09853a70977bfab15f3fba3edeca6737f75ef9d7bcc0,9f7ee99454374db02824b5c9d52e2da89fca30232bc291ddb1f48ef6db84b6c0,2ee46c732cbd9a2d9496fe9e4763efb9a1ab85568c9ae6e0d0e121bc4adb4265,164142652bf5b3032f4e1a8ee54fe2817a3f3b5130635cf04fb641a6e819211d
2026-09-30,INDUSTRY,INDUSTRY:T0207,sector_rs20,-0.02781641168289295,ACCEPTED,-0.02781641168289295,33,0,3dd77c68f3f29601b59d09853a70977bfab15f3fba3edeca6737f75ef9d7bcc0,9f7ee99454374db02824b5c9d52e2da89fca30232bc291ddb1f48ef6db84b6c0,2ee46c732cbd9a2d9496fe9e4763efb9a1ab85568c9ae6e0d0e121bc4adb4265,164142652bf5b3032f4e1a8ee54fe2817a3f3b5130635cf04fb641a6e819211d
2026-09-30,INDUSTRY,INDUSTRY:T0207,breadth_ret1,0.6666666666666666,ACCEPTED,0.6666666666666666,33,33,3dd77c68f3f29601b59d09853a70977bfab15f3fba3edeca6737f75ef9d7bcc0,9f7ee99454374db02824b5c9d52e2da89fca30232bc291ddb1f48ef6db84b6c0,2ee46c732cbd9a2d9496fe9e4763efb9a1ab85568c9ae6e0d0e121bc4adb4265,164142652bf5b3032f4e1a8ee54fe2817a3f3b5130635cf04fb641a6e819211d
2026-09-30,INDUSTRY,INDUSTRY:T0207,breadth_ret5,0.21212121212121213,ACCEPTED,0.21212121212121213,33,33,3dd77c68f3f29601b59d09853a70977bfab15f3fba3edeca6737f75ef9d7bcc0,9f7ee99454374db02824b5c9d52e2da89fca30232bc291ddb1f48ef6db84b6c0,2ee46c732cbd9a2d9496fe9e4763efb9a1ab85568c9ae6e0d0e121bc4adb4265,164142652bf5b3032f4e1a8ee54fe2817a3f3b5130635cf04fb641a6e819211d
2026-09-30,INDUSTRY,INDUSTRY:T0207,breadth_ret20,0.24242424242424243,ACCEPTED,0.24242424242424243,33,33,3dd77c68f3f29601b59d09853a70977bfab15f3fba3edeca6737f75ef9d7bcc0,9f7ee99454374db02824b5c9d52e2da89fca30232bc291ddb1f48ef6db84b6c0,2ee46c732cbd9a2d9496fe9e4763efb9a1ab85568c9ae6e0d0e121bc4adb4265,164142652bf5b3032f4e1a8ee54fe2817a3f3b5130635cf04fb641a6e819211d
2026-09-30,INDUSTRY,INDUSTRY:T0207,ma20_width,0.42424242424242425,ACCEPTED,0.42424242424242425,33,33,3dd77c68f3f29601b59d09853a70977bfab15f3fba3edeca6737f75ef9d7bcc0,9f7ee99454374db02824b5c9d52e2da89fca30232bc291ddb1f48ef6db84b6c0,2ee46c732cbd9a2d9496fe9e4763efb9a1ab85568c9ae6e0d0e121bc4adb4265,164142652bf5b3032f4e1a8ee54fe2817a3f3b5130635cf04fb641a6e819211d
2026-09-30,INDUSTRY,INDUSTRY:T0208,sector_rs1,-0.014361613004806706,ACCEPTED,-0.014361613004806706,32,0,3dd77c68f3f29601b59d09853a70977bfab15f3fba3edeca6737f75ef9d7bcc0,9f7ee99454374db02824b5c9d52e2da89fca30232bc291ddb1f48ef6db84b6c0,2ee46c732cbd9a2d9496fe9e4763efb9a1ab85568c9ae6e0d0e121bc4adb4265,164142652bf5b3032f4e1a8ee54fe2817a3f3b5130635cf04fb641a6e819211d
2026-09-30,INDUSTRY,INDUSTRY:T0208,sector_rs5,-0.060691160066644656,ACCEPTED,-0.060691160066644656,32,0,3dd77c68f3f29601b59d09853a70977bfab15f3fba3edeca6737f75ef9d7bcc0,9f7ee99454374db02824b5c9d52e2da89fca30232bc291ddb1f48ef6db84b6c0,2ee46c732cbd9a2d9496fe9e4763efb9a1ab85568c9ae6e0d0e121bc4adb4265,164142652bf5b3032f4e1a8ee54fe2817a3f3b5130635cf04fb641a6e819211d
2026-09-30,INDUSTRY,INDUSTRY:T0208,sector_rs20,-0.06493483075513168,ACCEPTED,-0.06493483075513168,32,0,3dd77c68f3f29601b59d09853a70977bfab15f3fba3edeca6737f75ef9d7bcc0,9f7ee99454374db02824b5c9d52e2da89fca30232bc291ddb1f48ef6db84b6c0,2ee46c732cbd9a2d9496fe9e4763efb9a1ab85568c9ae6e0d0e121bc4adb4265,164142652bf5b3032f4e1a8ee54fe2817a3f3b5130635cf04fb641a6e819211d
2026-09-30,INDUSTRY,INDUSTRY:T0208,breadth_ret1,0.21875,ACCEPTED,0.21875,32,32,3dd77c68f3f29601b59d09853a70977bfab15f3fba3edeca6737f75ef9d7bcc0,9f7ee99454374db02824b5c9d52e2da89fca30232bc291ddb1f48ef6db84b6c0,2ee46c732cbd9a2d9496fe9e4763efb9a1ab85568c9ae6e0d0e121bc4adb4265,164142652bf5b3032f4e1a8ee54fe2817a3f3b5130635cf04fb641a6e819211d
2026-09-30,INDUSTRY,INDUSTRY:T0208,breadth_ret5,0.0,ACCEPTED,0.0,32,32,3dd77c68f3f29601b59d09853a70977bfab15f3fba3edeca6737f75ef9d7bcc0,9f7ee99454374db02824b5c9d52e2da89fca30232bc291ddb1f48ef6db84b6c0,2ee46c732cbd9a2d9496fe9e4763efb9a1ab85568c9ae6e0d0e121bc4adb4265,164142652bf5b3032f4e1a8ee54fe2817a3f3b5130635cf04fb641a6e819211d
2026-09-30,INDUSTRY,INDUSTRY:T0208,breadth_ret20,0.1875,ACCEPTED,0.1875,32,32,3dd77c68f3f29601b59d09853a70977bfab15f3fba3edeca6737f75ef9d7bcc0,9f7ee99454374db02824b5c9d52e2da89fca30232bc291ddb1f48ef6db84b6c0,2ee46c732cbd9a2d9496fe9e4763efb9a1ab85568c9ae6e0d0e121bc4adb4265,164142652bf5b3032f4e1a8ee54fe2817a3f3b5130635cf04fb641a6e819211d
2026-09-30,INDUSTRY,INDUSTRY:T0208,ma20_width,0.125,ACCEPTED,0.125,32,32,3dd77c68f3f29601b59d09853a70977bfab15f3fba3edeca6737f75ef9d7bcc0,9f7ee99454374db02824b5c9d52e2da89fca30232bc291ddb1f48ef6db84b6c0,2ee46c732cbd9a2d9496fe9e4763efb9a1ab85568c9ae6e0d0e121bc4adb4265,164142652bf5b3032f4e1a8ee54fe2817a3f3b5130635cf04fb641a6e819211d
2026-09-30,INDUSTRY,INDUSTRY:T0301,sector_rs1,0.012623117033603637,ACCEPTED,0.012623117033603637,18,0,3dd77c68f3f29601b59d09853a70977bfab15f3fba3edeca6737f75ef9d7bcc0,9f7ee99454374db02824b5c9d52e2da89fca30232bc291ddb1f48ef6db84b6c0,2ee46c732cbd9a2d9496fe9e4763efb9a1ab85568c9ae6e0d0e121bc4adb4265,164142652bf5b3032f4e1a8ee54fe2817a3f3b5130635cf04fb641a6e819211d
2026-09-30,INDUSTRY,INDUSTRY:T0301,sector_rs5,-0.020038171200683685,ACCEPTED,-0.020038171200683685,18,0,3dd77c68f3f29601b59d09853a70977bfab15f3fba3edeca6737f75ef9d7bcc0,9f7ee99454374db02824b5c9d52e2da89fca30232bc291ddb1f48ef6db84b6c0,2ee46c732cbd9a2d9496fe9e4763efb9a1ab85568c9ae6e0d0e121bc4adb4265,164142652bf5b3032f4e1a8ee54fe2817a3f3b5130635cf04fb641a6e819211d
2026-09-30,INDUSTRY,INDUSTRY:T0301,sector_rs20,-0.003759216363113438,ACCEPTED,-0.003759216363113438,18,0,3dd77c68f3f29601b59d09853a70977bfab15f3fba3edeca6737f75ef9d7bcc0,9f7ee99454374db02824b5c9d52e2da89fca30232bc291ddb1f48ef6db84b6c0,2ee46c732cbd9a2d9496fe9e4763efb9a1ab85568c9ae6e0d0e121bc4adb4265,164142652bf5b3032f4e1a8ee54fe2817a3f3b5130635cf04fb641a6e819211d
2026-09-30,INDUSTRY,INDUSTRY:T0301,breadth_ret1,0.7222222222222222,ACCEPTED,0.7222222222222222,18,18,3dd77c68f3f29601b59d09853a70977bfab15f3fba3edeca6737f75ef9d7bcc0,9f7ee99454374db02824b5c9d52e2da89fca30232bc291ddb1f48ef6db84b6c0,2ee46c732cbd9a2d9496fe9e4763efb9a1ab85568c9ae6e0d0e121bc4adb4265,164142652bf5b3032f4e1a8ee54fe2817a3f3b5130635cf04fb641a6e819211d
2026-09-30,INDUSTRY,INDUSTRY:T0301,breadth_ret5,0.3333333333333333,ACCEPTED,0.3333333333333333,18,18,3dd77c68f3f29601b59d09853a70977bfab15f3fba3edeca6737f75ef9d7bcc0,9f7ee99454374db02824b5c9d52e2da89fca30232bc291ddb1f48ef6db84b6c0,2ee46c732cbd9a2d9496fe9e4763efb9a1ab85568c9ae6e0d0e121bc4adb4265,164142652bf5b3032f4e1a8ee54fe2817a3f3b5130635cf04fb641a6e819211d
2026-09-30,INDUSTRY,INDUSTRY:T0301,breadth_ret20,0.3888888888888889,ACCEPTED,0.3888888888888889,18,18,3dd77c68f3f29601b59d09853a70977bfab15f3fba3edeca6737f75ef9d7bcc0,9f7ee99454374db02824b5c9d52e2da89fca30232bc291ddb1f48ef6db84b6c0,2ee46c732cbd9a2d9496fe9e4763efb9a1ab85568c9ae6e0d0e121bc4adb4265,164142652bf5b3032f4e1a8ee54fe2817a3f3b5130635cf04fb641a6e819211d
2026-09-30,INDUSTRY,INDUSTRY:T0301,ma20_width,0.5,ACCEPTED,0.5,18,18,3dd77c68f3f29601b59d09853a70977bfab15f3fba3edeca6737f75ef9d7bcc0,9f7ee99454374db02824b5c9d52e2da89fca30232bc291ddb1f48ef6db84b6c0,2ee46c732cbd9a2d9496fe9e4763efb9a1ab85568c9ae6e0d0e121bc4adb4265,164142652bf5b3032f4e1a8ee54fe2817a3f3b5130635cf04fb641a6e819211d
2026-09-30,INDUSTRY,INDUSTRY:T030201,sector_rs1,0.029498525073746285,ACCEPTED,0.029498525073746285,17,0,3dd77c68f3f29601b59d09853a70977bfab15f3fba3edeca6737f75ef9d7bcc0,9f7ee99454374db02824b5c9d52e2da89fca30232bc291ddb1f48ef6db84b6c0,2ee46c732cbd9a2d9496fe9e4763efb9a1ab85568c9ae6e0d0e121bc4adb4265,164142652bf5b3032f4e1a8ee54fe2817a3f3b5130635cf04fb641a6e819211d
2026-09-30,INDUSTRY,INDUSTRY:T030201,sector_rs5,-0.06267409470752083,ACCEPTED,-0.06267409470752083,17,0,3dd77c68f3f29601b59d09853a70977bfab15f3fba3edeca6737f75ef9d7bcc0,9f7ee99454374db02824b5c9d52e2da89fca30232bc291ddb1f48ef6db84b6c0,2ee46c732cbd9a2d9496fe9e4763efb9a1ab85568c9ae6e0d0e121bc4adb4265,164142652bf5b3032f4e1a8ee54fe2817a3f3b5130635cf04fb641a6e819211d
2026-09-30,INDUSTRY,INDUSTRY:T030201,sector_rs20,-0.09968354430379744,ACCEPTED,-0.09968354430379744,17,0,3dd77c68f3f29601b59d09853a70977bfab15f3fba3edeca6737f75ef9d7bcc0,9f7ee99454374db02824b5c9d52e2da89fca30232bc291ddb1f48ef6db84b6c0,2ee46c732cbd9a2d9496fe9e4763efb9a1ab85568c9ae6e0d0e121bc4adb4265,164142652bf5b3032f4e1a8ee54fe2817a3f3b5130635cf04fb641a6e819211d
2026-09-30,INDUSTRY,INDUSTRY:T030201,breadth_ret1,0.8823529411764706,ACCEPTED,0.8823529411764706,17,17,3dd77c68f3f29601b59d09853a70977bfab15f3fba3edeca6737f75ef9d7bcc0,9f7ee99454374db02824b5c9d52e2da89fca30232bc291ddb1f48ef6db84b6c0,2ee46c732cbd9a2d9496fe9e4763efb9a1ab85568c9ae6e0d0e121bc4adb4265,164142652bf5b3032f4e1a8ee54fe2817a3f3b5130635cf04fb641a6e819211d
2026-09-30,INDUSTRY,INDUSTRY:T030201,breadth_ret5,0.058823529411764705,ACCEPTED,0.058823529411764705,17,17,3dd77c68f3f29601b59d09853a70977bfab15f3fba3edeca6737f75ef9d7bcc0,9f7ee99454374db02824b5c9d52e2da89fca30232bc291ddb1f48ef6db84b6c0,2ee46c732cbd9a2d9496fe9e4763efb9a1ab85568c9ae6e0d0e121bc4adb4265,164142652bf5b3032f4e1a8ee54fe2817a3f3b5130635cf04fb641a6e819211d
2026-09-30,INDUSTRY,INDUSTRY:T030201,breadth_ret20,0.11764705882352941,ACCEPTED,0.11764705882352941,17,17,3dd77c68f3f29601b59d09853a70977bfab15f3fba3edeca6737f75ef9d7bcc0,9f7ee99454374db02824b5c9d52e2da89fca30232bc291ddb1f48ef6db84b6c0,2ee46c732cbd9a2d9496fe9e4763efb9a1ab85568c9ae6e0d0e121bc4adb4265,164142652bf5b3032f4e1a8ee54fe2817a3f3b5130635cf04fb641a6e819211d
2026-09-30,INDUSTRY,INDUSTRY:T030201,ma20_width,0.058823529411764705,ACCEPTED,0.058823529411764705,17,17,3dd77c68f3f29601b59d09853a70977bfab15f3fba3edeca6737f75ef9d7bcc0,9f7ee99454374db02824b5c9d52e2da89fca30232bc291ddb1f48ef6db84b6c0,2ee46c732cbd9a2d9496fe9e4763efb9a1ab85568c9ae6e0d0e121bc4adb4265,164142652bf5b3032f4e1a8ee54fe2817a3f3b5130635cf04fb641a6e819211d
2026-09-30,INDUSTRY,INDUSTRY:T030202,sector_rs1,0.00917431192660545,ACCEPTED,0.00917431192660545,7,0,3dd77c68f3f29601b59d09853a70977bfab15f3fba3edeca6737f75ef9d7bcc0,9f7ee99454374db02824b5c9d52e2da89fca30232bc291ddb1f48ef6db84b6c0,2ee46c732cbd9a2d9496fe9e4763efb9a1ab85568c9ae6e0d0e121bc4adb4265,164142652bf5b3032f4e1a8ee54fe2817a3f3b5130635cf04fb641a6e819211d
2026-09-30,INDUSTRY,INDUSTRY:T030202,sector_rs5,-0.02406417112299475,ACCEPTED,-0.02406417112299475,7,0,3dd77c68f3f29601b59d09853a70977bfab15f3fba3edeca6737f75ef9d7bcc0,9f7ee99454374db02824b5c9d52e2da89fca30232bc291ddb1f48ef6db84b6c0,2ee46c732cbd9a2d9496fe9e4763efb9a1ab85568c9ae6e0d0e121bc4adb4265,164142652bf5b3032f4e1a8ee54fe2817a3f3b5130635cf04fb641a6e819211d
2026-09-30,INDUSTRY,INDUSTRY:T030202,sector_rs20,-0.04199475065616798,ACCEPTED,-0.04199475065616798,7,0,3dd77c68f3f29601b59d09853a70977bfab15f3fba3edeca6737f75ef9d7bcc0,9f7ee99454374db02824b5c9d52e2da89fca30232bc291ddb1f48ef6db84b6c0,2ee46c732cbd9a2d9496fe9e4763efb9a1ab85568c9ae6e0d0e121bc4adb4265,164142652bf5b3032f4e1a8ee54fe2817a3f3b5130635cf04fb641a6e819211d
2026-09-30,INDUSTRY,INDUSTRY:T030202,breadth_ret1,0.7142857142857143,ACCEPTED,0.7142857142857143,7,7,3dd77c68f3f29601b59d09853a70977bfab15f3fba3edeca6737f75ef9d7bcc0,9f7ee99454374db02824b5c9d52e2da89fca30232bc291ddb1f48ef6db84b6c0,2ee46c732cbd9a2d9496fe9e4763efb9a1ab85568c9ae6e0d0e121bc4adb4265,164142652bf5b3032f4e1a8ee54fe2817a3f3b5130635cf04fb641a6e819211d
2026-09-30,INDUSTRY,INDUSTRY:T030202,breadth_ret5,0.0,ACCEPTED,0.0,7,7,3dd77c68f3f29601b59d09853a70977bfab15f3fba3edeca6737f75ef9d7bcc0,9f7ee99454374db02824b5c9d52e2da89fca30232bc291ddb1f48ef6db84b6c0,2ee46c732cbd9a2d9496fe9e4763efb9a1ab85568c9ae6e0d0e121bc4adb4265,164142652bf5b3032f4e1a8ee54fe2817a3f3b5130635cf04fb641a6e819211d
2026-09-30,INDUSTRY,INDUSTRY:T030202,breadth_ret20,0.0,ACCEPTED,0.0,7,7,3dd77c68f3f29601b59d09853a70977bfab15f3fba3edeca6737f75ef9d7bcc0,9f7ee99454374db02824b5c9d52e2da89fca30232bc291ddb1f48ef6db84b6c0,2ee46c732cbd9a2d9496fe9e4763efb9a1ab85568c9ae6e0d0e121bc4adb4265,164142652bf5b3032f4e1a8ee54fe2817a3f3b5130635cf04fb641a6e819211d
2026-09-30,INDUSTRY,INDUSTRY:T030202,ma20_width,0.0,ACCEPTED,0.0,7,7,3dd77c68f3f29601b59d09853a70977bfab15f3fba3edeca6737f75ef9d7bcc0,9f7ee99454374db02824b5c9d52e2da89fca30232bc291ddb1f48ef6db84b6c0,2ee46c732cbd9a2d9496fe9e4763efb9a1ab85568c9ae6e0d0e121bc4adb4265,164142652bf5b3032f4e1a8ee54fe2817a3f3b5130635cf04fb641a6e819211d
2026-09-30,INDUSTRY,INDUSTRY:T030203,sector_rs1,0.0072298353385917835,ACCEPTED,0.0072298353385917835,4,0,3dd77c68f3f29601b59d09853a70977bfab15f3fba3edeca6737f75ef9d7bcc0,9f7ee99454374db02824b5c9d52e2da89fca30232bc291ddb1f48ef6db84b6c0,2ee46c732cbd9a2d9496fe9e4763efb9a1ab85568c9ae6e0d0e121bc4adb4265,164142652bf5b3032f4e1a8ee54fe2817a3f3b5130635cf04fb641a6e819211d
2026-09-30,INDUSTRY,INDUSTRY:T030203,sector_rs5,0.0061077390810425625,ACCEPTED,0.0061077390810425625,4,0,3dd77c68f3f29601b59d09853a70977bfab15f3fba3edeca6737f75ef9d7bcc0,9f7ee99454374db02824b5c9d52e2da89fca30232bc291ddb1f48ef6db84b6c0,2ee46c732cbd9a2d9496fe9e4763efb9a1ab85568c9ae6e0d0e121bc4adb4265,164142652bf5b3032f4e1a8ee54fe2817a3f3b5130635cf04fb641a6e819211d
2026-09-30,INDUSTRY,INDUSTRY:T030203,sector_rs20,-0.020899270072992693,ACCEPTED,-0.020899270072992693,4,0,3dd77c68f3f29601b59d09853a70977bfab15f3fba3edeca6737f75ef9d7bcc0,9f7ee99454374db02824b5c9d52e2da89fca30232bc291ddb1f48ef6db84b6c0,2ee46c732cbd9a2d9496fe9e4763efb9a1ab85568c9ae6e0d0e121bc4adb4265,164142652bf5b3032f4e1a8ee54fe2817a3f3b5130635cf04fb641a6e819211d
2026-09-30,INDUSTRY,INDUSTRY:T030203,breadth_ret1,0.5,ACCEPTED,0.5,4,4,3dd77c68f3f29601b59d09853a70977bfab15f3fba3edeca6737f75ef9d7bcc0,9f7ee99454374db02824b5c9d52e2da89fca30232bc291ddb1f48ef6db84b6c0,2ee46c732cbd9a2d9496fe9e4763efb9a1ab85568c9ae6e0d0e121bc4adb4265,164142652bf5b3032f4e1a8ee54fe2817a3f3b5130635cf04fb641a6e819211d
2026-09-30,INDUSTRY,INDUSTRY:T030203,breadth_ret5,0.75,ACCEPTED,0.75,4,4,3dd77c68f3f29601b59d09853a70977bfab15f3fba3edeca6737f75ef9d7bcc0,9f7ee99454374db02824b5c9d52e2da89fca30232bc291ddb1f48ef6db84b6c0,2ee46c732cbd9a2d9496fe9e4763efb9a1ab85568c9ae6e0d0e121bc4adb4265,164142652bf5b3032f4e1a8ee54fe2817a3f3b5130635cf04fb641a6e819211d
2026-09-30,INDUSTRY,INDUSTRY:T030203,breadth_ret20,0.25,ACCEPTED,0.25,4,4,3dd77c68f3f29601b59d09853a70977bfab15f3fba3edeca6737f75ef9d7bcc0,9f7ee99454374db02824b5c9d52e2da89fca30232bc291ddb1f48ef6db84b6c0,2ee46c732cbd9a2d9496fe9e4763efb9a1ab85568c9ae6e0d0e121bc4adb4265,164142652bf5b3032f4e1a8ee54fe2817a3f3b5130635cf04fb641a6e819211d
2026-09-30,INDUSTRY,INDUSTRY:T030203,ma20_width,1.0,ACCEPTED,1.0,4,4,3dd77c68f3f29601b59d09853a70977bfab15f3fba3edeca6737f75ef9d7bcc0,9f7ee99454374db02824b5c9d52e2da89fca30232bc291ddb1f48ef6db84b6c0,2ee46c732cbd9a2d9496fe9e4763efb9a1ab85568c9ae6e0d0e121bc4adb4265,164142652bf5b3032f4e1a8ee54fe2817a3f3b5130635cf04fb641a6e819211d
2026-09-30,INDUSTRY,INDUSTRY:T030204,sector_rs1,0.0047043010752687575,ACCEPTED,0.0047043010752687575,21,0,3dd77c68f3f29601b59d09853a70977bfab15f3fba3edeca6737f75ef9d7bcc0,9f7ee99454374db02824b5c9d52e2da89fca30232bc291ddb1f48ef6db84b6c0,2ee46c732cbd9a2d9496fe9e4763efb9a1ab85568c9ae6e0d0e121bc4adb4265,164142652bf5b3032f4e1a8ee54fe2817a3f3b5130635cf04fb641a6e819211d
2026-09-30,INDUSTRY,INDUSTRY:T030204,sector_rs5,-0.022332506203474045,ACCEPTED,-0.022332506203474045,21,0,3dd77c68f3f29601b59d09853a70977bfab15f3fba3edeca6737f75ef9d7bcc0,9f7ee99454374db02824b5c9d52e2da89fca30232bc291ddb1f48ef6db84b6c0,2ee46c732cbd9a2d9496fe9e4763efb9a1ab85568c9ae6e0d0e121bc4adb4265,164142652bf5b3032f4e1a8ee54fe2817a3f3b5130635cf04fb641a6e819211d
2026-09-30,INDUSTRY,INDUSTRY:T030204,sector_rs20,-0.04022191400832176,ACCEPTED,-0.04022191400832176,21,0,3dd77c68f3f29601b59d09853a70977bfab15f3fba3edeca6737f75ef9d7bcc0,9f7ee99454374db02824b5c9d52e2da89fca30232bc291ddb1f48ef6db84b6c0,2ee46c732cbd9a2d9496fe9e4763efb9a1ab85568c9ae6e0d0e121bc4adb4265,164142652bf5b3032f4e1a8ee54fe2817a3f3b5130635cf04fb641a6e819211d
2026-09-30,INDUSTRY,INDUSTRY:T030204,breadth_ret1,0.6190476190476191,ACCEPTED,0.6190476190476191,21,21,3dd77c68f3f29601b59d09853a70977bfab15f3fba3edeca6737f75ef9d7bcc0,9f7ee99454374db02824b5c9d52e2da89fca30232bc291ddb1f48ef6db84b6c0,2ee46c732cbd9a2d9496fe9e4763efb9a1ab85568c9ae6e0d0e121bc4adb4265,164142652bf5b3032f4e1a8ee54fe2817a3f3b5130635cf04fb641a6e819211d
2026-09-30,INDUSTRY,INDUSTRY:T030204,breadth_ret5,0.09523809523809523,ACCEPTED,0.09523809523809523,21,21,3dd77c68f3f29601b59d09853a70977bfab15f3fba3edeca6737f75ef9d7bcc0,9f7ee99454374db02824b5c9d52e2da89fca30232bc291ddb1f48ef6db84b6c0,2ee46c732cbd9a2d9496fe9e4763efb9a1ab85568c9ae6e0d0e121bc4adb4265,164142652bf5b3032f4e1a8ee54fe2817a3f3b5130635cf04fb641a6e819211d
2026-09-30,INDUSTRY,INDUSTRY:T030204,breadth_ret20,0.19047619047619047,ACCEPTED,0.19047619047619047,21,21,3dd77c68f3f29601b59d09853a70977bfab15f3fba3edeca6737f75ef9d7bcc0,9f7ee99454374db02824b5c9d52e2da89fca30232bc291ddb1f48ef6db84b6c0,2ee46c732cbd9a2d9496fe9e4763efb9a1ab85568c9ae6e0d0e121bc4adb4265,164142652bf5b3032f4e1a8ee54fe2817a3f3b5130635cf04fb641a6e819211d
2026-09-30,INDUSTRY,INDUSTRY:T030204,ma20_width,0.047619047619047616,ACCEPTED,0.047619047619047616,21,21,3dd77c68f3f29601b59d09853a70977bfab15f3fba3edeca6737f75ef9d7bcc0,9f7ee99454374db02824b5c9d52e2da89fca30232bc291ddb1f48ef6db84b6c0,2ee46c732cbd9a2d9496fe9e4763efb9a1ab85568c9ae6e0d0e121bc4adb4265,164142652bf5b3032f4e1a8ee54fe2817a3f3b5130635cf04fb641a6e819211d
2026-09-30,INDUSTRY,INDUSTRY:T030206,sector_rs1,0.004123843022666551,ACCEPTED,0.004123843022666551,38,0,3dd77c68f3f29601b59d09853a70977bfab15f3fba3edeca6737f75ef9d7bcc0,9f7ee99454374db02824b5c9d52e2da89fca30232bc291ddb1f48ef6db84b6c0,2ee46c732cbd9a2d9496fe9e4763efb9a1ab85568c9ae6e0d0e121bc4adb4265,164142652bf5b3032f4e1a8ee54fe2817a3f3b5130635cf04fb641a6e819211d
2026-09-30,INDUSTRY,INDUSTRY:T030206,sector_rs5,-0.027181446929676556,ACCEPTED,-0.027181446929676556,38,0,3dd77c68f3f29601b59d09853a70977bfab15f3fba3edeca6737f75ef9d7bcc0,9f7ee99454374db02824b5c9d52e2da89fca30232bc291ddb1f48ef6db84b6c0,2ee46c732cbd9a2d9496fe9e4763efb9a1ab85568c9ae6e0d0e121bc4adb4265,164142652bf5b3032f4e1a8ee54fe2817a3f3b5130635cf04fb641a6e819211d
2026-09-30,INDUSTRY,INDUSTRY:T030206,sector_rs20,-0.04960982354181803,ACCEPTED,-0.04960982354181803,38,0,3dd77c68f3f29601b59d09853a70977bfab15f3fba3edeca6737f75ef9d7bcc0,9f7ee99454374db02824b5c9d52e2da89fca30232bc291ddb1f48ef6db84b6c0,2ee46c732cbd9a2d9496fe9e4763efb9a1ab85568c9ae6e0d0e121bc4adb4265,164142652bf5b3032f4e1a8ee54fe2817a3f3b5130635cf04fb641a6e819211d
2026-09-30,INDUSTRY,INDUSTRY:T030206,breadth_ret1,0.631578947368421,ACCEPTED,0.631578947368421,38,38,3dd77c68f3f29601b59d09853a70977bfab15f3fba3edeca6737f75ef9d7bcc0,9f7ee99454374db02824b5c9d52e2da89fca30232bc291ddb1f48ef6db84b6c0,2ee46c732cbd9a2d9496fe9e4763efb9a1ab85568c9ae6e0d0e121bc4adb4265,164142652bf5b3032f4e1a8ee54fe2817a3f3b5130635cf04fb641a6e819211d
2026-09-30,INDUSTRY,INDUSTRY:T030206,breadth_ret5,0.15789473684210525,ACCEPTED,0.15789473684210525,38,38,3dd77c68f3f29601b59d09853a70977bfab15f3fba3edeca6737f75ef9d7bcc0,9f7ee99454374db02824b5c9d52e2da89fca30232bc291ddb1f48ef6db84b6c0,2ee46c732cbd9a2d9496fe9e4763efb9a1ab85568c9ae6e0d0e121bc4adb4265,164142652bf5b3032f4e1a8ee54fe2817a3f3b5130635cf04fb641a6e819211d
2026-09-30,INDUSTRY,INDUSTRY:T030206,breadth_ret20,0.18421052631578946,ACCEPTED,0.18421052631578946,38,38,3dd77c68f3f29601b59d09853a70977bfab15f3fba3edeca6737f75ef9d7bcc0,9f7ee99454374db02824b5c9d52e2da89fca30232bc291ddb1f48ef6db84b6c0,2ee46c732cbd9a2d9496fe9e4763efb9a1ab85568c9ae6e0d0e121bc4adb4265,164142652bf5b3032f4e1a8ee54fe2817a3f3b5130635cf04fb641a6e819211d
2026-09-30,INDUSTRY,INDUSTRY:T030206,ma20_width,0.15789473684210525,ACCEPTED,0.15789473684210525,38,38,3dd77c68f3f29601b59d09853a70977bfab15f3fba3edeca6737f75ef9d7bcc0,9f7ee99454374db02824b5c9d52e2da89fca30232bc291ddb1f48ef6db84b6c0,2ee46c732cbd9a2d9496fe9e4763efb9a1ab85568c9ae6e0d0e121bc4adb4265,164142652bf5b3032f4e1a8ee54fe2817a3f3b5130635cf04fb641a6e819211d
2026-09-30,INDUSTRY,INDUSTRY:T030301,sector_rs1,-0.004395604395604269,ACCEPTED,-0.004395604395604269,41,0,3dd77c68f3f29601b59d09853a70977bfab15f3fba3edeca6737f75ef9d7bcc0,9f7ee99454374db02824b5c9d52e2da89fca30232bc291ddb1f48ef6db84b6c0,2ee46c732cbd9a2d9496fe9e4763efb9a1ab85568c9ae6e0d0e121bc4adb4265,164142652bf5b3032f4e1a8ee54fe2817a3f3b5130635cf04fb641a6e819211d
2026-09-30,INDUSTRY,INDUSTRY:T030301,sector_rs5,-0.020304568527918843,ACCEPTED,-0.020304568527918843,41,0,3dd77c68f3f29601b59d09853a70977bfab15f3fba3edeca6737f75ef9d7bcc0,9f7ee99454374db02824b5c9d52e2da89fca30232bc291ddb1f48ef6db84b6c0,2ee46c732cbd9a2d9496fe9e4763efb9a1ab85568c9ae6e0d0e121bc4adb4265,164142652bf5b3032f4e1a8ee54fe2817a3f3b5130635cf04fb641a6e819211d
2026-09-30,INDUSTRY,INDUSTRY:T030301,sector_rs20,-0.026946107784431073,ACCEPTED,-0.026946107784431073,41,0,3dd77c68f3f29601b59d09853a70977bfab15f3fba3edeca6737f75ef9d7bcc0,9f7ee99454374db02824b5c9d52e2da89fca30232bc291ddb1f48ef6db84b6c0,2ee46c732cbd9a2d9496fe9e4763efb9a1ab85568c9ae6e0d0e121bc4adb4265,164142652bf5b3032f4e1a8ee54fe2817a3f3b5130635cf04fb641a6e819211d
2026-09-30,INDUSTRY,INDUSTRY:T030301,breadth_ret1,0.36585365853658536,ACCEPTED,0.36585365853658536,41,41,3dd77c68f3f29601b59d09853a70977bfab15f3fba3edeca6737f75ef9d7bcc0,9f7ee99454374db02824b5c9d52e2da89fca30232bc291ddb1f48ef6db84b6c0,2ee46c732cbd9a2d9496fe9e4763efb9a1ab85568c9ae6e0d0e121bc4adb4265,164142652bf5b3032f4e1a8ee54fe2817a3f3b5130635cf04fb641a6e819211d
2026-09-30,INDUSTRY,INDUSTRY:T030301,breadth_ret5,0.1951219512195122,ACCEPTED,0.1951219512195122,41,41,3dd77c68f3f29601b59d09853a70977bfab15f3fba3edeca6737f75ef9d7bcc0,9f7ee99454374db02824b5c9d52e2da89fca30232bc291ddb1f48ef6db84b6c0,2ee46c732cbd9a2d9496fe9e4763efb9a1ab85568c9ae6e0d0e121bc4adb4265,164142652bf5b3032f4e1a8ee54fe2817a3f3b5130635cf04fb641a6e819211d
2026-09-30,INDUSTRY,INDUSTRY:T030301,breadth_ret20,0.1951219512195122,ACCEPTED,0.1951219512195122,41,41,3dd77c68f3f29601b59d09853a70977bfab15f3fba3edeca6737f75ef9d7bcc0,9f7ee99454374db02824b5c9d52e2da89fca30232bc291ddb1f48ef6db84b6c0,2ee46c732cbd9a2d9496fe9e4763efb9a1ab85568c9ae6e0d0e121bc4adb4265,164142652bf5b3032f4e1a8ee54fe2817a3f3b5130635cf04fb641a6e819211d
2026-09-30,INDUSTRY,INDUSTRY:T030301,ma20_width,0.2926829268292683,ACCEPTED,0.2926829268292683,41,41,3dd77c68f3f29601b59d09853a70977bfab15f3fba3edeca6737f75ef9d7bcc0,9f7ee99454374db02824b5c9d52e2da89fca30232bc291ddb1f48ef6db84b6c0,2ee46c732cbd9a2d9496fe9e4763efb9a1ab85568c9ae6e0d0e121bc4adb4265,164142652bf5b3032f4e1a8ee54fe2817a3f3b5130635cf04fb641a6e819211d
2026-09-30,INDUSTRY,INDUSTRY:T030302,sector_rs1,-0.0022682511707973196,ACCEPTED,-0.0022682511707973196,65,0,3dd77c68f3f29601b59d09853a70977bfab15f3fba3edeca6737f75ef9d7bcc0,9f7ee99454374db02824b5c9d52e2da89fca30232bc291ddb1f48ef6db84b6c0,2ee46c732cbd9a2d9496fe9e4763efb9a1ab85568c9ae6e0d0e121bc4adb4265,164142652bf5b3032f4e1a8ee54fe2817a3f3b5130635cf04fb641a6e819211d
2026-09-30,INDUSTRY,INDUSTRY:T030302,sector_rs5,-0.02101634195416402,ACCEPTED,-0.02101634195416402,65,0,3dd77c68f3f29601b59d09853a70977bfab15f3fba3edeca6737f75ef9d7bcc0,9f7ee99454374db02824b5c9d52e2da89fca30232bc291ddb1f48ef6db84b6c0,2ee46c732cbd9a2d9496fe9e4763efb9a1ab85568c9ae6e0d0e121bc4adb4265,164142652bf5b3032f4e1a8ee54fe2817a3f3b5130635cf04fb641a6e819211d
2026-09-30,INDUSTRY,INDUSTRY:T030302,sector_rs20,-0.048791795156093054,ACCEPTED,-0.048791795156093054,65,0,3dd77c68f3f29601b59d09853a70977bfab15f3fba3edeca6737f75ef9d7bcc0,9f7ee99454374db02824b5c9d52e2da89fca30232bc291ddb1f48ef6db84b6c0,2ee46c732cbd9a2d9496fe9e4763efb9a1ab85568c9ae6e0d0e121bc4adb4265,164142652bf5b3032f4e1a8ee54fe2817a3f3b5130635cf04fb641a6e819211d
2026-09-30,INDUSTRY,INDUSTRY:T030302,breadth_ret1,0.40625,ACCEPTED,0.40625,65,64,3dd77c68f3f29601b59d09853a70977bfab15f3fba3edeca6737f75ef9d7bcc0,9f7ee99454374db02824b5c9d52e2da89fca30232bc291ddb1f48ef6db84b6c0,2ee46c732cbd9a2d9496fe9e4763efb9a1ab85568c9ae6e0d0e121bc4adb4265,164142652bf5b3032f4e1a8ee54fe2817a3f3b5130635cf04fb641a6e819211d
2026-09-30,INDUSTRY,INDUSTRY:T030302,breadth_ret5,0.21875,ACCEPTED,0.21875,65,64,3dd77c68f3f29601b59d09853a70977bfab15f3fba3edeca6737f75ef9d7bcc0,9f7ee99454374db02824b5c9d52e2da89fca30232bc291ddb1f48ef6db84b6c0,2ee46c732cbd9a2d9496fe9e4763efb9a1ab85568c9ae6e0d0e121bc4adb4265,164142652bf5b3032f4e1a8ee54fe2817a3f3b5130635cf04fb641a6e819211d
2026-09-30,INDUSTRY,INDUSTRY:T030302,breadth_ret20,0.296875,ACCEPTED,0.296875,65,64,3dd77c68f3f29601b59d09853a70977bfab15f3fba3edeca6737f75ef9d7bcc0,9f7ee99454374db02824b5c9d52e2da89fca30232bc291ddb1f48ef6db84b6c0,2ee46c732cbd9a2d9496fe9e4763efb9a1ab85568c9ae6e0d0e121bc4adb4265,164142652bf5b3032f4e1a8ee54fe2817a3f3b5130635cf04fb641a6e819211d
2026-09-30,INDUSTRY,INDUSTRY:T030302,ma20_width,0.359375,ACCEPTED,0.359375,65,64,3dd77c68f3f29601b59d09853a70977bfab15f3fba3edeca6737f75ef9d7bcc0,9f7ee99454374db02824b5c9d52e2da89fca30232bc291ddb1f48ef6db84b6c0,2ee46c732cbd9a2d9496fe9e4763efb9a1ab85568c9ae6e0d0e121bc4adb4265,164142652bf5b3032f4e1a8ee54fe2817a3f3b5130635cf04fb641a6e819211d
2026-09-30,INDUSTRY,INDUSTRY:T030401,sector_rs1,0.017782507739938058,ACCEPTED,0.017782507739938058,20,0,3dd77c68f3f29601b59d09853a70977bfab15f3fba3edeca6737f75ef9d7bcc0,9f7ee99454374db02824b5c9d52e2da89fca30232bc291ddb1f48ef6db84b6c0,2ee46c732cbd9a2d9496fe9e4763efb9a1ab85568c9ae6e0d0e121bc4adb4265,164142652bf5b3032f4e1a8ee54fe2817a3f3b5130635cf04fb641a6e819211d
2026-09-30,INDUSTRY,INDUSTRY:T030401,sector_rs5,0.014286303330180328,ACCEPTED,0.014286303330180328,20,0,3dd77c68f3f29601b59d09853a70977bfab15f3fba3edeca6737f75ef9d7bcc0,9f7ee99454374db02824b5c9d52e2da89fca30232bc291ddb1f48ef6db84b6c0,2ee46c732cbd9a2d9496fe9e4763efb9a1ab85568c9ae6e0d0e121bc4adb4265,164142652bf5b3032f4e1a8ee54fe2817a3f3b5130635cf04fb641a6e819211d
2026-09-30,INDUSTRY,INDUSTRY:T030401,sector_rs20,-0.028308294394826627,ACCEPTED,-0.028308294394826627,20,0,3dd77c68f3f29601b59d09853a70977bfab15f3fba3edeca6737f75ef9d7bcc0,9f7ee99454374db02824b5c9d52e2da89fca30232bc291ddb1f48ef6db84b6c0,2ee46c732cbd9a2d9496fe9e4763efb9a1ab85568c9ae6e0d0e121bc4adb4265,164142652bf5b3032f4e1a8ee54fe2817a3f3b5130635cf04fb641a6e819211d
2026-09-30,INDUSTRY,INDUSTRY:T030401,breadth_ret1,0.95,ACCEPTED,0.95,20,20,3dd77c68f3f29601b59d09853a70977bfab15f3fba3edeca6737f75ef9d7bcc0,9f7ee99454374db02824b5c9d52e2da89fca30232bc291ddb1f48ef6db84b6c0,2ee46c732cbd9a2d9496fe9e4763efb9a1ab85568c9ae6e0d0e121bc4adb4265,164142652bf5b3032f4e1a8ee54fe2817a3f3b5130635cf04fb641a6e819211d
2026-09-30,INDUSTRY,INDUSTRY:T030401,breadth_ret5,0.65,ACCEPTED,0.65,20,20,3dd77c68f3f29601b59d09853a70977bfab15f3fba3edeca6737f75ef9d7bcc0,9f7ee99454374db02824b5c9d52e2da89fca30232bc291ddb1f48ef6db84b6c0,2ee46c732cbd9a2d9496fe9e4763efb9a1ab85568c9ae6e0d0e121bc4adb4265,164142652bf5b3032f4e1a8ee54fe2817a3f3b5130635cf04fb641a6e819211d
2026-09-30,INDUSTRY,INDUSTRY:T030401,breadth_ret20,0.25,ACCEPTED,0.25,20,20,3dd77c68f3f29601b59d09853a70977bfab15f3fba3edeca6737f75ef9d7bcc0,9f7ee99454374db02824b5c9d52e2da89fca30232bc291ddb1f48ef6db84b6c0,2ee46c732cbd9a2d9496fe9e4763efb9a1ab85568c9ae6e0d0e121bc4adb4265,164142652bf5b3032f4e1a8ee54fe2817a3f3b5130635cf04fb641a6e819211d
2026-09-30,INDUSTRY,INDUSTRY:T030401,ma20_width,0.65,ACCEPTED,0.65,20,20,3dd77c68f3f29601b59d09853a70977bfab15f3fba3edeca6737f75ef9d7bcc0,9f7ee99454374db02824b5c9d52e2da89fca30232bc291ddb1f48ef6db84b6c0,2ee46c732cbd9a2d9496fe9e4763efb9a1ab85568c9ae6e0d0e121bc4adb4265,164142652bf5b3032f4e1a8ee54fe2817a3f3b5130635cf04fb641a6e819211d
2026-09-30,INDUSTRY,INDUSTRY:T030402,sector_rs1,0.016393442622950838,ACCEPTED,0.016393442622950838,9,0,3dd77c68f3f29601b59d09853a70977bfab15f3fba3edeca6737f75ef9d7bcc0,9f7ee99454374db02824b5c9d52e2da89fca30232bc291ddb1f48ef6db84b6c0,2ee46c732cbd9a2d9496fe9e4763efb9a1ab85568c9ae6e0d0e121bc4adb4265,164142652bf5b3032f4e1a8ee54fe2817a3f3b5130635cf04fb641a6e819211d
2026-09-30,INDUSTRY,INDUSTRY:T030402,sector_rs5,-0.027635391129930853,ACCEPTED,-0.027635391129930853,9,0,3dd77c68f3f29601b59d09853a70977bfab15f3fba3edeca6737f75ef9d7bcc0,9f7ee99454374db02824b5c9d52e2da89fca30232bc291ddb1f48ef6db84b6c0,2ee46c732cbd9a2d9496fe9e4763efb9a1ab85568c9ae6e0d0e121bc4adb4265,164142652bf5b3032f4e1a8ee54fe2817a3f3b5130635cf04fb641a6e819211d
2026-09-30,INDUSTRY,INDUSTRY:T030402,sector_rs20,-0.03325415676959609,ACCEPTED,-0.03325415676959609,9,0,3dd77c68f3f29601b59d09853a70977bfab15f3fba3edeca6737f75ef9d7bcc0,9f7ee99454374db02824b5c9d52e2da89fca30232bc291ddb1f48ef6db84b6c0,2ee46c732cbd9a2d9496fe9e4763efb9a1ab85568c9ae6e0d0e121bc4adb4265,164142652bf5b3032f4e1a8ee54fe2817a3f3b5130635cf04fb641a6e819211d
2026-09-30,INDUSTRY,INDUSTRY:T030402,breadth_ret1,0.5555555555555556,ACCEPTED,0.5555555555555556,9,9,3dd77c68f3f29601b59d09853a70977bfab15f3fba3edeca6737f75ef9d7bcc0,9f7ee99454374db02824b5c9d52e2da89fca30232bc291ddb1f48ef6db84b6c0,2ee46c732cbd9a2d9496fe9e4763efb9a1ab85568c9ae6e0d0e121bc4adb4265,164142652bf5b3032f4e1a8ee54fe2817a3f3b5130635cf04fb641a6e819211d
2026-09-30,INDUSTRY,INDUSTRY:T030402,breadth_ret5,0.2222222222222222,ACCEPTED,0.2222222222222222,9,9,3dd77c68f3f29601b59d09853a70977bfab15f3fba3edeca6737f75ef9d7bcc0,9f7ee99454374db02824b5c9d52e2da89fca30232bc291ddb1f48ef6db84b6c0,2ee46c732cbd9a2d9496fe9e4763efb9a1ab85568c9ae6e0d0e121bc4adb4265,164142652bf5b3032f4e1a8ee54fe2817a3f3b5130635cf04fb641a6e819211d
2026-09-30,INDUSTRY,INDUSTRY:T030402,breadth_ret20,0.3333333333333333,ACCEPTED,0.3333333333333333,9,9,3dd77c68f3f29601b59d09853a70977bfab15f3fba3edeca6737f75ef9d7bcc0,9f7ee99454374db02824b5c9d52e2da89fca30232bc291ddb1f48ef6db84b6c0,2ee46c732cbd9a2d9496fe9e4763efb9a1ab85568c9ae6e0d0e121bc4adb4265,164142652bf5b3032f4e1a8ee54fe2817a3f3b5130635cf04fb641a6e819211d
2026-09-30,INDUSTRY,INDUSTRY:T030402,ma20_width,0.5555555555555556,ACCEPTED,0.5555555555555556,9,9,3dd77c68f3f29601b59d09853a70977bfab15f3fba3edeca6737f75ef9d7bcc0,9f7ee99454374db02824b5c9d52e2da89fca30232bc291ddb1f48ef6db84b6c0,2ee46c732cbd9a2d9496fe9e4763efb9a1ab85568c9ae6e0d0e121bc4adb4265,164142652bf5b3032f4e1a8ee54fe2817a3f3b5130635cf04fb641a6e819211d
2026-09-30,INDUSTRY,INDUSTRY:T030403,sector_rs1,0.010679196924391343,ACCEPTED,0.010679196924391343,85,0,3dd77c68f3f29601b59d09853a70977bfab15f3fba3edeca6737f75ef9d7bcc0,9f7ee99454374db02824b5c9d52e2da89fca30232bc291ddb1f48ef6db84b6c0,2ee46c732cbd9a2d9496fe9e4763efb9a1ab85568c9ae6e0d0e121bc4adb4265,164142652bf5b3032f4e1a8ee54fe2817a3f3b5130635cf04fb641a6e819211d
2026-09-30,INDUSTRY,INDUSTRY:T030403,sector_rs5,-0.00634005763688783,ACCEPTED,-0.00634005763688783,85,0,3dd77c68f3f29601b59d09853a70977bfab15f3fba3edeca6737f75ef9d7bcc0,9f7ee99454374db02824b5c9d52e2da89fca30232bc291ddb1f48ef6db84b6c0,2ee46c732cbd9a2d9496fe9e4763efb9a1ab85568c9ae6e0d0e121bc4adb4265,164142652bf5b3032f4e1a8ee54fe2817a3f3b5130635cf04fb641a6e819211d
2026-09-30,INDUSTRY,INDUSTRY:T030403,sector_rs20,-0.02500012913289834,ACCEPTED,-0.02500012913289834,85,0,3dd77c68f3f29601b59d09853a70977bfab15f3fba3edeca6737f75ef9d7bcc0,9f7ee99454374db02824b5c9d52e2da89fca30232bc291ddb1f48ef6db84b6c0,2ee46c732cbd9a2d9496fe9e4763efb9a1ab85568c9ae6e0d0e121bc4adb4265,164142652bf5b3032f4e1a8ee54fe2817a3f3b5130635cf04fb641a6e819211d
2026-09-30,INDUSTRY,INDUSTRY:T030403,breadth_ret1,0.7647058823529411,ACCEPTED,0.7647058823529411,85,85,3dd77c68f3f29601b59d09853a70977bfab15f3fba3edeca6737f75ef9d7bcc0,9f7ee99454374db02824b5c9d52e2da89fca30232bc291ddb1f48ef6db84b6c0,2ee46c732cbd9a2d9496fe9e4763efb9a1ab85568c9ae6e0d0e121bc4adb4265,164142652bf5b3032f4e1a8ee54fe2817a3f3b5130635cf04fb641a6e819211d
2026-09-30,INDUSTRY,INDUSTRY:T030403,breadth_ret5,0.4,ACCEPTED,0.4,85,85,3dd77c68f3f29601b59d09853a70977bfab15f3fba3edeca6737f75ef9d7bcc0,9f7ee99454374db02824b5c9d52e2da89fca30232bc291ddb1f48ef6db84b6c0,2ee46c732cbd9a2d9496fe9e4763efb9a1ab85568c9ae6e0d0e121bc4adb4265,164142652bf5b3032f4e1a8ee54fe2817a3f3b5130635cf04fb641a6e819211d
2026-09-30,INDUSTRY,INDUSTRY:T030403,breadth_ret20,0.27380952380952384,ACCEPTED,0.27380952380952384,85,84,3dd77c68f3f29601b59d09853a70977bfab15f3fba3edeca6737f75ef9d7bcc0,9f7ee99454374db02824b5c9d52e2da89fca30232bc291ddb1f48ef6db84b6c0,2ee46c732cbd9a2d9496fe9e4763efb9a1ab85568c9ae6e0d0e121bc4adb4265,164142652bf5b3032f4e1a8ee54fe2817a3f3b5130635cf04fb641a6e819211d
2026-09-30,INDUSTRY,INDUSTRY:T030403,ma20_width,0.4,ACCEPTED,0.4,85,85,3dd77c68f3f29601b59d09853a70977bfab15f3fba3edeca6737f75ef9d7bcc0,9f7ee99454374db02824b5c9d52e2da89fca30232bc291ddb1f48ef6db84b6c0,2ee46c732cbd9a2d9496fe9e4763efb9a1ab85568c9ae6e0d0e121bc4adb4265,164142652bf5b3032f4e1a8ee54fe2817a3f3b5130635cf04fb641a6e819211d
2026-09-30,INDUSTRY,INDUSTRY:T030501,sector_rs1,0.018758179438708833,ACCEPTED,0.018758179438708833,19,0,3dd77c68f3f29601b59d09853a70977bfab15f3fba3edeca6737f75ef9d7bcc0,9f7ee99454374db02824b5c9d52e2da89fca30232bc291ddb1f48ef6db84b6c0,2ee46c732cbd9a2d9496fe9e4763efb9a1ab85568c9ae6e0d0e121bc4adb4265,164142652bf5b3032f4e1a8ee54fe2817a3f3b5130635cf04fb641a6e819211d
2026-09-30,INDUSTRY,INDUSTRY:T030501,sector_rs5,-0.010573177518085619,ACCEPTED,-0.010573177518085619,19,0,3dd77c68f3f29601b59d09853a70977bfab15f3fba3edeca6737f75ef9d7bcc0,9f7ee99454374db02824b5c9d52e2da89fca30232bc291ddb1f48ef6db84b6c0,2ee46c732cbd9a2d9496fe9e4763efb9a1ab85568c9ae6e0d0e121bc4adb4265,164142652bf5b3032f4e1a8ee54fe2817a3f3b5130635cf04fb641a6e819211d
2026-09-30,INDUSTRY,INDUSTRY:T030501,sector_rs20,-0.051813471502590636,ACCEPTED,-0.051813471502590636,19,0,3dd77c68f3f29601b59d09853a70977bfab15f3fba3edeca6737f75ef9d7bcc0,9f7ee99454374db02824b5c9d52e2da89fca30232bc291ddb1f48ef6db84b6c0,2ee46c732cbd9a2d9496fe9e4763efb9a1ab85568c9ae6e0d0e121bc4adb4265,164142652bf5b3032f4e1a8ee54fe2817a3f3b5130635cf04fb641a6e819211d
2026-09-30,INDUSTRY,INDUSTRY:T030501,breadth_ret1,1.0,ACCEPTED,1.0,19,19,3dd77c68f3f29601b59d09853a70977bfab15f3fba3edeca6737f75ef9d7bcc0,9f7ee99454374db02824b5c9d52e2da89fca30232bc291ddb1f48ef6db84b6c0,2ee46c732cbd9a2d9496fe9e4763efb9a1ab85568c9ae6e0d0e121bc4adb4265,164142652bf5b3032f4e1a8ee54fe2817a3f3b5130635cf04fb641a6e819211d
2026-09-30,INDUSTRY,INDUSTRY:T030501,breadth_ret5,0.2631578947368421,ACCEPTED,0.2631578947368421,19,19,3dd77c68f3f29601b59d09853a70977bfab15f3fba3edeca6737f75ef9d7bcc0,9f7ee99454374db02824b5c9d52e2da89fca30232bc291ddb1f48ef6db84b6c0,2ee46c732cbd9a2d9496fe9e4763efb9a1ab85568c9ae6e0d0e121bc4adb4265,164142652bf5b3032f4e1a8ee54fe2817a3f3b5130635cf04fb641a6e819211d
2026-09-30,INDUSTRY,INDUSTRY:T030501,breadth_ret20,0.05263157894736842,ACCEPTED,0.05263157894736842,19,19,3dd77c68f3f29601b59d09853a70977bfab15f3fba3edeca6737f75ef9d7bcc0,9f7ee99454374db02824b5c9d52e2da89fca30232bc291ddb1f48ef6db84b6c0,2ee46c732cbd9a2d9496fe9e4763efb9a1ab85568c9ae6e0d0e121bc4adb4265,164142652bf5b3032f4e1a8ee54fe2817a3f3b5130635cf04fb641a6e819211d
2026-09-30,INDUSTRY,INDUSTRY:T030501,ma20_width,0.21052631578947367,ACCEPTED,0.21052631578947367,19,19,3dd77c68f3f29601b59d09853a70977bfab15f3fba3edeca6737f75ef9d7bcc0,9f7ee99454374db02824b5c9d52e2da89fca30232bc291ddb1f48ef6db84b6c0,2ee46c732cbd9a2d9496fe9e4763efb9a1ab85568c9ae6e0d0e121bc4adb4265,164142652bf5b3032f4e1a8ee54fe2817a3f3b5130635cf04fb641a6e819211d
2026-09-30,INDUSTRY,INDUSTRY:T030502,sector_rs1,0.012766216093460958,ACCEPTED,0.012766216093460958,8,0,3dd77c68f3f29601b59d09853a70977bfab15f3fba3edeca6737f75ef9d7bcc0,9f7ee99454374db02824b5c9d52e2da89fca30232bc291ddb1f48ef6db84b6c0,2ee46c732cbd9a2d9496fe9e4763efb9a1ab85568c9ae6e0d0e121bc4adb4265,164142652bf5b3032f4e1a8ee54fe2817a3f3b5130635cf04fb641a6e819211d
2026-09-30,INDUSTRY,INDUSTRY:T030502,sector_rs5,0.0015873946787091087,ACCEPTED,0.0015873946787091087,8,0,3dd77c68f3f29601b59d09853a70977bfab15f3fba3edeca6737f75ef9d7bcc0,9f7ee99454374db02824b5c9d52e2da89fca30232bc291ddb1f48ef6db84b6c0,2ee46c732cbd9a2d9496fe9e4763efb9a1ab85568c9ae6e0d0e121bc4adb4265,164142652bf5b3032f4e1a8ee54fe2817a3f3b5130635cf04fb641a6e819211d
2026-09-30,INDUSTRY,INDUSTRY:T030502,sector_rs20,-0.01622754635684015,ACCEPTED,-0.01622754635684015,8,0,3dd77c68f3f29601b59d09853a70977bfab15f3fba3edeca6737f75ef9d7bcc0,9f7ee99454374db02824b5c9d52e2da89fca30232bc291ddb1f48ef6db84b6c0,2ee46c732cbd9a2d9496fe9e4763efb9a1ab85568c9ae6e0d0e121bc4adb4265,164142652bf5b3032f4e1a8ee54fe2817a3f3b5130635cf04fb641a6e819211d
2026-09-30,INDUSTRY,INDUSTRY:T030502,breadth_ret1,0.875,ACCEPTED,0.875,8,8,3dd77c68f3f29601b59d09853a70977bfab15f3fba3edeca6737f75ef9d7bcc0,9f7ee99454374db02824b5c9d52e2da89fca30232bc291ddb1f48ef6db84b6c0,2ee46c732cbd9a2d9496fe9e4763efb9a1ab85568c9ae6e0d0e121bc4adb4265,164142652bf5b3032f4e1a8ee54fe2817a3f3b5130635cf04fb641a6e819211d
2026-09-30,INDUSTRY,INDUSTRY:T030502,breadth_ret5,0.5,ACCEPTED,0.5,8,8,3dd77c68f3f29601b59d09853a70977bfab15f3fba3edeca6737f75ef9d7bcc0,9f7ee99454374db02824b5c9d52e2da89fca30232bc291ddb1f48ef6db84b6c0,2ee46c732cbd9a2d9496fe9e4763efb9a1ab85568c9ae6e0d0e121bc4adb4265,164142652bf5b3032f4e1a8ee54fe2817a3f3b5130635cf04fb641a6e819211d
2026-09-30,INDUSTRY,INDUSTRY:T030502,breadth_ret20,0.25,ACCEPTED,0.25,8,8,3dd77c68f3f29601b59d09853a70977bfab15f3fba3edeca6737f75ef9d7bcc0,9f7ee99454374db02824b5c9d52e2da89fca30232bc291ddb1f48ef6db84b6c0,2ee46c732cbd9a2d9496fe9e4763efb9a1ab85568c9ae6e0d0e121bc4adb4265,164142652bf5b3032f4e1a8ee54fe2817a3f3b5130635cf04fb641a6e819211d
2026-09-30,INDUSTRY,INDUSTRY:T030502,ma20_width,0.125,ACCEPTED,0.125,8,8,3dd77c68f3f29601b59d09853a70977bfab15f3fba3edeca6737f75ef9d7bcc0,9f7ee99454374db02824b5c9d52e2da89fca30232bc291ddb1f48ef6db84b6c0,2ee46c732cbd9a2d9496fe9e4763efb9a1ab85568c9ae6e0d0e121bc4adb4265,164142652bf5b3032f4e1a8ee54fe2817a3f3b5130635cf04fb641a6e819211d
2026-09-30,INDUSTRY,INDUSTRY:T030503,sector_rs1,0.01598173515981749,ACCEPTED,0.01598173515981749,9,0,3dd77c68f3f29601b59d09853a70977bfab15f3fba3edeca6737f75ef9d7bcc0,9f7ee99454374db02824b5c9d52e2da89fca30232bc291ddb1f48ef6db84b6c0,2ee46c732cbd9a2d9496fe9e4763efb9a1ab85568c9ae6e0d0e121bc4adb4265,164142652bf5b3032f4e1a8ee54fe2817a3f3b5130635cf04fb641a6e819211d
2026-09-30,INDUSTRY,INDUSTRY:T030503,sector_rs5,-0.004271222637480032,ACCEPTED,-0.004271222637480032,9,0,3dd77c68f3f29601b59d09853a70977bfab15f3fba3edeca6737f75ef9d7bcc0,9f7ee99454374db02824b5c9d52e2da89fca30232bc291ddb1f48ef6db84b6c0,2ee46c732cbd9a2d9496fe9e4763efb9a1ab85568c9ae6e0d0e121bc4adb4265,164142652bf5b3032f4e1a8ee54fe2817a3f3b5130635cf04fb641a6e819211d
2026-09-30,INDUSTRY,INDUSTRY:T030503,sector_rs20,0.05117139334155385,ACCEPTED,0.05117139334155385,9,0,3dd77c68f3f29601b59d09853a70977bfab15f3fba3edeca6737f75ef9d7bcc0,9f7ee99454374db02824b5c9d52e2da89fca30232bc291ddb1f48ef6db84b6c0,2ee46c732cbd9a2d9496fe9e4763efb9a1ab85568c9ae6e0d0e121bc4adb4265,164142652bf5b3032f4e1a8ee54fe2817a3f3b5130635cf04fb641a6e819211d
2026-09-30,INDUSTRY,INDUSTRY:T030503,breadth_ret1,0.6666666666666666,ACCEPTED,0.6666666666666666,9,9,3dd77c68f3f29601b59d09853a70977bfab15f3fba3edeca6737f75ef9d7bcc0,9f7ee99454374db02824b5c9d52e2da89fca30232bc291ddb1f48ef6db84b6c0,2ee46c732cbd9a2d9496fe9e4763efb9a1ab85568c9ae6e0d0e121bc4adb4265,164142652bf5b3032f4e1a8ee54fe2817a3f3b5130635cf04fb641a6e819211d
2026-09-30,INDUSTRY,INDUSTRY:T030503,breadth_ret5,0.4444444444444444,ACCEPTED,0.4444444444444444,9,9,3dd77c68f3f29601b59d09853a70977bfab15f3fba3edeca6737f75ef9d7bcc0,9f7ee99454374db02824b5c9d52e2da89fca30232bc291ddb1f48ef6db84b6c0,2ee46c732cbd9a2d9496fe9e4763efb9a1ab85568c9ae6e0d0e121bc4adb4265,164142652bf5b3032f4e1a8ee54fe2817a3f3b5130635cf04fb641a6e819211d
2026-09-30,INDUSTRY,INDUSTRY:T030503,breadth_ret20,0.6666666666666666,ACCEPTED,0.6666666666666666,9,9,3dd77c68f3f29601b59d09853a70977bfab15f3fba3edeca6737f75ef9d7bcc0,9f7ee99454374db02824b5c9d52e2da89fca30232bc291ddb1f48ef6db84b6c0,2ee46c732cbd9a2d9496fe9e4763efb9a1ab85568c9ae6e0d0e121bc4adb4265,164142652bf5b3032f4e1a8ee54fe2817a3f3b5130635cf04fb641a6e819211d
2026-09-30,INDUSTRY,INDUSTRY:T030503,ma20_width,0.6666666666666666,ACCEPTED,0.6666666666666666,9,9,3dd77c68f3f29601b59d09853a70977bfab15f3fba3edeca6737f75ef9d7bcc0,9f7ee99454374db02824b5c9d52e2da89fca30232bc291ddb1f48ef6db84b6c0,2ee46c732cbd9a2d9496fe9e4763efb9a1ab85568c9ae6e0d0e121bc4adb4265,164142652bf5b3032f4e1a8ee54fe2817a3f3b5130635cf04fb641a6e819211d
2026-09-30,INDUSTRY,INDUSTRY:T0401,sector_rs1,-0.0014673405249299165,ACCEPTED,-0.0014673405249299165,84,0,3dd77c68f3f29601b59d09853a70977bfab15f3fba3edeca6737f75ef9d7bcc0,9f7ee99454374db02824b5c9d52e2da89fca30232bc291ddb1f48ef6db84b6c0,2ee46c732cbd9a2d9496fe9e4763efb9a1ab85568c9ae6e0d0e121bc4adb4265,164142652bf5b3032f4e1a8ee54fe2817a3f3b5130635cf04fb641a6e819211d
2026-09-30,INDUSTRY,INDUSTRY:T0401,sector_rs5,-0.011574015045263286,ACCEPTED,-0.011574015045263286,84,0,3dd77c68f3f29601b59d09853a70977bfab15f3fba3edeca6737f75ef9d7bcc0,9f7ee99454374db02824b5c9d52e2da89fca30232bc291ddb1f48ef6db84b6c0,2ee46c732cbd9a2d9496fe9e4763efb9a1ab85568c9ae6e0d0e121bc4adb4265,164142652bf5b3032f4e1a8ee54fe2817a3f3b5130635cf04fb641a6e819211d
2026-09-30,INDUSTRY,INDUSTRY:T0401,sector_rs20,-0.009545410333271387,ACCEPTED,-0.009545410333271387,84,0,3dd77c68f3f29601b59d09853a70977bfab15f3fba3edeca6737f75ef9d7bcc0,9f7ee99454374db02824b5c9d52e2da89fca30232bc291ddb1f48ef6db84b6c0,2ee46c732cbd9a2d9496fe9e4763efb9a1ab85568c9ae6e0d0e121bc4adb4265,164142652bf5b3032f4e1a8ee54fe2817a3f3b5130635cf04fb641a6e819211d
2026-09-30,INDUSTRY,INDUSTRY:T0401,breadth_ret1,0.45121951219512196,ACCEPTED,0.45121951219512196,84,82,3dd77c68f3f29601b59d09853a70977bfab15f3fba3edeca6737f75ef9d7bcc0,9f7ee99454374db02824b5c9d52e2da89fca30232bc291ddb1f48ef6db84b6c0,2ee46c732cbd9a2d9496fe9e4763efb9a1ab85568c9ae6e0d0e121bc4adb4265,164142652bf5b3032f4e1a8ee54fe2817a3f3b5130635cf04fb641a6e819211d
2026-09-30,INDUSTRY,INDUSTRY:T0401,breadth_ret5,0.36585365853658536,ACCEPTED,0.36585365853658536,84,82,3dd77c68f3f29601b59d09853a70977bfab15f3fba3edeca6737f75ef9d7bcc0,9f7ee99454374db02824b5c9d52e2da89fca30232bc291ddb1f48ef6db84b6c0,2ee46c732cbd9a2d9496fe9e4763efb9a1ab85568c9ae6e0d0e121bc4adb4265,164142652bf5b3032f4e1a8ee54fe2817a3f3b5130635cf04fb641a6e819211d
2026-09-30,INDUSTRY,INDUSTRY:T0401,breadth_ret20,0.3780487804878049,ACCEPTED,0.3780487804878049,84,82,3dd77c68f3f29601b59d09853a70977bfab15f3fba3edeca6737f75ef9d7bcc0,9f7ee99454374db02824b5c9d52e2da89fca30232bc291ddb1f48ef6db84b6c0,2ee46c732cbd9a2d9496fe9e4763efb9a1ab85568c9ae6e0d0e121bc4adb4265,164142652bf5b3032f4e1a8ee54fe2817a3f3b5130635cf04fb641a6e819211d
2026-09-30,INDUSTRY,INDUSTRY:T0401,ma20_width,0.4268292682926829,ACCEPTED,0.4268292682926829,84,82,3dd77c68f3f29601b59d09853a70977bfab15f3fba3edeca6737f75ef9d7bcc0,9f7ee99454374db02824b5c9d52e2da89fca30232bc291ddb1f48ef6db84b6c0,2ee46c732cbd9a2d9496fe9e4763efb9a1ab85568c9ae6e0d0e121bc4adb4265,164142652bf5b3032f4e1a8ee54fe2817a3f3b5130635cf04fb641a6e819211d
2026-09-30,INDUSTRY,INDUSTRY:T040201,sector_rs1,0.01397012046214774,ACCEPTED,0.01397012046214774,22,0,3dd77c68f3f29601b59d09853a70977bfab15f3fba3edeca6737f75ef9d7bcc0,9f7ee99454374db02824b5c9d52e2da89fca30232bc291ddb1f48ef6db84b6c0,2ee46c732cbd9a2d9496fe9e4763efb9a1ab85568c9ae6e0d0e121bc4adb4265,164142652bf5b3032f4e1a8ee54fe2817a3f3b5130635cf04fb641a6e819211d
2026-09-30,INDUSTRY,INDUSTRY:T040201,sector_rs5,-0.0004940711462450009,ACCEPTED,-0.0004940711462450009,22,0,3dd77c68f3f29601b59d09853a70977bfab15f3fba3edeca6737f75ef9d7bcc0,9f7ee99454374db02824b5c9d52e2da89fca30232bc291ddb1f48ef6db84b6c0,2ee46c732cbd9a2d9496fe9e4763efb9a1ab85568c9ae6e0d0e121bc4adb4265,164142652bf5b3032f4e1a8ee54fe2817a3f3b5130635cf04fb641a6e819211d
2026-09-30,INDUSTRY,INDUSTRY:T040201,sector_rs20,-0.021961959739490777,ACCEPTED,-0.021961959739490777,22,0,3dd77c68f3f29601b59d09853a70977bfab15f3fba3edeca6737f75ef9d7bcc0,9f7ee99454374db02824b5c9d52e2da89fca30232bc291ddb1f48ef6db84b6c0,2ee46c732cbd9a2d9496fe9e4763efb9a1ab85568c9ae6e0d0e121bc4adb4265,164142652bf5b3032f4e1a8ee54fe2817a3f3b5130635cf04fb641a6e819211d
2026-09-30,INDUSTRY,INDUSTRY:T040201,breadth_ret1,0.8181818181818182,ACCEPTED,0.8181818181818182,22,22,3dd77c68f3f29601b59d09853a70977bfab15f3fba3edeca6737f75ef9d7bcc0,9f7ee99454374db02824b5c9d52e2da89fca30232bc291ddb1f48ef6db84b6c0,2ee46c732cbd9a2d9496fe9e4763efb9a1ab85568c9ae6e0d0e121bc4adb4265,164142652bf5b3032f4e1a8ee54fe2817a3f3b5130635cf04fb641a6e819211d
2026-09-30,INDUSTRY,INDUSTRY:T040201,breadth_ret5,0.42857142857142855,ACCEPTED,0.42857142857142855,22,21,3dd77c68f3f29601b59d09853a70977bfab15f3fba3edeca6737f75ef9d7bcc0,9f7ee99454374db02824b5c9d52e2da89fca30232bc291ddb1f48ef6db84b6c0,2ee46c732cbd9a2d9496fe9e4763efb9a1ab85568c9ae6e0d0e121bc4adb4265,164142652bf5b3032f4e1a8ee54fe2817a3f3b5130635cf04fb641a6e819211d
2026-09-30,INDUSTRY,INDUSTRY:T040201,breadth_ret20,0.3181818181818182,ACCEPTED,0.3181818181818182,22,22,3dd77c68f3f29601b59d09853a70977bfab15f3fba3edeca6737f75ef9d7bcc0,9f7ee99454374db02824b5c9d52e2da89fca30232bc291ddb1f48ef6db84b6c0,2ee46c732cbd9a2d9496fe9e4763efb9a1ab85568c9ae6e0d0e121bc4adb4265,164142652bf5b3032f4e1a8ee54fe2817a3f3b5130635cf04fb641a6e819211d
2026-09-30,INDUSTRY,INDUSTRY:T040201,ma20_width,0.36363636363636365,ACCEPTED,0.36363636363636365,22,22,3dd77c68f3f29601b59d09853a70977bfab15f3fba3edeca6737f75ef9d7bcc0,9f7ee99454374db02824b5c9d52e2da89fca30232bc291ddb1f48ef6db84b6c0,2ee46c732cbd9a2d9496fe9e4763efb9a1ab85568c9ae6e0d0e121bc4adb4265,164142652bf5b3032f4e1a8ee54fe2817a3f3b5130635cf04fb641a6e819211d
2026-09-30,INDUSTRY,INDUSTRY:T040202,sector_rs1,-0.0015045135406219767,ACCEPTED,-0.0015045135406219767,240,0,3dd77c68f3f29601b59d09853a70977bfab15f3fba3edeca6737f75ef9d7bcc0,9f7ee99454374db02824b5c9d52e2da89fca30232bc291ddb1f48ef6db84b6c0,2ee46c732cbd9a2d9496fe9e4763efb9a1ab85568c9ae6e0d0e121bc4adb4265,164142652bf5b3032f4e1a8ee54fe2817a3f3b5130635cf04fb641a6e819211d
2026-09-30,INDUSTRY,INDUSTRY:T040202,sector_rs5,-0.02313880405825075,ACCEPTED,-0.02313880405825075,240,0,3dd77c68f3f29601b59d09853a70977bfab15f3fba3edeca6737f75ef9d7bcc0,9f7ee99454374db02824b5c9d52e2da89fca30232bc291ddb1f48ef6db84b6c0,2ee46c732cbd9a2d9496fe9e4763efb9a1ab85568c9ae6e0d0e121bc4adb4265,164142652bf5b3032f4e1a8ee54fe2817a3f3b5130635cf04fb641a6e819211d
2026-09-30,INDUSTRY,INDUSTRY:T040202,sector_rs20,-0.03865073787772322,ACCEPTED,-0.03865073787772322,240,0,3dd77c68f3f29601b59d09853a70977bfab15f3fba3edeca6737f75ef9d7bcc0,9f7ee99454374db02824b5c9d52e2da89fca30232bc291ddb1f48ef6db84b6c0,2ee46c732cbd9a2d9496fe9e4763efb9a1ab85568c9ae6e0d0e121bc4adb4265,164142652bf5b3032f4e1a8ee54fe2817a3f3b5130635cf04fb641a6e819211d
2026-09-30,INDUSTRY,INDUSTRY:T040202,breadth_ret1,0.4393305439330544,ACCEPTED,0.4393305439330544,240,239,3dd77c68f3f29601b59d09853a70977bfab15f3fba3edeca6737f75ef9d7bcc0,9f7ee99454374db02824b5c9d52e2da89fca30232bc291ddb1f48ef6db84b6c0,2ee46c732cbd9a2d9496fe9e4763efb9a1ab85568c9ae6e0d0e121bc4adb4265,164142652bf5b3032f4e1a8ee54fe2817a3f3b5130635cf04fb641a6e819211d
2026-09-30,INDUSTRY,INDUSTRY:T040202,breadth_ret5,0.2605042016806723,ACCEPTED,0.2605042016806723,240,238,3dd77c68f3f29601b59d09853a70977bfab15f3fba3edeca6737f75ef9d7bcc0,9f7ee99454374db02824b5c9d52e2da89fca30232bc291ddb1f48ef6db84b6c0,2ee46c732cbd9a2d9496fe9e4763efb9a1ab85568c9ae6e0d0e121bc4adb4265,164142652bf5b3032f4e1a8ee54fe2817a3f3b5130635cf04fb641a6e819211d
2026-09-30,INDUSTRY,INDUSTRY:T040202,breadth_ret20,0.27848101265822783,ACCEPTED,0.27848101265822783,240,237,3dd77c68f3f29601b59d09853a70977bfab15f3fba3edeca6737f75ef9d7bcc0,9f7ee99454374db02824b5c9d52e2da89fca30232bc291ddb1f48ef6db84b6c0,2ee46c732cbd9a2d9496fe9e4763efb9a1ab85568c9ae6e0d0e121bc4adb4265,164142652bf5b3032f4e1a8ee54fe2817a3f3b5130635cf04fb641a6e819211d
2026-09-30,INDUSTRY,INDUSTRY:T040202,ma20_width,0.3739495798319328,ACCEPTED,0.3739495798319328,240,238,3dd77c68f3f29601b59d09853a70977bfab15f3fba3edeca6737f75ef9d7bcc0,9f7ee99454374db02824b5c9d52e2da89fca30232bc291ddb1f48ef6db84b6c0,2ee46c732cbd9a2d9496fe9e4763efb9a1ab85568c9ae6e0d0e121bc4adb4265,164142652bf5b3032f4e1a8ee54fe2817a3f3b5130635cf04fb641a6e819211d
2026-09-30,INDUSTRY,INDUSTRY:T040203,sector_rs1,-0.0028169014084505895,ACCEPTED,-0.0028169014084505895,9,0,3dd77c68f3f29601b59d09853a70977bfab15f3fba3edeca6737f75ef9d7bcc0,9f7ee99454374db02824b5c9d52e2da89fca30232bc291ddb1f48ef6db84b6c0,2ee46c732cbd9a2d9496fe9e4763efb9a1ab85568c9ae6e0d0e121bc4adb4265,164142652bf5b3032f4e1a8ee54fe2817a3f3b5130635cf04fb641a6e819211d
2026-09-30,INDUSTRY,INDUSTRY:T040203,sector_rs5,-0.01392757660167121,ACCEPTED,-0.01392757660167121,9,0,3dd77c68f3f29601b59d09853a70977bfab15f3fba3edeca6737f75ef9d7bcc0,9f7ee99454374db02824b5c9d52e2da89fca30232bc291ddb1f48ef6db84b6c0,2ee46c732cbd9a2d9496fe9e4763efb9a1ab85568c9ae6e0d0e121bc4adb4265,164142652bf5b3032f4e1a8ee54fe2817a3f3b5130635cf04fb641a6e819211d
2026-09-30,INDUSTRY,INDUSTRY:T040203,sector_rs20,-0.03296703296703296,ACCEPTED,-0.03296703296703296,9,0,3dd77c68f3f29601b59d09853a70977bfab15f3fba3edeca6737f75ef9d7bcc0,9f7ee99454374db02824b5c9d52e2da89fca30232bc291ddb1f48ef6db84b6c0,2ee46c732cbd9a2d9496fe9e4763efb9a1ab85568c9ae6e0d0e121bc4adb4265,164142652bf5b3032f4e1a8ee54fe2817a3f3b5130635cf04fb641a6e819211d
2026-09-30,INDUSTRY,INDUSTRY:T040203,breadth_ret1,0.2222222222222222,ACCEPTED,0.2222222222222222,9,9,3dd77c68f3f29601b59d09853a70977bfab15f3fba3edeca6737f75ef9d7bcc0,9f7ee99454374db02824b5c9d52e2da89fca30232bc291ddb1f48ef6db84b6c0,2ee46c732cbd9a2d9496fe9e4763efb9a1ab85568c9ae6e0d0e121bc4adb4265,164142652bf5b3032f4e1a8ee54fe2817a3f3b5130635cf04fb641a6e819211d
2026-09-30,INDUSTRY,INDUSTRY:T040203,breadth_ret5,0.2222222222222222,ACCEPTED,0.2222222222222222,9,9,3dd77c68f3f29601b59d09853a70977bfab15f3fba3edeca6737f75ef9d7bcc0,9f7ee99454374db02824b5c9d52e2da89fca30232bc291ddb1f48ef6db84b6c0,2ee46c732cbd9a2d9496fe9e4763efb9a1ab85568c9ae6e0d0e121bc4adb4265,164142652bf5b3032f4e1a8ee54fe2817a3f3b5130635cf04fb641a6e819211d
2026-09-30,INDUSTRY,INDUSTRY:T040203,breadth_ret20,0.2222222222222222,ACCEPTED,0.2222222222222222,9,9,3dd77c68f3f29601b59d09853a70977bfab15f3fba3edeca6737f75ef9d7bcc0,9f7ee99454374db02824b5c9d52e2da89fca30232bc291ddb1f48ef6db84b6c0,2ee46c732cbd9a2d9496fe9e4763efb9a1ab85568c9ae6e0d0e121bc4adb4265,164142652bf5b3032f4e1a8ee54fe2817a3f3b5130635cf04fb641a6e819211d
2026-09-30,INDUSTRY,INDUSTRY:T040203,ma20_width,0.2222222222222222,ACCEPTED,0.2222222222222222,9,9,3dd77c68f3f29601b59d09853a70977bfab15f3fba3edeca6737f75ef9d7bcc0,9f7ee99454374db02824b5c9d52e2da89fca30232bc291ddb1f48ef6db84b6c0,2ee46c732cbd9a2d9496fe9e4763efb9a1ab85568c9ae6e0d0e121bc4adb4265,164142652bf5b3032f4e1a8ee54fe2817a3f3b5130635cf04fb641a6e819211d
2026-09-30,INDUSTRY,INDUSTRY:T040204,sector_rs1,-0.002111189303307559,ACCEPTED,-0.002111189303307559,13,0,3dd77c68f3f29601b59d09853a70977bfab15f3fba3edeca6737f75ef9d7bcc0,9f7ee99454374db02824b5c9d52e2da89fca30232bc291ddb1f48ef6db84b6c0,2ee46c732cbd9a2d9496fe9e4763efb9a1ab85568c9ae6e0d0e121bc4adb4265,164142652bf5b3032f4e1a8ee54fe2817a3f3b5130635cf04fb641a6e819211d
2026-09-30,INDUSTRY,INDUSTRY:T040204,sector_rs5,-0.021366394091268615,ACCEPTED,-0.021366394091268615,13,0,3dd77c68f3f29601b59d09853a70977bfab15f3fba3edeca6737f75ef9d7bcc0,9f7ee99454374db02824b5c9d52e2da89fca30232bc291ddb1f48ef6db84b6c0,2ee46c732cbd9a2d9496fe9e4763efb9a1ab85568c9ae6e0d0e121bc4adb4265,164142652bf5b3032f4e1a8ee54fe2817a3f3b5130635cf04fb641a6e819211d
2026-09-30,INDUSTRY,INDUSTRY:T040204,sector_rs20,-0.04832214765100673,ACCEPTED,-0.04832214765100673,13,0,3dd77c68f3f29601b59d09853a70977bfab15f3fba3edeca6737f75ef9d7bcc0,9f7ee99454374db02824b5c9d52e2da89fca30232bc291ddb1f48ef6db84b6c0,2ee46c732cbd9a2d9496fe9e4763efb9a1ab85568c9ae6e0d0e121bc4adb4265,164142652bf5b3032f4e1a8ee54fe2817a3f3b5130635cf04fb641a6e819211d
2026-09-30,INDUSTRY,INDUSTRY:T040204,breadth_ret1,0.38461538461538464,ACCEPTED,0.38461538461538464,13,13,3dd77c68f3f29601b59d09853a70977bfab15f3fba3edeca6737f75ef9d7bcc0,9f7ee99454374db02824b5c9d52e2da89fca30232bc291ddb1f48ef6db84b6c0,2ee46c732cbd9a2d9496fe9e4763efb9a1ab85568c9ae6e0d0e121bc4adb4265,164142652bf5b3032f4e1a8ee54fe2817a3f3b5130635cf04fb641a6e819211d
2026-09-30,INDUSTRY,INDUSTRY:T040204,breadth_ret5,0.23076923076923078,ACCEPTED,0.23076923076923078,13,13,3dd77c68f3f29601b59d09853a70977bfab15f3fba3edeca6737f75ef9d7bcc0,9f7ee99454374db02824b5c9d52e2da89fca30232bc291ddb1f48ef6db84b6c0,2ee46c732cbd9a2d9496fe9e4763efb9a1ab85568c9ae6e0d0e121bc4adb4265,164142652bf5b3032f4e1a8ee54fe2817a3f3b5130635cf04fb641a6e819211d
2026-09-30,INDUSTRY,INDUSTRY:T040204,breadth_ret20,0.23076923076923078,ACCEPTED,0.23076923076923078,13,13,3dd77c68f3f29601b59d09853a70977bfab15f3fba3edeca6737f75ef9d7bcc0,9f7ee99454374db02824b5c9d52e2da89fca30232bc291ddb1f48ef6db84b6c0,2ee46c732cbd9a2d9496fe9e4763efb9a1ab85568c9ae6e0d0e121bc4adb4265,164142652bf5b3032f4e1a8ee54fe2817a3f3b5130635cf04fb641a6e819211d
2026-09-30,INDUSTRY,INDUSTRY:T040204,ma20_width,0.23076923076923078,ACCEPTED,0.23076923076923078,13,13,3dd77c68f3f29601b59d09853a70977bfab15f3fba3edeca6737f75ef9d7bcc0,9f7ee99454374db02824b5c9d52e2da89fca30232bc291ddb1f48ef6db84b6c0,2ee46c732cbd9a2d9496fe9e4763efb9a1ab85568c9ae6e0d0e121bc4adb4265,164142652bf5b3032f4e1a8ee54fe2817a3f3b5130635cf04fb641a6e819211d
2026-09-30,INDUSTRY,INDUSTRY:T0403,sector_rs1,0.010826447617116042,ACCEPTED,0.010826447617116042,172,0,3dd77c68f3f29601b59d09853a70977bfab15f3fba3edeca6737f75ef9d7bcc0,9f7ee99454374db02824b5c9d52e2da89fca30232bc291ddb1f48ef6db84b6c0,2ee46c732cbd9a2d9496fe9e4763efb9a1ab85568c9ae6e0d0e121bc4adb4265,164142652bf5b3032f4e1a8ee54fe2817a3f3b5130635cf04fb641a6e819211d
2026-09-30,INDUSTRY,INDUSTRY:T0403,sector_rs5,-0.0037917528638090614,ACCEPTED,-0.0037917528638090614,172,0,3dd77c68f3f29601b59d09853a70977bfab15f3fba3edeca6737f75ef9d7bcc0,9f7ee99454374db02824b5c9d52e2da89fca30232bc291ddb1f48ef6db84b6c0,2ee46c732cbd9a2d9496fe9e4763efb9a1ab85568c9ae6e0d0e121bc4adb4265,164142652bf5b3032f4e1a8ee54fe2817a3f3b5130635cf04fb641a6e819211d
2026-09-30,INDUSTRY,INDUSTRY:T0403,sector_rs20,-0.0007279133468243715,ACCEPTED,-0.0007279133468243715,172,0,3dd77c68f3f29601b59d09853a70977bfab15f3fba3edeca6737f75ef9d7bcc0,9f7ee99454374db02824b5c9d52e2da89fca30232bc291ddb1f48ef6db84b6c0,2ee46c732cbd9a2d9496fe9e4763efb9a1ab85568c9ae6e0d0e121bc4adb4265,164142652bf5b3032f4e1a8ee54fe2817a3f3b5130635cf04fb641a6e819211d
2026-09-30,INDUSTRY,INDUSTRY:T0403,breadth_ret1,0.7848837209302325,ACCEPTED,0.7848837209302325,172,172,3dd77c68f3f29601b59d09853a70977bfab15f3fba3edeca6737f75ef9d7bcc0,9f7ee99454374db02824b5c9d52e2da89fca30232bc291ddb1f48ef6db84b6c0,2ee46c732cbd9a2d9496fe9e4763efb9a1ab85568c9ae6e0d0e121bc4adb4265,164142652bf5b3032f4e1a8ee54fe2817a3f3b5130635cf04fb641a6e819211d
2026-09-30,INDUSTRY,INDUSTRY:T0403,breadth_ret5,0.436046511627907,ACCEPTED,0.436046511627907,172,172,3dd77c68f3f29601b59d09853a70977bfab15f3fba3edeca6737f75ef9d7bcc0,9f7ee99454374db02824b5c9d52e2da89fca30232bc291ddb1f48ef6db84b6c0,2ee46c732cbd9a2d9496fe9e4763efb9a1ab85568c9ae6e0d0e121bc4adb4265,164142652bf5b3032f4e1a8ee54fe2817a3f3b5130635cf04fb641a6e819211d
2026-09-30,INDUSTRY,INDUSTRY:T0403,breadth_ret20,0.48255813953488375,ACCEPTED,0.48255813953488375,172,172,3dd77c68f3f29601b59d09853a70977bfab15f3fba3edeca6737f75ef9d7bcc0,9f7ee99454374db02824b5c9d52e2da89fca30232bc291ddb1f48ef6db84b6c0,2ee46c732cbd9a2d9496fe9e4763efb9a1ab85568c9ae6e0d0e121bc4adb4265,164142652bf5b3032f4e1a8ee54fe2817a3f3b5130635cf04fb641a6e819211d
2026-09-30,INDUSTRY,INDUSTRY:T0403,ma20_width,0.7383720930232558,ACCEPTED,0.7383720930232558,172,172,3dd77c68f3f29601b59d09853a70977bfab15f3fba3edeca6737f75ef9d7bcc0,9f7ee99454374db02824b5c9d52e2da89fca30232bc291ddb1f48ef6db84b6c0,2ee46c732cbd9a2d9496fe9e4763efb9a1ab85568c9ae6e0d0e121bc4adb4265,164142652bf5b3032f4e1a8ee54fe2817a3f3b5130635cf04fb641a6e819211d
2026-09-30,INDUSTRY,INDUSTRY:T0404,sector_rs1,-0.003569293076108815,ACCEPTED,-0.003569293076108815,68,0,3dd77c68f3f29601b59d09853a70977bfab15f3fba3edeca6737f75ef9d7bcc0,9f7ee99454374db02824b5c9d52e2da89fca30232bc291ddb1f48ef6db84b6c0,2ee46c732cbd9a2d9496fe9e4763efb9a1ab85568c9ae6e0d0e121bc4adb4265,164142652bf5b3032f4e1a8ee54fe2817a3f3b5130635cf04fb641a6e819211d
2026-09-30,INDUSTRY,INDUSTRY:T0404,sector_rs5,-0.029148475291529585,ACCEPTED,-0.029148475291529585,68,0,3dd77c68f3f29601b59d09853a70977bfab15f3fba3edeca6737f75ef9d7bcc0,9f7ee99454374db02824b5c9d52e2da89fca30232bc291ddb1f48ef6db84b6c0,2ee46c732cbd9a2d9496fe9e4763efb9a1ab85568c9ae6e0d0e121bc4adb4265,164142652bf5b3032f4e1a8ee54fe2817a3f3b5130635cf04fb641a6e819211d
2026-09-30,INDUSTRY,INDUSTRY:T0404,sector_rs20,-0.01338532094757855,ACCEPTED,-0.01338532094757855,68,0,3dd77c68f3f29601b59d09853a70977bfab15f3fba3edeca6737f75ef9d7bcc0,9f7ee99454374db02824b5c9d52e2da89fca30232bc291ddb1f48ef6db84b6c0,2ee46c732cbd9a2d9496fe9e4763efb9a1ab85568c9ae6e0d0e121bc4adb4265,164142652bf5b3032f4e1a8ee54fe2817a3f3b5130635cf04fb641a6e819211d
2026-09-30,INDUSTRY,INDUSTRY:T0404,breadth_ret1,0.38235294117647056,ACCEPTED,0.38235294117647056,68,68,3dd77c68f3f29601b59d09853a70977bfab15f3fba3edeca6737f75ef9d7bcc0,9f7ee99454374db02824b5c9d52e2da89fca30232bc291ddb1f48ef6db84b6c0,2ee46c732cbd9a2d9496fe9e4763efb9a1ab85568c9ae6e0d0e121bc4adb4265,164142652bf5b3032f4e1a8ee54fe2817a3f3b5130635cf04fb641a6e819211d
2026-09-30,INDUSTRY,INDUSTRY:T0404,breadth_ret5,0.2647058823529412,ACCEPTED,0.2647058823529412,68,68,3dd77c68f3f29601b59d09853a70977bfab15f3fba3edeca6737f75ef9d7bcc0,9f7ee99454374db02824b5c9d52e2da89fca30232bc291ddb1f48ef6db84b6c0,2ee46c732cbd9a2d9496fe9e4763efb9a1ab85568c9ae6e0d0e121bc4adb4265,164142652bf5b3032f4e1a8ee54fe2817a3f3b5130635cf04fb641a6e819211d
2026-09-30,INDUSTRY,INDUSTRY:T0404,breadth_ret20,0.39705882352941174,ACCEPTED,0.39705882352941174,68,68,3dd77c68f3f29601b59d09853a70977bfab15f3fba3edeca6737f75ef9d7bcc0,9f7ee99454374db02824b5c9d52e2da89fca30232bc291ddb1f48ef6db84b6c0,2ee46c732cbd9a2d9496fe9e4763efb9a1ab85568c9ae6e0d0e121bc4adb4265,164142652bf5b3032f4e1a8ee54fe2817a3f3b5130635cf04fb641a6e819211d
2026-09-30,INDUSTRY,INDUSTRY:T0404,ma20_width,0.4411764705882353,ACCEPTED,0.4411764705882353,68,68,3dd77c68f3f29601b59d09853a70977bfab15f3fba3edeca6737f75ef9d7bcc0,9f7ee99454374db02824b5c9d52e2da89fca30232bc291ddb1f48ef6db84b6c0,2ee46c732cbd9a2d9496fe9e4763efb9a1ab85568c9ae6e0d0e121bc4adb4265,164142652bf5b3032f4e1a8ee54fe2817a3f3b5130635cf04fb641a6e819211d
2026-09-30,INDUSTRY,INDUSTRY:T040501,sector_rs1,0.01844206343401844,ACCEPTED,0.01844206343401844,140,0,3dd77c68f3f29601b59d09853a70977bfab15f3fba3edeca6737f75ef9d7bcc0,9f7ee99454374db02824b5c9d52e2da89fca30232bc291ddb1f48ef6db84b6c0,2ee46c732cbd9a2d9496fe9e4763efb9a1ab85568c9ae6e0d0e121bc4adb4265,164142652bf5b3032f4e1a8ee54fe2817a3f3b5130635cf04fb641a6e819211d
2026-09-30,INDUSTRY,INDUSTRY:T040501,sector_rs5,-0.0059982839010174205,ACCEPTED,-0.0059982839010174205,140,0,3dd77c68f3f29601b59d09853a70977bfab15f3fba3edeca6737f75ef9d7bcc0,9f7ee99454374db02824b5c9d52e2da89fca30232bc291ddb1f48ef6db84b6c0,2ee46c732cbd9a2d9496fe9e4763efb9a1ab85568c9ae6e0d0e121bc4adb4265,164142652bf5b3032f4e1a8ee54fe2817a3f3b5130635cf04fb641a6e819211d
2026-09-30,INDUSTRY,INDUSTRY:T040501,sector_rs20,0.00576872946668594,ACCEPTED,0.00576872946668594,140,0,3dd77c68f3f29601b59d09853a70977bfab15f3fba3edeca6737f75ef9d7bcc0,9f7ee99454374db02824b5c9d52e2da89fca30232bc291ddb1f48ef6db84b6c0,2ee46c732cbd9a2d9496fe9e4763efb9a1ab85568c9ae6e0d0e121bc4adb4265,164142652bf5b3032f4e1a8ee54fe2817a3f3b5130635cf04fb641a6e819211d
2026-09-30,INDUSTRY,INDUSTRY:T040501,breadth_ret1,0.8623188405797102,ACCEPTED,0.8623188405797102,140,138,3dd77c68f3f29601b59d09853a70977bfab15f3fba3edeca6737f75ef9d7bcc0,9f7ee99454374db02824b5c9d52e2da89fca30232bc291ddb1f48ef6db84b6c0,2ee46c732cbd9a2d9496fe9e4763efb9a1ab85568c9ae6e0d0e121bc4adb4265,164142652bf5b3032f4e1a8ee54fe2817a3f3b5130635cf04fb641a6e819211d
2026-09-30,INDUSTRY,INDUSTRY:T040501,breadth_ret5,0.391304347826087,ACCEPTED,0.391304347826087,140,138,3dd77c68f3f29601b59d09853a70977bfab15f3fba3edeca6737f75ef9d7bcc0,9f7ee99454374db02824b5c9d52e2da89fca30232bc291ddb1f48ef6db84b6c0,2ee46c732cbd9a2d9496fe9e4763efb9a1ab85568c9ae6e0d0e121bc4adb4265,164142652bf5b3032f4e1a8ee54fe2817a3f3b5130635cf04fb641a6e819211d
2026-09-30,INDUSTRY,INDUSTRY:T040501,breadth_ret20,0.5144927536231884,ACCEPTED,0.5144927536231884,140,138,3dd77c68f3f29601b59d09853a70977bfab15f3fba3edeca6737f75ef9d7bcc0,9f7ee99454374db02824b5c9d52e2da89fca30232bc291ddb1f48ef6db84b6c0,2ee46c732cbd9a2d9496fe9e4763efb9a1ab85568c9ae6e0d0e121bc4adb4265,164142652bf5b3032f4e1a8ee54fe2817a3f3b5130635cf04fb641a6e819211d
2026-09-30,INDUSTRY,INDUSTRY:T040501,ma20_width,0.717391304347826,ACCEPTED,0.717391304347826,140,138,3dd77c68f3f29601b59d09853a70977bfab15f3fba3edeca6737f75ef9d7bcc0,9f7ee99454374db02824b5c9d52e2da89fca30232bc291ddb1f48ef6db84b6c0,2ee46c732cbd9a2d9496fe9e4763efb9a1ab85568c9ae6e0d0e121bc4adb4265,164142652bf5b3032f4e1a8ee54fe2817a3f3b5130635cf04fb641a6e819211d
2026-09-30,INDUSTRY,INDUSTRY:T040502,sector_rs1,0.032686008408144174,ACCEPTED,0.032686008408144174,78,0,3dd77c68f3f29601b59d09853a70977bfab15f3fba3edeca6737f75ef9d7bcc0,9f7ee99454374db02824b5c9d52e2da89fca30232bc291ddb1f48ef6db84b6c0,2ee46c732cbd9a2d9496fe9e4763efb9a1ab85568c9ae6e0d0e121bc4adb4265,164142652bf5b3032f4e1a8ee54fe2817a3f3b5130635cf04fb641a6e819211d
2026-09-30,INDUSTRY,INDUSTRY:T040502,sector_rs5,0.0022015614455980215,ACCEPTED,0.0022015614455980215,78,0,3dd77c68f3f29601b59d09853a70977bfab15f3fba3edeca6737f75ef9d7bcc0,9f7ee99454374db02824b5c9d52e2da89fca30232bc291ddb1f48ef6db84b6c0,2ee46c732cbd9a2d9496fe9e4763efb9a1ab85568c9ae6e0d0e121bc4adb4265,164142652bf5b3032f4e1a8ee54fe2817a3f3b5130635cf04fb641a6e819211d
2026-09-30,INDUSTRY,INDUSTRY:T040502,sector_rs20,0.01909854851031323,ACCEPTED,0.01909854851031323,78,0,3dd77c68f3f29601b59d09853a70977bfab15f3fba3edeca6737f75ef9d7bcc0,9f7ee99454374db02824b5c9d52e2da89fca30232bc291ddb1f48ef6db84b6c0,2ee46c732cbd9a2d9496fe9e4763efb9a1ab85568c9ae6e0d0e121bc4adb4265,164142652bf5b3032f4e1a8ee54fe2817a3f3b5130635cf04fb641a6e819211d
2026-09-30,INDUSTRY,INDUSTRY:T040502,breadth_ret1,0.9615384615384616,ACCEPTED,0.9615384615384616,78,78,3dd77c68f3f29601b59d09853a70977bfab15f3fba3edeca6737f75ef9d7bcc0,9f7ee99454374db02824b5c9d52e2da89fca30232bc291ddb1f48ef6db84b6c0,2ee46c732cbd9a2d9496fe9e4763efb9a1ab85568c9ae6e0d0e121bc4adb4265,164142652bf5b3032f4e1a8ee54fe2817a3f3b5130635cf04fb641a6e819211d
2026-09-30,INDUSTRY,INDUSTRY:T040502,breadth_ret5,0.5256410256410257,ACCEPTED,0.5256410256410257,78,78,3dd77c68f3f29601b59d09853a70977bfab15f3fba3edeca6737f75ef9d7bcc0,9f7ee99454374db02824b5c9d52e2da89fca30232bc291ddb1f48ef6db84b6c0,2ee46c732cbd9a2d9496fe9e4763efb9a1ab85568c9ae6e0d0e121bc4adb4265,164142652bf5b3032f4e1a8ee54fe2817a3f3b5130635cf04fb641a6e819211d
2026-09-30,INDUSTRY,INDUSTRY:T040502,breadth_ret20,0.6103896103896104,ACCEPTED,0.6103896103896104,78,77,3dd77c68f3f29601b59d09853a70977bfab15f3fba3edeca6737f75ef9d7bcc0,9f7ee99454374db02824b5c9d52e2da89fca30232bc291ddb1f48ef6db84b6c0,2ee46c732cbd9a2d9496fe9e4763efb9a1ab85568c9ae6e0d0e121bc4adb4265,164142652bf5b3032f4e1a8ee54fe2817a3f3b5130635cf04fb641a6e819211d
2026-09-30,INDUSTRY,INDUSTRY:T040502,ma20_width,0.7792207792207793,ACCEPTED,0.7792207792207793,78,77,3dd77c68f3f29601b59d09853a70977bfab15f3fba3edeca6737f75ef9d7bcc0,9f7ee99454374db02824b5c9d52e2da89fca30232bc291ddb1f48ef6db84b6c0,2ee46c732cbd9a2d9496fe9e4763efb9a1ab85568c9ae6e0d0e121bc4adb4265,164142652bf5b3032f4e1a8ee54fe2817a3f3b5130635cf04fb641a6e819211d
2026-09-30,INDUSTRY,INDUSTRY:T040503,sector_rs1,0.012724602640688087,ACCEPTED,0.012724602640688087,66,0,3dd77c68f3f29601b59d09853a70977bfab15f3fba3edeca6737f75ef9d7bcc0,9f7ee99454374db02824b5c9d52e2da89fca30232bc291ddb1f48ef6db84b6c0,2ee46c732cbd9a2d9496fe9e4763efb9a1ab85568c9ae6e0d0e121bc4adb4265,164142652bf5b3032f4e1a8ee54fe2817a3f3b5130635cf04fb641a6e819211d
2026-09-30,INDUSTRY,INDUSTRY:T040503,sector_rs5,-0.010132252221386862,ACCEPTED,-0.010132252221386862,66,0,3dd77c68f3f29601b59d09853a70977bfab15f3fba3edeca6737f75ef9d7bcc0,9f7ee99454374db02824b5c9d52e2da89fca30232bc291ddb1f48ef6db84b6c0,2ee46c732cbd9a2d9496fe9e4763efb9a1ab85568c9ae6e0d0e121bc4adb4265,164142652bf5b3032f4e1a8ee54fe2817a3f3b5130635cf04fb641a6e819211d
2026-09-30,INDUSTRY,INDUSTRY:T040503,sector_rs20,-0.0381515197486163,ACCEPTED,-0.0381515197486163,66,0,3dd77c68f3f29601b59d09853a70977bfab15f3fba3edeca6737f75ef9d7bcc0,9f7ee99454374db02824b5c9d52e2da89fca30232bc291ddb1f48ef6db84b6c0,2ee46c732cbd9a2d9496fe9e4763efb9a1ab85568c9ae6e0d0e121bc4adb4265,164142652bf5b3032f4e1a8ee54fe2817a3f3b5130635cf04fb641a6e819211d
2026-09-30,INDUSTRY,INDUSTRY:T040503,breadth_ret1,0.803030303030303,ACCEPTED,0.803030303030303,66,66,3dd77c68f3f29601b59d09853a70977bfab15f3fba3edeca6737f75ef9d7bcc0,9f7ee99454374db02824b5c9d52e2da89fca30232bc291ddb1f48ef6db84b6c0,2ee46c732cbd9a2d9496fe9e4763efb9a1ab85568c9ae6e0d0e121bc4adb4265,164142652bf5b3032f4e1a8ee54fe2817a3f3b5130635cf04fb641a6e819211d
2026-09-30,INDUSTRY,INDUSTRY:T040503,breadth_ret5,0.24242424242424243,ACCEPTED,0.24242424242424243,66,66,3dd77c68f3f29601b59d09853a70977bfab15f3fba3edeca6737f75ef9d7bcc0,9f7ee99454374db02824b5c9d52e2da89fca30232bc291ddb1f48ef6db84b6c0,2ee46c732cbd9a2d9496fe9e4763efb9a1ab85568c9ae6e0d0e121bc4adb4265,164142652bf5b3032f4e1a8ee54fe2817a3f3b5130635cf04fb641a6e819211d
2026-09-30,INDUSTRY,INDUSTRY:T040503,breadth_ret20,0.13636363636363635,ACCEPTED,0.13636363636363635,66,66,3dd77c68f3f29601b59d09853a70977bfab15f3fba3edeca6737f75ef9d7bcc0,9f7ee99454374db02824b5c9d52e2da89fca30232bc291ddb1f48ef6db84b6c0,2ee46c732cbd9a2d9496fe9e4763efb9a1ab85568c9ae6e0d0e121bc4adb4265,164142652bf5b3032f4e1a8ee54fe2817a3f3b5130635cf04fb641a6e819211d
2026-09-30,INDUSTRY,INDUSTRY:T040503,ma20_width,0.3939393939393939,ACCEPTED,0.3939393939393939,66,66,3dd77c68f3f29601b59d09853a70977bfab15f3fba3edeca6737f75ef9d7bcc0,9f7ee99454374db02824b5c9d52e2da89fca30232bc291ddb1f48ef6db84b6c0,2ee46c732cbd9a2d9496fe9e4763efb9a1ab85568c9ae6e0d0e121bc4adb4265,164142652bf5b3032f4e1a8ee54fe2817a3f3b5130635cf04fb641a6e819211d
2026-09-30,INDUSTRY,INDUSTRY:T050101,sector_rs1,0.005660377358490676,ACCEPTED,0.005660377358490676,35,0,3dd77c68f3f29601b59d09853a70977bfab15f3fba3edeca6737f75ef9d7bcc0,9f7ee99454374db02824b5c9d52e2da89fca30232bc291ddb1f48ef6db84b6c0,2ee46c732cbd9a2d9496fe9e4763efb9a1ab85568c9ae6e0d0e121bc4adb4265,164142652bf5b3032f4e1a8ee54fe2817a3f3b5130635cf04fb641a6e819211d
2026-09-30,INDUSTRY,INDUSTRY:T050101,sector_rs5,-0.016605166051660514,ACCEPTED,-0.016605166051660514,35,0,3dd77c68f3f29601b59d09853a70977bfab15f3fba3edeca6737f75ef9d7bcc0,9f7ee99454374db02824b5c9d52e2da89fca30232bc291ddb1f48ef6db84b6c0,2ee46c732cbd9a2d9496fe9e4763efb9a1ab85568c9ae6e0d0e121bc4adb4265,164142652bf5b3032f4e1a8ee54fe2817a3f3b5130635cf04fb641a6e819211d
2026-09-30,INDUSTRY,INDUSTRY:T050101,sector_rs20,-0.02941176470588225,ACCEPTED,-0.02941176470588225,35,0,3dd77c68f3f29601b59d09853a70977bfab15f3fba3edeca6737f75ef9d7bcc0,9f7ee99454374db02824b5c9d52e2da89fca30232bc291ddb1f48ef6db84b6c0,2ee46c732cbd9a2d9496fe9e4763efb9a1ab85568c9ae6e0d0e121bc4adb4265,164142652bf5b3032f4e1a8ee54fe2817a3f3b5130635cf04fb641a6e819211d
2026-09-30,INDUSTRY,INDUSTRY:T050101,breadth_ret1,0.7142857142857143,ACCEPTED,0.7142857142857143,35,35,3dd77c68f3f29601b59d09853a70977bfab15f3fba3edeca6737f75ef9d7bcc0,9f7ee99454374db02824b5c9d52e2da89fca30232bc291ddb1f48ef6db84b6c0,2ee46c732cbd9a2d9496fe9e4763efb9a1ab85568c9ae6e0d0e121bc4adb4265,164142652bf5b3032f4e1a8ee54fe2817a3f3b5130635cf04fb641a6e819211d
2026-09-30,INDUSTRY,INDUSTRY:T050101,breadth_ret5,0.2,ACCEPTED,0.2,35,35,3dd77c68f3f29601b59d09853a70977bfab15f3fba3edeca6737f75ef9d7bcc0,9f7ee99454374db02824b5c9d52e2da89fca30232bc291ddb1f48ef6db84b6c0,2ee46c732cbd9a2d9496fe9e4763efb9a1ab85568c9ae6e0d0e121bc4adb4265,164142652bf5b3032f4e1a8ee54fe2817a3f3b5130635cf04fb641a6e819211d
2026-09-30,INDUSTRY,INDUSTRY:T050101,breadth_ret20,0.17142857142857143,ACCEPTED,0.17142857142857143,35,35,3dd77c68f3f29601b59d09853a70977bfab15f3fba3edeca6737f75ef9d7bcc0,9f7ee99454374db02824b5c9d52e2da89fca30232bc291ddb1f48ef6db84b6c0,2ee46c732cbd9a2d9496fe9e4763efb9a1ab85568c9ae6e0d0e121bc4adb4265,164142652bf5b3032f4e1a8ee54fe2817a3f3b5130635cf04fb641a6e819211d
2026-09-30,INDUSTRY,INDUSTRY:T050101,ma20_width,0.17142857142857143,ACCEPTED,0.17142857142857143,35,35,3dd77c68f3f29601b59d09853a70977bfab15f3fba3edeca6737f75ef9d7bcc0,9f7ee99454374db02824b5c9d52e2da89fca30232bc291ddb1f48ef6db84b6c0,2ee46c732cbd9a2d9496fe9e4763efb9a1ab85568c9ae6e0d0e121bc4adb4265,164142652bf5b3032f4e1a8ee54fe2817a3f3b5130635cf04fb641a6e819211d
2026-09-30,INDUSTRY,INDUSTRY:T050102,sector_rs1,0.010123747342848599,ACCEPTED,0.010123747342848599,8,0,3dd77c68f3f29601b59d09853a70977bfab15f3fba3edeca6737f75ef9d7bcc0,9f7ee99454374db02824b5c9d52e2da89fca30232bc291ddb1f48ef6db84b6c0,2ee46c732cbd9a2d9496fe9e4763efb9a1ab85568c9ae6e0d0e121bc4adb4265,164142652bf5b3032f4e1a8ee54fe2817a3f3b5130635cf04fb641a6e819211d
2026-09-30,INDUSTRY,INDUSTRY:T050102,sector_rs5,-0.026887346698979186,ACCEPTED,-0.026887346698979186,8,0,3dd77c68f3f29601b59d09853a70977bfab15f3fba3edeca6737f75ef9d7bcc0,9f7ee99454374db02824b5c9d52e2da89fca30232bc291ddb1f48ef6db84b6c0,2ee46c732cbd9a2d9496fe9e4763efb9a1ab85568c9ae6e0d0e121bc4adb4265,164142652bf5b3032f4e1a8ee54fe2817a3f3b5130635cf04fb641a6e819211d
2026-09-30,INDUSTRY,INDUSTRY:T050102,sector_rs20,-0.07451034737620099,ACCEPTED,-0.07451034737620099,8,0,3dd77c68f3f29601b59d09853a70977bfab15f3fba3edeca6737f75ef9d7bcc0,9f7ee99454374db02824b5c9d52e2da89fca30232bc291ddb1f48ef6db84b6c0,2ee46c732cbd9a2d9496fe9e4763efb9a1ab85568c9ae6e0d0e121bc4adb4265,164142652bf5b3032f4e1a8ee54fe2817a3f3b5130635cf04fb641a6e819211d
2026-09-30,INDUSTRY,INDUSTRY:T050102,breadth_ret1,0.875,ACCEPTED,0.875,8,8,3dd77c68f3f29601b59d09853a70977bfab15f3fba3edeca6737f75ef9d7bcc0,9f7ee99454374db02824b5c9d52e2da89fca30232bc291ddb1f48ef6db84b6c0,2ee46c732cbd9a2d9496fe9e4763efb9a1ab85568c9ae6e0d0e121bc4adb4265,164142652bf5b3032f4e1a8ee54fe2817a3f3b5130635cf04fb641a6e819211d
2026-09-30,INDUSTRY,INDUSTRY:T050102,breadth_ret5,0.25,ACCEPTED,0.25,8,8,3dd77c68f3f29601b59d09853a70977bfab15f3fba3edeca6737f75ef9d7bcc0,9f7ee99454374db02824b5c9d52e2da89fca30232bc291ddb1f48ef6db84b6c0,2ee46c732cbd9a2d9496fe9e4763efb9a1ab85568c9ae6e0d0e121bc4adb4265,164142652bf5b3032f4e1a8ee54fe2817a3f3b5130635cf04fb641a6e819211d
2026-09-30,INDUSTRY,INDUSTRY:T050102,breadth_ret20,0.125,ACCEPTED,0.125,8,8,3dd77c68f3f29601b59d09853a70977bfab15f3fba3edeca6737f75ef9d7bcc0,9f7ee99454374db02824b5c9d52e2da89fca30232bc291ddb1f48ef6db84b6c0,2ee46c732cbd9a2d9496fe9e4763efb9a1ab85568c9ae6e0d0e121bc4adb4265,164142652bf5b3032f4e1a8ee54fe2817a3f3b5130635cf04fb641a6e819211d
2026-09-30,INDUSTRY,INDUSTRY:T050102,ma20_width,0.25,ACCEPTED,0.25,8,8,3dd77c68f3f29601b59d09853a70977bfab15f3fba3edeca6737f75ef9d7bcc0,9f7ee99454374db02824b5c9d52e2da89fca30232bc291ddb1f48ef6db84b6c0,2ee46c732cbd9a2d9496fe9e4763efb9a1ab85568c9ae6e0d0e121bc4adb4265,164142652bf5b3032f4e1a8ee54fe2817a3f3b5130635cf04fb641a6e819211d
2026-09-30,INDUSTRY,INDUSTRY:T050103,sector_rs1,0.008842208109428373,ACCEPTED,0.008842208109428373,2,0,3dd77c68f3f29601b59d09853a70977bfab15f3fba3edeca6737f75ef9d7bcc0,9f7ee99454374db02824b5c9d52e2da89fca30232bc291ddb1f48ef6db84b6c0,2ee46c732cbd9a2d9496fe9e4763efb9a1ab85568c9ae6e0d0e121bc4adb4265,164142652bf5b3032f4e1a8ee54fe2817a3f3b5130635cf04fb641a6e819211d
2026-09-30,INDUSTRY,INDUSTRY:T050103,sector_rs5,-0.017816299506440314,ACCEPTED,-0.017816299506440314,2,0,3dd77c68f3f29601b59d09853a70977bfab15f3fba3edeca6737f75ef9d7bcc0,9f7ee99454374db02824b5c9d52e2da89fca30232bc291ddb1f48ef6db84b6c0,2ee46c732cbd9a2d9496fe9e4763efb9a1ab85568c9ae6e0d0e121bc4adb4265,164142652bf5b3032f4e1a8ee54fe2817a3f3b5130635cf04fb641a6e819211d
2026-09-30,INDUSTRY,INDUSTRY:T050103,sector_rs20,-0.04489670868347334,ACCEPTED,-0.04489670868347334,2,0,3dd77c68f3f29601b59d09853a70977bfab15f3fba3edeca6737f75ef9d7bcc0,9f7ee99454374db02824b5c9d52e2da89fca30232bc291ddb1f48ef6db84b6c0,2ee46c732cbd9a2d9496fe9e4763efb9a1ab85568c9ae6e0d0e121bc4adb4265,164142652bf5b3032f4e1a8ee54fe2817a3f3b5130635cf04fb641a6e819211d
2026-09-30,INDUSTRY,INDUSTRY:T050103,breadth_ret1,1.0,ACCEPTED,1.0,2,2,3dd77c68f3f29601b59d09853a70977bfab15f3fba3edeca6737f75ef9d7bcc0,9f7ee99454374db02824b5c9d52e2da89fca30232bc291ddb1f48ef6db84b6c0,2ee46c732cbd9a2d9496fe9e4763efb9a1ab85568c9ae6e0d0e121bc4adb4265,164142652bf5b3032f4e1a8ee54fe2817a3f3b5130635cf04fb641a6e819211d
2026-09-30,INDUSTRY,INDUSTRY:T050103,breadth_ret5,0.0,ACCEPTED,0.0,2,2,3dd77c68f3f29601b59d09853a70977bfab15f3fba3edeca6737f75ef9d7bcc0,9f7ee99454374db02824b5c9d52e2da89fca30232bc291ddb1f48ef6db84b6c0,2ee46c732cbd9a2d9496fe9e4763efb9a1ab85568c9ae6e0d0e121bc4adb4265,164142652bf5b3032f4e1a8ee54fe2817a3f3b5130635cf04fb641a6e819211d
2026-09-30,INDUSTRY,INDUSTRY:T050103,breadth_ret20,0.0,ACCEPTED,0.0,2,2,3dd77c68f3f29601b59d09853a70977bfab15f3fba3edeca6737f75ef9d7bcc0,9f7ee99454374db02824b5c9d52e2da89fca30232bc291ddb1f48ef6db84b6c0,2ee46c732cbd9a2d9496fe9e4763efb9a1ab85568c9ae6e0d0e121bc4adb4265,164142652bf5b3032f4e1a8ee54fe2817a3f3b5130635cf04fb641a6e819211d
2026-09-30,INDUSTRY,INDUSTRY:T050103,ma20_width,0.0,ACCEPTED,0.0,2,2,3dd77c68f3f29601b59d09853a70977bfab15f3fba3edeca6737f75ef9d7bcc0,9f7ee99454374db02824b5c9d52e2da89fca30232bc291ddb1f48ef6db84b6c0,2ee46c732cbd9a2d9496fe9e4763efb9a1ab85568c9ae6e0d0e121bc4adb4265,164142652bf5b3032f4e1a8ee54fe2817a3f3b5130635cf04fb641a6e819211d
2026-09-30,INDUSTRY,INDUSTRY:T050104,sector_rs1,0.011389521640091216,ACCEPTED,0.011389521640091216,37,0,3dd77c68f3f29601b59d09853a70977bfab15f3fba3edeca6737f75ef9d7bcc0,9f7ee99454374db02824b5c9d52e2da89fca30232bc291ddb1f48ef6db84b6c0,2ee46c732cbd9a2d9496fe9e4763efb9a1ab85568c9ae6e0d0e121bc4adb4265,164142652bf5b3032f4e1a8ee54fe2817a3f3b5130635cf04fb641a6e819211d
2026-09-30,INDUSTRY,INDUSTRY:T050104,sector_rs5,-0.010033444816053616,ACCEPTED,-0.010033444816053616,37,0,3dd77c68f3f29601b59d09853a70977bfab15f3fba3edeca6737f75ef9d7bcc0,9f7ee99454374db02824b5c9d52e2da89fca30232bc291ddb1f48ef6db84b6c0,2ee46c732cbd9a2d9496fe9e4763efb9a1ab85568c9ae6e0d0e121bc4adb4265,164142652bf5b3032f4e1a8ee54fe2817a3f3b5130635cf04fb641a6e819211d
2026-09-30,INDUSTRY,INDUSTRY:T050104,sector_rs20,-0.020270270270270285,ACCEPTED,-0.020270270270270285,37,0,3dd77c68f3f29601b59d09853a70977bfab15f3fba3edeca6737f75ef9d7bcc0,9f7ee99454374db02824b5c9d52e2da89fca30232bc291ddb1f48ef6db84b6c0,2ee46c732cbd9a2d9496fe9e4763efb9a1ab85568c9ae6e0d0e121bc4adb4265,164142652bf5b3032f4e1a8ee54fe2817a3f3b5130635cf04fb641a6e819211d
2026-09-30,INDUSTRY,INDUSTRY:T050104,breadth_ret1,0.8108108108108109,ACCEPTED,0.8108108108108109,37,37,3dd77c68f3f29601b59d09853a70977bfab15f3fba3edeca6737f75ef9d7bcc0,9f7ee99454374db02824b5c9d52e2da89fca30232bc291ddb1f48ef6db84b6c0,2ee46c732cbd9a2d9496fe9e4763efb9a1ab85568c9ae6e0d0e121bc4adb4265,164142652bf5b3032f4e1a8ee54fe2817a3f3b5130635cf04fb641a6e819211d
2026-09-30,INDUSTRY,INDUSTRY:T050104,breadth_ret5,0.32432432432432434,ACCEPTED,0.32432432432432434,37,37,3dd77c68f3f29601b59d09853a70977bfab15f3fba3edeca6737f75ef9d7bcc0,9f7ee99454374db02824b5c9d52e2da89fca30232bc291ddb1f48ef6db84b6c0,2ee46c732cbd9a2d9496fe9e4763efb9a1ab85568c9ae6e0d0e121bc4adb4265,164142652bf5b3032f4e1a8ee54fe2817a3f3b5130635cf04fb641a6e819211d
2026-09-30,INDUSTRY,INDUSTRY:T050104,breadth_ret20,0.2702702702702703,ACCEPTED,0.2702702702702703,37,37,3dd77c68f3f29601b59d09853a70977bfab15f3fba3edeca6737f75ef9d7bcc0,9f7ee99454374db02824b5c9d52e2da89fca30232bc291ddb1f48ef6db84b6c0,2ee46c732cbd9a2d9496fe9e4763efb9a1ab85568c9ae6e0d0e121bc4adb4265,164142652bf5b3032f4e1a8ee54fe2817a3f3b5130635cf04fb641a6e819211d
2026-09-30,INDUSTRY,INDUSTRY:T050104,ma20_width,0.4864864864864865,ACCEPTED,0.4864864864864865,37,37,3dd77c68f3f29601b59d09853a70977bfab15f3fba3edeca6737f75ef9d7bcc0,9f7ee99454374db02824b5c9d52e2da89fca30232bc291ddb1f48ef6db84b6c0,2ee46c732cbd9a2d9496fe9e4763efb9a1ab85568c9ae6e0d0e121bc4adb4265,164142652bf5b3032f4e1a8ee54fe2817a3f3b5130635cf04fb641a6e819211d
2026-09-30,INDUSTRY,INDUSTRY:T050105,sector_rs1,0.0040431266846361336,ACCEPTED,0.0040431266846361336,12,0,3dd77c68f3f29601b59d09853a70977bfab15f3fba3edeca6737f75ef9d7bcc0,9f7ee99454374db02824b5c9d52e2da89fca30232bc291ddb1f48ef6db84b6c0,2ee46c732cbd9a2d9496fe9e4763efb9a1ab85568c9ae6e0d0e121bc4adb4265,164142652bf5b3032f4e1a8ee54fe2817a3f3b5130635cf04fb641a6e819211d
2026-09-30,INDUSTRY,INDUSTRY:T050105,sector_rs5,-0.018617758477316892,ACCEPTED,-0.018617758477316892,12,0,3dd77c68f3f29601b59d09853a70977bfab15f3fba3edeca6737f75ef9d7bcc0,9f7ee99454374db02824b5c9d52e2da89fca30232bc291ddb1f48ef6db84b6c0,2ee46c732cbd9a2d9496fe9e4763efb9a1ab85568c9ae6e0d0e121bc4adb4265,164142652bf5b3032f4e1a8ee54fe2817a3f3b5130635cf04fb641a6e819211d
2026-09-30,INDUSTRY,INDUSTRY:T050105,sector_rs20,-0.005886820755112099,ACCEPTED,-0.005886820755112099,12,0,3dd77c68f3f29601b59d09853a70977bfab15f3fba3edeca6737f75ef9d7bcc0,9f7ee99454374db02824b5c9d52e2da89fca30232bc291ddb1f48ef6db84b6c0,2ee46c732cbd9a2d9496fe9e4763efb9a1ab85568c9ae6e0d0e121bc4adb4265,164142652bf5b3032f4e1a8ee54fe2817a3f3b5130635cf04fb641a6e819211d
2026-09-30,INDUSTRY,INDUSTRY:T050105,breadth_ret1,0.5,ACCEPTED,0.5,12,12,3dd77c68f3f29601b59d09853a70977bfab15f3fba3edeca6737f75ef9d7bcc0,9f7ee99454374db02824b5c9d52e2da89fca30232bc291ddb1f48ef6db84b6c0,2ee46c732cbd9a2d9496fe9e4763efb9a1ab85568c9ae6e0d0e121bc4adb4265,164142652bf5b3032f4e1a8ee54fe2817a3f3b5130635cf04fb641a6e819211d
2026-09-30,INDUSTRY,INDUSTRY:T050105,breadth_ret5,0.25,ACCEPTED,0.25,12,12,3dd77c68f3f29601b59d09853a70977bfab15f3fba3edeca6737f75ef9d7bcc0,9f7ee99454374db02824b5c9d52e2da89fca30232bc291ddb1f48ef6db84b6c0,2ee46c732cbd9a2d9496fe9e4763efb9a1ab85568c9ae6e0d0e121bc4adb4265,164142652bf5b3032f4e1a8ee54fe2817a3f3b5130635cf04fb641a6e819211d
2026-09-30,INDUSTRY,INDUSTRY:T050105,breadth_ret20,0.25,ACCEPTED,0.25,12,12,3dd77c68f3f29601b59d09853a70977bfab15f3fba3edeca6737f75ef9d7bcc0,9f7ee99454374db02824b5c9d52e2da89fca30232bc291ddb1f48ef6db84b6c0,2ee46c732cbd9a2d9496fe9e4763efb9a1ab85568c9ae6e0d0e121bc4adb4265,164142652bf5b3032f4e1a8ee54fe2817a3f3b5130635cf04fb641a6e819211d
2026-09-30,INDUSTRY,INDUSTRY:T050105,ma20_width,0.5,ACCEPTED,0.5,12,12,3dd77c68f3f29601b59d09853a70977bfab15f3fba3edeca6737f75ef9d7bcc0,9f7ee99454374db02824b5c9d52e2da89fca30232bc291ddb1f48ef6db84b6c0,2ee46c732cbd9a2d9496fe9e4763efb9a1ab85568c9ae6e0d0e121bc4adb4265,164142652bf5b3032f4e1a8ee54fe2817a3f3b5130635cf04fb641a6e819211d
2026-09-30,INDUSTRY,INDUSTRY:T050106,sector_rs1,0.006609589041095876,ACCEPTED,0.006609589041095876,4,0,3dd77c68f3f29601b59d09853a70977bfab15f3fba3edeca6737f75ef9d7bcc0,9f7ee99454374db02824b5c9d52e2da89fca30232bc291ddb1f48ef6db84b6c0,2ee46c732cbd9a2d9496fe9e4763efb9a1ab85568c9ae6e0d0e121bc4adb4265,164142652bf5b3032f4e1a8ee54fe2817a3f3b5130635cf04fb641a6e819211d
2026-09-30,INDUSTRY,INDUSTRY:T050106,sector_rs5,-0.0028403106674729783,ACCEPTED,-0.0028403106674729783,4,0,3dd77c68f3f29601b59d09853a70977bfab15f3fba3edeca6737f75ef9d7bcc0,9f7ee99454374db02824b5c9d52e2da89fca30232bc291ddb1f48ef6db84b6c0,2ee46c732cbd9a2d9496fe9e4763efb9a1ab85568c9ae6e0d0e121bc4adb4265,164142652bf5b3032f4e1a8ee54fe2817a3f3b5130635cf04fb641a6e819211d
2026-09-30,INDUSTRY,INDUSTRY:T050106,sector_rs20,0.0031659929048757363,ACCEPTED,0.0031659929048757363,4,0,3dd77c68f3f29601b59d09853a70977bfab15f3fba3edeca6737f75ef9d7bcc0,9f7ee99454374db02824b5c9d52e2da89fca30232bc291ddb1f48ef6db84b6c0,2ee46c732cbd9a2d9496fe9e4763efb9a1ab85568c9ae6e0d0e121bc4adb4265,164142652bf5b3032f4e1a8ee54fe2817a3f3b5130635cf04fb641a6e819211d
2026-09-30,INDUSTRY,INDUSTRY:T050106,breadth_ret1,0.75,ACCEPTED,0.75,4,4,3dd77c68f3f29601b59d09853a70977bfab15f3fba3edeca6737f75ef9d7bcc0,9f7ee99454374db02824b5c9d52e2da89fca30232bc291ddb1f48ef6db84b6c0,2ee46c732cbd9a2d9496fe9e4763efb9a1ab85568c9ae6e0d0e121bc4adb4265,164142652bf5b3032f4e1a8ee54fe2817a3f3b5130635cf04fb641a6e819211d
2026-09-30,INDUSTRY,INDUSTRY:T050106,breadth_ret5,0.5,ACCEPTED,0.5,4,4,3dd77c68f3f29601b59d09853a70977bfab15f3fba3edeca6737f75ef9d7bcc0,9f7ee99454374db02824b5c9d52e2da89fca30232bc291ddb1f48ef6db84b6c0,2ee46c732cbd9a2d9496fe9e4763efb9a1ab85568c9ae6e0d0e121bc4adb4265,164142652bf5b3032f4e1a8ee54fe2817a3f3b5130635cf04fb641a6e819211d
2026-09-30,INDUSTRY,INDUSTRY:T050106,breadth_ret20,0.5,ACCEPTED,0.5,4,4,3dd77c68f3f29601b59d09853a70977bfab15f3fba3edeca6737f75ef9d7bcc0,9f7ee99454374db02824b5c9d52e2da89fca30232bc291ddb1f48ef6db84b6c0,2ee46c732cbd9a2d9496fe9e4763efb9a1ab85568c9ae6e0d0e121bc4adb4265,164142652bf5b3032f4e1a8ee54fe2817a3f3b5130635cf04fb641a6e819211d
2026-09-30,INDUSTRY,INDUSTRY:T050106,ma20_width,0.5,ACCEPTED,0.5,4,4,3dd77c68f3f29601b59d09853a70977bfab15f3fba3edeca6737f75ef9d7bcc0,9f7ee99454374db02824b5c9d52e2da89fca30232bc291ddb1f48ef6db84b6c0,2ee46c732cbd9a2d9496fe9e4763efb9a1ab85568c9ae6e0d0e121bc4adb4265,164142652bf5b3032f4e1a8ee54fe2817a3f3b5130635cf04fb641a6e819211d
2026-09-30,INDUSTRY,INDUSTRY:T050107,sector_rs1,0.0,ACCEPTED,0.0,5,0,3dd77c68f3f29601b59d09853a70977bfab15f3fba3edeca6737f75ef9d7bcc0,9f7ee99454374db02824b5c9d52e2da89fca30232bc291ddb1f48ef6db84b6c0,2ee46c732cbd9a2d9496fe9e4763efb9a1ab85568c9ae6e0d0e121bc4adb4265,164142652bf5b3032f4e1a8ee54fe2817a3f3b5130635cf04fb641a6e819211d
2026-09-30,INDUSTRY,INDUSTRY:T050107,sector_rs5,-0.017699115044247815,ACCEPTED,-0.017699115044247815,5,0,3dd77c68f3f29601b59d09853a70977bfab15f3fba3edeca6737f75ef9d7bcc0,9f7ee99454374db02824b5c9d52e2da89fca30232bc291ddb1f48ef6db84b6c0,2ee46c732cbd9a2d9496fe9e4763efb9a1ab85568c9ae6e0d0e121bc4adb4265,164142652bf5b3032f4e1a8ee54fe2817a3f3b5130635cf04fb641a6e819211d
2026-09-30,INDUSTRY,INDUSTRY:T050107,sector_rs20,-0.04504504504504503,ACCEPTED,-0.04504504504504503,5,0,3dd77c68f3f29601b59d09853a70977bfab15f3fba3edeca6737f75ef9d7bcc0,9f7ee99454374db02824b5c9d52e2da89fca30232bc291ddb1f48ef6db84b6c0,2ee46c732cbd9a2d9496fe9e4763efb9a1ab85568c9ae6e0d0e121bc4adb4265,164142652bf5b3032f4e1a8ee54fe2817a3f3b5130635cf04fb641a6e819211d
2026-09-30,INDUSTRY,INDUSTRY:T050107,breadth_ret1,0.4,ACCEPTED,0.4,5,5,3dd77c68f3f29601b59d09853a70977bfab15f3fba3edeca6737f75ef9d7bcc0,9f7ee99454374db02824b5c9d52e2da89fca30232bc291ddb1f48ef6db84b6c0,2ee46c732cbd9a2d9496fe9e4763efb9a1ab85568c9ae6e0d0e121bc4adb4265,164142652bf5b3032f4e1a8ee54fe2817a3f3b5130635cf04fb641a6e819211d
2026-09-30,INDUSTRY,INDUSTRY:T050107,breadth_ret5,0.2,ACCEPTED,0.2,5,5,3dd77c68f3f29601b59d09853a70977bfab15f3fba3edeca6737f75ef9d7bcc0,9f7ee99454374db02824b5c9d52e2da89fca30232bc291ddb1f48ef6db84b6c0,2ee46c732cbd9a2d9496fe9e4763efb9a1ab85568c9ae6e0d0e121bc4adb4265,164142652bf5b3032f4e1a8ee54fe2817a3f3b5130635cf04fb641a6e819211d
2026-09-30,INDUSTRY,INDUSTRY:T050107,breadth_ret20,0.2,ACCEPTED,0.2,5,5,3dd77c68f3f29601b59d09853a70977bfab15f3fba3edeca6737f75ef9d7bcc0,9f7ee99454374db02824b5c9d52e2da89fca30232bc291ddb1f48ef6db84b6c0,2ee46c732cbd9a2d9496fe9e4763efb9a1ab85568c9ae6e0d0e121bc4adb4265,164142652bf5b3032f4e1a8ee54fe2817a3f3b5130635cf04fb641a6e819211d
2026-09-30,INDUSTRY,INDUSTRY:T050107,ma20_width,0.2,ACCEPTED,0.2,5,5,3dd77c68f3f29601b59d09853a70977bfab15f3fba3edeca6737f75ef9d7bcc0,9f7ee99454374db02824b5c9d52e2da89fca30232bc291ddb1f48ef6db84b6c0,2ee46c732cbd9a2d9496fe9e4763efb9a1ab85568c9ae6e0d0e121bc4adb4265,164142652bf5b3032f4e1a8ee54fe2817a3f3b5130635cf04fb641a6e819211d
2026-09-30,INDUSTRY,INDUSTRY:T0502,sector_rs1,0.0,ACCEPTED,0.0,16,0,3dd77c68f3f29601b59d09853a70977bfab15f3fba3edeca6737f75ef9d7bcc0,9f7ee99454374db02824b5c9d52e2da89fca30232bc291ddb1f48ef6db84b6c0,2ee46c732cbd9a2d9496fe9e4763efb9a1ab85568c9ae6e0d0e121bc4adb4265,164142652bf5b3032f4e1a8ee54fe2817a3f3b5130635cf04fb641a6e819211d
2026-09-30,INDUSTRY,INDUSTRY:T0502,sector_rs5,-0.011450359002694366,ACCEPTED,-0.011450359002694366,16,0,3dd77c68f3f29601b59d09853a70977bfab15f3fba3edeca6737f75ef9d7bcc0,9f7ee99454374db02824b5c9d52e2da89fca30232bc291ddb1f48ef6db84b6c0,2ee46c732cbd9a2d9496fe9e4763efb9a1ab85568c9ae6e0d0e121bc4adb4265,164142652bf5b3032f4e1a8ee54fe2817a3f3b5130635cf04fb641a6e819211d
2026-09-30,INDUSTRY,INDUSTRY:T0502,sector_rs20,-0.028488483614418636,ACCEPTED,-0.028488483614418636,16,0,3dd77c68f3f29601b59d09853a70977bfab15f3fba3edeca6737f75ef9d7bcc0,9f7ee99454374db02824b5c9d52e2da89fca30232bc291ddb1f48ef6db84b6c0,2ee46c732cbd9a2d9496fe9e4763efb9a1ab85568c9ae6e0d0e121bc4adb4265,164142652bf5b3032f4e1a8ee54fe2817a3f3b5130635cf04fb641a6e819211d
2026-09-30,INDUSTRY,INDUSTRY:T0502,breadth_ret1,0.4375,ACCEPTED,0.4375,16,16,3dd77c68f3f29601b59d09853a70977bfab15f3fba3edeca6737f75ef9d7bcc0,9f7ee99454374db02824b5c9d52e2da89fca30232bc291ddb1f48ef6db84b6c0,2ee46c732cbd9a2d9496fe9e4763efb9a1ab85568c9ae6e0d0e121bc4adb4265,164142652bf5b3032f4e1a8ee54fe2817a3f3b5130635cf04fb641a6e819211d
2026-09-30,INDUSTRY,INDUSTRY:T0502,breadth_ret5,0.25,ACCEPTED,0.25,16,16,3dd77c68f3f29601b59d09853a70977bfab15f3fba3edeca6737f75ef9d7bcc0,9f7ee99454374db02824b5c9d52e2da89fca30232bc291ddb1f48ef6db84b6c0,2ee46c732cbd9a2d9496fe9e4763efb9a1ab85568c9ae6e0d0e121bc4adb4265,164142652bf5b3032f4e1a8ee54fe2817a3f3b5130635cf04fb641a6e819211d
2026-09-30,INDUSTRY,INDUSTRY:T0502,breadth_ret20,0.125,ACCEPTED,0.125,16,16,3dd77c68f3f29601b59d09853a70977bfab15f3fba3edeca6737f75ef9d7bcc0,9f7ee99454374db02824b5c9d52e2da89fca30232bc291ddb1f48ef6db84b6c0,2ee46c732cbd9a2d9496fe9e4763efb9a1ab85568c9ae6e0d0e121bc4adb4265,164142652bf5b3032f4e1a8ee54fe2817a3f3b5130635cf04fb641a6e819211d
2026-09-30,INDUSTRY,INDUSTRY:T0502,ma20_width,0.3125,ACCEPTED,0.3125,16,16,3dd77c68f3f29601b59d09853a70977bfab15f3fba3edeca6737f75ef9d7bcc0,9f7ee99454374db02824b5c9d52e2da89fca30232bc291ddb1f48ef6db84b6c0,2ee46c732cbd9a2d9496fe9e4763efb9a1ab85568c9ae6e0d0e121bc4adb4265,164142652bf5b3032f4e1a8ee54fe2817a3f3b5130635cf04fb641a6e819211d
2026-09-30,INDUSTRY,INDUSTRY:T060101,sector_rs1,-0.006502025299485792,ACCEPTED,-0.006502025299485792,29,0,3dd77c68f3f29601b59d09853a70977bfab15f3fba3edeca6737f75ef9d7bcc0,9f7ee99454374db02824b5c9d52e2da89fca30232bc291ddb1f48ef6db84b6c0,2ee46c732cbd9a2d9496fe9e4763efb9a1ab85568c9ae6e0d0e121bc4adb4265,164142652bf5b3032f4e1a8ee54fe2817a3f3b5130635cf04fb641a6e819211d
2026-09-30,INDUSTRY,INDUSTRY:T060101,sector_rs5,-0.025436086826017446,ACCEPTED,-0.025436086826017446,29,0,3dd77c68f3f29601b59d09853a70977bfab15f3fba3edeca6737f75ef9d7bcc0,9f7ee99454374db02824b5c9d52e2da89fca30232bc291ddb1f48ef6db84b6c0,2ee46c732cbd9a2d9496fe9e4763efb9a1ab85568c9ae6e0d0e121bc4adb4265,164142652bf5b3032f4e1a8ee54fe2817a3f3b5130635cf04fb641a6e819211d
2026-09-30,INDUSTRY,INDUSTRY:T060101,sector_rs20,0.010241015365354822,ACCEPTED,0.010241015365354822,29,0,3dd77c68f3f29601b59d09853a70977bfab15f3fba3edeca6737f75ef9d7bcc0,9f7ee99454374db02824b5c9d52e2da89fca30232bc291ddb1f48ef6db84b6c0,2ee46c732cbd9a2d9496fe9e4763efb9a1ab85568c9ae6e0d0e121bc4adb4265,164142652bf5b3032f4e1a8ee54fe2817a3f3b5130635cf04fb641a6e819211d
2026-09-30,INDUSTRY,INDUSTRY:T060101,breadth_ret1,0.4642857142857143,ACCEPTED,0.4642857142857143,29,28,3dd77c68f3f29601b59d09853a70977bfab15f3fba3edeca6737f75ef9d7bcc0,9f7ee99454374db02824b5c9d52e2da89fca30232bc291ddb1f48ef6db84b6c0,2ee46c732cbd9a2d9496fe9e4763efb9a1ab85568c9ae6e0d0e121bc4adb4265,164142652bf5b3032f4e1a8ee54fe2817a3f3b5130635cf04fb641a6e819211d
2026-09-30,INDUSTRY,INDUSTRY:T060101,breadth_ret5,0.14285714285714285,ACCEPTED,0.14285714285714285,29,28,3dd77c68f3f29601b59d09853a70977bfab15f3fba3edeca6737f75ef9d7bcc0,9f7ee99454374db02824b5c9d52e2da89fca30232bc291ddb1f48ef6db84b6c0,2ee46c732cbd9a2d9496fe9e4763efb9a1ab85568c9ae6e0d0e121bc4adb4265,164142652bf5b3032f4e1a8ee54fe2817a3f3b5130635cf04fb641a6e819211d
2026-09-30,INDUSTRY,INDUSTRY:T060101,breadth_ret20,0.6071428571428571,ACCEPTED,0.6071428571428571,29,28,3dd77c68f3f29601b59d09853a70977bfab15f3fba3edeca6737f75ef9d7bcc0,9f7ee99454374db02824b5c9d52e2da89fca30232bc291ddb1f48ef6db84b6c0,2ee46c732cbd9a2d9496fe9e4763efb9a1ab85568c9ae6e0d0e121bc4adb4265,164142652bf5b3032f4e1a8ee54fe2817a3f3b5130635cf04fb641a6e819211d
2026-09-30,INDUSTRY,INDUSTRY:T060101,ma20_width,0.5714285714285714,ACCEPTED,0.5714285714285714,29,28,3dd77c68f3f29601b59d09853a70977bfab15f3fba3edeca6737f75ef9d7bcc0,9f7ee99454374db02824b5c9d52e2da89fca30232bc291ddb1f48ef6db84b6c0,2ee46c732cbd9a2d9496fe9e4763efb9a1ab85568c9ae6e0d0e121bc4adb4265,164142652bf5b3032f4e1a8ee54fe2817a3f3b5130635cf04fb641a6e819211d
2026-09-30,INDUSTRY,INDUSTRY:T060102,sector_rs1,-0.009478963507434823,ACCEPTED,-0.009478963507434823,34,0,3dd77c68f3f29601b59d09853a70977bfab15f3fba3edeca6737f75ef9d7bcc0,9f7ee99454374db02824b5c9d52e2da89fca30232bc291ddb1f48ef6db84b6c0,2ee46c732cbd9a2d9496fe9e4763efb9a1ab85568c9ae6e0d0e121bc4adb4265,164142652bf5b3032f4e1a8ee54fe2817a3f3b5130635cf04fb641a6e819211d
2026-09-30,INDUSTRY,INDUSTRY:T060102,sector_rs5,-0.03865769469438418,ACCEPTED,-0.03865769469438418,34,0,3dd77c68f3f29601b59d09853a70977bfab15f3fba3edeca6737f75ef9d7bcc0,9f7ee99454374db02824b5c9d52e2da89fca30232bc291ddb1f48ef6db84b6c0,2ee46c732cbd9a2d9496fe9e4763efb9a1ab85568c9ae6e0d0e121bc4adb4265,164142652bf5b3032f4e1a8ee54fe2817a3f3b5130635cf04fb641a6e819211d
2026-09-30,INDUSTRY,INDUSTRY:T060102,sector_rs20,-0.01883511801454668,ACCEPTED,-0.01883511801454668,34,0,3dd77c68f3f29601b59d09853a70977bfab15f3fba3edeca6737f75ef9d7bcc0,9f7ee99454374db02824b5c9d52e2da89fca30232bc291ddb1f48ef6db84b6c0,2ee46c732cbd9a2d9496fe9e4763efb9a1ab85568c9ae6e0d0e121bc4adb4265,164142652bf5b3032f4e1a8ee54fe2817a3f3b5130635cf04fb641a6e819211d
2026-09-30,INDUSTRY,INDUSTRY:T060102,breadth_ret1,0.23529411764705882,ACCEPTED,0.23529411764705882,34,34,3dd77c68f3f29601b59d09853a70977bfab15f3fba3edeca6737f75ef9d7bcc0,9f7ee99454374db02824b5c9d52e2da89fca30232bc291ddb1f48ef6db84b6c0,2ee46c732cbd9a2d9496fe9e4763efb9a1ab85568c9ae6e0d0e121bc4adb4265,164142652bf5b3032f4e1a8ee54fe2817a3f3b5130635cf04fb641a6e819211d
2026-09-30,INDUSTRY,INDUSTRY:T060102,breadth_ret5,0.14705882352941177,ACCEPTED,0.14705882352941177,34,34,3dd77c68f3f29601b59d09853a70977bfab15f3fba3edeca6737f75ef9d7bcc0,9f7ee99454374db02824b5c9d52e2da89fca30232bc291ddb1f48ef6db84b6c0,2ee46c732cbd9a2d9496fe9e4763efb9a1ab85568c9ae6e0d0e121bc4adb4265,164142652bf5b3032f4e1a8ee54fe2817a3f3b5130635cf04fb641a6e819211d
2026-09-30,INDUSTRY,INDUSTRY:T060102,breadth_ret20,0.29411764705882354,ACCEPTED,0.29411764705882354,34,34,3dd77c68f3f29601b59d09853a70977bfab15f3fba3edeca6737f75ef9d7bcc0,9f7ee99454374db02824b5c9d52e2da89fca30232bc291ddb1f48ef6db84b6c0,2ee46c732cbd9a2d9496fe9e4763efb9a1ab85568c9ae6e0d0e121bc4adb4265,164142652bf5b3032f4e1a8ee54fe2817a3f3b5130635cf04fb641a6e819211d
2026-09-30,INDUSTRY,INDUSTRY:T060102,ma20_width,0.4117647058823529,ACCEPTED,0.4117647058823529,34,34,3dd77c68f3f29601b59d09853a70977bfab15f3fba3edeca6737f75ef9d7bcc0,9f7ee99454374db02824b5c9d52e2da89fca30232bc291ddb1f48ef6db84b6c0,2ee46c732cbd9a2d9496fe9e4763efb9a1ab85568c9ae6e0d0e121bc4adb4265,164142652bf5b3032f4e1a8ee54fe2817a3f3b5130635cf04fb641a6e819211d
2026-09-30,INDUSTRY,INDUSTRY:T0602,sector_rs1,-0.008526276102351626,ACCEPTED,-0.008526276102351626,50,0,3dd77c68f3f29601b59d09853a70977bfab15f3fba3edeca6737f75ef9d7bcc0,9f7ee99454374db02824b5c9d52e2da89fca30232bc291ddb1f48ef6db84b6c0,2ee46c732cbd9a2d9496fe9e4763efb9a1ab85568c9ae6e0d0e121bc4adb4265,164142652bf5b3032f4e1a8ee54fe2817a3f3b5130635cf04fb641a6e819211d
2026-09-30,INDUSTRY,INDUSTRY:T0602,sector_rs5,-0.024529379650598482,ACCEPTED,-0.024529379650598482,50,0,3dd77c68f3f29601b59d09853a70977bfab15f3fba3edeca6737f75ef9d7bcc0,9f7ee99454374db02824b5c9d52e2da89fca30232bc291ddb1f48ef6db84b6c0,2ee46c732cbd9a2d9496fe9e4763efb9a1ab85568c9ae6e0d0e121bc4adb4265,164142652bf5b3032f4e1a8ee54fe2817a3f3b5130635cf04fb641a6e819211d
2026-09-30,INDUSTRY,INDUSTRY:T0602,sector_rs20,-0.035173160173160245,ACCEPTED,-0.035173160173160245,50,0,3dd77c68f3f29601b59d09853a70977bfab15f3fba3edeca6737f75ef9d7bcc0,9f7ee99454374db02824b5c9d52e2da89fca30232bc291ddb1f48ef6db84b6c0,2ee46c732cbd9a2d9496fe9e4763efb9a1ab85568c9ae6e0d0e121bc4adb4265,164142652bf5b3032f4e1a8ee54fe2817a3f3b5130635cf04fb641a6e819211d
2026-09-30,INDUSTRY,INDUSTRY:T0602,breadth_ret1,0.24,ACCEPTED,0.24,50,50,3dd77c68f3f29601b59d09853a70977bfab15f3fba3edeca6737f75ef9d7bcc0,9f7ee99454374db02824b5c9d52e2da89fca30232bc291ddb1f48ef6db84b6c0,2ee46c732cbd9a2d9496fe9e4763efb9a1ab85568c9ae6e0d0e121bc4adb4265,164142652bf5b3032f4e1a8ee54fe2817a3f3b5130635cf04fb641a6e819211d
2026-09-30,INDUSTRY,INDUSTRY:T0602,breadth_ret5,0.22,ACCEPTED,0.22,50,50,3dd77c68f3f29601b59d09853a70977bfab15f3fba3edeca6737f75ef9d7bcc0,9f7ee99454374db02824b5c9d52e2da89fca30232bc291ddb1f48ef6db84b6c0,2ee46c732cbd9a2d9496fe9e4763efb9a1ab85568c9ae6e0d0e121bc4adb4265,164142652bf5b3032f4e1a8ee54fe2817a3f3b5130635cf04fb641a6e819211d
2026-09-30,INDUSTRY,INDUSTRY:T0602,breadth_ret20,0.28,ACCEPTED,0.28,50,50,3dd77c68f3f29601b59d09853a70977bfab15f3fba3edeca6737f75ef9d7bcc0,9f7ee99454374db02824b5c9d52e2da89fca30232bc291ddb1f48ef6db84b6c0,2ee46c732cbd9a2d9496fe9e4763efb9a1ab85568c9ae6e0d0e121bc4adb4265,164142652bf5b3032f4e1a8ee54fe2817a3f3b5130635cf04fb641a6e819211d
2026-09-30,INDUSTRY,INDUSTRY:T0602,ma20_width,0.32,ACCEPTED,0.32,50,50,3dd77c68f3f29601b59d09853a70977bfab15f3fba3edeca6737f75ef9d7bcc0,9f7ee99454374db02824b5c9d52e2da89fca30232bc291ddb1f48ef6db84b6c0,2ee46c732cbd9a2d9496fe9e4763efb9a1ab85568c9ae6e0d0e121bc4adb4265,164142652bf5b3032f4e1a8ee54fe2817a3f3b5130635cf04fb641a6e819211d
2026-09-30,INDUSTRY,INDUSTRY:T0603,sector_rs1,-0.007163323782235054,ACCEPTED,-0.007163323782235054,51,0,3dd77c68f3f29601b59d09853a70977bfab15f3fba3edeca6737f75ef9d7bcc0,9f7ee99454374db02824b5c9d52e2da89fca30232bc291ddb1f48ef6db84b6c0,2ee46c732cbd9a2d9496fe9e4763efb9a1ab85568c9ae6e0d0e121bc4adb4265,164142652bf5b3032f4e1a8ee54fe2817a3f3b5130635cf04fb641a6e819211d
2026-09-30,INDUSTRY,INDUSTRY:T0603,sector_rs5,-0.03188405797101457,ACCEPTED,-0.03188405797101457,51,0,3dd77c68f3f29601b59d09853a70977bfab15f3fba3edeca6737f75ef9d7bcc0,9f7ee99454374db02824b5c9d52e2da89fca30232bc291ddb1f48ef6db84b6c0,2ee46c732cbd9a2d9496fe9e4763efb9a1ab85568c9ae6e0d0e121bc4adb4265,164142652bf5b3032f4e1a8ee54fe2817a3f3b5130635cf04fb641a6e819211d
2026-09-30,INDUSTRY,INDUSTRY:T0603,sector_rs20,-0.0260972716488731,ACCEPTED,-0.0260972716488731,51,0,3dd77c68f3f29601b59d09853a70977bfab15f3fba3edeca6737f75ef9d7bcc0,9f7ee99454374db02824b5c9d52e2da89fca30232bc291ddb1f48ef6db84b6c0,2ee46c732cbd9a2d9496fe9e4763efb9a1ab85568c9ae6e0d0e121bc4adb4265,164142652bf5b3032f4e1a8ee54fe2817a3f3b5130635cf04fb641a6e819211d
2026-09-30,INDUSTRY,INDUSTRY:T0603,breadth_ret1,0.27450980392156865,ACCEPTED,0.27450980392156865,51,51,3dd77c68f3f29601b59d09853a70977bfab15f3fba3edeca6737f75ef9d7bcc0,9f7ee99454374db02824b5c9d52e2da89fca30232bc291ddb1f48ef6db84b6c0,2ee46c732cbd9a2d9496fe9e4763efb9a1ab85568c9ae6e0d0e121bc4adb4265,164142652bf5b3032f4e1a8ee54fe2817a3f3b5130635cf04fb641a6e819211d
2026-09-30,INDUSTRY,INDUSTRY:T0603,breadth_ret5,0.21568627450980393,ACCEPTED,0.21568627450980393,51,51,3dd77c68f3f29601b59d09853a70977bfab15f3fba3edeca6737f75ef9d7bcc0,9f7ee99454374db02824b5c9d52e2da89fca30232bc291ddb1f48ef6db84b6c0,2ee46c732cbd9a2d9496fe9e4763efb9a1ab85568c9ae6e0d0e121bc4adb4265,164142652bf5b3032f4e1a8ee54fe2817a3f3b5130635cf04fb641a6e819211d
2026-09-30,INDUSTRY,INDUSTRY:T0603,breadth_ret20,0.29411764705882354,ACCEPTED,0.29411764705882354,51,51,3dd77c68f3f29601b59d09853a70977bfab15f3fba3edeca6737f75ef9d7bcc0,9f7ee99454374db02824b5c9d52e2da89fca30232bc291ddb1f48ef6db84b6c0,2ee46c732cbd9a2d9496fe9e4763efb9a1ab85568c9ae6e0d0e121bc4adb4265,164142652bf5b3032f4e1a8ee54fe2817a3f3b5130635cf04fb641a6e819211d
2026-09-30,INDUSTRY,INDUSTRY:T0603,ma20_width,0.43137254901960786,ACCEPTED,0.43137254901960786,51,51,3dd77c68f3f29601b59d09853a70977bfab15f3fba3edeca6737f75ef9d7bcc0,9f7ee99454374db02824b5c9d52e2da89fca30232bc291ddb1f48ef6db84b6c0,2ee46c732cbd9a2d9496fe9e4763efb9a1ab85568c9ae6e0d0e121bc4adb4265,164142652bf5b3032f4e1a8ee54fe2817a3f3b5130635cf04fb641a6e819211d
2026-09-30,INDUSTRY,INDUSTRY:T0604,sector_rs1,0.0,ACCEPTED,0.0,9,0,3dd77c68f3f29601b59d09853a70977bfab15f3fba3edeca6737f75ef9d7bcc0,9f7ee99454374db02824b5c9d52e2da89fca30232bc291ddb1f48ef6db84b6c0,2ee46c732cbd9a2d9496fe9e4763efb9a1ab85568c9ae6e0d0e121bc4adb4265,164142652bf5b3032f4e1a8ee54fe2817a3f3b5130635cf04fb641a6e819211d
2026-09-30,INDUSTRY,INDUSTRY:T0604,sector_rs5,-0.02995594713656391,ACCEPTED,-0.02995594713656391,9,0,3dd77c68f3f29601b59d09853a70977bfab15f3fba3edeca6737f75ef9d7bcc0,9f7ee99454374db02824b5c9d52e2da89fca30232bc291ddb1f48ef6db84b6c0,2ee46c732cbd9a2d9496fe9e4763efb9a1ab85568c9ae6e0d0e121bc4adb4265,164142652bf5b3032f4e1a8ee54fe2817a3f3b5130635cf04fb641a6e819211d
2026-09-30,INDUSTRY,INDUSTRY:T0604,sector_rs20,-0.07556675062972296,ACCEPTED,-0.07556675062972296,9,0,3dd77c68f3f29601b59d09853a70977bfab15f3fba3edeca6737f75ef9d7bcc0,9f7ee99454374db02824b5c9d52e2da89fca30232bc291ddb1f48ef6db84b6c0,2ee46c732cbd9a2d9496fe9e4763efb9a1ab85568c9ae6e0d0e121bc4adb4265,164142652bf5b3032f4e1a8ee54fe2817a3f3b5130635cf04fb641a6e819211d
2026-09-30,INDUSTRY,INDUSTRY:T0604,breadth_ret1,0.4444444444444444,ACCEPTED,0.4444444444444444,9,9,3dd77c68f3f29601b59d09853a70977bfab15f3fba3edeca6737f75ef9d7bcc0,9f7ee99454374db02824b5c9d52e2da89fca30232bc291ddb1f48ef6db84b6c0,2ee46c732cbd9a2d9496fe9e4763efb9a1ab85568c9ae6e0d0e121bc4adb4265,164142652bf5b3032f4e1a8ee54fe2817a3f3b5130635cf04fb641a6e819211d
2026-09-30,INDUSTRY,INDUSTRY:T0604,breadth_ret5,0.1111111111111111,ACCEPTED,0.1111111111111111,9,9,3dd77c68f3f29601b59d09853a70977bfab15f3fba3edeca6737f75ef9d7bcc0,9f7ee99454374db02824b5c9d52e2da89fca30232bc291ddb1f48ef6db84b6c0,2ee46c732cbd9a2d9496fe9e4763efb9a1ab85568c9ae6e0d0e121bc4adb4265,164142652bf5b3032f4e1a8ee54fe2817a3f3b5130635cf04fb641a6e819211d
2026-09-30,INDUSTRY,INDUSTRY:T0604,breadth_ret20,0.0,ACCEPTED,0.0,9,9,3dd77c68f3f29601b59d09853a70977bfab15f3fba3edeca6737f75ef9d7bcc0,9f7ee99454374db02824b5c9d52e2da89fca30232bc291ddb1f48ef6db84b6c0,2ee46c732cbd9a2d9496fe9e4763efb9a1ab85568c9ae6e0d0e121bc4adb4265,164142652bf5b3032f4e1a8ee54fe2817a3f3b5130635cf04fb641a6e819211d
2026-09-30,INDUSTRY,INDUSTRY:T0604,ma20_width,0.0,ACCEPTED,0.0,9,9,3dd77c68f3f29601b59d09853a70977bfab15f3fba3edeca6737f75ef9d7bcc0,9f7ee99454374db02824b5c9d52e2da89fca30232bc291ddb1f48ef6db84b6c0,2ee46c732cbd9a2d9496fe9e4763efb9a1ab85568c9ae6e0d0e121bc4adb4265,164142652bf5b3032f4e1a8ee54fe2817a3f3b5130635cf04fb641a6e819211d
2026-09-30,INDUSTRY,INDUSTRY:T060501,sector_rs1,0.003676981083708175,ACCEPTED,0.003676981083708175,8,0,3dd77c68f3f29601b59d09853a70977bfab15f3fba3edeca6737f75ef9d7bcc0,9f7ee99454374db02824b5c9d52e2da89fca30232bc291ddb1f48ef6db84b6c0,2ee46c732cbd9a2d9496fe9e4763efb9a1ab85568c9ae6e0d0e121bc4adb4265,164142652bf5b3032f4e1a8ee54fe2817a3f3b5130635cf04fb641a6e819211d
2026-09-30,INDUSTRY,INDUSTRY:T060501,sector_rs5,-0.022418309150660454,ACCEPTED,-0.022418309150660454,8,0,3dd77c68f3f29601b59d09853a70977bfab15f3fba3edeca6737f75ef9d7bcc0,9f7ee99454374db02824b5c9d52e2da89fca30232bc291ddb1f48ef6db84b6c0,2ee46c732cbd9a2d9496fe9e4763efb9a1ab85568c9ae6e0d0e121bc4adb4265,164142652bf5b3032f4e1a8ee54fe2817a3f3b5130635cf04fb641a6e819211d
2026-09-30,INDUSTRY,INDUSTRY:T060501,sector_rs20,-0.08878605411834672,ACCEPTED,-0.08878605411834672,8,0,3dd77c68f3f29601b59d09853a70977bfab15f3fba3edeca6737f75ef9d7bcc0,9f7ee99454374db02824b5c9d52e2da89fca30232bc291ddb1f48ef6db84b6c0,2ee46c732cbd9a2d9496fe9e4763efb9a1ab85568c9ae6e0d0e121bc4adb4265,164142652bf5b3032f4e1a8ee54fe2817a3f3b5130635cf04fb641a6e819211d
2026-09-30,INDUSTRY,INDUSTRY:T060501,breadth_ret1,0.875,ACCEPTED,0.875,8,8,3dd77c68f3f29601b59d09853a70977bfab15f3fba3edeca6737f75ef9d7bcc0,9f7ee99454374db02824b5c9d52e2da89fca30232bc291ddb1f48ef6db84b6c0,2ee46c732cbd9a2d9496fe9e4763efb9a1ab85568c9ae6e0d0e121bc4adb4265,164142652bf5b3032f4e1a8ee54fe2817a3f3b5130635cf04fb641a6e819211d
2026-09-30,INDUSTRY,INDUSTRY:T060501,breadth_ret5,0.0,ACCEPTED,0.0,8,8,3dd77c68f3f29601b59d09853a70977bfab15f3fba3edeca6737f75ef9d7bcc0,9f7ee99454374db02824b5c9d52e2da89fca30232bc291ddb1f48ef6db84b6c0,2ee46c732cbd9a2d9496fe9e4763efb9a1ab85568c9ae6e0d0e121bc4adb4265,164142652bf5b3032f4e1a8ee54fe2817a3f3b5130635cf04fb641a6e819211d
2026-09-30,INDUSTRY,INDUSTRY:T060501,breadth_ret20,0.125,ACCEPTED,0.125,8,8,3dd77c68f3f29601b59d09853a70977bfab15f3fba3edeca6737f75ef9d7bcc0,9f7ee99454374db02824b5c9d52e2da89fca30232bc291ddb1f48ef6db84b6c0,2ee46c732cbd9a2d9496fe9e4763efb9a1ab85568c9ae6e0d0e121bc4adb4265,164142652bf5b3032f4e1a8ee54fe2817a3f3b5130635cf04fb641a6e819211d
2026-09-30,INDUSTRY,INDUSTRY:T060501,ma20_width,0.0,ACCEPTED,0.0,8,8,3dd77c68f3f29601b59d09853a70977bfab15f3fba3edeca6737f75ef9d7bcc0,9f7ee99454374db02824b5c9d52e2da89fca30232bc291ddb1f48ef6db84b6c0,2ee46c732cbd9a2d9496fe9e4763efb9a1ab85568c9ae6e0d0e121bc4adb4265,164142652bf5b3032f4e1a8ee54fe2817a3f3b5130635cf04fb641a6e819211d
2026-09-30,INDUSTRY,INDUSTRY:T060502,sector_rs1,-0.0015615240474704528,ACCEPTED,-0.0015615240474704528,18,0,3dd77c68f3f29601b59d09853a70977bfab15f3fba3edeca6737f75ef9d7bcc0,9f7ee99454374db02824b5c9d52e2da89fca30232bc291ddb1f48ef6db84b6c0,2ee46c732cbd9a2d9496fe9e4763efb9a1ab85568c9ae6e0d0e121bc4adb4265,164142652bf5b3032f4e1a8ee54fe2817a3f3b5130635cf04fb641a6e819211d
2026-09-30,INDUSTRY,INDUSTRY:T060502,sector_rs5,-0.030470914127423865,ACCEPTED,-0.030470914127423865,18,0,3dd77c68f3f29601b59d09853a70977bfab15f3fba3edeca6737f75ef9d7bcc0,9f7ee99454374db02824b5c9d52e2da89fca30232bc291ddb1f48ef6db84b6c0,2ee46c732cbd9a2d9496fe9e4763efb9a1ab85568c9ae6e0d0e121bc4adb4265,164142652bf5b3032f4e1a8ee54fe2817a3f3b5130635cf04fb641a6e819211d
2026-09-30,INDUSTRY,INDUSTRY:T060502,sector_rs20,-0.0770785219399539,ACCEPTED,-0.0770785219399539,18,0,3dd77c68f3f29601b59d09853a70977bfab15f3fba3edeca6737f75ef9d7bcc0,9f7ee99454374db02824b5c9d52e2da89fca30232bc291ddb1f48ef6db84b6c0,2ee46c732cbd9a2d9496fe9e4763efb9a1ab85568c9ae6e0d0e121bc4adb4265,164142652bf5b3032f4e1a8ee54fe2817a3f3b5130635cf04fb641a6e819211d
2026-09-30,INDUSTRY,INDUSTRY:T060502,breadth_ret1,0.4117647058823529,ACCEPTED,0.4117647058823529,18,17,3dd77c68f3f29601b59d09853a70977bfab15f3fba3edeca6737f75ef9d7bcc0,9f7ee99454374db02824b5c9d52e2da89fca30232bc291ddb1f48ef6db84b6c0,2ee46c732cbd9a2d9496fe9e4763efb9a1ab85568c9ae6e0d0e121bc4adb4265,164142652bf5b3032f4e1a8ee54fe2817a3f3b5130635cf04fb641a6e819211d
2026-09-30,INDUSTRY,INDUSTRY:T060502,breadth_ret5,0.11764705882352941,ACCEPTED,0.11764705882352941,18,17,3dd77c68f3f29601b59d09853a70977bfab15f3fba3edeca6737f75ef9d7bcc0,9f7ee99454374db02824b5c9d52e2da89fca30232bc291ddb1f48ef6db84b6c0,2ee46c732cbd9a2d9496fe9e4763efb9a1ab85568c9ae6e0d0e121bc4adb4265,164142652bf5b3032f4e1a8ee54fe2817a3f3b5130635cf04fb641a6e819211d
2026-09-30,INDUSTRY,INDUSTRY:T060502,breadth_ret20,0.17647058823529413,ACCEPTED,0.17647058823529413,18,17,3dd77c68f3f29601b59d09853a70977bfab15f3fba3edeca6737f75ef9d7bcc0,9f7ee99454374db02824b5c9d52e2da89fca30232bc291ddb1f48ef6db84b6c0,2ee46c732cbd9a2d9496fe9e4763efb9a1ab85568c9ae6e0d0e121bc4adb4265,164142652bf5b3032f4e1a8ee54fe2817a3f3b5130635cf04fb641a6e819211d
2026-09-30,INDUSTRY,INDUSTRY:T060502,ma20_width,0.11764705882352941,ACCEPTED,0.11764705882352941,18,17,3dd77c68f3f29601b59d09853a70977bfab15f3fba3edeca6737f75ef9d7bcc0,9f7ee99454374db02824b5c9d52e2da89fca30232bc291ddb1f48ef6db84b6c0,2ee46c732cbd9a2d9496fe9e4763efb9a1ab85568c9ae6e0d0e121bc4adb4265,164142652bf5b3032f4e1a8ee54fe2817a3f3b5130635cf04fb641a6e819211d
2026-09-30,INDUSTRY,INDUSTRY:T0701,sector_rs1,-0.0034671069807765686,ACCEPTED,-0.0034671069807765686,51,0,3dd77c68f3f29601b59d09853a70977bfab15f3fba3edeca6737f75ef9d7bcc0,9f7ee99454374db02824b5c9d52e2da89fca30232bc291ddb1f48ef6db84b6c0,2ee46c732cbd9a2d9496fe9e4763efb9a1ab85568c9ae6e0d0e121bc4adb4265,164142652bf5b3032f4e1a8ee54fe2817a3f3b5130635cf04fb641a6e819211d
2026-09-30,INDUSTRY,INDUSTRY:T0701,sector_rs5,-0.04842451777279233,ACCEPTED,-0.04842451777279233,51,0,3dd77c68f3f29601b59d09853a70977bfab15f3fba3edeca6737f75ef9d7bcc0,9f7ee99454374db02824b5c9d52e2da89fca30232bc291ddb1f48ef6db84b6c0,2ee46c732cbd9a2d9496fe9e4763efb9a1ab85568c9ae6e0d0e121bc4adb4265,164142652bf5b3032f4e1a8ee54fe2817a3f3b5130635cf04fb641a6e819211d
2026-09-30,INDUSTRY,INDUSTRY:T0701,sector_rs20,-0.043821215684684334,ACCEPTED,-0.043821215684684334,51,0,3dd77c68f3f29601b59d09853a70977bfab15f3fba3edeca6737f75ef9d7bcc0,9f7ee99454374db02824b5c9d52e2da89fca30232bc291ddb1f48ef6db84b6c0,2ee46c732cbd9a2d9496fe9e4763efb9a1ab85568c9ae6e0d0e121bc4adb4265,164142652bf5b3032f4e1a8ee54fe2817a3f3b5130635cf04fb641a6e819211d
2026-09-30,INDUSTRY,INDUSTRY:T0701,breadth_ret1,0.4,ACCEPTED,0.4,51,50,3dd77c68f3f29601b59d09853a70977bfab15f3fba3edeca6737f75ef9d7bcc0,9f7ee99454374db02824b5c9d52e2da89fca30232bc291ddb1f48ef6db84b6c0,2ee46c732cbd9a2d9496fe9e4763efb9a1ab85568c9ae6e0d0e121bc4adb4265,164142652bf5b3032f4e1a8ee54fe2817a3f3b5130635cf04fb641a6e819211d
2026-09-30,INDUSTRY,INDUSTRY:T0701,breadth_ret5,0.06,ACCEPTED,0.06,51,50,3dd77c68f3f29601b59d09853a70977bfab15f3fba3edeca6737f75ef9d7bcc0,9f7ee99454374db02824b5c9d52e2da89fca30232bc291ddb1f48ef6db84b6c0,2ee46c732cbd9a2d9496fe9e4763efb9a1ab85568c9ae6e0d0e121bc4adb4265,164142652bf5b3032f4e1a8ee54fe2817a3f3b5130635cf04fb641a6e819211d
2026-09-30,INDUSTRY,INDUSTRY:T0701,breadth_ret20,0.22,ACCEPTED,0.22,51,50,3dd77c68f3f29601b59d09853a70977bfab15f3fba3edeca6737f75ef9d7bcc0,9f7ee99454374db02824b5c9d52e2da89fca30232bc291ddb1f48ef6db84b6c0,2ee46c732cbd9a2d9496fe9e4763efb9a1ab85568c9ae6e0d0e121bc4adb4265,164142652bf5b3032f4e1a8ee54fe2817a3f3b5130635cf04fb641a6e819211d
2026-09-30,INDUSTRY,INDUSTRY:T0701,ma20_width,0.12,ACCEPTED,0.12,51,50,3dd77c68f3f29601b59d09853a70977bfab15f3fba3edeca6737f75ef9d7bcc0,9f7ee99454374db02824b5c9d52e2da89fca30232bc291ddb1f48ef6db84b6c0,2ee46c732cbd9a2d9496fe9e4763efb9a1ab85568c9ae6e0d0e121bc4adb4265,164142652bf5b3032f4e1a8ee54fe2817a3f3b5130635cf04fb641a6e819211d
2026-09-30,INDUSTRY,INDUSTRY:T0702,sector_rs1,-0.001682085786375187,ACCEPTED,-0.001682085786375187,11,0,3dd77c68f3f29601b59d09853a70977bfab15f3fba3edeca6737f75ef9d7bcc0,9f7ee99454374db02824b5c9d52e2da89fca30232bc291ddb1f48ef6db84b6c0,2ee46c732cbd9a2d9496fe9e4763efb9a1ab85568c9ae6e0d0e121bc4adb4265,164142652bf5b3032f4e1a8ee54fe2817a3f3b5130635cf04fb641a6e819211d
2026-09-30,INDUSTRY,INDUSTRY:T0702,sector_rs5,-0.04204204204204198,ACCEPTED,-0.04204204204204198,11,0,3dd77c68f3f29601b59d09853a70977bfab15f3fba3edeca6737f75ef9d7bcc0,9f7ee99454374db02824b5c9d52e2da89fca30232bc291ddb1f48ef6db84b6c0,2ee46c732cbd9a2d9496fe9e4763efb9a1ab85568c9ae6e0d0e121bc4adb4265,164142652bf5b3032f4e1a8ee54fe2817a3f3b5130635cf04fb641a6e819211d
2026-09-30,INDUSTRY,INDUSTRY:T0702,sector_rs20,0.005467468562055933,ACCEPTED,0.005467468562055933,11,0,3dd77c68f3f29601b59d09853a70977bfab15f3fba3edeca6737f75ef9d7bcc0,9f7ee99454374db02824b5c9d52e2da89fca30232bc291ddb1f48ef6db84b6c0,2ee46c732cbd9a2d9496fe9e4763efb9a1ab85568c9ae6e0d0e121bc4adb4265,164142652bf5b3032f4e1a8ee54fe2817a3f3b5130635cf04fb641a6e819211d
2026-09-30,INDUSTRY,INDUSTRY:T0702,breadth_ret1,0.36363636363636365,ACCEPTED,0.36363636363636365,11,11,3dd77c68f3f29601b59d09853a70977bfab15f3fba3edeca6737f75ef9d7bcc0,9f7ee99454374db02824b5c9d52e2da89fca30232bc291ddb1f48ef6db84b6c0,2ee46c732cbd9a2d9496fe9e4763efb9a1ab85568c9ae6e0d0e121bc4adb4265,164142652bf5b3032f4e1a8ee54fe2817a3f3b5130635cf04fb641a6e819211d
2026-09-30,INDUSTRY,INDUSTRY:T0702,breadth_ret5,0.0,ACCEPTED,0.0,11,11,3dd77c68f3f29601b59d09853a70977bfab15f3fba3edeca6737f75ef9d7bcc0,9f7ee99454374db02824b5c9d52e2da89fca30232bc291ddb1f48ef6db84b6c0,2ee46c732cbd9a2d9496fe9e4763efb9a1ab85568c9ae6e0d0e121bc4adb4265,164142652bf5b3032f4e1a8ee54fe2817a3f3b5130635cf04fb641a6e819211d
2026-09-30,INDUSTRY,INDUSTRY:T0702,breadth_ret20,0.5454545454545454,ACCEPTED,0.5454545454545454,11,11,3dd77c68f3f29601b59d09853a70977bfab15f3fba3edeca6737f75ef9d7bcc0,9f7ee99454374db02824b5c9d52e2da89fca30232bc291ddb1f48ef6db84b6c0,2ee46c732cbd9a2d9496fe9e4763efb9a1ab85568c9ae6e0d0e121bc4adb4265,164142652bf5b3032f4e1a8ee54fe2817a3f3b5130635cf04fb641a6e819211d
2026-09-30,INDUSTRY,INDUSTRY:T0702,ma20_width,0.2727272727272727,ACCEPTED,0.2727272727272727,11,11,3dd77c68f3f29601b59d09853a70977bfab15f3fba3edeca6737f75ef9d7bcc0,9f7ee99454374db02824b5c9d52e2da89fca30232bc291ddb1f48ef6db84b6c0,2ee46c732cbd9a2d9496fe9e4763efb9a1ab85568c9ae6e0d0e121bc4adb4265,164142652bf5b3032f4e1a8ee54fe2817a3f3b5130635cf04fb641a6e819211d
2026-09-30,INDUSTRY,INDUSTRY:T0703,sector_rs1,-0.003252032520325243,ACCEPTED,-0.003252032520325243,47,0,3dd77c68f3f29601b59d09853a70977bfab15f3fba3edeca6737f75ef9d7bcc0,9f7ee99454374db02824b5c9d52e2da89fca30232bc291ddb1f48ef6db84b6c0,2ee46c732cbd9a2d9496fe9e4763efb9a1ab85568c9ae6e0d0e121bc4adb4265,164142652bf5b3032f4e1a8ee54fe2817a3f3b5130635cf04fb641a6e819211d
2026-09-30,INDUSTRY,INDUSTRY:T0703,sector_rs5,-0.009126466753585416,ACCEPTED,-0.009126466753585416,47,0,3dd77c68f3f29601b59d09853a70977bfab15f3fba3edeca6737f75ef9d7bcc0,9f7ee99454374db02824b5c9d52e2da89fca30232bc291ddb1f48ef6db84b6c0,2ee46c732cbd9a2d9496fe9e4763efb9a1ab85568c9ae6e0d0e121bc4adb4265,164142652bf5b3032f4e1a8ee54fe2817a3f3b5130635cf04fb641a6e819211d
2026-09-30,INDUSTRY,INDUSTRY:T0703,sector_rs20,-0.015217391304347738,ACCEPTED,-0.015217391304347738,47,0,3dd77c68f3f29601b59d09853a70977bfab15f3fba3edeca6737f75ef9d7bcc0,9f7ee99454374db02824b5c9d52e2da89fca30232bc291ddb1f48ef6db84b6c0,2ee46c732cbd9a2d9496fe9e4763efb9a1ab85568c9ae6e0d0e121bc4adb4265,164142652bf5b3032f4e1a8ee54fe2817a3f3b5130635cf04fb641a6e819211d
2026-09-30,INDUSTRY,INDUSTRY:T0703,breadth_ret1,0.3617021276595745,ACCEPTED,0.3617021276595745,47,47,3dd77c68f3f29601b59d09853a70977bfab15f3fba3edeca6737f75ef9d7bcc0,9f7ee99454374db02824b5c9d52e2da89fca30232bc291ddb1f48ef6db84b6c0,2ee46c732cbd9a2d9496fe9e4763efb9a1ab85568c9ae6e0d0e121bc4adb4265,164142652bf5b3032f4e1a8ee54fe2817a3f3b5130635cf04fb641a6e819211d
2026-09-30,INDUSTRY,INDUSTRY:T0703,breadth_ret5,0.3404255319148936,ACCEPTED,0.3404255319148936,47,47,3dd77c68f3f29601b59d09853a70977bfab15f3fba3edeca6737f75ef9d7bcc0,9f7ee99454374db02824b5c9d52e2da89fca30232bc291ddb1f48ef6db84b6c0,2ee46c732cbd9a2d9496fe9e4763efb9a1ab85568c9ae6e0d0e121bc4adb4265,164142652bf5b3032f4e1a8ee54fe2817a3f3b5130635cf04fb641a6e819211d
2026-09-30,INDUSTRY,INDUSTRY:T0703,breadth_ret20,0.3829787234042553,ACCEPTED,0.3829787234042553,47,47,3dd77c68f3f29601b59d09853a70977bfab15f3fba3edeca6737f75ef9d7bcc0,9f7ee99454374db02824b5c9d52e2da89fca30232bc291ddb1f48ef6db84b6c0,2ee46c732cbd9a2d9496fe9e4763efb9a1ab85568c9ae6e0d0e121bc4adb4265,164142652bf5b3032f4e1a8ee54fe2817a3f3b5130635cf04fb641a6e819211d
2026-09-30,INDUSTRY,INDUSTRY:T0703,ma20_width,0.40425531914893614,ACCEPTED,0.40425531914893614,47,47,3dd77c68f3f29601b59d09853a70977bfab15f3fba3edeca6737f75ef9d7bcc0,9f7ee99454374db02824b5c9d52e2da89fca30232bc291ddb1f48ef6db84b6c0,2ee46c732cbd9a2d9496fe9e4763efb9a1ab85568c9ae6e0d0e121bc4adb4265,164142652bf5b3032f4e1a8ee54fe2817a3f3b5130635cf04fb641a6e819211d
2026-09-30,INDUSTRY,INDUSTRY:T070401,sector_rs1,-0.009377559565286464,ACCEPTED,-0.009377559565286464,22,0,3dd77c68f3f29601b59d09853a70977bfab15f3fba3edeca6737f75ef9d7bcc0,9f7ee99454374db02824b5c9d52e2da89fca30232bc291ddb1f48ef6db84b6c0,2ee46c732cbd9a2d9496fe9e4763efb9a1ab85568c9ae6e0d0e121bc4adb4265,164142652bf5b3032f4e1a8ee54fe2817a3f3b5130635cf04fb641a6e819211d
2026-09-30,INDUSTRY,INDUSTRY:T070401,sector_rs5,-0.044981443994601855,ACCEPTED,-0.044981443994601855,22,0,3dd77c68f3f29601b59d09853a70977bfab15f3fba3edeca6737f75ef9d7bcc0,9f7ee99454374db02824b5c9d52e2da89fca30232bc291ddb1f48ef6db84b6c0,2ee46c732cbd9a2d9496fe9e4763efb9a1ab85568c9ae6e0d0e121bc4adb4265,164142652bf5b3032f4e1a8ee54fe2817a3f3b5130635cf04fb641a6e819211d
2026-09-30,INDUSTRY,INDUSTRY:T070401,sector_rs20,-0.0615152774588818,ACCEPTED,-0.0615152774588818,22,0,3dd77c68f3f29601b59d09853a70977bfab15f3fba3edeca6737f75ef9d7bcc0,9f7ee99454374db02824b5c9d52e2da89fca30232bc291ddb1f48ef6db84b6c0,2ee46c732cbd9a2d9496fe9e4763efb9a1ab85568c9ae6e0d0e121bc4adb4265,164142652bf5b3032f4e1a8ee54fe2817a3f3b5130635cf04fb641a6e819211d
2026-09-30,INDUSTRY,INDUSTRY:T070401,breadth_ret1,0.09090909090909091,ACCEPTED,0.09090909090909091,22,22,3dd77c68f3f29601b59d09853a70977bfab15f3fba3edeca6737f75ef9d7bcc0,9f7ee99454374db02824b5c9d52e2da89fca30232bc291ddb1f48ef6db84b6c0,2ee46c732cbd9a2d9496fe9e4763efb9a1ab85568c9ae6e0d0e121bc4adb4265,164142652bf5b3032f4e1a8ee54fe2817a3f3b5130635cf04fb641a6e819211d
2026-09-30,INDUSTRY,INDUSTRY:T070401,breadth_ret5,0.09090909090909091,ACCEPTED,0.09090909090909091,22,22,3dd77c68f3f29601b59d09853a70977bfab15f3fba3edeca6737f75ef9d7bcc0,9f7ee99454374db02824b5c9d52e2da89fca30232bc291ddb1f48ef6db84b6c0,2ee46c732cbd9a2d9496fe9e4763efb9a1ab85568c9ae6e0d0e121bc4adb4265,164142652bf5b3032f4e1a8ee54fe2817a3f3b5130635cf04fb641a6e819211d
2026-09-30,INDUSTRY,INDUSTRY:T070401,breadth_ret20,0.13636363636363635,ACCEPTED,0.13636363636363635,22,22,3dd77c68f3f29601b59d09853a70977bfab15f3fba3edeca6737f75ef9d7bcc0,9f7ee99454374db02824b5c9d52e2da89fca30232bc291ddb1f48ef6db84b6c0,2ee46c732cbd9a2d9496fe9e4763efb9a1ab85568c9ae6e0d0e121bc4adb4265,164142652bf5b3032f4e1a8ee54fe2817a3f3b5130635cf04fb641a6e819211d
2026-09-30,INDUSTRY,INDUSTRY:T070401,ma20_width,0.18181818181818182,ACCEPTED,0.18181818181818182,22,22,3dd77c68f3f29601b59d09853a70977bfab15f3fba3edeca6737f75ef9d7bcc0,9f7ee99454374db02824b5c9d52e2da89fca30232bc291ddb1f48ef6db84b6c0,2ee46c732cbd9a2d9496fe9e4763efb9a1ab85568c9ae6e0d0e121bc4adb4265,164142652bf5b3032f4e1a8ee54fe2817a3f3b5130635cf04fb641a6e819211d
2026-09-30,INDUSTRY,INDUSTRY:T070402,sector_rs1,-0.013058349839631112,ACCEPTED,-0.013058349839631112,120,0,3dd77c68f3f29601b59d09853a70977bfab15f3fba3edeca6737f75ef9d7bcc0,9f7ee99454374db02824b5c9d52e2da89fca30232bc291ddb1f48ef6db84b6c0,2ee46c732cbd9a2d9496fe9e4763efb9a1ab85568c9ae6e0d0e121bc4adb4265,164142652bf5b3032f4e1a8ee54fe2817a3f3b5130635cf04fb641a6e819211d
2026-09-30,INDUSTRY,INDUSTRY:T070402,sector_rs5,-0.03370057909764007,ACCEPTED,-0.03370057909764007,120,0,3dd77c68f3f29601b59d09853a70977bfab15f3fba3edeca6737f75ef9d7bcc0,9f7ee99454374db02824b5c9d52e2da89fca30232bc291ddb1f48ef6db84b6c0,2ee46c732cbd9a2d9496fe9e4763efb9a1ab85568c9ae6e0d0e121bc4adb4265,164142652bf5b3032f4e1a8ee54fe2817a3f3b5130635cf04fb641a6e819211d
2026-09-30,INDUSTRY,INDUSTRY:T070402,sector_rs20,-0.02934911242603555,ACCEPTED,-0.02934911242603555,120,0,3dd77c68f3f29601b59d09853a70977bfab15f3fba3edeca6737f75ef9d7bcc0,9f7ee99454374db02824b5c9d52e2da89fca30232bc291ddb1f48ef6db84b6c0,2ee46c732cbd9a2d9496fe9e4763efb9a1ab85568c9ae6e0d0e121bc4adb4265,164142652bf5b3032f4e1a8ee54fe2817a3f3b5130635cf04fb641a6e819211d
2026-09-30,INDUSTRY,INDUSTRY:T070402,breadth_ret1,0.2457627118644068,ACCEPTED,0.2457627118644068,120,118,3dd77c68f3f29601b59d09853a70977bfab15f3fba3edeca6737f75ef9d7bcc0,9f7ee99454374db02824b5c9d52e2da89fca30232bc291ddb1f48ef6db84b6c0,2ee46c732cbd9a2d9496fe9e4763efb9a1ab85568c9ae6e0d0e121bc4adb4265,164142652bf5b3032f4e1a8ee54fe2817a3f3b5130635cf04fb641a6e819211d
2026-09-30,INDUSTRY,INDUSTRY:T070402,breadth_ret5,0.22033898305084745,ACCEPTED,0.22033898305084745,120,118,3dd77c68f3f29601b59d09853a70977bfab15f3fba3edeca6737f75ef9d7bcc0,9f7ee99454374db02824b5c9d52e2da89fca30232bc291ddb1f48ef6db84b6c0,2ee46c732cbd9a2d9496fe9e4763efb9a1ab85568c9ae6e0d0e121bc4adb4265,164142652bf5b3032f4e1a8ee54fe2817a3f3b5130635cf04fb641a6e819211d
2026-09-30,INDUSTRY,INDUSTRY:T070402,breadth_ret20,0.3076923076923077,ACCEPTED,0.3076923076923077,120,117,3dd77c68f3f29601b59d09853a70977bfab15f3fba3edeca6737f75ef9d7bcc0,9f7ee99454374db02824b5c9d52e2da89fca30232bc291ddb1f48ef6db84b6c0,2ee46c732cbd9a2d9496fe9e4763efb9a1ab85568c9ae6e0d0e121bc4adb4265,164142652bf5b3032f4e1a8ee54fe2817a3f3b5130635cf04fb641a6e819211d
2026-09-30,INDUSTRY,INDUSTRY:T070402,ma20_width,0.3418803418803419,ACCEPTED,0.3418803418803419,120,117,3dd77c68f3f29601b59d09853a70977bfab15f3fba3edeca6737f75ef9d7bcc0,9f7ee99454374db02824b5c9d52e2da89fca30232bc291ddb1f48ef6db84b6c0,2ee46c732cbd9a2d9496fe9e4763efb9a1ab85568c9ae6e0d0e121bc4adb4265,164142652bf5b3032f4e1a8ee54fe2817a3f3b5130635cf04fb641a6e819211d
2026-09-30,INDUSTRY,INDUSTRY:T070501,sector_rs1,0.004336822946047647,ACCEPTED,0.004336822946047647,12,0,3dd77c68f3f29601b59d09853a70977bfab15f3fba3edeca6737f75ef9d7bcc0,9f7ee99454374db02824b5c9d52e2da89fca30232bc291ddb1f48ef6db84b6c0,2ee46c732cbd9a2d9496fe9e4763efb9a1ab85568c9ae6e0d0e121bc4adb4265,164142652bf5b3032f4e1a8ee54fe2817a3f3b5130635cf04fb641a6e819211d
2026-09-30,INDUSTRY,INDUSTRY:T070501,sector_rs5,-0.03214369316647159,ACCEPTED,-0.03214369316647159,12,0,3dd77c68f3f29601b59d09853a70977bfab15f3fba3edeca6737f75ef9d7bcc0,9f7ee99454374db02824b5c9d52e2da89fca30232bc291ddb1f48ef6db84b6c0,2ee46c732cbd9a2d9496fe9e4763efb9a1ab85568c9ae6e0d0e121bc4adb4265,164142652bf5b3032f4e1a8ee54fe2817a3f3b5130635cf04fb641a6e819211d
2026-09-30,INDUSTRY,INDUSTRY:T070501,sector_rs20,-0.04688573362050846,ACCEPTED,-0.04688573362050846,12,0,3dd77c68f3f29601b59d09853a70977bfab15f3fba3edeca6737f75ef9d7bcc0,9f7ee99454374db02824b5c9d52e2da89fca30232bc291ddb1f48ef6db84b6c0,2ee46c732cbd9a2d9496fe9e4763efb9a1ab85568c9ae6e0d0e121bc4adb4265,164142652bf5b3032f4e1a8ee54fe2817a3f3b5130635cf04fb641a6e819211d
2026-09-30,INDUSTRY,INDUSTRY:T070501,breadth_ret1,0.6666666666666666,ACCEPTED,0.6666666666666666,12,12,3dd77c68f3f29601b59d09853a70977bfab15f3fba3edeca6737f75ef9d7bcc0,9f7ee99454374db02824b5c9d52e2da89fca30232bc291ddb1f48ef6db84b6c0,2ee46c732cbd9a2d9496fe9e4763efb9a1ab85568c9ae6e0d0e121bc4adb4265,164142652bf5b3032f4e1a8ee54fe2817a3f3b5130635cf04fb641a6e819211d
2026-09-30,INDUSTRY,INDUSTRY:T070501,breadth_ret5,0.16666666666666666,ACCEPTED,0.16666666666666666,12,12,3dd77c68f3f29601b59d09853a70977bfab15f3fba3edeca6737f75ef9d7bcc0,9f7ee99454374db02824b5c9d52e2da89fca30232bc291ddb1f48ef6db84b6c0,2ee46c732cbd9a2d9496fe9e4763efb9a1ab85568c9ae6e0d0e121bc4adb4265,164142652bf5b3032f4e1a8ee54fe2817a3f3b5130635cf04fb641a6e819211d
2026-09-30,INDUSTRY,INDUSTRY:T070501,breadth_ret20,0.08333333333333333,ACCEPTED,0.08333333333333333,12,12,3dd77c68f3f29601b59d09853a70977bfab15f3fba3edeca6737f75ef9d7bcc0,9f7ee99454374db02824b5c9d52e2da89fca30232bc291ddb1f48ef6db84b6c0,2ee46c732cbd9a2d9496fe9e4763efb9a1ab85568c9ae6e0d0e121bc4adb4265,164142652bf5b3032f4e1a8ee54fe2817a3f3b5130635cf04fb641a6e819211d
2026-09-30,INDUSTRY,INDUSTRY:T070501,ma20_width,0.3333333333333333,ACCEPTED,0.3333333333333333,12,12,3dd77c68f3f29601b59d09853a70977bfab15f3fba3edeca6737f75ef9d7bcc0,9f7ee99454374db02824b5c9d52e2da89fca30232bc291ddb1f48ef6db84b6c0,2ee46c732cbd9a2d9496fe9e4763efb9a1ab85568c9ae6e0d0e121bc4adb4265,164142652bf5b3032f4e1a8ee54fe2817a3f3b5130635cf04fb641a6e819211d
2026-09-30,INDUSTRY,INDUSTRY:T070502,sector_rs1,-0.006339144215530945,ACCEPTED,-0.006339144215530945,7,0,3dd77c68f3f29601b59d09853a70977bfab15f3fba3edeca6737f75ef9d7bcc0,9f7ee99454374db02824b5c9d52e2da89fca30232bc291ddb1f48ef6db84b6c0,2ee46c732cbd9a2d9496fe9e4763efb9a1ab85568c9ae6e0d0e121bc4adb4265,164142652bf5b3032f4e1a8ee54fe2817a3f3b5130635cf04fb641a6e819211d
2026-09-30,INDUSTRY,INDUSTRY:T070502,sector_rs5,-0.005038937242327068,ACCEPTED,-0.005038937242327068,7,0,3dd77c68f3f29601b59d09853a70977bfab15f3fba3edeca6737f75ef9d7bcc0,9f7ee99454374db02824b5c9d52e2da89fca30232bc291ddb1f48ef6db84b6c0,2ee46c732cbd9a2d9496fe9e4763efb9a1ab85568c9ae6e0d0e121bc4adb4265,164142652bf5b3032f4e1a8ee54fe2817a3f3b5130635cf04fb641a6e819211d
2026-09-30,INDUSTRY,INDUSTRY:T070502,sector_rs20,-0.03372434017595316,ACCEPTED,-0.03372434017595316,7,0,3dd77c68f3f29601b59d09853a70977bfab15f3fba3edeca6737f75ef9d7bcc0,9f7ee99454374db02824b5c9d52e2da89fca30232bc291ddb1f48ef6db84b6c0,2ee46c732cbd9a2d9496fe9e4763efb9a1ab85568c9ae6e0d0e121bc4adb4265,164142652bf5b3032f4e1a8ee54fe2817a3f3b5130635cf04fb641a6e819211d
2026-09-30,INDUSTRY,INDUSTRY:T070502,breadth_ret1,0.42857142857142855,ACCEPTED,0.42857142857142855,7,7,3dd77c68f3f29601b59d09853a70977bfab15f3fba3edeca6737f75ef9d7bcc0,9f7ee99454374db02824b5c9d52e2da89fca30232bc291ddb1f48ef6db84b6c0,2ee46c732cbd9a2d9496fe9e4763efb9a1ab85568c9ae6e0d0e121bc4adb4265,164142652bf5b3032f4e1a8ee54fe2817a3f3b5130635cf04fb641a6e819211d
2026-09-30,INDUSTRY,INDUSTRY:T070502,breadth_ret5,0.2857142857142857,ACCEPTED,0.2857142857142857,7,7,3dd77c68f3f29601b59d09853a70977bfab15f3fba3edeca6737f75ef9d7bcc0,9f7ee99454374db02824b5c9d52e2da89fca30232bc291ddb1f48ef6db84b6c0,2ee46c732cbd9a2d9496fe9e4763efb9a1ab85568c9ae6e0d0e121bc4adb4265,164142652bf5b3032f4e1a8ee54fe2817a3f3b5130635cf04fb641a6e819211d
2026-09-30,INDUSTRY,INDUSTRY:T070502,breadth_ret20,0.0,ACCEPTED,0.0,7,7,3dd77c68f3f29601b59d09853a70977bfab15f3fba3edeca6737f75ef9d7bcc0,9f7ee99454374db02824b5c9d52e2da89fca30232bc291ddb1f48ef6db84b6c0,2ee46c732cbd9a2d9496fe9e4763efb9a1ab85568c9ae6e0d0e121bc4adb4265,164142652bf5b3032f4e1a8ee54fe2817a3f3b5130635cf04fb641a6e819211d
2026-09-30,INDUSTRY,INDUSTRY:T070502,ma20_width,0.42857142857142855,ACCEPTED,0.42857142857142855,7,7,3dd77c68f3f29601b59d09853a70977bfab15f3fba3edeca6737f75ef9d7bcc0,9f7ee99454374db02824b5c9d52e2da89fca30232bc291ddb1f48ef6db84b6c0,2ee46c732cbd9a2d9496fe9e4763efb9a1ab85568c9ae6e0d0e121bc4adb4265,164142652bf5b3032f4e1a8ee54fe2817a3f3b5130635cf04fb641a6e819211d
2026-09-30,INDUSTRY,INDUSTRY:T070504,sector_rs1,-0.01151079136690647,ACCEPTED,-0.01151079136690647,11,0,3dd77c68f3f29601b59d09853a70977bfab15f3fba3edeca6737f75ef9d7bcc0,9f7ee99454374db02824b5c9d52e2da89fca30232bc291ddb1f48ef6db84b6c0,2ee46c732cbd9a2d9496fe9e4763efb9a1ab85568c9ae6e0d0e121bc4adb4265,164142652bf5b3032f4e1a8ee54fe2817a3f3b5130635cf04fb641a6e819211d
2026-09-30,INDUSTRY,INDUSTRY:T070504,sector_rs5,-0.03937592867756323,ACCEPTED,-0.03937592867756323,11,0,3dd77c68f3f29601b59d09853a70977bfab15f3fba3edeca6737f75ef9d7bcc0,9f7ee99454374db02824b5c9d52e2da89fca30232bc291ddb1f48ef6db84b6c0,2ee46c732cbd9a2d9496fe9e4763efb9a1ab85568c9ae6e0d0e121bc4adb4265,164142652bf5b3032f4e1a8ee54fe2817a3f3b5130635cf04fb641a6e819211d
2026-09-30,INDUSTRY,INDUSTRY:T070504,sector_rs20,-0.061683599419448454,ACCEPTED,-0.061683599419448454,11,0,3dd77c68f3f29601b59d09853a70977bfab15f3fba3edeca6737f75ef9d7bcc0,9f7ee99454374db02824b5c9d52e2da89fca30232bc291ddb1f48ef6db84b6c0,2ee46c732cbd9a2d9496fe9e4763efb9a1ab85568c9ae6e0d0e121bc4adb4265,164142652bf5b3032f4e1a8ee54fe2817a3f3b5130635cf04fb641a6e819211d
2026-09-30,INDUSTRY,INDUSTRY:T070504,breadth_ret1,0.0,ACCEPTED,0.0,11,11,3dd77c68f3f29601b59d09853a70977bfab15f3fba3edeca6737f75ef9d7bcc0,9f7ee99454374db02824b5c9d52e2da89fca30232bc291ddb1f48ef6db84b6c0,2ee46c732cbd9a2d9496fe9e4763efb9a1ab85568c9ae6e0d0e121bc4adb4265,164142652bf5b3032f4e1a8ee54fe2817a3f3b5130635cf04fb641a6e819211d
2026-09-30,INDUSTRY,INDUSTRY:T070504,breadth_ret5,0.18181818181818182,ACCEPTED,0.18181818181818182,11,11,3dd77c68f3f29601b59d09853a70977bfab15f3fba3edeca6737f75ef9d7bcc0,9f7ee99454374db02824b5c9d52e2da89fca30232bc291ddb1f48ef6db84b6c0,2ee46c732cbd9a2d9496fe9e4763efb9a1ab85568c9ae6e0d0e121bc4adb4265,164142652bf5b3032f4e1a8ee54fe2817a3f3b5130635cf04fb641a6e819211d
2026-09-30,INDUSTRY,INDUSTRY:T070504,breadth_ret20,0.18181818181818182,ACCEPTED,0.18181818181818182,11,11,3dd77c68f3f29601b59d09853a70977bfab15f3fba3edeca6737f75ef9d7bcc0,9f7ee99454374db02824b5c9d52e2da89fca30232bc291ddb1f48ef6db84b6c0,2ee46c732cbd9a2d9496fe9e4763efb9a1ab85568c9ae6e0d0e121bc4adb4265,164142652bf5b3032f4e1a8ee54fe2817a3f3b5130635cf04fb641a6e819211d
2026-09-30,INDUSTRY,INDUSTRY:T070504,ma20_width,0.18181818181818182,ACCEPTED,0.18181818181818182,11,11,3dd77c68f3f29601b59d09853a70977bfab15f3fba3edeca6737f75ef9d7bcc0,9f7ee99454374db02824b5c9d52e2da89fca30232bc291ddb1f48ef6db84b6c0,2ee46c732cbd9a2d9496fe9e4763efb9a1ab85568c9ae6e0d0e121bc4adb4265,164142652bf5b3032f4e1a8ee54fe2817a3f3b5130635cf04fb641a6e819211d
2026-09-30,INDUSTRY,INDUSTRY:T070505,sector_rs1,-0.002636783124587927,ACCEPTED,-0.002636783124587927,12,0,3dd77c68f3f29601b59d09853a70977bfab15f3fba3edeca6737f75ef9d7bcc0,9f7ee99454374db02824b5c9d52e2da89fca30232bc291ddb1f48ef6db84b6c0,2ee46c732cbd9a2d9496fe9e4763efb9a1ab85568c9ae6e0d0e121bc4adb4265,164142652bf5b3032f4e1a8ee54fe2817a3f3b5130635cf04fb641a6e819211d
2026-09-30,INDUSTRY,INDUSTRY:T070505,sector_rs5,-0.026045236463331012,ACCEPTED,-0.026045236463331012,12,0,3dd77c68f3f29601b59d09853a70977bfab15f3fba3edeca6737f75ef9d7bcc0,9f7ee99454374db02824b5c9d52e2da89fca30232bc291ddb1f48ef6db84b6c0,2ee46c732cbd9a2d9496fe9e4763efb9a1ab85568c9ae6e0d0e121bc4adb4265,164142652bf5b3032f4e1a8ee54fe2817a3f3b5130635cf04fb641a6e819211d
2026-09-30,INDUSTRY,INDUSTRY:T070505,sector_rs20,-0.045845272206303744,ACCEPTED,-0.045845272206303744,12,0,3dd77c68f3f29601b59d09853a70977bfab15f3fba3edeca6737f75ef9d7bcc0,9f7ee99454374db02824b5c9d52e2da89fca30232bc291ddb1f48ef6db84b6c0,2ee46c732cbd9a2d9496fe9e4763efb9a1ab85568c9ae6e0d0e121bc4adb4265,164142652bf5b3032f4e1a8ee54fe2817a3f3b5130635cf04fb641a6e819211d
2026-09-30,INDUSTRY,INDUSTRY:T070505,breadth_ret1,0.2727272727272727,ACCEPTED,0.2727272727272727,12,11,3dd77c68f3f29601b59d09853a70977bfab15f3fba3edeca6737f75ef9d7bcc0,9f7ee99454374db02824b5c9d52e2da89fca30232bc291ddb1f48ef6db84b6c0,2ee46c732cbd9a2d9496fe9e4763efb9a1ab85568c9ae6e0d0e121bc4adb4265,164142652bf5b3032f4e1a8ee54fe2817a3f3b5130635cf04fb641a6e819211d
2026-09-30,INDUSTRY,INDUSTRY:T070505,breadth_ret5,0.0,ACCEPTED,0.0,12,11,3dd77c68f3f29601b59d09853a70977bfab15f3fba3edeca6737f75ef9d7bcc0,9f7ee99454374db02824b5c9d52e2da89fca30232bc291ddb1f48ef6db84b6c0,2ee46c732cbd9a2d9496fe9e4763efb9a1ab85568c9ae6e0d0e121bc4adb4265,164142652bf5b3032f4e1a8ee54fe2817a3f3b5130635cf04fb641a6e819211d
2026-09-30,INDUSTRY,INDUSTRY:T070505,breadth_ret20,0.0,ACCEPTED,0.0,12,11,3dd77c68f3f29601b59d09853a70977bfab15f3fba3edeca6737f75ef9d7bcc0,9f7ee99454374db02824b5c9d52e2da89fca30232bc291ddb1f48ef6db84b6c0,2ee46c732cbd9a2d9496fe9e4763efb9a1ab85568c9ae6e0d0e121bc4adb4265,164142652bf5b3032f4e1a8ee54fe2817a3f3b5130635cf04fb641a6e819211d
2026-09-30,INDUSTRY,INDUSTRY:T070505,ma20_width,0.18181818181818182,ACCEPTED,0.18181818181818182,12,11,3dd77c68f3f29601b59d09853a70977bfab15f3fba3edeca6737f75ef9d7bcc0,9f7ee99454374db02824b5c9d52e2da89fca30232bc291ddb1f48ef6db84b6c0,2ee46c732cbd9a2d9496fe9e4763efb9a1ab85568c9ae6e0d0e121bc4adb4265,164142652bf5b3032f4e1a8ee54fe2817a3f3b5130635cf04fb641a6e819211d
2026-09-30,INDUSTRY,INDUSTRY:T070506,sector_rs1,-0.008693105967103987,ACCEPTED,-0.008693105967103987,263,0,3dd77c68f3f29601b59d09853a70977bfab15f3fba3edeca6737f75ef9d7bcc0,9f7ee99454374db02824b5c9d52e2da89fca30232bc291ddb1f48ef6db84b6c0,2ee46c732cbd9a2d9496fe9e4763efb9a1ab85568c9ae6e0d0e121bc4adb4265,164142652bf5b3032f4e1a8ee54fe2817a3f3b5130635cf04fb641a6e819211d
2026-09-30,INDUSTRY,INDUSTRY:T070506,sector_rs5,-0.03694267515923566,ACCEPTED,-0.03694267515923566,263,0,3dd77c68f3f29601b59d09853a70977bfab15f3fba3edeca6737f75ef9d7bcc0,9f7ee99454374db02824b5c9d52e2da89fca30232bc291ddb1f48ef6db84b6c0,2ee46c732cbd9a2d9496fe9e4763efb9a1ab85568c9ae6e0d0e121bc4adb4265,164142652bf5b3032f4e1a8ee54fe2817a3f3b5130635cf04fb641a6e819211d
2026-09-30,INDUSTRY,INDUSTRY:T070506,sector_rs20,-0.03962870403427354,ACCEPTED,-0.03962870403427354,263,0,3dd77c68f3f29601b59d09853a70977bfab15f3fba3edeca6737f75ef9d7bcc0,9f7ee99454374db02824b5c9d52e2da89fca30232bc291ddb1f48ef6db84b6c0,2ee46c732cbd9a2d9496fe9e4763efb9a1ab85568c9ae6e0d0e121bc4adb4265,164142652bf5b3032f4e1a8ee54fe2817a3f3b5130635cf04fb641a6e819211d
2026-09-30,INDUSTRY,INDUSTRY:T070506,breadth_ret1,0.2786259541984733,ACCEPTED,0.2786259541984733,263,262,3dd77c68f3f29601b59d09853a70977bfab15f3fba3edeca6737f75ef9d7bcc0,9f7ee99454374db02824b5c9d52e2da89fca30232bc291ddb1f48ef6db84b6c0,2ee46c732cbd9a2d9496fe9e4763efb9a1ab85568c9ae6e0d0e121bc4adb4265,164142652bf5b3032f4e1a8ee54fe2817a3f3b5130635cf04fb641a6e819211d
2026-09-30,INDUSTRY,INDUSTRY:T070506,breadth_ret5,0.17110266159695817,ACCEPTED,0.17110266159695817,263,263,3dd77c68f3f29601b59d09853a70977bfab15f3fba3edeca6737f75ef9d7bcc0,9f7ee99454374db02824b5c9d52e2da89fca30232bc291ddb1f48ef6db84b6c0,2ee46c732cbd9a2d9496fe9e4763efb9a1ab85568c9ae6e0d0e121bc4adb4265,164142652bf5b3032f4e1a8ee54fe2817a3f3b5130635cf04fb641a6e819211d
2026-09-30,INDUSTRY,INDUSTRY:T070506,breadth_ret20,0.28517110266159695,ACCEPTED,0.28517110266159695,263,263,3dd77c68f3f29601b59d09853a70977bfab15f3fba3edeca6737f75ef9d7bcc0,9f7ee99454374db02824b5c9d52e2da89fca30232bc291ddb1f48ef6db84b6c0,2ee46c732cbd9a2d9496fe9e4763efb9a1ab85568c9ae6e0d0e121bc4adb4265,164142652bf5b3032f4e1a8ee54fe2817a3f3b5130635cf04fb641a6e819211d
2026-09-30,INDUSTRY,INDUSTRY:T070506,ma20_width,0.30798479087452474,ACCEPTED,0.30798479087452474,263,263,3dd77c68f3f29601b59d09853a70977bfab15f3fba3edeca6737f75ef9d7bcc0,9f7ee99454374db02824b5c9d52e2da89fca30232bc291ddb1f48ef6db84b6c0,2ee46c732cbd9a2d9496fe9e4763efb9a1ab85568c9ae6e0d0e121bc4adb4265,164142652bf5b3032f4e1a8ee54fe2817a3f3b5130635cf04fb641a6e819211d
2026-09-30,INDUSTRY,INDUSTRY:T0706,sector_rs1,-0.0011954468013671837,ACCEPTED,-0.0011954468013671837,322,0,3dd77c68f3f29601b59d09853a70977bfab15f3fba3edeca6737f75ef9d7bcc0,9f7ee99454374db02824b5c9d52e2da89fca30232bc291ddb1f48ef6db84b6c0,2ee46c732cbd9a2d9496fe9e4763efb9a1ab85568c9ae6e0d0e121bc4adb4265,164142652bf5b3032f4e1a8ee54fe2817a3f3b5130635cf04fb641a6e819211d
2026-09-30,INDUSTRY,INDUSTRY:T0706,sector_rs5,-0.028525739900150504,ACCEPTED,-0.028525739900150504,322,0,3dd77c68f3f29601b59d09853a70977bfab15f3fba3edeca6737f75ef9d7bcc0,9f7ee99454374db02824b5c9d52e2da89fca30232bc291ddb1f48ef6db84b6c0,2ee46c732cbd9a2d9496fe9e4763efb9a1ab85568c9ae6e0d0e121bc4adb4265,164142652bf5b3032f4e1a8ee54fe2817a3f3b5130635cf04fb641a6e819211d
2026-09-30,INDUSTRY,INDUSTRY:T0706,sector_rs20,-0.04013566986998307,ACCEPTED,-0.04013566986998307,322,0,3dd77c68f3f29601b59d09853a70977bfab15f3fba3edeca6737f75ef9d7bcc0,9f7ee99454374db02824b5c9d52e2da89fca30232bc291ddb1f48ef6db84b6c0,2ee46c732cbd9a2d9496fe9e4763efb9a1ab85568c9ae6e0d0e121bc4adb4265,164142652bf5b3032f4e1a8ee54fe2817a3f3b5130635cf04fb641a6e819211d
2026-09-30,INDUSTRY,INDUSTRY:T0706,breadth_ret1,0.465625,ACCEPTED,0.465625,322,320,3dd77c68f3f29601b59d09853a70977bfab15f3fba3edeca6737f75ef9d7bcc0,9f7ee99454374db02824b5c9d52e2da89fca30232bc291ddb1f48ef6db84b6c0,2ee46c732cbd9a2d9496fe9e4763efb9a1ab85568c9ae6e0d0e121bc4adb4265,164142652bf5b3032f4e1a8ee54fe2817a3f3b5130635cf04fb641a6e819211d
2026-09-30,INDUSTRY,INDUSTRY:T0706,breadth_ret5,0.225,ACCEPTED,0.225,322,320,3dd77c68f3f29601b59d09853a70977bfab15f3fba3edeca6737f75ef9d7bcc0,9f7ee99454374db02824b5c9d52e2da89fca30232bc291ddb1f48ef6db84b6c0,2ee46c732cbd9a2d9496fe9e4763efb9a1ab85568c9ae6e0d0e121bc4adb4265,164142652bf5b3032f4e1a8ee54fe2817a3f3b5130635cf04fb641a6e819211d
2026-09-30,INDUSTRY,INDUSTRY:T0706,breadth_ret20,0.26959247648902823,ACCEPTED,0.26959247648902823,322,319,3dd77c68f3f29601b59d09853a70977bfab15f3fba3edeca6737f75ef9d7bcc0,9f7ee99454374db02824b5c9d52e2da89fca30232bc291ddb1f48ef6db84b6c0,2ee46c732cbd9a2d9496fe9e4763efb9a1ab85568c9ae6e0d0e121bc4adb4265,164142652bf5b3032f4e1a8ee54fe2817a3f3b5130635cf04fb641a6e819211d
2026-09-30,INDUSTRY,INDUSTRY:T0706,ma20_width,0.334375,ACCEPTED,0.334375,322,320,3dd77c68f3f29601b59d09853a70977bfab15f3fba3edeca6737f75ef9d7bcc0,9f7ee99454374db02824b5c9d52e2da89fca30232bc291ddb1f48ef6db84b6c0,2ee46c732cbd9a2d9496fe9e4763efb9a1ab85568c9ae6e0d0e121bc4adb4265,164142652bf5b3032f4e1a8ee54fe2817a3f3b5130635cf04fb641a6e819211d
2026-09-30,INDUSTRY,INDUSTRY:T0707,sector_rs1,0.0029761904761904656,ACCEPTED,0.0029761904761904656,33,0,3dd77c68f3f29601b59d09853a70977bfab15f3fba3edeca6737f75ef9d7bcc0,9f7ee99454374db02824b5c9d52e2da89fca30232bc291ddb1f48ef6db84b6c0,2ee46c732cbd9a2d9496fe9e4763efb9a1ab85568c9ae6e0d0e121bc4adb4265,164142652bf5b3032f4e1a8ee54fe2817a3f3b5130635cf04fb641a6e819211d
2026-09-30,INDUSTRY,INDUSTRY:T0707,sector_rs5,-0.018276762402088864,ACCEPTED,-0.018276762402088864,33,0,3dd77c68f3f29601b59d09853a70977bfab15f3fba3edeca6737f75ef9d7bcc0,9f7ee99454374db02824b5c9d52e2da89fca30232bc291ddb1f48ef6db84b6c0,2ee46c732cbd9a2d9496fe9e4763efb9a1ab85568c9ae6e0d0e121bc4adb4265,164142652bf5b3032f4e1a8ee54fe2817a3f3b5130635cf04fb641a6e819211d
2026-09-30,INDUSTRY,INDUSTRY:T0707,sector_rs20,-0.05759162303664911,ACCEPTED,-0.05759162303664911,33,0,3dd77c68f3f29601b59d09853a70977bfab15f3fba3edeca6737f75ef9d7bcc0,9f7ee99454374db02824b5c9d52e2da89fca30232bc291ddb1f48ef6db84b6c0,2ee46c732cbd9a2d9496fe9e4763efb9a1ab85568c9ae6e0d0e121bc4adb4265,164142652bf5b3032f4e1a8ee54fe2817a3f3b5130635cf04fb641a6e819211d
2026-09-30,INDUSTRY,INDUSTRY:T0707,breadth_ret1,0.5757575757575758,ACCEPTED,0.5757575757575758,33,33,3dd77c68f3f29601b59d09853a70977bfab15f3fba3edeca6737f75ef9d7bcc0,9f7ee99454374db02824b5c9d52e2da89fca30232bc291ddb1f48ef6db84b6c0,2ee46c732cbd9a2d9496fe9e4763efb9a1ab85568c9ae6e0d0e121bc4adb4265,164142652bf5b3032f4e1a8ee54fe2817a3f3b5130635cf04fb641a6e819211d
2026-09-30,INDUSTRY,INDUSTRY:T0707,breadth_ret5,0.21212121212121213,ACCEPTED,0.21212121212121213,33,33,3dd77c68f3f29601b59d09853a70977bfab15f3fba3edeca6737f75ef9d7bcc0,9f7ee99454374db02824b5c9d52e2da89fca30232bc291ddb1f48ef6db84b6c0,2ee46c732cbd9a2d9496fe9e4763efb9a1ab85568c9ae6e0d0e121bc4adb4265,164142652bf5b3032f4e1a8ee54fe2817a3f3b5130635cf04fb641a6e819211d
2026-09-30,INDUSTRY,INDUSTRY:T0707,breadth_ret20,0.15151515151515152,ACCEPTED,0.15151515151515152,33,33,3dd77c68f3f29601b59d09853a70977bfab15f3fba3edeca6737f75ef9d7bcc0,9f7ee99454374db02824b5c9d52e2da89fca30232bc291ddb1f48ef6db84b6c0,2ee46c732cbd9a2d9496fe9e4763efb9a1ab85568c9ae6e0d0e121bc4adb4265,164142652bf5b3032f4e1a8ee54fe2817a3f3b5130635cf04fb641a6e819211d
2026-09-30,INDUSTRY,INDUSTRY:T0707,ma20_width,0.21212121212121213,ACCEPTED,0.21212121212121213,33,33,3dd77c68f3f29601b59d09853a70977bfab15f3fba3edeca6737f75ef9d7bcc0,9f7ee99454374db02824b5c9d52e2da89fca30232bc291ddb1f48ef6db84b6c0,2ee46c732cbd9a2d9496fe9e4763efb9a1ab85568c9ae6e0d0e121bc4adb4265,164142652bf5b3032f4e1a8ee54fe2817a3f3b5130635cf04fb641a6e819211d
2026-09-30,INDUSTRY,INDUSTRY:T0708,sector_rs1,-0.011604614658568713,ACCEPTED,-0.011604614658568713,92,0,3dd77c68f3f29601b59d09853a70977bfab15f3fba3edeca6737f75ef9d7bcc0,9f7ee99454374db02824b5c9d52e2da89fca30232bc291ddb1f48ef6db84b6c0,2ee46c732cbd9a2d9496fe9e4763efb9a1ab85568c9ae6e0d0e121bc4adb4265,164142652bf5b3032f4e1a8ee54fe2817a3f3b5130635cf04fb641a6e819211d
2026-09-30,INDUSTRY,INDUSTRY:T0708,sector_rs5,-0.03725052573370091,ACCEPTED,-0.03725052573370091,92,0,3dd77c68f3f29601b59d09853a70977bfab15f3fba3edeca6737f75ef9d7bcc0,9f7ee99454374db02824b5c9d52e2da89fca30232bc291ddb1f48ef6db84b6c0,2ee46c732cbd9a2d9496fe9e4763efb9a1ab85568c9ae6e0d0e121bc4adb4265,164142652bf5b3032f4e1a8ee54fe2817a3f3b5130635cf04fb641a6e819211d
2026-09-30,INDUSTRY,INDUSTRY:T0708,sector_rs20,-0.039005087620124446,ACCEPTED,-0.039005087620124446,92,0,3dd77c68f3f29601b59d09853a70977bfab15f3fba3edeca6737f75ef9d7bcc0,9f7ee99454374db02824b5c9d52e2da89fca30232bc291ddb1f48ef6db84b6c0,2ee46c732cbd9a2d9496fe9e4763efb9a1ab85568c9ae6e0d0e121bc4adb4265,164142652bf5b3032f4e1a8ee54fe2817a3f3b5130635cf04fb641a6e819211d
2026-09-30,INDUSTRY,INDUSTRY:T0708,breadth_ret1,0.09782608695652174,ACCEPTED,0.09782608695652174,92,92,3dd77c68f3f29601b59d09853a70977bfab15f3fba3edeca6737f75ef9d7bcc0,9f7ee99454374db02824b5c9d52e2da89fca30232bc291ddb1f48ef6db84b6c0,2ee46c732cbd9a2d9496fe9e4763efb9a1ab85568c9ae6e0d0e121bc4adb4265,164142652bf5b3032f4e1a8ee54fe2817a3f3b5130635cf04fb641a6e819211d
2026-09-30,INDUSTRY,INDUSTRY:T0708,breadth_ret5,0.1956521739130435,ACCEPTED,0.1956521739130435,92,92,3dd77c68f3f29601b59d09853a70977bfab15f3fba3edeca6737f75ef9d7bcc0,9f7ee99454374db02824b5c9d52e2da89fca30232bc291ddb1f48ef6db84b6c0,2ee46c732cbd9a2d9496fe9e4763efb9a1ab85568c9ae6e0d0e121bc4adb4265,164142652bf5b3032f4e1a8ee54fe2817a3f3b5130635cf04fb641a6e819211d
2026-09-30,INDUSTRY,INDUSTRY:T0708,breadth_ret20,0.2857142857142857,ACCEPTED,0.2857142857142857,92,91,3dd77c68f3f29601b59d09853a70977bfab15f3fba3edeca6737f75ef9d7bcc0,9f7ee99454374db02824b5c9d52e2da89fca30232bc291ddb1f48ef6db84b6c0,2ee46c732cbd9a2d9496fe9e4763efb9a1ab85568c9ae6e0d0e121bc4adb4265,164142652bf5b3032f4e1a8ee54fe2817a3f3b5130635cf04fb641a6e819211d
2026-09-30,INDUSTRY,INDUSTRY:T0708,ma20_width,0.3626373626373626,ACCEPTED,0.3626373626373626,92,91,3dd77c68f3f29601b59d09853a70977bfab15f3fba3edeca6737f75ef9d7bcc0,9f7ee99454374db02824b5c9d52e2da89fca30232bc291ddb1f48ef6db84b6c0,2ee46c732cbd9a2d9496fe9e4763efb9a1ab85568c9ae6e0d0e121bc4adb4265,164142652bf5b3032f4e1a8ee54fe2817a3f3b5130635cf04fb641a6e819211d
2026-09-30,INDUSTRY,INDUSTRY:T0801,sector_rs1,0.0015948963317384823,ACCEPTED,0.0015948963317384823,5,0,3dd77c68f3f29601b59d09853a70977bfab15f3fba3edeca6737f75ef9d7bcc0,9f7ee99454374db02824b5c9d52e2da89fca30232bc291ddb1f48ef6db84b6c0,2ee46c732cbd9a2d9496fe9e4763efb9a1ab85568c9ae6e0d0e121bc4adb4265,164142652bf5b3032f4e1a8ee54fe2817a3f3b5130635cf04fb641a6e819211d
2026-09-30,INDUSTRY,INDUSTRY:T0801,sector_rs5,0.004750593824228044,ACCEPTED,0.004750593824228044,5,0,3dd77c68f3f29601b59d09853a70977bfab15f3fba3edeca6737f75ef9d7bcc0,9f7ee99454374db02824b5c9d52e2da89fca30232bc291ddb1f48ef6db84b6c0,2ee46c732cbd9a2d9496fe9e4763efb9a1ab85568c9ae6e0d0e121bc4adb4265,164142652bf5b3032f4e1a8ee54fe2817a3f3b5130635cf04fb641a6e819211d
2026-09-30,INDUSTRY,INDUSTRY:T0801,sector_rs20,-0.02083333333333326,ACCEPTED,-0.02083333333333326,5,0,3dd77c68f3f29601b59d09853a70977bfab15f3fba3edeca6737f75ef9d7bcc0,9f7ee99454374db02824b5c9d52e2da89fca30232bc291ddb1f48ef6db84b6c0,2ee46c732cbd9a2d9496fe9e4763efb9a1ab85568c9ae6e0d0e121bc4adb4265,164142652bf5b3032f4e1a8ee54fe2817a3f3b5130635cf04fb641a6e819211d
2026-09-30,INDUSTRY,INDUSTRY:T0801,breadth_ret1,0.6,ACCEPTED,0.6,5,5,3dd77c68f3f29601b59d09853a70977bfab15f3fba3edeca6737f75ef9d7bcc0,9f7ee99454374db02824b5c9d52e2da89fca30232bc291ddb1f48ef6db84b6c0,2ee46c732cbd9a2d9496fe9e4763efb9a1ab85568c9ae6e0d0e121bc4adb4265,164142652bf5b3032f4e1a8ee54fe2817a3f3b5130635cf04fb641a6e819211d
2026-09-30,INDUSTRY,INDUSTRY:T0801,breadth_ret5,0.6,ACCEPTED,0.6,5,5,3dd77c68f3f29601b59d09853a70977bfab15f3fba3edeca6737f75ef9d7bcc0,9f7ee99454374db02824b5c9d52e2da89fca30232bc291ddb1f48ef6db84b6c0,2ee46c732cbd9a2d9496fe9e4763efb9a1ab85568c9ae6e0d0e121bc4adb4265,164142652bf5b3032f4e1a8ee54fe2817a3f3b5130635cf04fb641a6e819211d
2026-09-30,INDUSTRY,INDUSTRY:T0801,breadth_ret20,0.0,ACCEPTED,0.0,5,5,3dd77c68f3f29601b59d09853a70977bfab15f3fba3edeca6737f75ef9d7bcc0,9f7ee99454374db02824b5c9d52e2da89fca30232bc291ddb1f48ef6db84b6c0,2ee46c732cbd9a2d9496fe9e4763efb9a1ab85568c9ae6e0d0e121bc4adb4265,164142652bf5b3032f4e1a8ee54fe2817a3f3b5130635cf04fb641a6e819211d
2026-09-30,INDUSTRY,INDUSTRY:T0801,ma20_width,0.6,ACCEPTED,0.6,5,5,3dd77c68f3f29601b59d09853a70977bfab15f3fba3edeca6737f75ef9d7bcc0,9f7ee99454374db02824b5c9d52e2da89fca30232bc291ddb1f48ef6db84b6c0,2ee46c732cbd9a2d9496fe9e4763efb9a1ab85568c9ae6e0d0e121bc4adb4265,164142652bf5b3032f4e1a8ee54fe2817a3f3b5130635cf04fb641a6e819211d
2026-09-30,INDUSTRY,INDUSTRY:T0802,sector_rs1,-0.005201560468140465,ACCEPTED,-0.005201560468140465,7,0,3dd77c68f3f29601b59d09853a70977bfab15f3fba3edeca6737f75ef9d7bcc0,9f7ee99454374db02824b5c9d52e2da89fca30232bc291ddb1f48ef6db84b6c0,2ee46c732cbd9a2d9496fe9e4763efb9a1ab85568c9ae6e0d0e121bc4adb4265,164142652bf5b3032f4e1a8ee54fe2817a3f3b5130635cf04fb641a6e819211d
2026-09-30,INDUSTRY,INDUSTRY:T0802,sector_rs5,-0.021072796934865745,ACCEPTED,-0.021072796934865745,7,0,3dd77c68f3f29601b59d09853a70977bfab15f3fba3edeca6737f75ef9d7bcc0,9f7ee99454374db02824b5c9d52e2da89fca30232bc291ddb1f48ef6db84b6c0,2ee46c732cbd9a2d9496fe9e4763efb9a1ab85568c9ae6e0d0e121bc4adb4265,164142652bf5b3032f4e1a8ee54fe2817a3f3b5130635cf04fb641a6e819211d
2026-09-30,INDUSTRY,INDUSTRY:T0802,sector_rs20,-0.03041825095057027,ACCEPTED,-0.03041825095057027,7,0,3dd77c68f3f29601b59d09853a70977bfab15f3fba3edeca6737f75ef9d7bcc0,9f7ee99454374db02824b5c9d52e2da89fca30232bc291ddb1f48ef6db84b6c0,2ee46c732cbd9a2d9496fe9e4763efb9a1ab85568c9ae6e0d0e121bc4adb4265,164142652bf5b3032f4e1a8ee54fe2817a3f3b5130635cf04fb641a6e819211d
2026-09-30,INDUSTRY,INDUSTRY:T0802,breadth_ret1,0.14285714285714285,ACCEPTED,0.14285714285714285,7,7,3dd77c68f3f29601b59d09853a70977bfab15f3fba3edeca6737f75ef9d7bcc0,9f7ee99454374db02824b5c9d52e2da89fca30232bc291ddb1f48ef6db84b6c0,2ee46c732cbd9a2d9496fe9e4763efb9a1ab85568c9ae6e0d0e121bc4adb4265,164142652bf5b3032f4e1a8ee54fe2817a3f3b5130635cf04fb641a6e819211d
2026-09-30,INDUSTRY,INDUSTRY:T0802,breadth_ret5,0.42857142857142855,ACCEPTED,0.42857142857142855,7,7,3dd77c68f3f29601b59d09853a70977bfab15f3fba3edeca6737f75ef9d7bcc0,9f7ee99454374db02824b5c9d52e2da89fca30232bc291ddb1f48ef6db84b6c0,2ee46c732cbd9a2d9496fe9e4763efb9a1ab85568c9ae6e0d0e121bc4adb4265,164142652bf5b3032f4e1a8ee54fe2817a3f3b5130635cf04fb641a6e819211d
2026-09-30,INDUSTRY,INDUSTRY:T0802,breadth_ret20,0.2857142857142857,ACCEPTED,0.2857142857142857,7,7,3dd77c68f3f29601b59d09853a70977bfab15f3fba3edeca6737f75ef9d7bcc0,9f7ee99454374db02824b5c9d52e2da89fca30232bc291ddb1f48ef6db84b6c0,2ee46c732cbd9a2d9496fe9e4763efb9a1ab85568c9ae6e0d0e121bc4adb4265,164142652bf5b3032f4e1a8ee54fe2817a3f3b5130635cf04fb641a6e819211d
2026-09-30,INDUSTRY,INDUSTRY:T0802,ma20_width,0.2857142857142857,ACCEPTED,0.2857142857142857,7,7,3dd77c68f3f29601b59d09853a70977bfab15f3fba3edeca6737f75ef9d7bcc0,9f7ee99454374db02824b5c9d52e2da89fca30232bc291ddb1f48ef6db84b6c0,2ee46c732cbd9a2d9496fe9e4763efb9a1ab85568c9ae6e0d0e121bc4adb4265,164142652bf5b3032f4e1a8ee54fe2817a3f3b5130635cf04fb641a6e819211d
2026-09-30,INDUSTRY,INDUSTRY:T0803,sector_rs1,0.004999999999999893,ACCEPTED,0.004999999999999893,15,0,3dd77c68f3f29601b59d09853a70977bfab15f3fba3edeca6737f75ef9d7bcc0,9f7ee99454374db02824b5c9d52e2da89fca30232bc291ddb1f48ef6db84b6c0,2ee46c732cbd9a2d9496fe9e4763efb9a1ab85568c9ae6e0d0e121bc4adb4265,164142652bf5b3032f4e1a8ee54fe2817a3f3b5130635cf04fb641a6e819211d
2026-09-30,INDUSTRY,INDUSTRY:T0803,sector_rs5,-0.002481389578163906,ACCEPTED,-0.002481389578163906,15,0,3dd77c68f3f29601b59d09853a70977bfab15f3fba3edeca6737f75ef9d7bcc0,9f7ee99454374db02824b5c9d52e2da89fca30232bc291ddb1f48ef6db84b6c0,2ee46c732cbd9a2d9496fe9e4763efb9a1ab85568c9ae6e0d0e121bc4adb4265,164142652bf5b3032f4e1a8ee54fe2817a3f3b5130635cf04fb641a6e819211d
2026-09-30,INDUSTRY,INDUSTRY:T0803,sector_rs20,-0.016741071428571508,ACCEPTED,-0.016741071428571508,15,0,3dd77c68f3f29601b59d09853a70977bfab15f3fba3edeca6737f75ef9d7bcc0,9f7ee99454374db02824b5c9d52e2da89fca30232bc291ddb1f48ef6db84b6c0,2ee46c732cbd9a2d9496fe9e4763efb9a1ab85568c9ae6e0d0e121bc4adb4265,164142652bf5b3032f4e1a8ee54fe2817a3f3b5130635cf04fb641a6e819211d
2026-09-30,INDUSTRY,INDUSTRY:T0803,breadth_ret1,0.6,ACCEPTED,0.6,15,15,3dd77c68f3f29601b59d09853a70977bfab15f3fba3edeca6737f75ef9d7bcc0,9f7ee99454374db02824b5c9d52e2da89fca30232bc291ddb1f48ef6db84b6c0,2ee46c732cbd9a2d9496fe9e4763efb9a1ab85568c9ae6e0d0e121bc4adb4265,164142652bf5b3032f4e1a8ee54fe2817a3f3b5130635cf04fb641a6e819211d
2026-09-30,INDUSTRY,INDUSTRY:T0803,breadth_ret5,0.3333333333333333,ACCEPTED,0.3333333333333333,15,15,3dd77c68f3f29601b59d09853a70977bfab15f3fba3edeca6737f75ef9d7bcc0,9f7ee99454374db02824b5c9d52e2da89fca30232bc291ddb1f48ef6db84b6c0,2ee46c732cbd9a2d9496fe9e4763efb9a1ab85568c9ae6e0d0e121bc4adb4265,164142652bf5b3032f4e1a8ee54fe2817a3f3b5130635cf04fb641a6e819211d
2026-09-30,INDUSTRY,INDUSTRY:T0803,breadth_ret20,0.13333333333333333,ACCEPTED,0.13333333333333333,15,15,3dd77c68f3f29601b59d09853a70977bfab15f3fba3edeca6737f75ef9d7bcc0,9f7ee99454374db02824b5c9d52e2da89fca30232bc291ddb1f48ef6db84b6c0,2ee46c732cbd9a2d9496fe9e4763efb9a1ab85568c9ae6e0d0e121bc4adb4265,164142652bf5b3032f4e1a8ee54fe2817a3f3b5130635cf04fb641a6e819211d
2026-09-30,INDUSTRY,INDUSTRY:T0803,ma20_width,0.26666666666666666,ACCEPTED,0.26666666666666666,15,15,3dd77c68f3f29601b59d09853a70977bfab15f3fba3edeca6737f75ef9d7bcc0,9f7ee99454374db02824b5c9d52e2da89fca30232bc291ddb1f48ef6db84b6c0,2ee46c732cbd9a2d9496fe9e4763efb9a1ab85568c9ae6e0d0e121bc4adb4265,164142652bf5b3032f4e1a8ee54fe2817a3f3b5130635cf04fb641a6e819211d
2026-09-30,INDUSTRY,INDUSTRY:T0804,sector_rs1,0.009975062344139696,ACCEPTED,0.009975062344139696,43,0,3dd77c68f3f29601b59d09853a70977bfab15f3fba3edeca6737f75ef9d7bcc0,9f7ee99454374db02824b5c9d52e2da89fca30232bc291ddb1f48ef6db84b6c0,2ee46c732cbd9a2d9496fe9e4763efb9a1ab85568c9ae6e0d0e121bc4adb4265,164142652bf5b3032f4e1a8ee54fe2817a3f3b5130635cf04fb641a6e819211d
2026-09-30,INDUSTRY,INDUSTRY:T0804,sector_rs5,-0.004379562043795526,ACCEPTED,-0.004379562043795526,43,0,3dd77c68f3f29601b59d09853a70977bfab15f3fba3edeca6737f75ef9d7bcc0,9f7ee99454374db02824b5c9d52e2da89fca30232bc291ddb1f48ef6db84b6c0,2ee46c732cbd9a2d9496fe9e4763efb9a1ab85568c9ae6e0d0e121bc4adb4265,164142652bf5b3032f4e1a8ee54fe2817a3f3b5130635cf04fb641a6e819211d
2026-09-30,INDUSTRY,INDUSTRY:T0804,sector_rs20,-0.02142562834775441,ACCEPTED,-0.02142562834775441,43,0,3dd77c68f3f29601b59d09853a70977bfab15f3fba3edeca6737f75ef9d7bcc0,9f7ee99454374db02824b5c9d52e2da89fca30232bc291ddb1f48ef6db84b6c0,2ee46c732cbd9a2d9496fe9e4763efb9a1ab85568c9ae6e0d0e121bc4adb4265,164142652bf5b3032f4e1a8ee54fe2817a3f3b5130635cf04fb641a6e819211d
2026-09-30,INDUSTRY,INDUSTRY:T0804,breadth_ret1,0.7906976744186046,ACCEPTED,0.7906976744186046,43,43,3dd77c68f3f29601b59d09853a70977bfab15f3fba3edeca6737f75ef9d7bcc0,9f7ee99454374db02824b5c9d52e2da89fca30232bc291ddb1f48ef6db84b6c0,2ee46c732cbd9a2d9496fe9e4763efb9a1ab85568c9ae6e0d0e121bc4adb4265,164142652bf5b3032f4e1a8ee54fe2817a3f3b5130635cf04fb641a6e819211d
2026-09-30,INDUSTRY,INDUSTRY:T0804,breadth_ret5,0.4186046511627907,ACCEPTED,0.4186046511627907,43,43,3dd77c68f3f29601b59d09853a70977bfab15f3fba3edeca6737f75ef9d7bcc0,9f7ee99454374db02824b5c9d52e2da89fca30232bc291ddb1f48ef6db84b6c0,2ee46c732cbd9a2d9496fe9e4763efb9a1ab85568c9ae6e0d0e121bc4adb4265,164142652bf5b3032f4e1a8ee54fe2817a3f3b5130635cf04fb641a6e819211d
2026-09-30,INDUSTRY,INDUSTRY:T0804,breadth_ret20,0.27906976744186046,ACCEPTED,0.27906976744186046,43,43,3dd77c68f3f29601b59d09853a70977bfab15f3fba3edeca6737f75ef9d7bcc0,9f7ee99454374db02824b5c9d52e2da89fca30232bc291ddb1f48ef6db84b6c0,2ee46c732cbd9a2d9496fe9e4763efb9a1ab85568c9ae6e0d0e121bc4adb4265,164142652bf5b3032f4e1a8ee54fe2817a3f3b5130635cf04fb641a6e819211d
2026-09-30,INDUSTRY,INDUSTRY:T0804,ma20_width,0.37209302325581395,ACCEPTED,0.37209302325581395,43,43,3dd77c68f3f29601b59d09853a70977bfab15f3fba3edeca6737f75ef9d7bcc0,9f7ee99454374db02824b5c9d52e2da89fca30232bc291ddb1f48ef6db84b6c0,2ee46c732cbd9a2d9496fe9e4763efb9a1ab85568c9ae6e0d0e121bc4adb4265,164142652bf5b3032f4e1a8ee54fe2817a3f3b5130635cf04fb641a6e819211d
2026-09-30,INDUSTRY,INDUSTRY:T0805,sector_rs1,-0.005235602094240899,ACCEPTED,-0.005235602094240899,115,0,3dd77c68f3f29601b59d09853a70977bfab15f3fba3edeca6737f75ef9d7bcc0,9f7ee99454374db02824b5c9d52e2da89fca30232bc291ddb1f48ef6db84b6c0,2ee46c732cbd9a2d9496fe9e4763efb9a1ab85568c9ae6e0d0e121bc4adb4265,164142652bf5b3032f4e1a8ee54fe2817a3f3b5130635cf04fb641a6e819211d
2026-09-30,INDUSTRY,INDUSTRY:T0805,sector_rs5,-0.0193965517241379,ACCEPTED,-0.0193965517241379,115,0,3dd77c68f3f29601b59d09853a70977bfab15f3fba3edeca6737f75ef9d7bcc0,9f7ee99454374db02824b5c9d52e2da89fca30232bc291ddb1f48ef6db84b6c0,2ee46c732cbd9a2d9496fe9e4763efb9a1ab85568c9ae6e0d0e121bc4adb4265,164142652bf5b3032f4e1a8ee54fe2817a3f3b5130635cf04fb641a6e819211d
2026-09-30,INDUSTRY,INDUSTRY:T0805,sector_rs20,-0.04005210029306416,ACCEPTED,-0.04005210029306416,115,0,3dd77c68f3f29601b59d09853a70977bfab15f3fba3edeca6737f75ef9d7bcc0,9f7ee99454374db02824b5c9d52e2da89fca30232bc291ddb1f48ef6db84b6c0,2ee46c732cbd9a2d9496fe9e4763efb9a1ab85568c9ae6e0d0e121bc4adb4265,164142652bf5b3032f4e1a8ee54fe2817a3f3b5130635cf04fb641a6e819211d
2026-09-30,INDUSTRY,INDUSTRY:T0805,breadth_ret1,0.4,ACCEPTED,0.4,115,115,3dd77c68f3f29601b59d09853a70977bfab15f3fba3edeca6737f75ef9d7bcc0,9f7ee99454374db02824b5c9d52e2da89fca30232bc291ddb1f48ef6db84b6c0,2ee46c732cbd9a2d9496fe9e4763efb9a1ab85568c9ae6e0d0e121bc4adb4265,164142652bf5b3032f4e1a8ee54fe2817a3f3b5130635cf04fb641a6e819211d
2026-09-30,INDUSTRY,INDUSTRY:T0805,breadth_ret5,0.25217391304347825,ACCEPTED,0.25217391304347825,115,115,3dd77c68f3f29601b59d09853a70977bfab15f3fba3edeca6737f75ef9d7bcc0,9f7ee99454374db02824b5c9d52e2da89fca30232bc291ddb1f48ef6db84b6c0,2ee46c732cbd9a2d9496fe9e4763efb9a1ab85568c9ae6e0d0e121bc4adb4265,164142652bf5b3032f4e1a8ee54fe2817a3f3b5130635cf04fb641a6e819211d
2026-09-30,INDUSTRY,INDUSTRY:T0805,breadth_ret20,0.13043478260869565,ACCEPTED,0.13043478260869565,115,115,3dd77c68f3f29601b59d09853a70977bfab15f3fba3edeca6737f75ef9d7bcc0,9f7ee99454374db02824b5c9d52e2da89fca30232bc291ddb1f48ef6db84b6c0,2ee46c732cbd9a2d9496fe9e4763efb9a1ab85568c9ae6e0d0e121bc4adb4265,164142652bf5b3032f4e1a8ee54fe2817a3f3b5130635cf04fb641a6e819211d
2026-09-30,INDUSTRY,INDUSTRY:T0805,ma20_width,0.2608695652173913,ACCEPTED,0.2608695652173913,115,115,3dd77c68f3f29601b59d09853a70977bfab15f3fba3edeca6737f75ef9d7bcc0,9f7ee99454374db02824b5c9d52e2da89fca30232bc291ddb1f48ef6db84b6c0,2ee46c732cbd9a2d9496fe9e4763efb9a1ab85568c9ae6e0d0e121bc4adb4265,164142652bf5b3032f4e1a8ee54fe2817a3f3b5130635cf04fb641a6e819211d
2026-09-30,INDUSTRY,INDUSTRY:T090101,sector_rs1,0.00957854406130254,ACCEPTED,0.00957854406130254,7,0,3dd77c68f3f29601b59d09853a70977bfab15f3fba3edeca6737f75ef9d7bcc0,9f7ee99454374db02824b5c9d52e2da89fca30232bc291ddb1f48ef6db84b6c0,2ee46c732cbd9a2d9496fe9e4763efb9a1ab85568c9ae6e0d0e121bc4adb4265,164142652bf5b3032f4e1a8ee54fe2817a3f3b5130635cf04fb641a6e819211d
2026-09-30,INDUSTRY,INDUSTRY:T090101,sector_rs5,0.0028571428571428914,ACCEPTED,0.0028571428571428914,7,0,3dd77c68f3f29601b59d09853a70977bfab15f3fba3edeca6737f75ef9d7bcc0,9f7ee99454374db02824b5c9d52e2da89fca30232bc291ddb1f48ef6db84b6c0,2ee46c732cbd9a2d9496fe9e4763efb9a1ab85568c9ae6e0d0e121bc4adb4265,164142652bf5b3032f4e1a8ee54fe2817a3f3b5130635cf04fb641a6e819211d
2026-09-30,INDUSTRY,INDUSTRY:T090101,sector_rs20,-0.016597510373444035,ACCEPTED,-0.016597510373444035,7,0,3dd77c68f3f29601b59d09853a70977bfab15f3fba3edeca6737f75ef9d7bcc0,9f7ee99454374db02824b5c9d52e2da89fca30232bc291ddb1f48ef6db84b6c0,2ee46c732cbd9a2d9496fe9e4763efb9a1ab85568c9ae6e0d0e121bc4adb4265,164142652bf5b3032f4e1a8ee54fe2817a3f3b5130635cf04fb641a6e819211d
2026-09-30,INDUSTRY,INDUSTRY:T090101,breadth_ret1,0.8571428571428571,ACCEPTED,0.8571428571428571,7,7,3dd77c68f3f29601b59d09853a70977bfab15f3fba3edeca6737f75ef9d7bcc0,9f7ee99454374db02824b5c9d52e2da89fca30232bc291ddb1f48ef6db84b6c0,2ee46c732cbd9a2d9496fe9e4763efb9a1ab85568c9ae6e0d0e121bc4adb4265,164142652bf5b3032f4e1a8ee54fe2817a3f3b5130635cf04fb641a6e819211d
2026-09-30,INDUSTRY,INDUSTRY:T090101,breadth_ret5,0.5714285714285714,ACCEPTED,0.5714285714285714,7,7,3dd77c68f3f29601b59d09853a70977bfab15f3fba3edeca6737f75ef9d7bcc0,9f7ee99454374db02824b5c9d52e2da89fca30232bc291ddb1f48ef6db84b6c0,2ee46c732cbd9a2d9496fe9e4763efb9a1ab85568c9ae6e0d0e121bc4adb4265,164142652bf5b3032f4e1a8ee54fe2817a3f3b5130635cf04fb641a6e819211d
2026-09-30,INDUSTRY,INDUSTRY:T090101,breadth_ret20,0.14285714285714285,ACCEPTED,0.14285714285714285,7,7,3dd77c68f3f29601b59d09853a70977bfab15f3fba3edeca6737f75ef9d7bcc0,9f7ee99454374db02824b5c9d52e2da89fca30232bc291ddb1f48ef6db84b6c0,2ee46c732cbd9a2d9496fe9e4763efb9a1ab85568c9ae6e0d0e121bc4adb4265,164142652bf5b3032f4e1a8ee54fe2817a3f3b5130635cf04fb641a6e819211d
2026-09-30,INDUSTRY,INDUSTRY:T090101,ma20_width,0.2857142857142857,ACCEPTED,0.2857142857142857,7,7,3dd77c68f3f29601b59d09853a70977bfab15f3fba3edeca6737f75ef9d7bcc0,9f7ee99454374db02824b5c9d52e2da89fca30232bc291ddb1f48ef6db84b6c0,2ee46c732cbd9a2d9496fe9e4763efb9a1ab85568c9ae6e0d0e121bc4adb4265,164142652bf5b3032f4e1a8ee54fe2817a3f3b5130635cf04fb641a6e819211d
2026-09-30,INDUSTRY,INDUSTRY:T090102,sector_rs1,0.011008755385256808,ACCEPTED,0.011008755385256808,18,0,3dd77c68f3f29601b59d09853a70977bfab15f3fba3edeca6737f75ef9d7bcc0,9f7ee99454374db02824b5c9d52e2da89fca30232bc291ddb1f48ef6db84b6c0,2ee46c732cbd9a2d9496fe9e4763efb9a1ab85568c9ae6e0d0e121bc4adb4265,164142652bf5b3032f4e1a8ee54fe2817a3f3b5130635cf04fb641a6e819211d
2026-09-30,INDUSTRY,INDUSTRY:T090102,sector_rs5,-0.014854639585822338,ACCEPTED,-0.014854639585822338,18,0,3dd77c68f3f29601b59d09853a70977bfab15f3fba3edeca6737f75ef9d7bcc0,9f7ee99454374db02824b5c9d52e2da89fca30232bc291ddb1f48ef6db84b6c0,2ee46c732cbd9a2d9496fe9e4763efb9a1ab85568c9ae6e0d0e121bc4adb4265,164142652bf5b3032f4e1a8ee54fe2817a3f3b5130635cf04fb641a6e819211d
2026-09-30,INDUSTRY,INDUSTRY:T090102,sector_rs20,-0.021982308368291015,ACCEPTED,-0.021982308368291015,18,0,3dd77c68f3f29601b59d09853a70977bfab15f3fba3edeca6737f75ef9d7bcc0,9f7ee99454374db02824b5c9d52e2da89fca30232bc291ddb1f48ef6db84b6c0,2ee46c732cbd9a2d9496fe9e4763efb9a1ab85568c9ae6e0d0e121bc4adb4265,164142652bf5b3032f4e1a8ee54fe2817a3f3b5130635cf04fb641a6e819211d
2026-09-30,INDUSTRY,INDUSTRY:T090102,breadth_ret1,0.8888888888888888,ACCEPTED,0.8888888888888888,18,18,3dd77c68f3f29601b59d09853a70977bfab15f3fba3edeca6737f75ef9d7bcc0,9f7ee99454374db02824b5c9d52e2da89fca30232bc291ddb1f48ef6db84b6c0,2ee46c732cbd9a2d9496fe9e4763efb9a1ab85568c9ae6e0d0e121bc4adb4265,164142652bf5b3032f4e1a8ee54fe2817a3f3b5130635cf04fb641a6e819211d
2026-09-30,INDUSTRY,INDUSTRY:T090102,breadth_ret5,0.05555555555555555,ACCEPTED,0.05555555555555555,18,18,3dd77c68f3f29601b59d09853a70977bfab15f3fba3edeca6737f75ef9d7bcc0,9f7ee99454374db02824b5c9d52e2da89fca30232bc291ddb1f48ef6db84b6c0,2ee46c732cbd9a2d9496fe9e4763efb9a1ab85568c9ae6e0d0e121bc4adb4265,164142652bf5b3032f4e1a8ee54fe2817a3f3b5130635cf04fb641a6e819211d
2026-09-30,INDUSTRY,INDUSTRY:T090102,breadth_ret20,0.3333333333333333,ACCEPTED,0.3333333333333333,18,18,3dd77c68f3f29601b59d09853a70977bfab15f3fba3edeca6737f75ef9d7bcc0,9f7ee99454374db02824b5c9d52e2da89fca30232bc291ddb1f48ef6db84b6c0,2ee46c732cbd9a2d9496fe9e4763efb9a1ab85568c9ae6e0d0e121bc4adb4265,164142652bf5b3032f4e1a8ee54fe2817a3f3b5130635cf04fb641a6e819211d
2026-09-30,INDUSTRY,INDUSTRY:T090102,ma20_width,0.1111111111111111,ACCEPTED,0.1111111111111111,18,18,3dd77c68f3f29601b59d09853a70977bfab15f3fba3edeca6737f75ef9d7bcc0,9f7ee99454374db02824b5c9d52e2da89fca30232bc291ddb1f48ef6db84b6c0,2ee46c732cbd9a2d9496fe9e4763efb9a1ab85568c9ae6e0d0e121bc4adb4265,164142652bf5b3032f4e1a8ee54fe2817a3f3b5130635cf04fb641a6e819211d
2026-09-30,INDUSTRY,INDUSTRY:T090103,sector_rs1,0.021491576379828792,ACCEPTED,0.021491576379828792,8,0,3dd77c68f3f29601b59d09853a70977bfab15f3fba3edeca6737f75ef9d7bcc0,9f7ee99454374db02824b5c9d52e2da89fca30232bc291ddb1f48ef6db84b6c0,2ee46c732cbd9a2d9496fe9e4763efb9a1ab85568c9ae6e0d0e121bc4adb4265,164142652bf5b3032f4e1a8ee54fe2817a3f3b5130635cf04fb641a6e819211d
2026-09-30,INDUSTRY,INDUSTRY:T090103,sector_rs5,-0.014177069880901116,ACCEPTED,-0.014177069880901116,8,0,3dd77c68f3f29601b59d09853a70977bfab15f3fba3edeca6737f75ef9d7bcc0,9f7ee99454374db02824b5c9d52e2da89fca30232bc291ddb1f48ef6db84b6c0,2ee46c732cbd9a2d9496fe9e4763efb9a1ab85568c9ae6e0d0e121bc4adb4265,164142652bf5b3032f4e1a8ee54fe2817a3f3b5130635cf04fb641a6e819211d
2026-09-30,INDUSTRY,INDUSTRY:T090103,sector_rs20,-0.021876018736166625,ACCEPTED,-0.021876018736166625,8,0,3dd77c68f3f29601b59d09853a70977bfab15f3fba3edeca6737f75ef9d7bcc0,9f7ee99454374db02824b5c9d52e2da89fca30232bc291ddb1f48ef6db84b6c0,2ee46c732cbd9a2d9496fe9e4763efb9a1ab85568c9ae6e0d0e121bc4adb4265,164142652bf5b3032f4e1a8ee54fe2817a3f3b5130635cf04fb641a6e819211d
2026-09-30,INDUSTRY,INDUSTRY:T090103,breadth_ret1,1.0,ACCEPTED,1.0,8,8,3dd77c68f3f29601b59d09853a70977bfab15f3fba3edeca6737f75ef9d7bcc0,9f7ee99454374db02824b5c9d52e2da89fca30232bc291ddb1f48ef6db84b6c0,2ee46c732cbd9a2d9496fe9e4763efb9a1ab85568c9ae6e0d0e121bc4adb4265,164142652bf5b3032f4e1a8ee54fe2817a3f3b5130635cf04fb641a6e819211d
2026-09-30,INDUSTRY,INDUSTRY:T090103,breadth_ret5,0.0,ACCEPTED,0.0,8,8,3dd77c68f3f29601b59d09853a70977bfab15f3fba3edeca6737f75ef9d7bcc0,9f7ee99454374db02824b5c9d52e2da89fca30232bc291ddb1f48ef6db84b6c0,2ee46c732cbd9a2d9496fe9e4763efb9a1ab85568c9ae6e0d0e121bc4adb4265,164142652bf5b3032f4e1a8ee54fe2817a3f3b5130635cf04fb641a6e819211d
2026-09-30,INDUSTRY,INDUSTRY:T090103,breadth_ret20,0.25,ACCEPTED,0.25,8,8,3dd77c68f3f29601b59d09853a70977bfab15f3fba3edeca6737f75ef9d7bcc0,9f7ee99454374db02824b5c9d52e2da89fca30232bc291ddb1f48ef6db84b6c0,2ee46c732cbd9a2d9496fe9e4763efb9a1ab85568c9ae6e0d0e121bc4adb4265,164142652bf5b3032f4e1a8ee54fe2817a3f3b5130635cf04fb641a6e819211d
2026-09-30,INDUSTRY,INDUSTRY:T090103,ma20_width,0.25,ACCEPTED,0.25,8,8,3dd77c68f3f29601b59d09853a70977bfab15f3fba3edeca6737f75ef9d7bcc0,9f7ee99454374db02824b5c9d52e2da89fca30232bc291ddb1f48ef6db84b6c0,2ee46c732cbd9a2d9496fe9e4763efb9a1ab85568c9ae6e0d0e121bc4adb4265,164142652bf5b3032f4e1a8ee54fe2817a3f3b5130635cf04fb641a6e819211d
2026-09-30,INDUSTRY,INDUSTRY:T090104,sector_rs1,0.0003859513701274242,ACCEPTED,0.0003859513701274242,3,0,3dd77c68f3f29601b59d09853a70977bfab15f3fba3edeca6737f75ef9d7bcc0,9f7ee99454374db02824b5c9d52e2da89fca30232bc291ddb1f48ef6db84b6c0,2ee46c732cbd9a2d9496fe9e4763efb9a1ab85568c9ae6e0d0e121bc4adb4265,164142652bf5b3032f4e1a8ee54fe2817a3f3b5130635cf04fb641a6e819211d
2026-09-30,INDUSTRY,INDUSTRY:T090104,sector_rs5,-0.04424778761061943,ACCEPTED,-0.04424778761061943,3,0,3dd77c68f3f29601b59d09853a70977bfab15f3fba3edeca6737f75ef9d7bcc0,9f7ee99454374db02824b5c9d52e2da89fca30232bc291ddb1f48ef6db84b6c0,2ee46c732cbd9a2d9496fe9e4763efb9a1ab85568c9ae6e0d0e121bc4adb4265,164142652bf5b3032f4e1a8ee54fe2817a3f3b5130635cf04fb641a6e819211d
2026-09-30,INDUSTRY,INDUSTRY:T090104,sector_rs20,-0.08390243902439021,ACCEPTED,-0.08390243902439021,3,0,3dd77c68f3f29601b59d09853a70977bfab15f3fba3edeca6737f75ef9d7bcc0,9f7ee99454374db02824b5c9d52e2da89fca30232bc291ddb1f48ef6db84b6c0,2ee46c732cbd9a2d9496fe9e4763efb9a1ab85568c9ae6e0d0e121bc4adb4265,164142652bf5b3032f4e1a8ee54fe2817a3f3b5130635cf04fb641a6e819211d
2026-09-30,INDUSTRY,INDUSTRY:T090104,breadth_ret1,0.6666666666666666,ACCEPTED,0.6666666666666666,3,3,3dd77c68f3f29601b59d09853a70977bfab15f3fba3edeca6737f75ef9d7bcc0,9f7ee99454374db02824b5c9d52e2da89fca30232bc291ddb1f48ef6db84b6c0,2ee46c732cbd9a2d9496fe9e4763efb9a1ab85568c9ae6e0d0e121bc4adb4265,164142652bf5b3032f4e1a8ee54fe2817a3f3b5130635cf04fb641a6e819211d
2026-09-30,INDUSTRY,INDUSTRY:T090104,breadth_ret5,0.3333333333333333,ACCEPTED,0.3333333333333333,3,3,3dd77c68f3f29601b59d09853a70977bfab15f3fba3edeca6737f75ef9d7bcc0,9f7ee99454374db02824b5c9d52e2da89fca30232bc291ddb1f48ef6db84b6c0,2ee46c732cbd9a2d9496fe9e4763efb9a1ab85568c9ae6e0d0e121bc4adb4265,164142652bf5b3032f4e1a8ee54fe2817a3f3b5130635cf04fb641a6e819211d
2026-09-30,INDUSTRY,INDUSTRY:T090104,breadth_ret20,0.0,ACCEPTED,0.0,3,3,3dd77c68f3f29601b59d09853a70977bfab15f3fba3edeca6737f75ef9d7bcc0,9f7ee99454374db02824b5c9d52e2da89fca30232bc291ddb1f48ef6db84b6c0,2ee46c732cbd9a2d9496fe9e4763efb9a1ab85568c9ae6e0d0e121bc4adb4265,164142652bf5b3032f4e1a8ee54fe2817a3f3b5130635cf04fb641a6e819211d
2026-09-30,INDUSTRY,INDUSTRY:T090104,ma20_width,0.3333333333333333,ACCEPTED,0.3333333333333333,3,3,3dd77c68f3f29601b59d09853a70977bfab15f3fba3edeca6737f75ef9d7bcc0,9f7ee99454374db02824b5c9d52e2da89fca30232bc291ddb1f48ef6db84b6c0,2ee46c732cbd9a2d9496fe9e4763efb9a1ab85568c9ae6e0d0e121bc4adb4265,164142652bf5b3032f4e1a8ee54fe2817a3f3b5130635cf04fb641a6e819211d
2026-09-30,INDUSTRY,INDUSTRY:T0902,sector_rs1,-0.0032494100380636715,ACCEPTED,-0.0032494100380636715,46,0,3dd77c68f3f29601b59d09853a70977bfab15f3fba3edeca6737f75ef9d7bcc0,9f7ee99454374db02824b5c9d52e2da89fca30232bc291ddb1f48ef6db84b6c0,2ee46c732cbd9a2d9496fe9e4763efb9a1ab85568c9ae6e0d0e121bc4adb4265,164142652bf5b3032f4e1a8ee54fe2817a3f3b5130635cf04fb641a6e819211d
2026-09-30,INDUSTRY,INDUSTRY:T0902,sector_rs5,-0.007671268253744645,ACCEPTED,-0.007671268253744645,46,0,3dd77c68f3f29601b59d09853a70977bfab15f3fba3edeca6737f75ef9d7bcc0,9f7ee99454374db02824b5c9d52e2da89fca30232bc291ddb1f48ef6db84b6c0,2ee46c732cbd9a2d9496fe9e4763efb9a1ab85568c9ae6e0d0e121bc4adb4265,164142652bf5b3032f4e1a8ee54fe2817a3f3b5130635cf04fb641a6e819211d
2026-09-30,INDUSTRY,INDUSTRY:T0902,sector_rs20,-0.02776793248945153,ACCEPTED,-0.02776793248945153,46,0,3dd77c68f3f29601b59d09853a70977bfab15f3fba3edeca6737f75ef9d7bcc0,9f7ee99454374db02824b5c9d52e2da89fca30232bc291ddb1f48ef6db84b6c0,2ee46c732cbd9a2d9496fe9e4763efb9a1ab85568c9ae6e0d0e121bc4adb4265,164142652bf5b3032f4e1a8ee54fe2817a3f3b5130635cf04fb641a6e819211d
2026-09-30,INDUSTRY,INDUSTRY:T0902,breadth_ret1,0.43478260869565216,ACCEPTED,0.43478260869565216,46,46,3dd77c68f3f29601b59d09853a70977bfab15f3fba3edeca6737f75ef9d7bcc0,9f7ee99454374db02824b5c9d52e2da89fca30232bc291ddb1f48ef6db84b6c0,2ee46c732cbd9a2d9496fe9e4763efb9a1ab85568c9ae6e0d0e121bc4adb4265,164142652bf5b3032f4e1a8ee54fe2817a3f3b5130635cf04fb641a6e819211d
2026-09-30,INDUSTRY,INDUSTRY:T0902,breadth_ret5,0.2608695652173913,ACCEPTED,0.2608695652173913,46,46,3dd77c68f3f29601b59d09853a70977bfab15f3fba3edeca6737f75ef9d7bcc0,9f7ee99454374db02824b5c9d52e2da89fca30232bc291ddb1f48ef6db84b6c0,2ee46c732cbd9a2d9496fe9e4763efb9a1ab85568c9ae6e0d0e121bc4adb4265,164142652bf5b3032f4e1a8ee54fe2817a3f3b5130635cf04fb641a6e819211d
2026-09-30,INDUSTRY,INDUSTRY:T0902,breadth_ret20,0.32608695652173914,ACCEPTED,0.32608695652173914,46,46,3dd77c68f3f29601b59d09853a70977bfab15f3fba3edeca6737f75ef9d7bcc0,9f7ee99454374db02824b5c9d52e2da89fca30232bc291ddb1f48ef6db84b6c0,2ee46c732cbd9a2d9496fe9e4763efb9a1ab85568c9ae6e0d0e121bc4adb4265,164142652bf5b3032f4e1a8ee54fe2817a3f3b5130635cf04fb641a6e819211d
2026-09-30,INDUSTRY,INDUSTRY:T0902,ma20_width,0.41304347826086957,ACCEPTED,0.41304347826086957,46,46,3dd77c68f3f29601b59d09853a70977bfab15f3fba3edeca6737f75ef9d7bcc0,9f7ee99454374db02824b5c9d52e2da89fca30232bc291ddb1f48ef6db84b6c0,2ee46c732cbd9a2d9496fe9e4763efb9a1ab85568c9ae6e0d0e121bc4adb4265,164142652bf5b3032f4e1a8ee54fe2817a3f3b5130635cf04fb641a6e819211d
2026-09-30,INDUSTRY,INDUSTRY:T090301,sector_rs1,0.008426966292134797,ACCEPTED,0.008426966292134797,19,0,3dd77c68f3f29601b59d09853a70977bfab15f3fba3edeca6737f75ef9d7bcc0,9f7ee99454374db02824b5c9d52e2da89fca30232bc291ddb1f48ef6db84b6c0,2ee46c732cbd9a2d9496fe9e4763efb9a1ab85568c9ae6e0d0e121bc4adb4265,164142652bf5b3032f4e1a8ee54fe2817a3f3b5130635cf04fb641a6e819211d
2026-09-30,INDUSTRY,INDUSTRY:T090301,sector_rs5,0.012315270935960854,ACCEPTED,0.012315270935960854,19,0,3dd77c68f3f29601b59d09853a70977bfab15f3fba3edeca6737f75ef9d7bcc0,9f7ee99454374db02824b5c9d52e2da89fca30232bc291ddb1f48ef6db84b6c0,2ee46c732cbd9a2d9496fe9e4763efb9a1ab85568c9ae6e0d0e121bc4adb4265,164142652bf5b3032f4e1a8ee54fe2817a3f3b5130635cf04fb641a6e819211d
2026-09-30,INDUSTRY,INDUSTRY:T090301,sector_rs20,-0.014134275618374548,ACCEPTED,-0.014134275618374548,19,0,3dd77c68f3f29601b59d09853a70977bfab15f3fba3edeca6737f75ef9d7bcc0,9f7ee99454374db02824b5c9d52e2da89fca30232bc291ddb1f48ef6db84b6c0,2ee46c732cbd9a2d9496fe9e4763efb9a1ab85568c9ae6e0d0e121bc4adb4265,164142652bf5b3032f4e1a8ee54fe2817a3f3b5130635cf04fb641a6e819211d
2026-09-30,INDUSTRY,INDUSTRY:T090301,breadth_ret1,0.8947368421052632,ACCEPTED,0.8947368421052632,19,19,3dd77c68f3f29601b59d09853a70977bfab15f3fba3edeca6737f75ef9d7bcc0,9f7ee99454374db02824b5c9d52e2da89fca30232bc291ddb1f48ef6db84b6c0,2ee46c732cbd9a2d9496fe9e4763efb9a1ab85568c9ae6e0d0e121bc4adb4265,164142652bf5b3032f4e1a8ee54fe2817a3f3b5130635cf04fb641a6e819211d
2026-09-30,INDUSTRY,INDUSTRY:T090301,breadth_ret5,0.8421052631578947,ACCEPTED,0.8421052631578947,19,19,3dd77c68f3f29601b59d09853a70977bfab15f3fba3edeca6737f75ef9d7bcc0,9f7ee99454374db02824b5c9d52e2da89fca30232bc291ddb1f48ef6db84b6c0,2ee46c732cbd9a2d9496fe9e4763efb9a1ab85568c9ae6e0d0e121bc4adb4265,164142652bf5b3032f4e1a8ee54fe2817a3f3b5130635cf04fb641a6e819211d
2026-09-30,INDUSTRY,INDUSTRY:T090301,breadth_ret20,0.21052631578947367,ACCEPTED,0.21052631578947367,19,19,3dd77c68f3f29601b59d09853a70977bfab15f3fba3edeca6737f75ef9d7bcc0,9f7ee99454374db02824b5c9d52e2da89fca30232bc291ddb1f48ef6db84b6c0,2ee46c732cbd9a2d9496fe9e4763efb9a1ab85568c9ae6e0d0e121bc4adb4265,164142652bf5b3032f4e1a8ee54fe2817a3f3b5130635cf04fb641a6e819211d
2026-09-30,INDUSTRY,INDUSTRY:T090301,ma20_width,0.5263157894736842,ACCEPTED,0.5263157894736842,19,19,3dd77c68f3f29601b59d09853a70977bfab15f3fba3edeca6737f75ef9d7bcc0,9f7ee99454374db02824b5c9d52e2da89fca30232bc291ddb1f48ef6db84b6c0,2ee46c732cbd9a2d9496fe9e4763efb9a1ab85568c9ae6e0d0e121bc4adb4265,164142652bf5b3032f4e1a8ee54fe2817a3f3b5130635cf04fb641a6e819211d
2026-09-30,INDUSTRY,INDUSTRY:T090302,sector_rs1,0.014760147601476037,ACCEPTED,0.014760147601476037,5,0,3dd77c68f3f29601b59d09853a70977bfab15f3fba3edeca6737f75ef9d7bcc0,9f7ee99454374db02824b5c9d52e2da89fca30232bc291ddb1f48ef6db84b6c0,2ee46c732cbd9a2d9496fe9e4763efb9a1ab85568c9ae6e0d0e121bc4adb4265,164142652bf5b3032f4e1a8ee54fe2817a3f3b5130635cf04fb641a6e819211d
2026-09-30,INDUSTRY,INDUSTRY:T090302,sector_rs5,-0.0036231884057970065,ACCEPTED,-0.0036231884057970065,5,0,3dd77c68f3f29601b59d09853a70977bfab15f3fba3edeca6737f75ef9d7bcc0,9f7ee99454374db02824b5c9d52e2da89fca30232bc291ddb1f48ef6db84b6c0,2ee46c732cbd9a2d9496fe9e4763efb9a1ab85568c9ae6e0d0e121bc4adb4265,164142652bf5b3032f4e1a8ee54fe2817a3f3b5130635cf04fb641a6e819211d
2026-09-30,INDUSTRY,INDUSTRY:T090302,sector_rs20,-0.006402048655569814,ACCEPTED,-0.006402048655569814,5,0,3dd77c68f3f29601b59d09853a70977bfab15f3fba3edeca6737f75ef9d7bcc0,9f7ee99454374db02824b5c9d52e2da89fca30232bc291ddb1f48ef6db84b6c0,2ee46c732cbd9a2d9496fe9e4763efb9a1ab85568c9ae6e0d0e121bc4adb4265,164142652bf5b3032f4e1a8ee54fe2817a3f3b5130635cf04fb641a6e819211d
2026-09-30,INDUSTRY,INDUSTRY:T090302,breadth_ret1,1.0,ACCEPTED,1.0,5,5,3dd77c68f3f29601b59d09853a70977bfab15f3fba3edeca6737f75ef9d7bcc0,9f7ee99454374db02824b5c9d52e2da89fca30232bc291ddb1f48ef6db84b6c0,2ee46c732cbd9a2d9496fe9e4763efb9a1ab85568c9ae6e0d0e121bc4adb4265,164142652bf5b3032f4e1a8ee54fe2817a3f3b5130635cf04fb641a6e819211d
2026-09-30,INDUSTRY,INDUSTRY:T090302,breadth_ret5,0.4,ACCEPTED,0.4,5,5,3dd77c68f3f29601b59d09853a70977bfab15f3fba3edeca6737f75ef9d7bcc0,9f7ee99454374db02824b5c9d52e2da89fca30232bc291ddb1f48ef6db84b6c0,2ee46c732cbd9a2d9496fe9e4763efb9a1ab85568c9ae6e0d0e121bc4adb4265,164142652bf5b3032f4e1a8ee54fe2817a3f3b5130635cf04fb641a6e819211d
2026-09-30,INDUSTRY,INDUSTRY:T090302,breadth_ret20,0.2,ACCEPTED,0.2,5,5,3dd77c68f3f29601b59d09853a70977bfab15f3fba3edeca6737f75ef9d7bcc0,9f7ee99454374db02824b5c9d52e2da89fca30232bc291ddb1f48ef6db84b6c0,2ee46c732cbd9a2d9496fe9e4763efb9a1ab85568c9ae6e0d0e121bc4adb4265,164142652bf5b3032f4e1a8ee54fe2817a3f3b5130635cf04fb641a6e819211d
2026-09-30,INDUSTRY,INDUSTRY:T090302,ma20_width,0.4,ACCEPTED,0.4,5,5,3dd77c68f3f29601b59d09853a70977bfab15f3fba3edeca6737f75ef9d7bcc0,9f7ee99454374db02824b5c9d52e2da89fca30232bc291ddb1f48ef6db84b6c0,2ee46c732cbd9a2d9496fe9e4763efb9a1ab85568c9ae6e0d0e121bc4adb4265,164142652bf5b3032f4e1a8ee54fe2817a3f3b5130635cf04fb641a6e819211d
2026-09-30,INDUSTRY,INDUSTRY:T090303,sector_rs1,0.007925531088284199,ACCEPTED,0.007925531088284199,16,0,3dd77c68f3f29601b59d09853a70977bfab15f3fba3edeca6737f75ef9d7bcc0,9f7ee99454374db02824b5c9d52e2da89fca30232bc291ddb1f48ef6db84b6c0,2ee46c732cbd9a2d9496fe9e4763efb9a1ab85568c9ae6e0d0e121bc4adb4265,164142652bf5b3032f4e1a8ee54fe2817a3f3b5130635cf04fb641a6e819211d
2026-09-30,INDUSTRY,INDUSTRY:T090303,sector_rs5,0.0164441663190098,ACCEPTED,0.0164441663190098,16,0,3dd77c68f3f29601b59d09853a70977bfab15f3fba3edeca6737f75ef9d7bcc0,9f7ee99454374db02824b5c9d52e2da89fca30232bc291ddb1f48ef6db84b6c0,2ee46c732cbd9a2d9496fe9e4763efb9a1ab85568c9ae6e0d0e121bc4adb4265,164142652bf5b3032f4e1a8ee54fe2817a3f3b5130635cf04fb641a6e819211d
2026-09-30,INDUSTRY,INDUSTRY:T090303,sector_rs20,-0.012498711473044044,ACCEPTED,-0.012498711473044044,16,0,3dd77c68f3f29601b59d09853a70977bfab15f3fba3edeca6737f75ef9d7bcc0,9f7ee99454374db02824b5c9d52e2da89fca30232bc291ddb1f48ef6db84b6c0,2ee46c732cbd9a2d9496fe9e4763efb9a1ab85568c9ae6e0d0e121bc4adb4265,164142652bf5b3032f4e1a8ee54fe2817a3f3b5130635cf04fb641a6e819211d
2026-09-30,INDUSTRY,INDUSTRY:T090303,breadth_ret1,0.6875,ACCEPTED,0.6875,16,16,3dd77c68f3f29601b59d09853a70977bfab15f3fba3edeca6737f75ef9d7bcc0,9f7ee99454374db02824b5c9d52e2da89fca30232bc291ddb1f48ef6db84b6c0,2ee46c732cbd9a2d9496fe9e4763efb9a1ab85568c9ae6e0d0e121bc4adb4265,164142652bf5b3032f4e1a8ee54fe2817a3f3b5130635cf04fb641a6e819211d
2026-09-30,INDUSTRY,INDUSTRY:T090303,breadth_ret5,0.6875,ACCEPTED,0.6875,16,16,3dd77c68f3f29601b59d09853a70977bfab15f3fba3edeca6737f75ef9d7bcc0,9f7ee99454374db02824b5c9d52e2da89fca30232bc291ddb1f48ef6db84b6c0,2ee46c732cbd9a2d9496fe9e4763efb9a1ab85568c9ae6e0d0e121bc4adb4265,164142652bf5b3032f4e1a8ee54fe2817a3f3b5130635cf04fb641a6e819211d
2026-09-30,INDUSTRY,INDUSTRY:T090303,breadth_ret20,0.25,ACCEPTED,0.25,16,16,3dd77c68f3f29601b59d09853a70977bfab15f3fba3edeca6737f75ef9d7bcc0,9f7ee99454374db02824b5c9d52e2da89fca30232bc291ddb1f48ef6db84b6c0,2ee46c732cbd9a2d9496fe9e4763efb9a1ab85568c9ae6e0d0e121bc4adb4265,164142652bf5b3032f4e1a8ee54fe2817a3f3b5130635cf04fb641a6e819211d
2026-09-30,INDUSTRY,INDUSTRY:T090303,ma20_width,0.5,ACCEPTED,0.5,16,16,3dd77c68f3f29601b59d09853a70977bfab15f3fba3edeca6737f75ef9d7bcc0,9f7ee99454374db02824b5c9d52e2da89fca30232bc291ddb1f48ef6db84b6c0,2ee46c732cbd9a2d9496fe9e4763efb9a1ab85568c9ae6e0d0e121bc4adb4265,164142652bf5b3032f4e1a8ee54fe2817a3f3b5130635cf04fb641a6e819211d
2026-09-30,INDUSTRY,INDUSTRY:T1001,sector_rs1,0.015226956924502044,ACCEPTED,0.015226956924502044,42,0,3dd77c68f3f29601b59d09853a70977bfab15f3fba3edeca6737f75ef9d7bcc0,9f7ee99454374db02824b5c9d52e2da89fca30232bc291ddb1f48ef6db84b6c0,2ee46c732cbd9a2d9496fe9e4763efb9a1ab85568c9ae6e0d0e121bc4adb4265,164142652bf5b3032f4e1a8ee54fe2817a3f3b5130635cf04fb641a6e819211d
2026-09-30,INDUSTRY,INDUSTRY:T1001,sector_rs5,0.012950954084674948,ACCEPTED,0.012950954084674948,42,0,3dd77c68f3f29601b59d09853a70977bfab15f3fba3edeca6737f75ef9d7bcc0,9f7ee99454374db02824b5c9d52e2da89fca30232bc291ddb1f48ef6db84b6c0,2ee46c732cbd9a2d9496fe9e4763efb9a1ab85568c9ae6e0d0e121bc4adb4265,164142652bf5b3032f4e1a8ee54fe2817a3f3b5130635cf04fb641a6e819211d
2026-09-30,INDUSTRY,INDUSTRY:T1001,sector_rs20,-0.002077328171359416,ACCEPTED,-0.002077328171359416,42,0,3dd77c68f3f29601b59d09853a70977bfab15f3fba3edeca6737f75ef9d7bcc0,9f7ee99454374db02824b5c9d52e2da89fca30232bc291ddb1f48ef6db84b6c0,2ee46c732cbd9a2d9496fe9e4763efb9a1ab85568c9ae6e0d0e121bc4adb4265,164142652bf5b3032f4e1a8ee54fe2817a3f3b5130635cf04fb641a6e819211d
2026-09-30,INDUSTRY,INDUSTRY:T1001,breadth_ret1,1.0,ACCEPTED,1.0,42,42,3dd77c68f3f29601b59d09853a70977bfab15f3fba3edeca6737f75ef9d7bcc0,9f7ee99454374db02824b5c9d52e2da89fca30232bc291ddb1f48ef6db84b6c0,2ee46c732cbd9a2d9496fe9e4763efb9a1ab85568c9ae6e0d0e121bc4adb4265,164142652bf5b3032f4e1a8ee54fe2817a3f3b5130635cf04fb641a6e819211d
2026-09-30,INDUSTRY,INDUSTRY:T1001,breadth_ret5,0.8809523809523809,ACCEPTED,0.8809523809523809,42,42,3dd77c68f3f29601b59d09853a70977bfab15f3fba3edeca6737f75ef9d7bcc0,9f7ee99454374db02824b5c9d52e2da89fca30232bc291ddb1f48ef6db84b6c0,2ee46c732cbd9a2d9496fe9e4763efb9a1ab85568c9ae6e0d0e121bc4adb4265,164142652bf5b3032f4e1a8ee54fe2817a3f3b5130635cf04fb641a6e819211d
2026-09-30,INDUSTRY,INDUSTRY:T1001,breadth_ret20,0.4523809523809524,ACCEPTED,0.4523809523809524,42,42,3dd77c68f3f29601b59d09853a70977bfab15f3fba3edeca6737f75ef9d7bcc0,9f7ee99454374db02824b5c9d52e2da89fca30232bc291ddb1f48ef6db84b6c0,2ee46c732cbd9a2d9496fe9e4763efb9a1ab85568c9ae6e0d0e121bc4adb4265,164142652bf5b3032f4e1a8ee54fe2817a3f3b5130635cf04fb641a6e819211d
2026-09-30,INDUSTRY,INDUSTRY:T1001,ma20_width,0.7380952380952381,ACCEPTED,0.7380952380952381,42,42,3dd77c68f3f29601b59d09853a70977bfab15f3fba3edeca6737f75ef9d7bcc0,9f7ee99454374db02824b5c9d52e2da89fca30232bc291ddb1f48ef6db84b6c0,2ee46c732cbd9a2d9496fe9e4763efb9a1ab85568c9ae6e0d0e121bc4adb4265,164142652bf5b3032f4e1a8ee54fe2817a3f3b5130635cf04fb641a6e819211d
2026-09-30,INDUSTRY,INDUSTRY:T1002,sector_rs1,0.0020971029840811672,ACCEPTED,0.0020971029840811672,50,0,3dd77c68f3f29601b59d09853a70977bfab15f3fba3edeca6737f75ef9d7bcc0,9f7ee99454374db02824b5c9d52e2da89fca30232bc291ddb1f48ef6db84b6c0,2ee46c732cbd9a2d9496fe9e4763efb9a1ab85568c9ae6e0d0e121bc4adb4265,164142652bf5b3032f4e1a8ee54fe2817a3f3b5130635cf04fb641a6e819211d
2026-09-30,INDUSTRY,INDUSTRY:T1002,sector_rs5,-0.0346153846153846,ACCEPTED,-0.0346153846153846,50,0,3dd77c68f3f29601b59d09853a70977bfab15f3fba3edeca6737f75ef9d7bcc0,9f7ee99454374db02824b5c9d52e2da89fca30232bc291ddb1f48ef6db84b6c0,2ee46c732cbd9a2d9496fe9e4763efb9a1ab85568c9ae6e0d0e121bc4adb4265,164142652bf5b3032f4e1a8ee54fe2817a3f3b5130635cf04fb641a6e819211d
2026-09-30,INDUSTRY,INDUSTRY:T1002,sector_rs20,-0.06787069107702465,ACCEPTED,-0.06787069107702465,50,0,3dd77c68f3f29601b59d09853a70977bfab15f3fba3edeca6737f75ef9d7bcc0,9f7ee99454374db02824b5c9d52e2da89fca30232bc291ddb1f48ef6db84b6c0,2ee46c732cbd9a2d9496fe9e4763efb9a1ab85568c9ae6e0d0e121bc4adb4265,164142652bf5b3032f4e1a8ee54fe2817a3f3b5130635cf04fb641a6e819211d
2026-09-30,INDUSTRY,INDUSTRY:T1002,breadth_ret1,0.6041666666666666,ACCEPTED,0.6041666666666666,50,48,3dd77c68f3f29601b59d09853a70977bfab15f3fba3edeca6737f75ef9d7bcc0,9f7ee99454374db02824b5c9d52e2da89fca30232bc291ddb1f48ef6db84b6c0,2ee46c732cbd9a2d9496fe9e4763efb9a1ab85568c9ae6e0d0e121bc4adb4265,164142652bf5b3032f4e1a8ee54fe2817a3f3b5130635cf04fb641a6e819211d
2026-09-30,INDUSTRY,INDUSTRY:T1002,breadth_ret5,0.0,ACCEPTED,0.0,50,47,3dd77c68f3f29601b59d09853a70977bfab15f3fba3edeca6737f75ef9d7bcc0,9f7ee99454374db02824b5c9d52e2da89fca30232bc291ddb1f48ef6db84b6c0,2ee46c732cbd9a2d9496fe9e4763efb9a1ab85568c9ae6e0d0e121bc4adb4265,164142652bf5b3032f4e1a8ee54fe2817a3f3b5130635cf04fb641a6e819211d
2026-09-30,INDUSTRY,INDUSTRY:T1002,breadth_ret20,0.0,ACCEPTED,0.0,50,48,3dd77c68f3f29601b59d09853a70977bfab15f3fba3edeca6737f75ef9d7bcc0,9f7ee99454374db02824b5c9d52e2da89fca30232bc291ddb1f48ef6db84b6c0,2ee46c732cbd9a2d9496fe9e4763efb9a1ab85568c9ae6e0d0e121bc4adb4265,164142652bf5b3032f4e1a8ee54fe2817a3f3b5130635cf04fb641a6e819211d
2026-09-30,INDUSTRY,INDUSTRY:T1002,ma20_width,0.020833333333333332,ACCEPTED,0.020833333333333332,50,48,3dd77c68f3f29601b59d09853a70977bfab15f3fba3edeca6737f75ef9d7bcc0,9f7ee99454374db02824b5c9d52e2da89fca30232bc291ddb1f48ef6db84b6c0,2ee46c732cbd9a2d9496fe9e4763efb9a1ab85568c9ae6e0d0e121bc4adb4265,164142652bf5b3032f4e1a8ee54fe2817a3f3b5130635cf04fb641a6e819211d
2026-09-30,INDUSTRY,INDUSTRY:T1003,sector_rs1,0.007329281372899565,ACCEPTED,0.007329281372899565,5,0,3dd77c68f3f29601b59d09853a70977bfab15f3fba3edeca6737f75ef9d7bcc0,9f7ee99454374db02824b5c9d52e2da89fca30232bc291ddb1f48ef6db84b6c0,2ee46c732cbd9a2d9496fe9e4763efb9a1ab85568c9ae6e0d0e121bc4adb4265,164142652bf5b3032f4e1a8ee54fe2817a3f3b5130635cf04fb641a6e819211d
2026-09-30,INDUSTRY,INDUSTRY:T1003,sector_rs5,-0.0339035769828927,ACCEPTED,-0.0339035769828927,5,0,3dd77c68f3f29601b59d09853a70977bfab15f3fba3edeca6737f75ef9d7bcc0,9f7ee99454374db02824b5c9d52e2da89fca30232bc291ddb1f48ef6db84b6c0,2ee46c732cbd9a2d9496fe9e4763efb9a1ab85568c9ae6e0d0e121bc4adb4265,164142652bf5b3032f4e1a8ee54fe2817a3f3b5130635cf04fb641a6e819211d
2026-09-30,INDUSTRY,INDUSTRY:T1003,sector_rs20,-0.060660353212183216,ACCEPTED,-0.060660353212183216,5,0,3dd77c68f3f29601b59d09853a70977bfab15f3fba3edeca6737f75ef9d7bcc0,9f7ee99454374db02824b5c9d52e2da89fca30232bc291ddb1f48ef6db84b6c0,2ee46c732cbd9a2d9496fe9e4763efb9a1ab85568c9ae6e0d0e121bc4adb4265,164142652bf5b3032f4e1a8ee54fe2817a3f3b5130635cf04fb641a6e819211d
2026-09-30,INDUSTRY,INDUSTRY:T1003,breadth_ret1,0.8,ACCEPTED,0.8,5,5,3dd77c68f3f29601b59d09853a70977bfab15f3fba3edeca6737f75ef9d7bcc0,9f7ee99454374db02824b5c9d52e2da89fca30232bc291ddb1f48ef6db84b6c0,2ee46c732cbd9a2d9496fe9e4763efb9a1ab85568c9ae6e0d0e121bc4adb4265,164142652bf5b3032f4e1a8ee54fe2817a3f3b5130635cf04fb641a6e819211d
2026-09-30,INDUSTRY,INDUSTRY:T1003,breadth_ret5,0.0,ACCEPTED,0.0,5,5,3dd77c68f3f29601b59d09853a70977bfab15f3fba3edeca6737f75ef9d7bcc0,9f7ee99454374db02824b5c9d52e2da89fca30232bc291ddb1f48ef6db84b6c0,2ee46c732cbd9a2d9496fe9e4763efb9a1ab85568c9ae6e0d0e121bc4adb4265,164142652bf5b3032f4e1a8ee54fe2817a3f3b5130635cf04fb641a6e819211d
2026-09-30,INDUSTRY,INDUSTRY:T1003,breadth_ret20,0.2,ACCEPTED,0.2,5,5,3dd77c68f3f29601b59d09853a70977bfab15f3fba3edeca6737f75ef9d7bcc0,9f7ee99454374db02824b5c9d52e2da89fca30232bc291ddb1f48ef6db84b6c0,2ee46c732cbd9a2d9496fe9e4763efb9a1ab85568c9ae6e0d0e121bc4adb4265,164142652bf5b3032f4e1a8ee54fe2817a3f3b5130635cf04fb641a6e819211d
2026-09-30,INDUSTRY,INDUSTRY:T1003,ma20_width,0.2,ACCEPTED,0.2,5,5,3dd77c68f3f29601b59d09853a70977bfab15f3fba3edeca6737f75ef9d7bcc0,9f7ee99454374db02824b5c9d52e2da89fca30232bc291ddb1f48ef6db84b6c0,2ee46c732cbd9a2d9496fe9e4763efb9a1ab85568c9ae6e0d0e121bc4adb4265,164142652bf5b3032f4e1a8ee54fe2817a3f3b5130635cf04fb641a6e819211d
2026-09-30,INDUSTRY,INDUSTRY:T1004,sector_rs1,0.0033167495854062867,ACCEPTED,0.0033167495854062867,23,0,3dd77c68f3f29601b59d09853a70977bfab15f3fba3edeca6737f75ef9d7bcc0,9f7ee99454374db02824b5c9d52e2da89fca30232bc291ddb1f48ef6db84b6c0,2ee46c732cbd9a2d9496fe9e4763efb9a1ab85568c9ae6e0d0e121bc4adb4265,164142652bf5b3032f4e1a8ee54fe2817a3f3b5130635cf04fb641a6e819211d
2026-09-30,INDUSTRY,INDUSTRY:T1004,sector_rs5,-0.02889245585874811,ACCEPTED,-0.02889245585874811,23,0,3dd77c68f3f29601b59d09853a70977bfab15f3fba3edeca6737f75ef9d7bcc0,9f7ee99454374db02824b5c9d52e2da89fca30232bc291ddb1f48ef6db84b6c0,2ee46c732cbd9a2d9496fe9e4763efb9a1ab85568c9ae6e0d0e121bc4adb4265,164142652bf5b3032f4e1a8ee54fe2817a3f3b5130635cf04fb641a6e819211d
2026-09-30,INDUSTRY,INDUSTRY:T1004,sector_rs20,-0.06299212598425208,ACCEPTED,-0.06299212598425208,23,0,3dd77c68f3f29601b59d09853a70977bfab15f3fba3edeca6737f75ef9d7bcc0,9f7ee99454374db02824b5c9d52e2da89fca30232bc291ddb1f48ef6db84b6c0,2ee46c732cbd9a2d9496fe9e4763efb9a1ab85568c9ae6e0d0e121bc4adb4265,164142652bf5b3032f4e1a8ee54fe2817a3f3b5130635cf04fb641a6e819211d
2026-09-30,INDUSTRY,INDUSTRY:T1004,breadth_ret1,0.6086956521739131,ACCEPTED,0.6086956521739131,23,23,3dd77c68f3f29601b59d09853a70977bfab15f3fba3edeca6737f75ef9d7bcc0,9f7ee99454374db02824b5c9d52e2da89fca30232bc291ddb1f48ef6db84b6c0,2ee46c732cbd9a2d9496fe9e4763efb9a1ab85568c9ae6e0d0e121bc4adb4265,164142652bf5b3032f4e1a8ee54fe2817a3f3b5130635cf04fb641a6e819211d
2026-09-30,INDUSTRY,INDUSTRY:T1004,breadth_ret5,0.08695652173913043,ACCEPTED,0.08695652173913043,23,23,3dd77c68f3f29601b59d09853a70977bfab15f3fba3edeca6737f75ef9d7bcc0,9f7ee99454374db02824b5c9d52e2da89fca30232bc291ddb1f48ef6db84b6c0,2ee46c732cbd9a2d9496fe9e4763efb9a1ab85568c9ae6e0d0e121bc4adb4265,164142652bf5b3032f4e1a8ee54fe2817a3f3b5130635cf04fb641a6e819211d
2026-09-30,INDUSTRY,INDUSTRY:T1004,breadth_ret20,0.08695652173913043,ACCEPTED,0.08695652173913043,23,23,3dd77c68f3f29601b59d09853a70977bfab15f3fba3edeca6737f75ef9d7bcc0,9f7ee99454374db02824b5c9d52e2da89fca30232bc291ddb1f48ef6db84b6c0,2ee46c732cbd9a2d9496fe9e4763efb9a1ab85568c9ae6e0d0e121bc4adb4265,164142652bf5b3032f4e1a8ee54fe2817a3f3b5130635cf04fb641a6e819211d
2026-09-30,INDUSTRY,INDUSTRY:T1004,ma20_width,0.21739130434782608,ACCEPTED,0.21739130434782608,23,23,3dd77c68f3f29601b59d09853a70977bfab15f3fba3edeca6737f75ef9d7bcc0,9f7ee99454374db02824b5c9d52e2da89fca30232bc291ddb1f48ef6db84b6c0,2ee46c732cbd9a2d9496fe9e4763efb9a1ab85568c9ae6e0d0e121bc4adb4265,164142652bf5b3032f4e1a8ee54fe2817a3f3b5130635cf04fb641a6e819211d
2026-09-30,INDUSTRY,INDUSTRY:T110101,sector_rs1,0.0006116207951070152,ACCEPTED,0.0006116207951070152,119,0,3dd77c68f3f29601b59d09853a70977bfab15f3fba3edeca6737f75ef9d7bcc0,9f7ee99454374db02824b5c9d52e2da89fca30232bc291ddb1f48ef6db84b6c0,2ee46c732cbd9a2d9496fe9e4763efb9a1ab85568c9ae6e0d0e121bc4adb4265,164142652bf5b3032f4e1a8ee54fe2817a3f3b5130635cf04fb641a6e819211d
2026-09-30,INDUSTRY,INDUSTRY:T110101,sector_rs5,-0.011627906976744318,ACCEPTED,-0.011627906976744318,119,0,3dd77c68f3f29601b59d09853a70977bfab15f3fba3edeca6737f75ef9d7bcc0,9f7ee99454374db02824b5c9d52e2da89fca30232bc291ddb1f48ef6db84b6c0,2ee46c732cbd9a2d9496fe9e4763efb9a1ab85568c9ae6e0d0e121bc4adb4265,164142652bf5b3032f4e1a8ee54fe2817a3f3b5130635cf04fb641a6e819211d
2026-09-30,INDUSTRY,INDUSTRY:T110101,sector_rs20,-0.020800464501661786,ACCEPTED,-0.020800464501661786,119,0,3dd77c68f3f29601b59d09853a70977bfab15f3fba3edeca6737f75ef9d7bcc0,9f7ee99454374db02824b5c9d52e2da89fca30232bc291ddb1f48ef6db84b6c0,2ee46c732cbd9a2d9496fe9e4763efb9a1ab85568c9ae6e0d0e121bc4adb4265,164142652bf5b3032f4e1a8ee54fe2817a3f3b5130635cf04fb641a6e819211d
2026-09-30,INDUSTRY,INDUSTRY:T110101,breadth_ret1,0.5,ACCEPTED,0.5,119,116,3dd77c68f3f29601b59d09853a70977bfab15f3fba3edeca6737f75ef9d7bcc0,9f7ee99454374db02824b5c9d52e2da89fca30232bc291ddb1f48ef6db84b6c0,2ee46c732cbd9a2d9496fe9e4763efb9a1ab85568c9ae6e0d0e121bc4adb4265,164142652bf5b3032f4e1a8ee54fe2817a3f3b5130635cf04fb641a6e819211d
2026-09-30,INDUSTRY,INDUSTRY:T110101,breadth_ret5,0.33043478260869563,ACCEPTED,0.33043478260869563,119,115,3dd77c68f3f29601b59d09853a70977bfab15f3fba3edeca6737f75ef9d7bcc0,9f7ee99454374db02824b5c9d52e2da89fca30232bc291ddb1f48ef6db84b6c0,2ee46c732cbd9a2d9496fe9e4763efb9a1ab85568c9ae6e0d0e121bc4adb4265,164142652bf5b3032f4e1a8ee54fe2817a3f3b5130635cf04fb641a6e819211d
2026-09-30,INDUSTRY,INDUSTRY:T110101,breadth_ret20,0.2413793103448276,ACCEPTED,0.2413793103448276,119,116,3dd77c68f3f29601b59d09853a70977bfab15f3fba3edeca6737f75ef9d7bcc0,9f7ee99454374db02824b5c9d52e2da89fca30232bc291ddb1f48ef6db84b6c0,2ee46c732cbd9a2d9496fe9e4763efb9a1ab85568c9ae6e0d0e121bc4adb4265,164142652bf5b3032f4e1a8ee54fe2817a3f3b5130635cf04fb641a6e819211d
2026-09-30,INDUSTRY,INDUSTRY:T110101,ma20_width,0.3620689655172414,ACCEPTED,0.3620689655172414,119,116,3dd77c68f3f29601b59d09853a70977bfab15f3fba3edeca6737f75ef9d7bcc0,9f7ee99454374db02824b5c9d52e2da89fca30232bc291ddb1f48ef6db84b6c0,2ee46c732cbd9a2d9496fe9e4763efb9a1ab85568c9ae6e0d0e121bc4adb4265,164142652bf5b3032f4e1a8ee54fe2817a3f3b5130635cf04fb641a6e819211d
2026-09-30,INDUSTRY,INDUSTRY:T110102,sector_rs1,-0.002203336480956941,ACCEPTED,-0.002203336480956941,25,0,3dd77c68f3f29601b59d09853a70977bfab15f3fba3edeca6737f75ef9d7bcc0,9f7ee99454374db02824b5c9d52e2da89fca30232bc291ddb1f48ef6db84b6c0,2ee46c732cbd9a2d9496fe9e4763efb9a1ab85568c9ae6e0d0e121bc4adb4265,164142652bf5b3032f4e1a8ee54fe2817a3f3b5130635cf04fb641a6e819211d
2026-09-30,INDUSTRY,INDUSTRY:T110102,sector_rs5,-0.051767676767676796,ACCEPTED,-0.051767676767676796,25,0,3dd77c68f3f29601b59d09853a70977bfab15f3fba3edeca6737f75ef9d7bcc0,9f7ee99454374db02824b5c9d52e2da89fca30232bc291ddb1f48ef6db84b6c0,2ee46c732cbd9a2d9496fe9e4763efb9a1ab85568c9ae6e0d0e121bc4adb4265,164142652bf5b3032f4e1a8ee54fe2817a3f3b5130635cf04fb641a6e819211d
2026-09-30,INDUSTRY,INDUSTRY:T110102,sector_rs20,-0.041474654377880116,ACCEPTED,-0.041474654377880116,25,0,3dd77c68f3f29601b59d09853a70977bfab15f3fba3edeca6737f75ef9d7bcc0,9f7ee99454374db02824b5c9d52e2da89fca30232bc291ddb1f48ef6db84b6c0,2ee46c732cbd9a2d9496fe9e4763efb9a1ab85568c9ae6e0d0e121bc4adb4265,164142652bf5b3032f4e1a8ee54fe2817a3f3b5130635cf04fb641a6e819211d
2026-09-30,INDUSTRY,INDUSTRY:T110102,breadth_ret1,0.43478260869565216,ACCEPTED,0.43478260869565216,25,23,3dd77c68f3f29601b59d09853a70977bfab15f3fba3edeca6737f75ef9d7bcc0,9f7ee99454374db02824b5c9d52e2da89fca30232bc291ddb1f48ef6db84b6c0,2ee46c732cbd9a2d9496fe9e4763efb9a1ab85568c9ae6e0d0e121bc4adb4265,164142652bf5b3032f4e1a8ee54fe2817a3f3b5130635cf04fb641a6e819211d
2026-09-30,INDUSTRY,INDUSTRY:T110102,breadth_ret5,0.30434782608695654,ACCEPTED,0.30434782608695654,25,23,3dd77c68f3f29601b59d09853a70977bfab15f3fba3edeca6737f75ef9d7bcc0,9f7ee99454374db02824b5c9d52e2da89fca30232bc291ddb1f48ef6db84b6c0,2ee46c732cbd9a2d9496fe9e4763efb9a1ab85568c9ae6e0d0e121bc4adb4265,164142652bf5b3032f4e1a8ee54fe2817a3f3b5130635cf04fb641a6e819211d
2026-09-30,INDUSTRY,INDUSTRY:T110102,breadth_ret20,0.30434782608695654,ACCEPTED,0.30434782608695654,25,23,3dd77c68f3f29601b59d09853a70977bfab15f3fba3edeca6737f75ef9d7bcc0,9f7ee99454374db02824b5c9d52e2da89fca30232bc291ddb1f48ef6db84b6c0,2ee46c732cbd9a2d9496fe9e4763efb9a1ab85568c9ae6e0d0e121bc4adb4265,164142652bf5b3032f4e1a8ee54fe2817a3f3b5130635cf04fb641a6e819211d
2026-09-30,INDUSTRY,INDUSTRY:T110102,ma20_width,0.30434782608695654,ACCEPTED,0.30434782608695654,25,23,3dd77c68f3f29601b59d09853a70977bfab15f3fba3edeca6737f75ef9d7bcc0,9f7ee99454374db02824b5c9d52e2da89fca30232bc291ddb1f48ef6db84b6c0,2ee46c732cbd9a2d9496fe9e4763efb9a1ab85568c9ae6e0d0e121bc4adb4265,164142652bf5b3032f4e1a8ee54fe2817a3f3b5130635cf04fb641a6e819211d
2026-09-30,INDUSTRY,INDUSTRY:T110201,sector_rs1,0.004253648892248774,ACCEPTED,0.004253648892248774,26,0,3dd77c68f3f29601b59d09853a70977bfab15f3fba3edeca6737f75ef9d7bcc0,9f7ee99454374db02824b5c9d52e2da89fca30232bc291ddb1f48ef6db84b6c0,2ee46c732cbd9a2d9496fe9e4763efb9a1ab85568c9ae6e0d0e121bc4adb4265,164142652bf5b3032f4e1a8ee54fe2817a3f3b5130635cf04fb641a6e819211d
2026-09-30,INDUSTRY,INDUSTRY:T110201,sector_rs5,0.013498743389706358,ACCEPTED,0.013498743389706358,26,0,3dd77c68f3f29601b59d09853a70977bfab15f3fba3edeca6737f75ef9d7bcc0,9f7ee99454374db02824b5c9d52e2da89fca30232bc291ddb1f48ef6db84b6c0,2ee46c732cbd9a2d9496fe9e4763efb9a1ab85568c9ae6e0d0e121bc4adb4265,164142652bf5b3032f4e1a8ee54fe2817a3f3b5130635cf04fb641a6e819211d
2026-09-30,INDUSTRY,INDUSTRY:T110201,sector_rs20,0.03140440229481334,ACCEPTED,0.03140440229481334,26,0,3dd77c68f3f29601b59d09853a70977bfab15f3fba3edeca6737f75ef9d7bcc0,9f7ee99454374db02824b5c9d52e2da89fca30232bc291ddb1f48ef6db84b6c0,2ee46c732cbd9a2d9496fe9e4763efb9a1ab85568c9ae6e0d0e121bc4adb4265,164142652bf5b3032f4e1a8ee54fe2817a3f3b5130635cf04fb641a6e819211d
2026-09-30,INDUSTRY,INDUSTRY:T110201,breadth_ret1,0.6153846153846154,ACCEPTED,0.6153846153846154,26,26,3dd77c68f3f29601b59d09853a70977bfab15f3fba3edeca6737f75ef9d7bcc0,9f7ee99454374db02824b5c9d52e2da89fca30232bc291ddb1f48ef6db84b6c0,2ee46c732cbd9a2d9496fe9e4763efb9a1ab85568c9ae6e0d0e121bc4adb4265,164142652bf5b3032f4e1a8ee54fe2817a3f3b5130635cf04fb641a6e819211d
2026-09-30,INDUSTRY,INDUSTRY:T110201,breadth_ret5,0.7692307692307693,ACCEPTED,0.7692307692307693,26,26,3dd77c68f3f29601b59d09853a70977bfab15f3fba3edeca6737f75ef9d7bcc0,9f7ee99454374db02824b5c9d52e2da89fca30232bc291ddb1f48ef6db84b6c0,2ee46c732cbd9a2d9496fe9e4763efb9a1ab85568c9ae6e0d0e121bc4adb4265,164142652bf5b3032f4e1a8ee54fe2817a3f3b5130635cf04fb641a6e819211d
2026-09-30,INDUSTRY,INDUSTRY:T110201,breadth_ret20,0.6538461538461539,ACCEPTED,0.6538461538461539,26,26,3dd77c68f3f29601b59d09853a70977bfab15f3fba3edeca6737f75ef9d7bcc0,9f7ee99454374db02824b5c9d52e2da89fca30232bc291ddb1f48ef6db84b6c0,2ee46c732cbd9a2d9496fe9e4763efb9a1ab85568c9ae6e0d0e121bc4adb4265,164142652bf5b3032f4e1a8ee54fe2817a3f3b5130635cf04fb641a6e819211d
2026-09-30,INDUSTRY,INDUSTRY:T110201,ma20_width,0.7692307692307693,ACCEPTED,0.7692307692307693,26,26,3dd77c68f3f29601b59d09853a70977bfab15f3fba3edeca6737f75ef9d7bcc0,9f7ee99454374db02824b5c9d52e2da89fca30232bc291ddb1f48ef6db84b6c0,2ee46c732cbd9a2d9496fe9e4763efb9a1ab85568c9ae6e0d0e121bc4adb4265,164142652bf5b3032f4e1a8ee54fe2817a3f3b5130635cf04fb641a6e819211d
2026-09-30,INDUSTRY,INDUSTRY:T110202,sector_rs1,0.0032119914346895317,ACCEPTED,0.0032119914346895317,43,0,3dd77c68f3f29601b59d09853a70977bfab15f3fba3edeca6737f75ef9d7bcc0,9f7ee99454374db02824b5c9d52e2da89fca30232bc291ddb1f48ef6db84b6c0,2ee46c732cbd9a2d9496fe9e4763efb9a1ab85568c9ae6e0d0e121bc4adb4265,164142652bf5b3032f4e1a8ee54fe2817a3f3b5130635cf04fb641a6e819211d
2026-09-30,INDUSTRY,INDUSTRY:T110202,sector_rs5,0.013274336283185972,ACCEPTED,0.013274336283185972,43,0,3dd77c68f3f29601b59d09853a70977bfab15f3fba3edeca6737f75ef9d7bcc0,9f7ee99454374db02824b5c9d52e2da89fca30232bc291ddb1f48ef6db84b6c0,2ee46c732cbd9a2d9496fe9e4763efb9a1ab85568c9ae6e0d0e121bc4adb4265,164142652bf5b3032f4e1a8ee54fe2817a3f3b5130635cf04fb641a6e819211d
2026-09-30,INDUSTRY,INDUSTRY:T110202,sector_rs20,0.019757521329142325,ACCEPTED,0.019757521329142325,43,0,3dd77c68f3f29601b59d09853a70977bfab15f3fba3edeca6737f75ef9d7bcc0,9f7ee99454374db02824b5c9d52e2da89fca30232bc291ddb1f48ef6db84b6c0,2ee46c732cbd9a2d9496fe9e4763efb9a1ab85568c9ae6e0d0e121bc4adb4265,164142652bf5b3032f4e1a8ee54fe2817a3f3b5130635cf04fb641a6e819211d
2026-09-30,INDUSTRY,INDUSTRY:T110202,breadth_ret1,0.5348837209302325,ACCEPTED,0.5348837209302325,43,43,3dd77c68f3f29601b59d09853a70977bfab15f3fba3edeca6737f75ef9d7bcc0,9f7ee99454374db02824b5c9d52e2da89fca30232bc291ddb1f48ef6db84b6c0,2ee46c732cbd9a2d9496fe9e4763efb9a1ab85568c9ae6e0d0e121bc4adb4265,164142652bf5b3032f4e1a8ee54fe2817a3f3b5130635cf04fb641a6e819211d
2026-09-30,INDUSTRY,INDUSTRY:T110202,breadth_ret5,0.6046511627906976,ACCEPTED,0.6046511627906976,43,43,3dd77c68f3f29601b59d09853a70977bfab15f3fba3edeca6737f75ef9d7bcc0,9f7ee99454374db02824b5c9d52e2da89fca30232bc291ddb1f48ef6db84b6c0,2ee46c732cbd9a2d9496fe9e4763efb9a1ab85568c9ae6e0d0e121bc4adb4265,164142652bf5b3032f4e1a8ee54fe2817a3f3b5130635cf04fb641a6e819211d
2026-09-30,INDUSTRY,INDUSTRY:T110202,breadth_ret20,0.627906976744186,ACCEPTED,0.627906976744186,43,43,3dd77c68f3f29601b59d09853a70977bfab15f3fba3edeca6737f75ef9d7bcc0,9f7ee99454374db02824b5c9d52e2da89fca30232bc291ddb1f48ef6db84b6c0,2ee46c732cbd9a2d9496fe9e4763efb9a1ab85568c9ae6e0d0e121bc4adb4265,164142652bf5b3032f4e1a8ee54fe2817a3f3b5130635cf04fb641a6e819211d
2026-09-30,INDUSTRY,INDUSTRY:T110202,ma20_width,0.7906976744186046,ACCEPTED,0.7906976744186046,43,43,3dd77c68f3f29601b59d09853a70977bfab15f3fba3edeca6737f75ef9d7bcc0,9f7ee99454374db02824b5c9d52e2da89fca30232bc291ddb1f48ef6db84b6c0,2ee46c732cbd9a2d9496fe9e4763efb9a1ab85568c9ae6e0d0e121bc4adb4265,164142652bf5b3032f4e1a8ee54fe2817a3f3b5130635cf04fb641a6e819211d
2026-09-30,INDUSTRY,INDUSTRY:T110203,sector_rs1,0.006748290821797731,ACCEPTED,0.006748290821797731,14,0,3dd77c68f3f29601b59d09853a70977bfab15f3fba3edeca6737f75ef9d7bcc0,9f7ee99454374db02824b5c9d52e2da89fca30232bc291ddb1f48ef6db84b6c0,2ee46c732cbd9a2d9496fe9e4763efb9a1ab85568c9ae6e0d0e121bc4adb4265,164142652bf5b3032f4e1a8ee54fe2817a3f3b5130635cf04fb641a6e819211d
2026-09-30,INDUSTRY,INDUSTRY:T110203,sector_rs5,0.025746885679638343,ACCEPTED,0.025746885679638343,14,0,3dd77c68f3f29601b59d09853a70977bfab15f3fba3edeca6737f75ef9d7bcc0,9f7ee99454374db02824b5c9d52e2da89fca30232bc291ddb1f48ef6db84b6c0,2ee46c732cbd9a2d9496fe9e4763efb9a1ab85568c9ae6e0d0e121bc4adb4265,164142652bf5b3032f4e1a8ee54fe2817a3f3b5130635cf04fb641a6e819211d
2026-09-30,INDUSTRY,INDUSTRY:T110203,sector_rs20,0.038959309467642145,ACCEPTED,0.038959309467642145,14,0,3dd77c68f3f29601b59d09853a70977bfab15f3fba3edeca6737f75ef9d7bcc0,9f7ee99454374db02824b5c9d52e2da89fca30232bc291ddb1f48ef6db84b6c0,2ee46c732cbd9a2d9496fe9e4763efb9a1ab85568c9ae6e0d0e121bc4adb4265,164142652bf5b3032f4e1a8ee54fe2817a3f3b5130635cf04fb641a6e819211d
2026-09-30,INDUSTRY,INDUSTRY:T110203,breadth_ret1,0.7142857142857143,ACCEPTED,0.7142857142857143,14,14,3dd77c68f3f29601b59d09853a70977bfab15f3fba3edeca6737f75ef9d7bcc0,9f7ee99454374db02824b5c9d52e2da89fca30232bc291ddb1f48ef6db84b6c0,2ee46c732cbd9a2d9496fe9e4763efb9a1ab85568c9ae6e0d0e121bc4adb4265,164142652bf5b3032f4e1a8ee54fe2817a3f3b5130635cf04fb641a6e819211d
2026-09-30,INDUSTRY,INDUSTRY:T110203,breadth_ret5,0.7142857142857143,ACCEPTED,0.7142857142857143,14,14,3dd77c68f3f29601b59d09853a70977bfab15f3fba3edeca6737f75ef9d7bcc0,9f7ee99454374db02824b5c9d52e2da89fca30232bc291ddb1f48ef6db84b6c0,2ee46c732cbd9a2d9496fe9e4763efb9a1ab85568c9ae6e0d0e121bc4adb4265,164142652bf5b3032f4e1a8ee54fe2817a3f3b5130635cf04fb641a6e819211d
2026-09-30,INDUSTRY,INDUSTRY:T110203,breadth_ret20,0.7142857142857143,ACCEPTED,0.7142857142857143,14,14,3dd77c68f3f29601b59d09853a70977bfab15f3fba3edeca6737f75ef9d7bcc0,9f7ee99454374db02824b5c9d52e2da89fca30232bc291ddb1f48ef6db84b6c0,2ee46c732cbd9a2d9496fe9e4763efb9a1ab85568c9ae6e0d0e121bc4adb4265,164142652bf5b3032f4e1a8ee54fe2817a3f3b5130635cf04fb641a6e819211d
2026-09-30,INDUSTRY,INDUSTRY:T110203,ma20_width,0.7857142857142857,ACCEPTED,0.7857142857142857,14,14,3dd77c68f3f29601b59d09853a70977bfab15f3fba3edeca6737f75ef9d7bcc0,9f7ee99454374db02824b5c9d52e2da89fca30232bc291ddb1f48ef6db84b6c0,2ee46c732cbd9a2d9496fe9e4763efb9a1ab85568c9ae6e0d0e121bc4adb4265,164142652bf5b3032f4e1a8ee54fe2817a3f3b5130635cf04fb641a6e819211d
2026-09-30,INDUSTRY,INDUSTRY:T110204,sector_rs1,0.00427350427350448,ACCEPTED,0.00427350427350448,13,0,3dd77c68f3f29601b59d09853a70977bfab15f3fba3edeca6737f75ef9d7bcc0,9f7ee99454374db02824b5c9d52e2da89fca30232bc291ddb1f48ef6db84b6c0,2ee46c732cbd9a2d9496fe9e4763efb9a1ab85568c9ae6e0d0e121bc4adb4265,164142652bf5b3032f4e1a8ee54fe2817a3f3b5130635cf04fb641a6e819211d
2026-09-30,INDUSTRY,INDUSTRY:T110204,sector_rs5,0.02844638949671774,ACCEPTED,0.02844638949671774,13,0,3dd77c68f3f29601b59d09853a70977bfab15f3fba3edeca6737f75ef9d7bcc0,9f7ee99454374db02824b5c9d52e2da89fca30232bc291ddb1f48ef6db84b6c0,2ee46c732cbd9a2d9496fe9e4763efb9a1ab85568c9ae6e0d0e121bc4adb4265,164142652bf5b3032f4e1a8ee54fe2817a3f3b5130635cf04fb641a6e819211d
2026-09-30,INDUSTRY,INDUSTRY:T110204,sector_rs20,0.0642919200695049,ACCEPTED,0.0642919200695049,13,0,3dd77c68f3f29601b59d09853a70977bfab15f3fba3edeca6737f75ef9d7bcc0,9f7ee99454374db02824b5c9d52e2da89fca30232bc291ddb1f48ef6db84b6c0,2ee46c732cbd9a2d9496fe9e4763efb9a1ab85568c9ae6e0d0e121bc4adb4265,164142652bf5b3032f4e1a8ee54fe2817a3f3b5130635cf04fb641a6e819211d
2026-09-30,INDUSTRY,INDUSTRY:T110204,breadth_ret1,0.5384615384615384,ACCEPTED,0.5384615384615384,13,13,3dd77c68f3f29601b59d09853a70977bfab15f3fba3edeca6737f75ef9d7bcc0,9f7ee99454374db02824b5c9d52e2da89fca30232bc291ddb1f48ef6db84b6c0,2ee46c732cbd9a2d9496fe9e4763efb9a1ab85568c9ae6e0d0e121bc4adb4265,164142652bf5b3032f4e1a8ee54fe2817a3f3b5130635cf04fb641a6e819211d
2026-09-30,INDUSTRY,INDUSTRY:T110204,breadth_ret5,0.7692307692307693,ACCEPTED,0.7692307692307693,13,13,3dd77c68f3f29601b59d09853a70977bfab15f3fba3edeca6737f75ef9d7bcc0,9f7ee99454374db02824b5c9d52e2da89fca30232bc291ddb1f48ef6db84b6c0,2ee46c732cbd9a2d9496fe9e4763efb9a1ab85568c9ae6e0d0e121bc4adb4265,164142652bf5b3032f4e1a8ee54fe2817a3f3b5130635cf04fb641a6e819211d
2026-09-30,INDUSTRY,INDUSTRY:T110204,breadth_ret20,0.8461538461538461,ACCEPTED,0.8461538461538461,13,13,3dd77c68f3f29601b59d09853a70977bfab15f3fba3edeca6737f75ef9d7bcc0,9f7ee99454374db02824b5c9d52e2da89fca30232bc291ddb1f48ef6db84b6c0,2ee46c732cbd9a2d9496fe9e4763efb9a1ab85568c9ae6e0d0e121bc4adb4265,164142652bf5b3032f4e1a8ee54fe2817a3f3b5130635cf04fb641a6e819211d
2026-09-30,INDUSTRY,INDUSTRY:T110204,ma20_width,0.8461538461538461,ACCEPTED,0.8461538461538461,13,13,3dd77c68f3f29601b59d09853a70977bfab15f3fba3edeca6737f75ef9d7bcc0,9f7ee99454374db02824b5c9d52e2da89fca30232bc291ddb1f48ef6db84b6c0,2ee46c732cbd9a2d9496fe9e4763efb9a1ab85568c9ae6e0d0e121bc4adb4265,164142652bf5b3032f4e1a8ee54fe2817a3f3b5130635cf04fb641a6e819211d
2026-09-30,INDUSTRY,INDUSTRY:T1201,sector_rs1,-0.009359337940285983,ACCEPTED,-0.009359337940285983,74,0,3dd77c68f3f29601b59d09853a70977bfab15f3fba3edeca6737f75ef9d7bcc0,9f7ee99454374db02824b5c9d52e2da89fca30232bc291ddb1f48ef6db84b6c0,2ee46c732cbd9a2d9496fe9e4763efb9a1ab85568c9ae6e0d0e121bc4adb4265,164142652bf5b3032f4e1a8ee54fe2817a3f3b5130635cf04fb641a6e819211d
2026-09-30,INDUSTRY,INDUSTRY:T1201,sector_rs5,-0.038192104890862666,ACCEPTED,-0.038192104890862666,74,0,3dd77c68f3f29601b59d09853a70977bfab15f3fba3edeca6737f75ef9d7bcc0,9f7ee99454374db02824b5c9d52e2da89fca30232bc291ddb1f48ef6db84b6c0,2ee46c732cbd9a2d9496fe9e4763efb9a1ab85568c9ae6e0d0e121bc4adb4265,164142652bf5b3032f4e1a8ee54fe2817a3f3b5130635cf04fb641a6e819211d
2026-09-30,INDUSTRY,INDUSTRY:T1201,sector_rs20,-0.0837048198910178,ACCEPTED,-0.0837048198910178,74,0,3dd77c68f3f29601b59d09853a70977bfab15f3fba3edeca6737f75ef9d7bcc0,9f7ee99454374db02824b5c9d52e2da89fca30232bc291ddb1f48ef6db84b6c0,2ee46c732cbd9a2d9496fe9e4763efb9a1ab85568c9ae6e0d0e121bc4adb4265,164142652bf5b3032f4e1a8ee54fe2817a3f3b5130635cf04fb641a6e819211d
2026-09-30,INDUSTRY,INDUSTRY:T1201,breadth_ret1,0.21621621621621623,ACCEPTED,0.21621621621621623,74,74,3dd77c68f3f29601b59d09853a70977bfab15f3fba3edeca6737f75ef9d7bcc0,9f7ee99454374db02824b5c9d52e2da89fca30232bc291ddb1f48ef6db84b6c0,2ee46c732cbd9a2d9496fe9e4763efb9a1ab85568c9ae6e0d0e121bc4adb4265,164142652bf5b3032f4e1a8ee54fe2817a3f3b5130635cf04fb641a6e819211d
2026-09-30,INDUSTRY,INDUSTRY:T1201,breadth_ret5,0.16216216216216217,ACCEPTED,0.16216216216216217,74,74,3dd77c68f3f29601b59d09853a70977bfab15f3fba3edeca6737f75ef9d7bcc0,9f7ee99454374db02824b5c9d52e2da89fca30232bc291ddb1f48ef6db84b6c0,2ee46c732cbd9a2d9496fe9e4763efb9a1ab85568c9ae6e0d0e121bc4adb4265,164142652bf5b3032f4e1a8ee54fe2817a3f3b5130635cf04fb641a6e819211d
2026-09-30,INDUSTRY,INDUSTRY:T1201,breadth_ret20,0.13513513513513514,ACCEPTED,0.13513513513513514,74,74,3dd77c68f3f29601b59d09853a70977bfab15f3fba3edeca6737f75ef9d7bcc0,9f7ee99454374db02824b5c9d52e2da89fca30232bc291ddb1f48ef6db84b6c0,2ee46c732cbd9a2d9496fe9e4763efb9a1ab85568c9ae6e0d0e121bc4adb4265,164142652bf5b3032f4e1a8ee54fe2817a3f3b5130635cf04fb641a6e819211d
2026-09-30,INDUSTRY,INDUSTRY:T1201,ma20_width,0.24324324324324326,ACCEPTED,0.24324324324324326,74,74,3dd77c68f3f29601b59d09853a70977bfab15f3fba3edeca6737f75ef9d7bcc0,9f7ee99454374db02824b5c9d52e2da89fca30232bc291ddb1f48ef6db84b6c0,2ee46c732cbd9a2d9496fe9e4763efb9a1ab85568c9ae6e0d0e121bc4adb4265,164142652bf5b3032f4e1a8ee54fe2817a3f3b5130635cf04fb641a6e819211d
2026-09-30,INDUSTRY,INDUSTRY:T1202,sector_rs1,-0.014153755585080696,ACCEPTED,-0.014153755585080696,131,0,3dd77c68f3f29601b59d09853a70977bfab15f3fba3edeca6737f75ef9d7bcc0,9f7ee99454374db02824b5c9d52e2da89fca30232bc291ddb1f48ef6db84b6c0,2ee46c732cbd9a2d9496fe9e4763efb9a1ab85568c9ae6e0d0e121bc4adb4265,164142652bf5b3032f4e1a8ee54fe2817a3f3b5130635cf04fb641a6e819211d
2026-09-30,INDUSTRY,INDUSTRY:T1202,sector_rs5,-0.07003917526215064,ACCEPTED,-0.07003917526215064,131,0,3dd77c68f3f29601b59d09853a70977bfab15f3fba3edeca6737f75ef9d7bcc0,9f7ee99454374db02824b5c9d52e2da89fca30232bc291ddb1f48ef6db84b6c0,2ee46c732cbd9a2d9496fe9e4763efb9a1ab85568c9ae6e0d0e121bc4adb4265,164142652bf5b3032f4e1a8ee54fe2817a3f3b5130635cf04fb641a6e819211d
2026-09-30,INDUSTRY,INDUSTRY:T1202,sector_rs20,-0.05410571808510639,ACCEPTED,-0.05410571808510639,131,0,3dd77c68f3f29601b59d09853a70977bfab15f3fba3edeca6737f75ef9d7bcc0,9f7ee99454374db02824b5c9d52e2da89fca30232bc291ddb1f48ef6db84b6c0,2ee46c732cbd9a2d9496fe9e4763efb9a1ab85568c9ae6e0d0e121bc4adb4265,164142652bf5b3032f4e1a8ee54fe2817a3f3b5130635cf04fb641a6e819211d
2026-09-30,INDUSTRY,INDUSTRY:T1202,breadth_ret1,0.2,ACCEPTED,0.2,131,130,3dd77c68f3f29601b59d09853a70977bfab15f3fba3edeca6737f75ef9d7bcc0,9f7ee99454374db02824b5c9d52e2da89fca30232bc291ddb1f48ef6db84b6c0,2ee46c732cbd9a2d9496fe9e4763efb9a1ab85568c9ae6e0d0e121bc4adb4265,164142652bf5b3032f4e1a8ee54fe2817a3f3b5130635cf04fb641a6e819211d
2026-09-30,INDUSTRY,INDUSTRY:T1202,breadth_ret5,0.05384615384615385,ACCEPTED,0.05384615384615385,131,130,3dd77c68f3f29601b59d09853a70977bfab15f3fba3edeca6737f75ef9d7bcc0,9f7ee99454374db02824b5c9d52e2da89fca30232bc291ddb1f48ef6db84b6c0,2ee46c732cbd9a2d9496fe9e4763efb9a1ab85568c9ae6e0d0e121bc4adb4265,164142652bf5b3032f4e1a8ee54fe2817a3f3b5130635cf04fb641a6e819211d
2026-09-30,INDUSTRY,INDUSTRY:T1202,breadth_ret20,0.2230769230769231,ACCEPTED,0.2230769230769231,131,130,3dd77c68f3f29601b59d09853a70977bfab15f3fba3edeca6737f75ef9d7bcc0,9f7ee99454374db02824b5c9d52e2da89fca30232bc291ddb1f48ef6db84b6c0,2ee46c732cbd9a2d9496fe9e4763efb9a1ab85568c9ae6e0d0e121bc4adb4265,164142652bf5b3032f4e1a8ee54fe2817a3f3b5130635cf04fb641a6e819211d
2026-09-30,INDUSTRY,INDUSTRY:T1202,ma20_width,0.16030534351145037,ACCEPTED,0.16030534351145037,131,131,3dd77c68f3f29601b59d09853a70977bfab15f3fba3edeca6737f75ef9d7bcc0,9f7ee99454374db02824b5c9d52e2da89fca30232bc291ddb1f48ef6db84b6c0,2ee46c732cbd9a2d9496fe9e4763efb9a1ab85568c9ae6e0d0e121bc4adb4265,164142652bf5b3032f4e1a8ee54fe2817a3f3b5130635cf04fb641a6e819211d
2026-09-30,INDUSTRY,INDUSTRY:T1203,sector_rs1,-0.028704035854359544,ACCEPTED,-0.028704035854359544,198,0,3dd77c68f3f29601b59d09853a70977bfab15f3fba3edeca6737f75ef9d7bcc0,9f7ee99454374db02824b5c9d52e2da89fca30232bc291ddb1f48ef6db84b6c0,2ee46c732cbd9a2d9496fe9e4763efb9a1ab85568c9ae6e0d0e121bc4adb4265,164142652bf5b3032f4e1a8ee54fe2817a3f3b5130635cf04fb641a6e819211d
2026-09-30,INDUSTRY,INDUSTRY:T1203,sector_rs5,-0.07934131736526939,ACCEPTED,-0.07934131736526939,198,0,3dd77c68f3f29601b59d09853a70977bfab15f3fba3edeca6737f75ef9d7bcc0,9f7ee99454374db02824b5c9d52e2da89fca30232bc291ddb1f48ef6db84b6c0,2ee46c732cbd9a2d9496fe9e4763efb9a1ab85568c9ae6e0d0e121bc4adb4265,164142652bf5b3032f4e1a8ee54fe2817a3f3b5130635cf04fb641a6e819211d
2026-09-30,INDUSTRY,INDUSTRY:T1203,sector_rs20,-0.046040515653775316,ACCEPTED,-0.046040515653775316,198,0,3dd77c68f3f29601b59d09853a70977bfab15f3fba3edeca6737f75ef9d7bcc0,9f7ee99454374db02824b5c9d52e2da89fca30232bc291ddb1f48ef6db84b6c0,2ee46c732cbd9a2d9496fe9e4763efb9a1ab85568c9ae6e0d0e121bc4adb4265,164142652bf5b3032f4e1a8ee54fe2817a3f3b5130635cf04fb641a6e819211d
2026-09-30,INDUSTRY,INDUSTRY:T1203,breadth_ret1,0.07575757575757576,ACCEPTED,0.07575757575757576,198,198,3dd77c68f3f29601b59d09853a70977bfab15f3fba3edeca6737f75ef9d7bcc0,9f7ee99454374db02824b5c9d52e2da89fca30232bc291ddb1f48ef6db84b6c0,2ee46c732cbd9a2d9496fe9e4763efb9a1ab85568c9ae6e0d0e121bc4adb4265,164142652bf5b3032f4e1a8ee54fe2817a3f3b5130635cf04fb641a6e819211d
2026-09-30,INDUSTRY,INDUSTRY:T1203,breadth_ret5,0.06598984771573604,ACCEPTED,0.06598984771573604,198,197,3dd77c68f3f29601b59d09853a70977bfab15f3fba3edeca6737f75ef9d7bcc0,9f7ee99454374db02824b5c9d52e2da89fca30232bc291ddb1f48ef6db84b6c0,2ee46c732cbd9a2d9496fe9e4763efb9a1ab85568c9ae6e0d0e121bc4adb4265,164142652bf5b3032f4e1a8ee54fe2817a3f3b5130635cf04fb641a6e819211d
2026-09-30,INDUSTRY,INDUSTRY:T1203,breadth_ret20,0.26153846153846155,ACCEPTED,0.26153846153846155,198,195,3dd77c68f3f29601b59d09853a70977bfab15f3fba3edeca6737f75ef9d7bcc0,9f7ee99454374db02824b5c9d52e2da89fca30232bc291ddb1f48ef6db84b6c0,2ee46c732cbd9a2d9496fe9e4763efb9a1ab85568c9ae6e0d0e121bc4adb4265,164142652bf5b3032f4e1a8ee54fe2817a3f3b5130635cf04fb641a6e819211d
2026-09-30,INDUSTRY,INDUSTRY:T1203,ma20_width,0.2755102040816326,ACCEPTED,0.2755102040816326,198,196,3dd77c68f3f29601b59d09853a70977bfab15f3fba3edeca6737f75ef9d7bcc0,9f7ee99454374db02824b5c9d52e2da89fca30232bc291ddb1f48ef6db84b6c0,2ee46c732cbd9a2d9496fe9e4763efb9a1ab85568c9ae6e0d0e121bc4adb4265,164142652bf5b3032f4e1a8ee54fe2817a3f3b5130635cf04fb641a6e819211d
2026-09-30,INDUSTRY,INDUSTRY:T1204,sector_rs1,-0.02114803625377648,ACCEPTED,-0.02114803625377648,291,0,3dd77c68f3f29601b59d09853a70977bfab15f3fba3edeca6737f75ef9d7bcc0,9f7ee99454374db02824b5c9d52e2da89fca30232bc291ddb1f48ef6db84b6c0,2ee46c732cbd9a2d9496fe9e4763efb9a1ab85568c9ae6e0d0e121bc4adb4265,164142652bf5b3032f4e1a8ee54fe2817a3f3b5130635cf04fb641a6e819211d
2026-09-30,INDUSTRY,INDUSTRY:T1204,sector_rs5,-0.07491068833245096,ACCEPTED,-0.07491068833245096,291,0,3dd77c68f3f29601b59d09853a70977bfab15f3fba3edeca6737f75ef9d7bcc0,9f7ee99454374db02824b5c9d52e2da89fca30232bc291ddb1f48ef6db84b6c0,2ee46c732cbd9a2d9496fe9e4763efb9a1ab85568c9ae6e0d0e121bc4adb4265,164142652bf5b3032f4e1a8ee54fe2817a3f3b5130635cf04fb641a6e819211d
2026-09-30,INDUSTRY,INDUSTRY:T1204,sector_rs20,-0.0477969064685021,ACCEPTED,-0.0477969064685021,291,0,3dd77c68f3f29601b59d09853a70977bfab15f3fba3edeca6737f75ef9d7bcc0,9f7ee99454374db02824b5c9d52e2da89fca30232bc291ddb1f48ef6db84b6c0,2ee46c732cbd9a2d9496fe9e4763efb9a1ab85568c9ae6e0d0e121bc4adb4265,164142652bf5b3032f4e1a8ee54fe2817a3f3b5130635cf04fb641a6e819211d
2026-09-30,INDUSTRY,INDUSTRY:T1204,breadth_ret1,0.1384083044982699,ACCEPTED,0.1384083044982699,291,289,3dd77c68f3f29601b59d09853a70977bfab15f3fba3edeca6737f75ef9d7bcc0,9f7ee99454374db02824b5c9d52e2da89fca30232bc291ddb1f48ef6db84b6c0,2ee46c732cbd9a2d9496fe9e4763efb9a1ab85568c9ae6e0d0e121bc4adb4265,164142652bf5b3032f4e1a8ee54fe2817a3f3b5130635cf04fb641a6e819211d
2026-09-30,INDUSTRY,INDUSTRY:T1204,breadth_ret5,0.05172413793103448,ACCEPTED,0.05172413793103448,291,290,3dd77c68f3f29601b59d09853a70977bfab15f3fba3edeca6737f75ef9d7bcc0,9f7ee99454374db02824b5c9d52e2da89fca30232bc291ddb1f48ef6db84b6c0,2ee46c732cbd9a2d9496fe9e4763efb9a1ab85568c9ae6e0d0e121bc4adb4265,164142652bf5b3032f4e1a8ee54fe2817a3f3b5130635cf04fb641a6e819211d
2026-09-30,INDUSTRY,INDUSTRY:T1204,breadth_ret20,0.28620689655172415,ACCEPTED,0.28620689655172415,291,290,3dd77c68f3f29601b59d09853a70977bfab15f3fba3edeca6737f75ef9d7bcc0,9f7ee99454374db02824b5c9d52e2da89fca30232bc291ddb1f48ef6db84b6c0,2ee46c732cbd9a2d9496fe9e4763efb9a1ab85568c9ae6e0d0e121bc4adb4265,164142652bf5b3032f4e1a8ee54fe2817a3f3b5130635cf04fb641a6e819211d
2026-09-30,INDUSTRY,INDUSTRY:T1204,ma20_width,0.22758620689655173,ACCEPTED,0.22758620689655173,291,290,3dd77c68f3f29601b59d09853a70977bfab15f3fba3edeca6737f75ef9d7bcc0,9f7ee99454374db02824b5c9d52e2da89fca30232bc291ddb1f48ef6db84b6c0,2ee46c732cbd9a2d9496fe9e4763efb9a1ab85568c9ae6e0d0e121bc4adb4265,164142652bf5b3032f4e1a8ee54fe2817a3f3b5130635cf04fb641a6e819211d
2026-09-30,INDUSTRY,INDUSTRY:T1205,sector_rs1,-0.012672811059907807,ACCEPTED,-0.012672811059907807,261,0,3dd77c68f3f29601b59d09853a70977bfab15f3fba3edeca6737f75ef9d7bcc0,9f7ee99454374db02824b5c9d52e2da89fca30232bc291ddb1f48ef6db84b6c0,2ee46c732cbd9a2d9496fe9e4763efb9a1ab85568c9ae6e0d0e121bc4adb4265,164142652bf5b3032f4e1a8ee54fe2817a3f3b5130635cf04fb641a6e819211d
2026-09-30,INDUSTRY,INDUSTRY:T1205,sector_rs5,-0.04495412844036695,ACCEPTED,-0.04495412844036695,261,0,3dd77c68f3f29601b59d09853a70977bfab15f3fba3edeca6737f75ef9d7bcc0,9f7ee99454374db02824b5c9d52e2da89fca30232bc291ddb1f48ef6db84b6c0,2ee46c732cbd9a2d9496fe9e4763efb9a1ab85568c9ae6e0d0e121bc4adb4265,164142652bf5b3032f4e1a8ee54fe2817a3f3b5130635cf04fb641a6e819211d
2026-09-30,INDUSTRY,INDUSTRY:T1205,sector_rs20,-0.05981669078630014,ACCEPTED,-0.05981669078630014,261,0,3dd77c68f3f29601b59d09853a70977bfab15f3fba3edeca6737f75ef9d7bcc0,9f7ee99454374db02824b5c9d52e2da89fca30232bc291ddb1f48ef6db84b6c0,2ee46c732cbd9a2d9496fe9e4763efb9a1ab85568c9ae6e0d0e121bc4adb4265,164142652bf5b3032f4e1a8ee54fe2817a3f3b5130635cf04fb641a6e819211d
2026-09-30,INDUSTRY,INDUSTRY:T1205,breadth_ret1,0.18773946360153257,ACCEPTED,0.18773946360153257,261,261,3dd77c68f3f29601b59d09853a70977bfab15f3fba3edeca6737f75ef9d7bcc0,9f7ee99454374db02824b5c9d52e2da89fca30232bc291ddb1f48ef6db84b6c0,2ee46c732cbd9a2d9496fe9e4763efb9a1ab85568c9ae6e0d0e121bc4adb4265,164142652bf5b3032f4e1a8ee54fe2817a3f3b5130635cf04fb641a6e819211d
2026-09-30,INDUSTRY,INDUSTRY:T1205,breadth_ret5,0.08812260536398467,ACCEPTED,0.08812260536398467,261,261,3dd77c68f3f29601b59d09853a70977bfab15f3fba3edeca6737f75ef9d7bcc0,9f7ee99454374db02824b5c9d52e2da89fca30232bc291ddb1f48ef6db84b6c0,2ee46c732cbd9a2d9496fe9e4763efb9a1ab85568c9ae6e0d0e121bc4adb4265,164142652bf5b3032f4e1a8ee54fe2817a3f3b5130635cf04fb641a6e819211d
2026-09-30,INDUSTRY,INDUSTRY:T1205,breadth_ret20,0.22988505747126436,ACCEPTED,0.22988505747126436,261,261,3dd77c68f3f29601b59d09853a70977bfab15f3fba3edeca6737f75ef9d7bcc0,9f7ee99454374db02824b5c9d52e2da89fca30232bc291ddb1f48ef6db84b6c0,2ee46c732cbd9a2d9496fe9e4763efb9a1ab85568c9ae6e0d0e121bc4adb4265,164142652bf5b3032f4e1a8ee54fe2817a3f3b5130635cf04fb641a6e819211d
2026-09-30,INDUSTRY,INDUSTRY:T1205,ma20_width,0.3103448275862069,ACCEPTED,0.3103448275862069,261,261,3dd77c68f3f29601b59d09853a70977bfab15f3fba3edeca6737f75ef9d7bcc0,9f7ee99454374db02824b5c9d52e2da89fca30232bc291ddb1f48ef6db84b6c0,2ee46c732cbd9a2d9496fe9e4763efb9a1ab85568c9ae6e0d0e121bc4adb4265,164142652bf5b3032f4e1a8ee54fe2817a3f3b5130635cf04fb641a6e819211d
2026-09-30,INDUSTRY,INDUSTRY:T1206,sector_rs1,-0.011548075320779783,ACCEPTED,-0.011548075320779783,80,0,3dd77c68f3f29601b59d09853a70977bfab15f3fba3edeca6737f75ef9d7bcc0,9f7ee99454374db02824b5c9d52e2da89fca30232bc291ddb1f48ef6db84b6c0,2ee46c732cbd9a2d9496fe9e4763efb9a1ab85568c9ae6e0d0e121bc4adb4265,164142652bf5b3032f4e1a8ee54fe2817a3f3b5130635cf04fb641a6e819211d
2026-09-30,INDUSTRY,INDUSTRY:T1206,sector_rs5,-0.0507757356030939,ACCEPTED,-0.0507757356030939,80,0,3dd77c68f3f29601b59d09853a70977bfab15f3fba3edeca6737f75ef9d7bcc0,9f7ee99454374db02824b5c9d52e2da89fca30232bc291ddb1f48ef6db84b6c0,2ee46c732cbd9a2d9496fe9e4763efb9a1ab85568c9ae6e0d0e121bc4adb4265,164142652bf5b3032f4e1a8ee54fe2817a3f3b5130635cf04fb641a6e819211d
2026-09-30,INDUSTRY,INDUSTRY:T1206,sector_rs20,-0.06017736961757486,ACCEPTED,-0.06017736961757486,80,0,3dd77c68f3f29601b59d09853a70977bfab15f3fba3edeca6737f75ef9d7bcc0,9f7ee99454374db02824b5c9d52e2da89fca30232bc291ddb1f48ef6db84b6c0,2ee46c732cbd9a2d9496fe9e4763efb9a1ab85568c9ae6e0d0e121bc4adb4265,164142652bf5b3032f4e1a8ee54fe2817a3f3b5130635cf04fb641a6e819211d
2026-09-30,INDUSTRY,INDUSTRY:T1206,breadth_ret1,0.175,ACCEPTED,0.175,80,80,3dd77c68f3f29601b59d09853a70977bfab15f3fba3edeca6737f75ef9d7bcc0,9f7ee99454374db02824b5c9d52e2da89fca30232bc291ddb1f48ef6db84b6c0,2ee46c732cbd9a2d9496fe9e4763efb9a1ab85568c9ae6e0d0e121bc4adb4265,164142652bf5b3032f4e1a8ee54fe2817a3f3b5130635cf04fb641a6e819211d
2026-09-30,INDUSTRY,INDUSTRY:T1206,breadth_ret5,0.025,ACCEPTED,0.025,80,80,3dd77c68f3f29601b59d09853a70977bfab15f3fba3edeca6737f75ef9d7bcc0,9f7ee99454374db02824b5c9d52e2da89fca30232bc291ddb1f48ef6db84b6c0,2ee46c732cbd9a2d9496fe9e4763efb9a1ab85568c9ae6e0d0e121bc4adb4265,164142652bf5b3032f4e1a8ee54fe2817a3f3b5130635cf04fb641a6e819211d
2026-09-30,INDUSTRY,INDUSTRY:T1206,breadth_ret20,0.15,ACCEPTED,0.15,80,80,3dd77c68f3f29601b59d09853a70977bfab15f3fba3edeca6737f75ef9d7bcc0,9f7ee99454374db02824b5c9d52e2da89fca30232bc291ddb1f48ef6db84b6c0,2ee46c732cbd9a2d9496fe9e4763efb9a1ab85568c9ae6e0d0e121bc4adb4265,164142652bf5b3032f4e1a8ee54fe2817a3f3b5130635cf04fb641a6e819211d
2026-09-30,INDUSTRY,INDUSTRY:T1206,ma20_width,0.175,ACCEPTED,0.175,80,80,3dd77c68f3f29601b59d09853a70977bfab15f3fba3edeca6737f75ef9d7bcc0,9f7ee99454374db02824b5c9d52e2da89fca30232bc291ddb1f48ef6db84b6c0,2ee46c732cbd9a2d9496fe9e4763efb9a1ab85568c9ae6e0d0e121bc4adb4265,164142652bf5b3032f4e1a8ee54fe2817a3f3b5130635cf04fb641a6e819211d
2026-09-30,INDUSTRY,INDUSTRY:T1301,sector_rs1,0.0,ACCEPTED,0.0,19,0,3dd77c68f3f29601b59d09853a70977bfab15f3fba3edeca6737f75ef9d7bcc0,9f7ee99454374db02824b5c9d52e2da89fca30232bc291ddb1f48ef6db84b6c0,2ee46c732cbd9a2d9496fe9e4763efb9a1ab85568c9ae6e0d0e121bc4adb4265,164142652bf5b3032f4e1a8ee54fe2817a3f3b5130635cf04fb641a6e819211d
2026-09-30,INDUSTRY,INDUSTRY:T1301,sector_rs5,-0.00666666666666671,ACCEPTED,-0.00666666666666671,19,0,3dd77c68f3f29601b59d09853a70977bfab15f3fba3edeca6737f75ef9d7bcc0,9f7ee99454374db02824b5c9d52e2da89fca30232bc291ddb1f48ef6db84b6c0,2ee46c732cbd9a2d9496fe9e4763efb9a1ab85568c9ae6e0d0e121bc4adb4265,164142652bf5b3032f4e1a8ee54fe2817a3f3b5130635cf04fb641a6e819211d
2026-09-30,INDUSTRY,INDUSTRY:T1301,sector_rs20,-0.02529182879377434,ACCEPTED,-0.02529182879377434,19,0,3dd77c68f3f29601b59d09853a70977bfab15f3fba3edeca6737f75ef9d7bcc0,9f7ee99454374db02824b5c9d52e2da89fca30232bc291ddb1f48ef6db84b6c0,2ee46c732cbd9a2d9496fe9e4763efb9a1ab85568c9ae6e0d0e121bc4adb4265,164142652bf5b3032f4e1a8ee54fe2817a3f3b5130635cf04fb641a6e819211d
2026-09-30,INDUSTRY,INDUSTRY:T1301,breadth_ret1,0.47368421052631576,ACCEPTED,0.47368421052631576,19,19,3dd77c68f3f29601b59d09853a70977bfab15f3fba3edeca6737f75ef9d7bcc0,9f7ee99454374db02824b5c9d52e2da89fca30232bc291ddb1f48ef6db84b6c0,2ee46c732cbd9a2d9496fe9e4763efb9a1ab85568c9ae6e0d0e121bc4adb4265,164142652bf5b3032f4e1a8ee54fe2817a3f3b5130635cf04fb641a6e819211d
2026-09-30,INDUSTRY,INDUSTRY:T1301,breadth_ret5,0.3684210526315789,ACCEPTED,0.3684210526315789,19,19,3dd77c68f3f29601b59d09853a70977bfab15f3fba3edeca6737f75ef9d7bcc0,9f7ee99454374db02824b5c9d52e2da89fca30232bc291ddb1f48ef6db84b6c0,2ee46c732cbd9a2d9496fe9e4763efb9a1ab85568c9ae6e0d0e121bc4adb4265,164142652bf5b3032f4e1a8ee54fe2817a3f3b5130635cf04fb641a6e819211d
2026-09-30,INDUSTRY,INDUSTRY:T1301,breadth_ret20,0.3684210526315789,ACCEPTED,0.3684210526315789,19,19,3dd77c68f3f29601b59d09853a70977bfab15f3fba3edeca6737f75ef9d7bcc0,9f7ee99454374db02824b5c9d52e2da89fca30232bc291ddb1f48ef6db84b6c0,2ee46c732cbd9a2d9496fe9e4763efb9a1ab85568c9ae6e0d0e121bc4adb4265,164142652bf5b3032f4e1a8ee54fe2817a3f3b5130635cf04fb641a6e819211d
2026-09-30,INDUSTRY,INDUSTRY:T1301,ma20_width,0.5263157894736842,ACCEPTED,0.5263157894736842,19,19,3dd77c68f3f29601b59d09853a70977bfab15f3fba3edeca6737f75ef9d7bcc0,9f7ee99454374db02824b5c9d52e2da89fca30232bc291ddb1f48ef6db84b6c0,2ee46c732cbd9a2d9496fe9e4763efb9a1ab85568c9ae6e0d0e121bc4adb4265,164142652bf5b3032f4e1a8ee54fe2817a3f3b5130635cf04fb641a6e819211d
2026-09-30,THEME,THEME:880501,sector_rs1,0.008093525179856176,ACCEPTED,0.008093525179856176,205,0,3dd77c68f3f29601b59d09853a70977bfab15f3fba3edeca6737f75ef9d7bcc0,9f7ee99454374db02824b5c9d52e2da89fca30232bc291ddb1f48ef6db84b6c0,2ee46c732cbd9a2d9496fe9e4763efb9a1ab85568c9ae6e0d0e121bc4adb4265,164142652bf5b3032f4e1a8ee54fe2817a3f3b5130635cf04fb641a6e819211d
2026-09-30,THEME,THEME:880501,sector_rs5,-0.016460905349794275,ACCEPTED,-0.016460905349794275,205,0,3dd77c68f3f29601b59d09853a70977bfab15f3fba3edeca6737f75ef9d7bcc0,9f7ee99454374db02824b5c9d52e2da89fca30232bc291ddb1f48ef6db84b6c0,2ee46c732cbd9a2d9496fe9e4763efb9a1ab85568c9ae6e0d0e121bc4adb4265,164142652bf5b3032f4e1a8ee54fe2817a3f3b5130635cf04fb641a6e819211d
2026-09-30,THEME,THEME:880501,sector_rs20,-0.02583025830258301,ACCEPTED,-0.02583025830258301,205,0,3dd77c68f3f29601b59d09853a70977bfab15f3fba3edeca6737f75ef9d7bcc0,9f7ee99454374db02824b5c9d52e2da89fca30232bc291ddb1f48ef6db84b6c0,2ee46c732cbd9a2d9496fe9e4763efb9a1ab85568c9ae6e0d0e121bc4adb4265,164142652bf5b3032f4e1a8ee54fe2817a3f3b5130635cf04fb641a6e819211d
2026-09-30,THEME,THEME:880501,breadth_ret1,0.751219512195122,ACCEPTED,0.751219512195122,205,205,3dd77c68f3f29601b59d09853a70977bfab15f3fba3edeca6737f75ef9d7bcc0,9f7ee99454374db02824b5c9d52e2da89fca30232bc291ddb1f48ef6db84b6c0,2ee46c732cbd9a2d9496fe9e4763efb9a1ab85568c9ae6e0d0e121bc4adb4265,164142652bf5b3032f4e1a8ee54fe2817a3f3b5130635cf04fb641a6e819211d
2026-09-30,THEME,THEME:880501,breadth_ret5,0.35467980295566504,ACCEPTED,0.35467980295566504,205,203,3dd77c68f3f29601b59d09853a70977bfab15f3fba3edeca6737f75ef9d7bcc0,9f7ee99454374db02824b5c9d52e2da89fca30232bc291ddb1f48ef6db84b6c0,2ee46c732cbd9a2d9496fe9e4763efb9a1ab85568c9ae6e0d0e121bc4adb4265,164142652bf5b3032f4e1a8ee54fe2817a3f3b5130635cf04fb641a6e819211d
2026-09-30,THEME,THEME:880501,breadth_ret20,0.28292682926829266,ACCEPTED,0.28292682926829266,205,205,3dd77c68f3f29601b59d09853a70977bfab15f3fba3edeca6737f75ef9d7bcc0,9f7ee99454374db02824b5c9d52e2da89fca30232bc291ddb1f48ef6db84b6c0,2ee46c732cbd9a2d9496fe9e4763efb9a1ab85568c9ae6e0d0e121bc4adb4265,164142652bf5b3032f4e1a8ee54fe2817a3f3b5130635cf04fb641a6e819211d
2026-09-30,THEME,THEME:880501,ma20_width,0.40487804878048783,ACCEPTED,0.40487804878048783,205,205,3dd77c68f3f29601b59d09853a70977bfab15f3fba3edeca6737f75ef9d7bcc0,9f7ee99454374db02824b5c9d52e2da89fca30232bc291ddb1f48ef6db84b6c0,2ee46c732cbd9a2d9496fe9e4763efb9a1ab85568c9ae6e0d0e121bc4adb4265,164142652bf5b3032f4e1a8ee54fe2817a3f3b5130635cf04fb641a6e819211d
2026-09-30,THEME,THEME:880502,sector_rs1,0.008264462809917328,ACCEPTED,0.008264462809917328,72,0,3dd77c68f3f29601b59d09853a70977bfab15f3fba3edeca6737f75ef9d7bcc0,9f7ee99454374db02824b5c9d52e2da89fca30232bc291ddb1f48ef6db84b6c0,2ee46c732cbd9a2d9496fe9e4763efb9a1ab85568c9ae6e0d0e121bc4adb4265,164142652bf5b3032f4e1a8ee54fe2817a3f3b5130635cf04fb641a6e819211d
2026-09-30,THEME,THEME:880502,sector_rs5,-0.012060301507537563,ACCEPTED,-0.012060301507537563,72,0,3dd77c68f3f29601b59d09853a70977bfab15f3fba3edeca6737f75ef9d7bcc0,9f7ee99454374db02824b5c9d52e2da89fca30232bc291ddb1f48ef6db84b6c0,2ee46c732cbd9a2d9496fe9e4763efb9a1ab85568c9ae6e0d0e121bc4adb4265,164142652bf5b3032f4e1a8ee54fe2817a3f3b5130635cf04fb641a6e819211d
2026-09-30,THEME,THEME:880502,sector_rs20,-0.02298850574712641,ACCEPTED,-0.02298850574712641,72,0,3dd77c68f3f29601b59d09853a70977bfab15f3fba3edeca6737f75ef9d7bcc0,9f7ee99454374db02824b5c9d52e2da89fca30232bc291ddb1f48ef6db84b6c0,2ee46c732cbd9a2d9496fe9e4763efb9a1ab85568c9ae6e0d0e121bc4adb4265,164142652bf5b3032f4e1a8ee54fe2817a3f3b5130635cf04fb641a6e819211d
2026-09-30,THEME,THEME:880502,breadth_ret1,0.6901408450704225,ACCEPTED,0.6901408450704225,72,71,3dd77c68f3f29601b59d09853a70977bfab15f3fba3edeca6737f75ef9d7bcc0,9f7ee99454374db02824b5c9d52e2da89fca30232bc291ddb1f48ef6db84b6c0,2ee46c732cbd9a2d9496fe9e4763efb9a1ab85568c9ae6e0d0e121bc4adb4265,164142652bf5b3032f4e1a8ee54fe2817a3f3b5130635cf04fb641a6e819211d
2026-09-30,THEME,THEME:880502,breadth_ret5,0.30985915492957744,ACCEPTED,0.30985915492957744,72,71,3dd77c68f3f29601b59d09853a70977bfab15f3fba3edeca6737f75ef9d7bcc0,9f7ee99454374db02824b5c9d52e2da89fca30232bc291ddb1f48ef6db84b6c0,2ee46c732cbd9a2d9496fe9e4763efb9a1ab85568c9ae6e0d0e121bc4adb4265,164142652bf5b3032f4e1a8ee54fe2817a3f3b5130635cf04fb641a6e819211d
2026-09-30,THEME,THEME:880502,breadth_ret20,0.2676056338028169,ACCEPTED,0.2676056338028169,72,71,3dd77c68f3f29601b59d09853a70977bfab15f3fba3edeca6737f75ef9d7bcc0,9f7ee99454374db02824b5c9d52e2da89fca30232bc291ddb1f48ef6db84b6c0,2ee46c732cbd9a2d9496fe9e4763efb9a1ab85568c9ae6e0d0e121bc4adb4265,164142652bf5b3032f4e1a8ee54fe2817a3f3b5130635cf04fb641a6e819211d
2026-09-30,THEME,THEME:880502,ma20_width,0.39436619718309857,ACCEPTED,0.39436619718309857,72,71,3dd77c68f3f29601b59d09853a70977bfab15f3fba3edeca6737f75ef9d7bcc0,9f7ee99454374db02824b5c9d52e2da89fca30232bc291ddb1f48ef6db84b6c0,2ee46c732cbd9a2d9496fe9e4763efb9a1ab85568c9ae6e0d0e121bc4adb4265,164142652bf5b3032f4e1a8ee54fe2817a3f3b5130635cf04fb641a6e819211d
2026-09-30,THEME,THEME:880505,sector_rs1,0.005332924251022497,ACCEPTED,0.005332924251022497,64,0,3dd77c68f3f29601b59d09853a70977bfab15f3fba3edeca6737f75ef9d7bcc0,9f7ee99454374db02824b5c9d52e2da89fca30232bc291ddb1f48ef6db84b6c0,2ee46c732cbd9a2d9496fe9e4763efb9a1ab85568c9ae6e0d0e121bc4adb4265,164142652bf5b3032f4e1a8ee54fe2817a3f3b5130635cf04fb641a6e819211d
2026-09-30,THEME,THEME:880505,sector_rs5,-0.0601111142686635,ACCEPTED,-0.0601111142686635,64,0,3dd77c68f3f29601b59d09853a70977bfab15f3fba3edeca6737f75ef9d7bcc0,9f7ee99454374db02824b5c9d52e2da89fca30232bc291ddb1f48ef6db84b6c0,2ee46c732cbd9a2d9496fe9e4763efb9a1ab85568c9ae6e0d0e121bc4adb4265,164142652bf5b3032f4e1a8ee54fe2817a3f3b5130635cf04fb641a6e819211d
2026-09-30,THEME,THEME:880505,sector_rs20,-0.11544855873471022,ACCEPTED,-0.11544855873471022,64,0,3dd77c68f3f29601b59d09853a70977bfab15f3fba3edeca6737f75ef9d7bcc0,9f7ee99454374db02824b5c9d52e2da89fca30232bc291ddb1f48ef6db84b6c0,2ee46c732cbd9a2d9496fe9e4763efb9a1ab85568c9ae6e0d0e121bc4adb4265,164142652bf5b3032f4e1a8ee54fe2817a3f3b5130635cf04fb641a6e819211d
2026-09-30,THEME,THEME:880505,breadth_ret1,0.6290322580645161,ACCEPTED,0.6290322580645161,64,62,3dd77c68f3f29601b59d09853a70977bfab15f3fba3edeca6737f75ef9d7bcc0,9f7ee99454374db02824b5c9d52e2da89fca30232bc291ddb1f48ef6db84b6c0,2ee46c732cbd9a2d9496fe9e4763efb9a1ab85568c9ae6e0d0e121bc4adb4265,164142652bf5b3032f4e1a8ee54fe2817a3f3b5130635cf04fb641a6e819211d
2026-09-30,THEME,THEME:880505,breadth_ret5,0.11290322580645161,ACCEPTED,0.11290322580645161,64,62,3dd77c68f3f29601b59d09853a70977bfab15f3fba3edeca6737f75ef9d7bcc0,9f7ee99454374db02824b5c9d52e2da89fca30232bc291ddb1f48ef6db84b6c0,2ee46c732cbd9a2d9496fe9e4763efb9a1ab85568c9ae6e0d0e121bc4adb4265,164142652bf5b3032f4e1a8ee54fe2817a3f3b5130635cf04fb641a6e819211d
2026-09-30,THEME,THEME:880505,breadth_ret20,0.03225806451612903,ACCEPTED,0.03225806451612903,64,62,3dd77c68f3f29601b59d09853a70977bfab15f3fba3edeca6737f75ef9d7bcc0,9f7ee99454374db02824b5c9d52e2da89fca30232bc291ddb1f48ef6db84b6c0,2ee46c732cbd9a2d9496fe9e4763efb9a1ab85568c9ae6e0d0e121bc4adb4265,164142652bf5b3032f4e1a8ee54fe2817a3f3b5130635cf04fb641a6e819211d
2026-09-30,THEME,THEME:880505,ma20_width,0.11290322580645161,ACCEPTED,0.11290322580645161,64,62,3dd77c68f3f29601b59d09853a70977bfab15f3fba3edeca6737f75ef9d7bcc0,9f7ee99454374db02824b5c9d52e2da89fca30232bc291ddb1f48ef6db84b6c0,2ee46c732cbd9a2d9496fe9e4763efb9a1ab85568c9ae6e0d0e121bc4adb4265,164142652bf5b3032f4e1a8ee54fe2817a3f3b5130635cf04fb641a6e819211d
2026-09-30,THEME,THEME:880506,sector_rs1,-0.016530906796439704,ACCEPTED,-0.016530906796439704,443,0,3dd77c68f3f29601b59d09853a70977bfab15f3fba3edeca6737f75ef9d7bcc0,9f7ee99454374db02824b5c9d52e2da89fca30232bc291ddb1f48ef6db84b6c0,2ee46c732cbd9a2d9496fe9e4763efb9a1ab85568c9ae6e0d0e121bc4adb4265,164142652bf5b3032f4e1a8ee54fe2817a3f3b5130635cf04fb641a6e819211d
2026-09-30,THEME,THEME:880506,sector_rs5,-0.06662541254125409,ACCEPTED,-0.06662541254125409,443,0,3dd77c68f3f29601b59d09853a70977bfab15f3fba3edeca6737f75ef9d7bcc0,9f7ee99454374db02824b5c9d52e2da89fca30232bc291ddb1f48ef6db84b6c0,2ee46c732cbd9a2d9496fe9e4763efb9a1ab85568c9ae6e0d0e121bc4adb4265,164142652bf5b3032f4e1a8ee54fe2817a3f3b5130635cf04fb641a6e819211d
2026-09-30,THEME,THEME:880506,sector_rs20,-0.04883178912590669,ACCEPTED,-0.04883178912590669,443,0,3dd77c68f3f29601b59d09853a70977bfab15f3fba3edeca6737f75ef9d7bcc0,9f7ee99454374db02824b5c9d52e2da89fca30232bc291ddb1f48ef6db84b6c0,2ee46c732cbd9a2d9496fe9e4763efb9a1ab85568c9ae6e0d0e121bc4adb4265,164142652bf5b3032f4e1a8ee54fe2817a3f3b5130635cf04fb641a6e819211d
2026-09-30,THEME,THEME:880506,breadth_ret1,0.17727272727272728,ACCEPTED,0.17727272727272728,443,440,3dd77c68f3f29601b59d09853a70977bfab15f3fba3edeca6737f75ef9d7bcc0,9f7ee99454374db02824b5c9d52e2da89fca30232bc291ddb1f48ef6db84b6c0,2ee46c732cbd9a2d9496fe9e4763efb9a1ab85568c9ae6e0d0e121bc4adb4265,164142652bf5b3032f4e1a8ee54fe2817a3f3b5130635cf04fb641a6e819211d
2026-09-30,THEME,THEME:880506,breadth_ret5,0.08409090909090909,ACCEPTED,0.08409090909090909,443,440,3dd77c68f3f29601b59d09853a70977bfab15f3fba3edeca6737f75ef9d7bcc0,9f7ee99454374db02824b5c9d52e2da89fca30232bc291ddb1f48ef6db84b6c0,2ee46c732cbd9a2d9496fe9e4763efb9a1ab85568c9ae6e0d0e121bc4adb4265,164142652bf5b3032f4e1a8ee54fe2817a3f3b5130635cf04fb641a6e819211d
2026-09-30,THEME,THEME:880506,breadth_ret20,0.2840909090909091,ACCEPTED,0.2840909090909091,443,440,3dd77c68f3f29601b59d09853a70977bfab15f3fba3edeca6737f75ef9d7bcc0,9f7ee99454374db02824b5c9d52e2da89fca30232bc291ddb1f48ef6db84b6c0,2ee46c732cbd9a2d9496fe9e4763efb9a1ab85568c9ae6e0d0e121bc4adb4265,164142652bf5b3032f4e1a8ee54fe2817a3f3b5130635cf04fb641a6e819211d
2026-09-30,THEME,THEME:880506,ma20_width,0.2222222222222222,ACCEPTED,0.2222222222222222,443,441,3dd77c68f3f29601b59d09853a70977bfab15f3fba3edeca6737f75ef9d7bcc0,9f7ee99454374db02824b5c9d52e2da89fca30232bc291ddb1f48ef6db84b6c0,2ee46c732cbd9a2d9496fe9e4763efb9a1ab85568c9ae6e0d0e121bc4adb4265,164142652bf5b3032f4e1a8ee54fe2817a3f3b5130635cf04fb641a6e819211d
2026-09-30,THEME,THEME:880507,sector_rs1,-0.009005169613157893,ACCEPTED,-0.009005169613157893,509,0,3dd77c68f3f29601b59d09853a70977bfab15f3fba3edeca6737f75ef9d7bcc0,9f7ee99454374db02824b5c9d52e2da89fca30232bc291ddb1f48ef6db84b6c0,2ee46c732cbd9a2d9496fe9e4763efb9a1ab85568c9ae6e0d0e121bc4adb4265,164142652bf5b3032f4e1a8ee54fe2817a3f3b5130635cf04fb641a6e819211d
2026-09-30,THEME,THEME:880507,sector_rs5,-0.04921552802668483,ACCEPTED,-0.04921552802668483,509,0,3dd77c68f3f29601b59d09853a70977bfab15f3fba3edeca6737f75ef9d7bcc0,9f7ee99454374db02824b5c9d52e2da89fca30232bc291ddb1f48ef6db84b6c0,2ee46c732cbd9a2d9496fe9e4763efb9a1ab85568c9ae6e0d0e121bc4adb4265,164142652bf5b3032f4e1a8ee54fe2817a3f3b5130635cf04fb641a6e819211d
2026-09-30,THEME,THEME:880507,sector_rs20,-0.04789550072568938,ACCEPTED,-0.04789550072568938,509,0,3dd77c68f3f29601b59d09853a70977bfab15f3fba3edeca6737f75ef9d7bcc0,9f7ee99454374db02824b5c9d52e2da89fca30232bc291ddb1f48ef6db84b6c0,2ee46c732cbd9a2d9496fe9e4763efb9a1ab85568c9ae6e0d0e121bc4adb4265,164142652bf5b3032f4e1a8ee54fe2817a3f3b5130635cf04fb641a6e819211d
2026-09-30,THEME,THEME:880507,breadth_ret1,0.2976190476190476,ACCEPTED,0.2976190476190476,509,504,3dd77c68f3f29601b59d09853a70977bfab15f3fba3edeca6737f75ef9d7bcc0,9f7ee99454374db02824b5c9d52e2da89fca30232bc291ddb1f48ef6db84b6c0,2ee46c732cbd9a2d9496fe9e4763efb9a1ab85568c9ae6e0d0e121bc4adb4265,164142652bf5b3032f4e1a8ee54fe2817a3f3b5130635cf04fb641a6e819211d
2026-09-30,THEME,THEME:880507,breadth_ret5,0.1007905138339921,ACCEPTED,0.1007905138339921,509,506,3dd77c68f3f29601b59d09853a70977bfab15f3fba3edeca6737f75ef9d7bcc0,9f7ee99454374db02824b5c9d52e2da89fca30232bc291ddb1f48ef6db84b6c0,2ee46c732cbd9a2d9496fe9e4763efb9a1ab85568c9ae6e0d0e121bc4adb4265,164142652bf5b3032f4e1a8ee54fe2817a3f3b5130635cf04fb641a6e819211d
2026-09-30,THEME,THEME:880507,breadth_ret20,0.23366336633663368,ACCEPTED,0.23366336633663368,509,505,3dd77c68f3f29601b59d09853a70977bfab15f3fba3edeca6737f75ef9d7bcc0,9f7ee99454374db02824b5c9d52e2da89fca30232bc291ddb1f48ef6db84b6c0,2ee46c732cbd9a2d9496fe9e4763efb9a1ab85568c9ae6e0d0e121bc4adb4265,164142652bf5b3032f4e1a8ee54fe2817a3f3b5130635cf04fb641a6e819211d
2026-09-30,THEME,THEME:880507,ma20_width,0.20396039603960395,ACCEPTED,0.20396039603960395,509,505,3dd77c68f3f29601b59d09853a70977bfab15f3fba3edeca6737f75ef9d7bcc0,9f7ee99454374db02824b5c9d52e2da89fca30232bc291ddb1f48ef6db84b6c0,2ee46c732cbd9a2d9496fe9e4763efb9a1ab85568c9ae6e0d0e121bc4adb4265,164142652bf5b3032f4e1a8ee54fe2817a3f3b5130635cf04fb641a6e819211d
2026-09-30,THEME,THEME:880513,sector_rs1,-0.0036059126005447695,ACCEPTED,-0.0036059126005447695,162,0,3dd77c68f3f29601b59d09853a70977bfab15f3fba3edeca6737f75ef9d7bcc0,9f7ee99454374db02824b5c9d52e2da89fca30232bc291ddb1f48ef6db84b6c0,2ee46c732cbd9a2d9496fe9e4763efb9a1ab85568c9ae6e0d0e121bc4adb4265,164142652bf5b3032f4e1a8ee54fe2817a3f3b5130635cf04fb641a6e819211d
2026-09-30,THEME,THEME:880513,sector_rs5,-0.0331903787191038,ACCEPTED,-0.0331903787191038,162,0,3dd77c68f3f29601b59d09853a70977bfab15f3fba3edeca6737f75ef9d7bcc0,9f7ee99454374db02824b5c9d52e2da89fca30232bc291ddb1f48ef6db84b6c0,2ee46c732cbd9a2d9496fe9e4763efb9a1ab85568c9ae6e0d0e121bc4adb4265,164142652bf5b3032f4e1a8ee54fe2817a3f3b5130635cf04fb641a6e819211d
2026-09-30,THEME,THEME:880513,sector_rs20,-0.0381272992737961,ACCEPTED,-0.0381272992737961,162,0,3dd77c68f3f29601b59d09853a70977bfab15f3fba3edeca6737f75ef9d7bcc0,9f7ee99454374db02824b5c9d52e2da89fca30232bc291ddb1f48ef6db84b6c0,2ee46c732cbd9a2d9496fe9e4763efb9a1ab85568c9ae6e0d0e121bc4adb4265,164142652bf5b3032f4e1a8ee54fe2817a3f3b5130635cf04fb641a6e819211d
2026-09-30,THEME,THEME:880513,breadth_ret1,0.4012345679012346,ACCEPTED,0.4012345679012346,162,162,3dd77c68f3f29601b59d09853a70977bfab15f3fba3edeca6737f75ef9d7bcc0,9f7ee99454374db02824b5c9d52e2da89fca30232bc291ddb1f48ef6db84b6c0,2ee46c732cbd9a2d9496fe9e4763efb9a1ab85568c9ae6e0d0e121bc4adb4265,164142652bf5b3032f4e1a8ee54fe2817a3f3b5130635cf04fb641a6e819211d
2026-09-30,THEME,THEME:880513,breadth_ret5,0.24074074074074073,ACCEPTED,0.24074074074074073,162,162,3dd77c68f3f29601b59d09853a70977bfab15f3fba3edeca6737f75ef9d7bcc0,9f7ee99454374db02824b5c9d52e2da89fca30232bc291ddb1f48ef6db84b6c0,2ee46c732cbd9a2d9496fe9e4763efb9a1ab85568c9ae6e0d0e121bc4adb4265,164142652bf5b3032f4e1a8ee54fe2817a3f3b5130635cf04fb641a6e819211d
2026-09-30,THEME,THEME:880513,breadth_ret20,0.2962962962962963,ACCEPTED,0.2962962962962963,162,162,3dd77c68f3f29601b59d09853a70977bfab15f3fba3edeca6737f75ef9d7bcc0,9f7ee99454374db02824b5c9d52e2da89fca30232bc291ddb1f48ef6db84b6c0,2ee46c732cbd9a2d9496fe9e4763efb9a1ab85568c9ae6e0d0e121bc4adb4265,164142652bf5b3032f4e1a8ee54fe2817a3f3b5130635cf04fb641a6e819211d
2026-09-30,THEME,THEME:880513,ma20_width,0.32098765432098764,ACCEPTED,0.32098765432098764,162,162,3dd77c68f3f29601b59d09853a70977bfab15f3fba3edeca6737f75ef9d7bcc0,9f7ee99454374db02824b5c9d52e2da89fca30232bc291ddb1f48ef6db84b6c0,2ee46c732cbd9a2d9496fe9e4763efb9a1ab85568c9ae6e0d0e121bc4adb4265,164142652bf5b3032f4e1a8ee54fe2817a3f3b5130635cf04fb641a6e819211d
2026-09-30,THEME,THEME:880515,sector_rs1,0.007391769667701165,ACCEPTED,0.007391769667701165,88,0,3dd77c68f3f29601b59d09853a70977bfab15f3fba3edeca6737f75ef9d7bcc0,9f7ee99454374db02824b5c9d52e2da89fca30232bc291ddb1f48ef6db84b6c0,2ee46c732cbd9a2d9496fe9e4763efb9a1ab85568c9ae6e0d0e121bc4adb4265,164142652bf5b3032f4e1a8ee54fe2817a3f3b5130635cf04fb641a6e819211d
2026-09-30,THEME,THEME:880515,sector_rs5,-0.025843062072707756,ACCEPTED,-0.025843062072707756,88,0,3dd77c68f3f29601b59d09853a70977bfab15f3fba3edeca6737f75ef9d7bcc0,9f7ee99454374db02824b5c9d52e2da89fca30232bc291ddb1f48ef6db84b6c0,2ee46c732cbd9a2d9496fe9e4763efb9a1ab85568c9ae6e0d0e121bc4adb4265,164142652bf5b3032f4e1a8ee54fe2817a3f3b5130635cf04fb641a6e819211d
2026-09-30,THEME,THEME:880515,sector_rs20,-0.060275082712839434,ACCEPTED,-0.060275082712839434,88,0,3dd77c68f3f29601b59d09853a70977bfab15f3fba3edeca6737f75ef9d7bcc0,9f7ee99454374db02824b5c9d52e2da89fca30232bc291ddb1f48ef6db84b6c0,2ee46c732cbd9a2d9496fe9e4763efb9a1ab85568c9ae6e0d0e121bc4adb4265,164142652bf5b3032f4e1a8ee54fe2817a3f3b5130635cf04fb641a6e819211d
2026-09-30,THEME,THEME:880515,breadth_ret1,0.6931818181818182,ACCEPTED,0.6931818181818182,88,88,3dd77c68f3f29601b59d09853a70977bfab15f3fba3edeca6737f75ef9d7bcc0,9f7ee99454374db02824b5c9d52e2da89fca30232bc291ddb1f48ef6db84b6c0,2ee46c732cbd9a2d9496fe9e4763efb9a1ab85568c9ae6e0d0e121bc4adb4265,164142652bf5b3032f4e1a8ee54fe2817a3f3b5130635cf04fb641a6e819211d
2026-09-30,THEME,THEME:880515,breadth_ret5,0.29545454545454547,ACCEPTED,0.29545454545454547,88,88,3dd77c68f3f29601b59d09853a70977bfab15f3fba3edeca6737f75ef9d7bcc0,9f7ee99454374db02824b5c9d52e2da89fca30232bc291ddb1f48ef6db84b6c0,2ee46c732cbd9a2d9496fe9e4763efb9a1ab85568c9ae6e0d0e121bc4adb4265,164142652bf5b3032f4e1a8ee54fe2817a3f3b5130635cf04fb641a6e819211d
2026-09-30,THEME,THEME:880515,breadth_ret20,0.20454545454545456,ACCEPTED,0.20454545454545456,88,88,3dd77c68f3f29601b59d09853a70977bfab15f3fba3edeca6737f75ef9d7bcc0,9f7ee99454374db02824b5c9d52e2da89fca30232bc291ddb1f48ef6db84b6c0,2ee46c732cbd9a2d9496fe9e4763efb9a1ab85568c9ae6e0d0e121bc4adb4265,164142652bf5b3032f4e1a8ee54fe2817a3f3b5130635cf04fb641a6e819211d
2026-09-30,THEME,THEME:880515,ma20_width,0.3409090909090909,ACCEPTED,0.3409090909090909,88,88,3dd77c68f3f29601b59d09853a70977bfab15f3fba3edeca6737f75ef9d7bcc0,9f7ee99454374db02824b5c9d52e2da89fca30232bc291ddb1f48ef6db84b6c0,2ee46c732cbd9a2d9496fe9e4763efb9a1ab85568c9ae6e0d0e121bc4adb4265,164142652bf5b3032f4e1a8ee54fe2817a3f3b5130635cf04fb641a6e819211d
2026-09-30,THEME,THEME:880516,sector_rs1,0.0,ACCEPTED,0.0,200,0,3dd77c68f3f29601b59d09853a70977bfab15f3fba3edeca6737f75ef9d7bcc0,9f7ee99454374db02824b5c9d52e2da89fca30232bc291ddb1f48ef6db84b6c0,2ee46c732cbd9a2d9496fe9e4763efb9a1ab85568c9ae6e0d0e121bc4adb4265,164142652bf5b3032f4e1a8ee54fe2817a3f3b5130635cf04fb641a6e819211d
2026-09-30,THEME,THEME:880516,sector_rs5,-0.022009419152276277,ACCEPTED,-0.022009419152276277,200,0,3dd77c68f3f29601b59d09853a70977bfab15f3fba3edeca6737f75ef9d7bcc0,9f7ee99454374db02824b5c9d52e2da89fca30232bc291ddb1f48ef6db84b6c0,2ee46c732cbd9a2d9496fe9e4763efb9a1ab85568c9ae6e0d0e121bc4adb4265,164142652bf5b3032f4e1a8ee54fe2817a3f3b5130635cf04fb641a6e819211d
2026-09-30,THEME,THEME:880516,sector_rs20,-0.027786662402047024,ACCEPTED,-0.027786662402047024,200,0,3dd77c68f3f29601b59d09853a70977bfab15f3fba3edeca6737f75ef9d7bcc0,9f7ee99454374db02824b5c9d52e2da89fca30232bc291ddb1f48ef6db84b6c0,2ee46c732cbd9a2d9496fe9e4763efb9a1ab85568c9ae6e0d0e121bc4adb4265,164142652bf5b3032f4e1a8ee54fe2817a3f3b5130635cf04fb641a6e819211d
2026-09-30,THEME,THEME:880516,breadth_ret1,0.4973821989528796,ACCEPTED,0.4973821989528796,200,191,3dd77c68f3f29601b59d09853a70977bfab15f3fba3edeca6737f75ef9d7bcc0,9f7ee99454374db02824b5c9d52e2da89fca30232bc291ddb1f48ef6db84b6c0,2ee46c732cbd9a2d9496fe9e4763efb9a1ab85568c9ae6e0d0e121bc4adb4265,164142652bf5b3032f4e1a8ee54fe2817a3f3b5130635cf04fb641a6e819211d
2026-09-30,THEME,THEME:880516,breadth_ret5,0.2552083333333333,ACCEPTED,0.2552083333333333,200,192,3dd77c68f3f29601b59d09853a70977bfab15f3fba3edeca6737f75ef9d7bcc0,9f7ee99454374db02824b5c9d52e2da89fca30232bc291ddb1f48ef6db84b6c0,2ee46c732cbd9a2d9496fe9e4763efb9a1ab85568c9ae6e0d0e121bc4adb4265,164142652bf5b3032f4e1a8ee54fe2817a3f3b5130635cf04fb641a6e819211d
2026-09-30,THEME,THEME:880516,breadth_ret20,0.34375,ACCEPTED,0.34375,200,192,3dd77c68f3f29601b59d09853a70977bfab15f3fba3edeca6737f75ef9d7bcc0,9f7ee99454374db02824b5c9d52e2da89fca30232bc291ddb1f48ef6db84b6c0,2ee46c732cbd9a2d9496fe9e4763efb9a1ab85568c9ae6e0d0e121bc4adb4265,164142652bf5b3032f4e1a8ee54fe2817a3f3b5130635cf04fb641a6e819211d
2026-09-30,THEME,THEME:880516,ma20_width,0.33678756476683935,ACCEPTED,0.33678756476683935,200,193,3dd77c68f3f29601b59d09853a70977bfab15f3fba3edeca6737f75ef9d7bcc0,9f7ee99454374db02824b5c9d52e2da89fca30232bc291ddb1f48ef6db84b6c0,2ee46c732cbd9a2d9496fe9e4763efb9a1ab85568c9ae6e0d0e121bc4adb4265,164142652bf5b3032f4e1a8ee54fe2817a3f3b5130635cf04fb641a6e819211d
2026-09-30,THEME,THEME:880519,sector_rs1,0.0,ACCEPTED,0.0,260,0,3dd77c68f3f29601b59d09853a70977bfab15f3fba3edeca6737f75ef9d7bcc0,9f7ee99454374db02824b5c9d52e2da89fca30232bc291ddb1f48ef6db84b6c0,2ee46c732cbd9a2d9496fe9e4763efb9a1ab85568c9ae6e0d0e121bc4adb4265,164142652bf5b3032f4e1a8ee54fe2817a3f3b5130635cf04fb641a6e819211d
2026-09-30,THEME,THEME:880519,sector_rs5,-0.03353658536585358,ACCEPTED,-0.03353658536585358,260,0,3dd77c68f3f29601b59d09853a70977bfab15f3fba3edeca6737f75ef9d7bcc0,9f7ee99454374db02824b5c9d52e2da89fca30232bc291ddb1f48ef6db84b6c0,2ee46c732cbd9a2d9496fe9e4763efb9a1ab85568c9ae6e0d0e121bc4adb4265,164142652bf5b3032f4e1a8ee54fe2817a3f3b5130635cf04fb641a6e819211d
2026-09-30,THEME,THEME:880519,sector_rs20,-0.044117647058823595,ACCEPTED,-0.044117647058823595,260,0,3dd77c68f3f29601b59d09853a70977bfab15f3fba3edeca6737f75ef9d7bcc0,9f7ee99454374db02824b5c9d52e2da89fca30232bc291ddb1f48ef6db84b6c0,2ee46c732cbd9a2d9496fe9e4763efb9a1ab85568c9ae6e0d0e121bc4adb4265,164142652bf5b3032f4e1a8ee54fe2817a3f3b5130635cf04fb641a6e819211d
2026-09-30,THEME,THEME:880519,breadth_ret1,0.45525291828793774,ACCEPTED,0.45525291828793774,260,257,3dd77c68f3f29601b59d09853a70977bfab15f3fba3edeca6737f75ef9d7bcc0,9f7ee99454374db02824b5c9d52e2da89fca30232bc291ddb1f48ef6db84b6c0,2ee46c732cbd9a2d9496fe9e4763efb9a1ab85568c9ae6e0d0e121bc4adb4265,164142652bf5b3032f4e1a8ee54fe2817a3f3b5130635cf04fb641a6e819211d
2026-09-30,THEME,THEME:880519,breadth_ret5,0.16731517509727625,ACCEPTED,0.16731517509727625,260,257,3dd77c68f3f29601b59d09853a70977bfab15f3fba3edeca6737f75ef9d7bcc0,9f7ee99454374db02824b5c9d52e2da89fca30232bc291ddb1f48ef6db84b6c0,2ee46c732cbd9a2d9496fe9e4763efb9a1ab85568c9ae6e0d0e121bc4adb4265,164142652bf5b3032f4e1a8ee54fe2817a3f3b5130635cf04fb641a6e819211d
2026-09-30,THEME,THEME:880519,breadth_ret20,0.21011673151750973,ACCEPTED,0.21011673151750973,260,257,3dd77c68f3f29601b59d09853a70977bfab15f3fba3edeca6737f75ef9d7bcc0,9f7ee99454374db02824b5c9d52e2da89fca30232bc291ddb1f48ef6db84b6c0,2ee46c732cbd9a2d9496fe9e4763efb9a1ab85568c9ae6e0d0e121bc4adb4265,164142652bf5b3032f4e1a8ee54fe2817a3f3b5130635cf04fb641a6e819211d
2026-09-30,THEME,THEME:880519,ma20_width,0.2607003891050584,ACCEPTED,0.2607003891050584,260,257,3dd77c68f3f29601b59d09853a70977bfab15f3fba3edeca6737f75ef9d7bcc0,9f7ee99454374db02824b5c9d52e2da89fca30232bc291ddb1f48ef6db84b6c0,2ee46c732cbd9a2d9496fe9e4763efb9a1ab85568c9ae6e0d0e121bc4adb4265,164142652bf5b3032f4e1a8ee54fe2817a3f3b5130635cf04fb641a6e819211d
2026-09-30,THEME,THEME:880520,sector_rs1,-0.00417827298050133,ACCEPTED,-0.00417827298050133,267,0,3dd77c68f3f29601b59d09853a70977bfab15f3fba3edeca6737f75ef9d7bcc0,9f7ee99454374db02824b5c9d52e2da89fca30232bc291ddb1f48ef6db84b6c0,2ee46c732cbd9a2d9496fe9e4763efb9a1ab85568c9ae6e0d0e121bc4adb4265,164142652bf5b3032f4e1a8ee54fe2817a3f3b5130635cf04fb641a6e819211d
2026-09-30,THEME,THEME:880520,sector_rs5,-0.04122722914669219,ACCEPTED,-0.04122722914669219,267,0,3dd77c68f3f29601b59d09853a70977bfab15f3fba3edeca6737f75ef9d7bcc0,9f7ee99454374db02824b5c9d52e2da89fca30232bc291ddb1f48ef6db84b6c0,2ee46c732cbd9a2d9496fe9e4763efb9a1ab85568c9ae6e0d0e121bc4adb4265,164142652bf5b3032f4e1a8ee54fe2817a3f3b5130635cf04fb641a6e819211d
2026-09-30,THEME,THEME:880520,sector_rs20,-0.05297113429794753,ACCEPTED,-0.05297113429794753,267,0,3dd77c68f3f29601b59d09853a70977bfab15f3fba3edeca6737f75ef9d7bcc0,9f7ee99454374db02824b5c9d52e2da89fca30232bc291ddb1f48ef6db84b6c0,2ee46c732cbd9a2d9496fe9e4763efb9a1ab85568c9ae6e0d0e121bc4adb4265,164142652bf5b3032f4e1a8ee54fe2817a3f3b5130635cf04fb641a6e819211d
2026-09-30,THEME,THEME:880520,breadth_ret1,0.3595505617977528,ACCEPTED,0.3595505617977528,267,267,3dd77c68f3f29601b59d09853a70977bfab15f3fba3edeca6737f75ef9d7bcc0,9f7ee99454374db02824b5c9d52e2da89fca30232bc291ddb1f48ef6db84b6c0,2ee46c732cbd9a2d9496fe9e4763efb9a1ab85568c9ae6e0d0e121bc4adb4265,164142652bf5b3032f4e1a8ee54fe2817a3f3b5130635cf04fb641a6e819211d
2026-09-30,THEME,THEME:880520,breadth_ret5,0.13108614232209737,ACCEPTED,0.13108614232209737,267,267,3dd77c68f3f29601b59d09853a70977bfab15f3fba3edeca6737f75ef9d7bcc0,9f7ee99454374db02824b5c9d52e2da89fca30232bc291ddb1f48ef6db84b6c0,2ee46c732cbd9a2d9496fe9e4763efb9a1ab85568c9ae6e0d0e121bc4adb4265,164142652bf5b3032f4e1a8ee54fe2817a3f3b5130635cf04fb641a6e819211d
2026-09-30,THEME,THEME:880520,breadth_ret20,0.19172932330827067,ACCEPTED,0.19172932330827067,267,266,3dd77c68f3f29601b59d09853a70977bfab15f3fba3edeca6737f75ef9d7bcc0,9f7ee99454374db02824b5c9d52e2da89fca30232bc291ddb1f48ef6db84b6c0,2ee46c732cbd9a2d9496fe9e4763efb9a1ab85568c9ae6e0d0e121bc4adb4265,164142652bf5b3032f4e1a8ee54fe2817a3f3b5130635cf04fb641a6e819211d
2026-09-30,THEME,THEME:880520,ma20_width,0.24719101123595505,ACCEPTED,0.24719101123595505,267,267,3dd77c68f3f29601b59d09853a70977bfab15f3fba3edeca6737f75ef9d7bcc0,9f7ee99454374db02824b5c9d52e2da89fca30232bc291ddb1f48ef6db84b6c0,2ee46c732cbd9a2d9496fe9e4763efb9a1ab85568c9ae6e0d0e121bc4adb4265,164142652bf5b3032f4e1a8ee54fe2817a3f3b5130635cf04fb641a6e819211d
2026-09-30,THEME,THEME:880521,sector_rs1,0.004584528726210291,ACCEPTED,0.004584528726210291,83,0,3dd77c68f3f29601b59d09853a70977bfab15f3fba3edeca6737f75ef9d7bcc0,9f7ee99454374db02824b5c9d52e2da89fca30232bc291ddb1f48ef6db84b6c0,2ee46c732cbd9a2d9496fe9e4763efb9a1ab85568c9ae6e0d0e121bc4adb4265,164142652bf5b3032f4e1a8ee54fe2817a3f3b5130635cf04fb641a6e819211d
2026-09-30,THEME,THEME:880521,sector_rs5,-0.058467407891868384,ACCEPTED,-0.058467407891868384,83,0,3dd77c68f3f29601b59d09853a70977bfab15f3fba3edeca6737f75ef9d7bcc0,9f7ee99454374db02824b5c9d52e2da89fca30232bc291ddb1f48ef6db84b6c0,2ee46c732cbd9a2d9496fe9e4763efb9a1ab85568c9ae6e0d0e121bc4adb4265,164142652bf5b3032f4e1a8ee54fe2817a3f3b5130635cf04fb641a6e819211d
2026-09-30,THEME,THEME:880521,sector_rs20,-0.11244407766146897,ACCEPTED,-0.11244407766146897,83,0,3dd77c68f3f29601b59d09853a70977bfab15f3fba3edeca6737f75ef9d7bcc0,9f7ee99454374db02824b5c9d52e2da89fca30232bc291ddb1f48ef6db84b6c0,2ee46c732cbd9a2d9496fe9e4763efb9a1ab85568c9ae6e0d0e121bc4adb4265,164142652bf5b3032f4e1a8ee54fe2817a3f3b5130635cf04fb641a6e819211d
2026-09-30,THEME,THEME:880521,breadth_ret1,0.6585365853658537,ACCEPTED,0.6585365853658537,83,82,3dd77c68f3f29601b59d09853a70977bfab15f3fba3edeca6737f75ef9d7bcc0,9f7ee99454374db02824b5c9d52e2da89fca30232bc291ddb1f48ef6db84b6c0,2ee46c732cbd9a2d9496fe9e4763efb9a1ab85568c9ae6e0d0e121bc4adb4265,164142652bf5b3032f4e1a8ee54fe2817a3f3b5130635cf04fb641a6e819211d
2026-09-30,THEME,THEME:880521,breadth_ret5,0.08536585365853659,ACCEPTED,0.08536585365853659,83,82,3dd77c68f3f29601b59d09853a70977bfab15f3fba3edeca6737f75ef9d7bcc0,9f7ee99454374db02824b5c9d52e2da89fca30232bc291ddb1f48ef6db84b6c0,2ee46c732cbd9a2d9496fe9e4763efb9a1ab85568c9ae6e0d0e121bc4adb4265,164142652bf5b3032f4e1a8ee54fe2817a3f3b5130635cf04fb641a6e819211d
2026-09-30,THEME,THEME:880521,breadth_ret20,0.04878048780487805,ACCEPTED,0.04878048780487805,83,82,3dd77c68f3f29601b59d09853a70977bfab15f3fba3edeca6737f75ef9d7bcc0,9f7ee99454374db02824b5c9d52e2da89fca30232bc291ddb1f48ef6db84b6c0,2ee46c732cbd9a2d9496fe9e4763efb9a1ab85568c9ae6e0d0e121bc4adb4265,164142652bf5b3032f4e1a8ee54fe2817a3f3b5130635cf04fb641a6e819211d
2026-09-30,THEME,THEME:880521,ma20_width,0.07317073170731707,ACCEPTED,0.07317073170731707,83,82,3dd77c68f3f29601b59d09853a70977bfab15f3fba3edeca6737f75ef9d7bcc0,9f7ee99454374db02824b5c9d52e2da89fca30232bc291ddb1f48ef6db84b6c0,2ee46c732cbd9a2d9496fe9e4763efb9a1ab85568c9ae6e0d0e121bc4adb4265,164142652bf5b3032f4e1a8ee54fe2817a3f3b5130635cf04fb641a6e819211d
2026-09-30,THEME,THEME:880522,sector_rs1,-0.006958250497017926,ACCEPTED,-0.006958250497017926,479,0,3dd77c68f3f29601b59d09853a70977bfab15f3fba3edeca6737f75ef9d7bcc0,9f7ee99454374db02824b5c9d52e2da89fca30232bc291ddb1f48ef6db84b6c0,2ee46c732cbd9a2d9496fe9e4763efb9a1ab85568c9ae6e0d0e121bc4adb4265,164142652bf5b3032f4e1a8ee54fe2817a3f3b5130635cf04fb641a6e819211d
2026-09-30,THEME,THEME:880522,sector_rs5,-0.038367346938775526,ACCEPTED,-0.038367346938775526,479,0,3dd77c68f3f29601b59d09853a70977bfab15f3fba3edeca6737f75ef9d7bcc0,9f7ee99454374db02824b5c9d52e2da89fca30232bc291ddb1f48ef6db84b6c0,2ee46c732cbd9a2d9496fe9e4763efb9a1ab85568c9ae6e0d0e121bc4adb4265,164142652bf5b3032f4e1a8ee54fe2817a3f3b5130635cf04fb641a6e819211d
2026-09-30,THEME,THEME:880522,sector_rs20,-0.04801670146137782,ACCEPTED,-0.04801670146137782,479,0,3dd77c68f3f29601b59d09853a70977bfab15f3fba3edeca6737f75ef9d7bcc0,9f7ee99454374db02824b5c9d52e2da89fca30232bc291ddb1f48ef6db84b6c0,2ee46c732cbd9a2d9496fe9e4763efb9a1ab85568c9ae6e0d0e121bc4adb4265,164142652bf5b3032f4e1a8ee54fe2817a3f3b5130635cf04fb641a6e819211d
2026-09-30,THEME,THEME:880522,breadth_ret1,0.33542976939203356,ACCEPTED,0.33542976939203356,479,477,3dd77c68f3f29601b59d09853a70977bfab15f3fba3edeca6737f75ef9d7bcc0,9f7ee99454374db02824b5c9d52e2da89fca30232bc291ddb1f48ef6db84b6c0,2ee46c732cbd9a2d9496fe9e4763efb9a1ab85568c9ae6e0d0e121bc4adb4265,164142652bf5b3032f4e1a8ee54fe2817a3f3b5130635cf04fb641a6e819211d
2026-09-30,THEME,THEME:880522,breadth_ret5,0.1530398322851153,ACCEPTED,0.1530398322851153,479,477,3dd77c68f3f29601b59d09853a70977bfab15f3fba3edeca6737f75ef9d7bcc0,9f7ee99454374db02824b5c9d52e2da89fca30232bc291ddb1f48ef6db84b6c0,2ee46c732cbd9a2d9496fe9e4763efb9a1ab85568c9ae6e0d0e121bc4adb4265,164142652bf5b3032f4e1a8ee54fe2817a3f3b5130635cf04fb641a6e819211d
2026-09-30,THEME,THEME:880522,breadth_ret20,0.24109014675052412,ACCEPTED,0.24109014675052412,479,477,3dd77c68f3f29601b59d09853a70977bfab15f3fba3edeca6737f75ef9d7bcc0,9f7ee99454374db02824b5c9d52e2da89fca30232bc291ddb1f48ef6db84b6c0,2ee46c732cbd9a2d9496fe9e4763efb9a1ab85568c9ae6e0d0e121bc4adb4265,164142652bf5b3032f4e1a8ee54fe2817a3f3b5130635cf04fb641a6e819211d
2026-09-30,THEME,THEME:880522,ma20_width,0.24476987447698745,ACCEPTED,0.24476987447698745,479,478,3dd77c68f3f29601b59d09853a70977bfab15f3fba3edeca6737f75ef9d7bcc0,9f7ee99454374db02824b5c9d52e2da89fca30232bc291ddb1f48ef6db84b6c0,2ee46c732cbd9a2d9496fe9e4763efb9a1ab85568c9ae6e0d0e121bc4adb4265,164142652bf5b3032f4e1a8ee54fe2817a3f3b5130635cf04fb641a6e819211d
2026-09-30,THEME,THEME:880523,sector_rs1,-0.012145748987854366,ACCEPTED,-0.012145748987854366,49,0,3dd77c68f3f29601b59d09853a70977bfab15f3fba3edeca6737f75ef9d7bcc0,9f7ee99454374db02824b5c9d52e2da89fca30232bc291ddb1f48ef6db84b6c0,2ee46c732cbd9a2d9496fe9e4763efb9a1ab85568c9ae6e0d0e121bc4adb4265,164142652bf5b3032f4e1a8ee54fe2817a3f3b5130635cf04fb641a6e819211d
2026-09-30,THEME,THEME:880523,sector_rs5,-0.09427254772876892,ACCEPTED,-0.09427254772876892,49,0,3dd77c68f3f29601b59d09853a70977bfab15f3fba3edeca6737f75ef9d7bcc0,9f7ee99454374db02824b5c9d52e2da89fca30232bc291ddb1f48ef6db84b6c0,2ee46c732cbd9a2d9496fe9e4763efb9a1ab85568c9ae6e0d0e121bc4adb4265,164142652bf5b3032f4e1a8ee54fe2817a3f3b5130635cf04fb641a6e819211d
2026-09-30,THEME,THEME:880523,sector_rs20,-0.06623702112423924,ACCEPTED,-0.06623702112423924,49,0,3dd77c68f3f29601b59d09853a70977bfab15f3fba3edeca6737f75ef9d7bcc0,9f7ee99454374db02824b5c9d52e2da89fca30232bc291ddb1f48ef6db84b6c0,2ee46c732cbd9a2d9496fe9e4763efb9a1ab85568c9ae6e0d0e121bc4adb4265,164142652bf5b3032f4e1a8ee54fe2817a3f3b5130635cf04fb641a6e819211d
2026-09-30,THEME,THEME:880523,breadth_ret1,0.2653061224489796,ACCEPTED,0.2653061224489796,49,49,3dd77c68f3f29601b59d09853a70977bfab15f3fba3edeca6737f75ef9d7bcc0,9f7ee99454374db02824b5c9d52e2da89fca30232bc291ddb1f48ef6db84b6c0,2ee46c732cbd9a2d9496fe9e4763efb9a1ab85568c9ae6e0d0e121bc4adb4265,164142652bf5b3032f4e1a8ee54fe2817a3f3b5130635cf04fb641a6e819211d
2026-09-30,THEME,THEME:880523,breadth_ret5,0.04081632653061224,ACCEPTED,0.04081632653061224,49,49,3dd77c68f3f29601b59d09853a70977bfab15f3fba3edeca6737f75ef9d7bcc0,9f7ee99454374db02824b5c9d52e2da89fca30232bc291ddb1f48ef6db84b6c0,2ee46c732cbd9a2d9496fe9e4763efb9a1ab85568c9ae6e0d0e121bc4adb4265,164142652bf5b3032f4e1a8ee54fe2817a3f3b5130635cf04fb641a6e819211d
2026-09-30,THEME,THEME:880523,breadth_ret20,0.24489795918367346,ACCEPTED,0.24489795918367346,49,49,3dd77c68f3f29601b59d09853a70977bfab15f3fba3edeca6737f75ef9d7bcc0,9f7ee99454374db02824b5c9d52e2da89fca30232bc291ddb1f48ef6db84b6c0,2ee46c732cbd9a2d9496fe9e4763efb9a1ab85568c9ae6e0d0e121bc4adb4265,164142652bf5b3032f4e1a8ee54fe2817a3f3b5130635cf04fb641a6e819211d
2026-09-30,THEME,THEME:880523,ma20_width,0.12244897959183673,ACCEPTED,0.12244897959183673,49,49,3dd77c68f3f29601b59d09853a70977bfab15f3fba3edeca6737f75ef9d7bcc0,9f7ee99454374db02824b5c9d52e2da89fca30232bc291ddb1f48ef6db84b6c0,2ee46c732cbd9a2d9496fe9e4763efb9a1ab85568c9ae6e0d0e121bc4adb4265,164142652bf5b3032f4e1a8ee54fe2817a3f3b5130635cf04fb641a6e819211d
2026-09-30,THEME,THEME:880525,sector_rs1,0.0011185682326622093,ACCEPTED,0.0011185682326622093,133,0,3dd77c68f3f29601b59d09853a70977bfab15f3fba3edeca6737f75ef9d7bcc0,9f7ee99454374db02824b5c9d52e2da89fca30232bc291ddb1f48ef6db84b6c0,2ee46c732cbd9a2d9496fe9e4763efb9a1ab85568c9ae6e0d0e121bc4adb4265,164142652bf5b3032f4e1a8ee54fe2817a3f3b5130635cf04fb641a6e819211d
2026-09-30,THEME,THEME:880525,sector_rs5,-0.026011560693641522,ACCEPTED,-0.026011560693641522,133,0,3dd77c68f3f29601b59d09853a70977bfab15f3fba3edeca6737f75ef9d7bcc0,9f7ee99454374db02824b5c9d52e2da89fca30232bc291ddb1f48ef6db84b6c0,2ee46c732cbd9a2d9496fe9e4763efb9a1ab85568c9ae6e0d0e121bc4adb4265,164142652bf5b3032f4e1a8ee54fe2817a3f3b5130635cf04fb641a6e819211d
2026-09-30,THEME,THEME:880525,sector_rs20,-0.03639431986234393,ACCEPTED,-0.03639431986234393,133,0,3dd77c68f3f29601b59d09853a70977bfab15f3fba3edeca6737f75ef9d7bcc0,9f7ee99454374db02824b5c9d52e2da89fca30232bc291ddb1f48ef6db84b6c0,2ee46c732cbd9a2d9496fe9e4763efb9a1ab85568c9ae6e0d0e121bc4adb4265,164142652bf5b3032f4e1a8ee54fe2817a3f3b5130635cf04fb641a6e819211d
2026-09-30,THEME,THEME:880525,breadth_ret1,0.5112781954887218,ACCEPTED,0.5112781954887218,133,133,3dd77c68f3f29601b59d09853a70977bfab15f3fba3edeca6737f75ef9d7bcc0,9f7ee99454374db02824b5c9d52e2da89fca30232bc291ddb1f48ef6db84b6c0,2ee46c732cbd9a2d9496fe9e4763efb9a1ab85568c9ae6e0d0e121bc4adb4265,164142652bf5b3032f4e1a8ee54fe2817a3f3b5130635cf04fb641a6e819211d
2026-09-30,THEME,THEME:880525,breadth_ret5,0.2631578947368421,ACCEPTED,0.2631578947368421,133,133,3dd77c68f3f29601b59d09853a70977bfab15f3fba3edeca6737f75ef9d7bcc0,9f7ee99454374db02824b5c9d52e2da89fca30232bc291ddb1f48ef6db84b6c0,2ee46c732cbd9a2d9496fe9e4763efb9a1ab85568c9ae6e0d0e121bc4adb4265,164142652bf5b3032f4e1a8ee54fe2817a3f3b5130635cf04fb641a6e819211d
2026-09-30,THEME,THEME:880525,breadth_ret20,0.22727272727272727,ACCEPTED,0.22727272727272727,133,132,3dd77c68f3f29601b59d09853a70977bfab15f3fba3edeca6737f75ef9d7bcc0,9f7ee99454374db02824b5c9d52e2da89fca30232bc291ddb1f48ef6db84b6c0,2ee46c732cbd9a2d9496fe9e4763efb9a1ab85568c9ae6e0d0e121bc4adb4265,164142652bf5b3032f4e1a8ee54fe2817a3f3b5130635cf04fb641a6e819211d
2026-09-30,THEME,THEME:880525,ma20_width,0.2878787878787879,ACCEPTED,0.2878787878787879,133,132,3dd77c68f3f29601b59d09853a70977bfab15f3fba3edeca6737f75ef9d7bcc0,9f7ee99454374db02824b5c9d52e2da89fca30232bc291ddb1f48ef6db84b6c0,2ee46c732cbd9a2d9496fe9e4763efb9a1ab85568c9ae6e0d0e121bc4adb4265,164142652bf5b3032f4e1a8ee54fe2817a3f3b5130635cf04fb641a6e819211d
2026-09-30,THEME,THEME:880528,sector_rs1,-0.011553273427471145,ACCEPTED,-0.011553273427471145,113,0,3dd77c68f3f29601b59d09853a70977bfab15f3fba3edeca6737f75ef9d7bcc0,9f7ee99454374db02824b5c9d52e2da89fca30232bc291ddb1f48ef6db84b6c0,2ee46c732cbd9a2d9496fe9e4763efb9a1ab85568c9ae6e0d0e121bc4adb4265,164142652bf5b3032f4e1a8ee54fe2817a3f3b5130635cf04fb641a6e819211d
2026-09-30,THEME,THEME:880528,sector_rs5,-0.04920405209840806,ACCEPTED,-0.04920405209840806,113,0,3dd77c68f3f29601b59d09853a70977bfab15f3fba3edeca6737f75ef9d7bcc0,9f7ee99454374db02824b5c9d52e2da89fca30232bc291ddb1f48ef6db84b6c0,2ee46c732cbd9a2d9496fe9e4763efb9a1ab85568c9ae6e0d0e121bc4adb4265,164142652bf5b3032f4e1a8ee54fe2817a3f3b5130635cf04fb641a6e819211d
2026-09-30,THEME,THEME:880528,sector_rs20,-0.04801670146137782,ACCEPTED,-0.04801670146137782,113,0,3dd77c68f3f29601b59d09853a70977bfab15f3fba3edeca6737f75ef9d7bcc0,9f7ee99454374db02824b5c9d52e2da89fca30232bc291ddb1f48ef6db84b6c0,2ee46c732cbd9a2d9496fe9e4763efb9a1ab85568c9ae6e0d0e121bc4adb4265,164142652bf5b3032f4e1a8ee54fe2817a3f3b5130635cf04fb641a6e819211d
2026-09-30,THEME,THEME:880528,breadth_ret1,0.24778761061946902,ACCEPTED,0.24778761061946902,113,113,3dd77c68f3f29601b59d09853a70977bfab15f3fba3edeca6737f75ef9d7bcc0,9f7ee99454374db02824b5c9d52e2da89fca30232bc291ddb1f48ef6db84b6c0,2ee46c732cbd9a2d9496fe9e4763efb9a1ab85568c9ae6e0d0e121bc4adb4265,164142652bf5b3032f4e1a8ee54fe2817a3f3b5130635cf04fb641a6e819211d
2026-09-30,THEME,THEME:880528,breadth_ret5,0.10619469026548672,ACCEPTED,0.10619469026548672,113,113,3dd77c68f3f29601b59d09853a70977bfab15f3fba3edeca6737f75ef9d7bcc0,9f7ee99454374db02824b5c9d52e2da89fca30232bc291ddb1f48ef6db84b6c0,2ee46c732cbd9a2d9496fe9e4763efb9a1ab85568c9ae6e0d0e121bc4adb4265,164142652bf5b3032f4e1a8ee54fe2817a3f3b5130635cf04fb641a6e819211d
2026-09-30,THEME,THEME:880528,breadth_ret20,0.21238938053097345,ACCEPTED,0.21238938053097345,113,113,3dd77c68f3f29601b59d09853a70977bfab15f3fba3edeca6737f75ef9d7bcc0,9f7ee99454374db02824b5c9d52e2da89fca30232bc291ddb1f48ef6db84b6c0,2ee46c732cbd9a2d9496fe9e4763efb9a1ab85568c9ae6e0d0e121bc4adb4265,164142652bf5b3032f4e1a8ee54fe2817a3f3b5130635cf04fb641a6e819211d
2026-09-30,THEME,THEME:880528,ma20_width,0.26548672566371684,ACCEPTED,0.26548672566371684,113,113,3dd77c68f3f29601b59d09853a70977bfab15f3fba3edeca6737f75ef9d7bcc0,9f7ee99454374db02824b5c9d52e2da89fca30232bc291ddb1f48ef6db84b6c0,2ee46c732cbd9a2d9496fe9e4763efb9a1ab85568c9ae6e0d0e121bc4adb4265,164142652bf5b3032f4e1a8ee54fe2817a3f3b5130635cf04fb641a6e819211d
2026-09-30,THEME,THEME:880529,sector_rs1,-0.01740115321252056,ACCEPTED,-0.01740115321252056,91,0,3dd77c68f3f29601b59d09853a70977bfab15f3fba3edeca6737f75ef9d7bcc0,9f7ee99454374db02824b5c9d52e2da89fca30232bc291ddb1f48ef6db84b6c0,2ee46c732cbd9a2d9496fe9e4763efb9a1ab85568c9ae6e0d0e121bc4adb4265,164142652bf5b3032f4e1a8ee54fe2817a3f3b5130635cf04fb641a6e819211d
2026-09-30,THEME,THEME:880529,sector_rs5,-0.057609860664523005,ACCEPTED,-0.057609860664523005,91,0,3dd77c68f3f29601b59d09853a70977bfab15f3fba3edeca6737f75ef9d7bcc0,9f7ee99454374db02824b5c9d52e2da89fca30232bc291ddb1f48ef6db84b6c0,2ee46c732cbd9a2d9496fe9e4763efb9a1ab85568c9ae6e0d0e121bc4adb4265,164142652bf5b3032f4e1a8ee54fe2817a3f3b5130635cf04fb641a6e819211d
2026-09-30,THEME,THEME:880529,sector_rs20,-0.06129398410896714,ACCEPTED,-0.06129398410896714,91,0,3dd77c68f3f29601b59d09853a70977bfab15f3fba3edeca6737f75ef9d7bcc0,9f7ee99454374db02824b5c9d52e2da89fca30232bc291ddb1f48ef6db84b6c0,2ee46c732cbd9a2d9496fe9e4763efb9a1ab85568c9ae6e0d0e121bc4adb4265,164142652bf5b3032f4e1a8ee54fe2817a3f3b5130635cf04fb641a6e819211d
2026-09-30,THEME,THEME:880529,breadth_ret1,0.23076923076923078,ACCEPTED,0.23076923076923078,91,91,3dd77c68f3f29601b59d09853a70977bfab15f3fba3edeca6737f75ef9d7bcc0,9f7ee99454374db02824b5c9d52e2da89fca30232bc291ddb1f48ef6db84b6c0,2ee46c732cbd9a2d9496fe9e4763efb9a1ab85568c9ae6e0d0e121bc4adb4265,164142652bf5b3032f4e1a8ee54fe2817a3f3b5130635cf04fb641a6e819211d
2026-09-30,THEME,THEME:880529,breadth_ret5,0.07692307692307693,ACCEPTED,0.07692307692307693,91,91,3dd77c68f3f29601b59d09853a70977bfab15f3fba3edeca6737f75ef9d7bcc0,9f7ee99454374db02824b5c9d52e2da89fca30232bc291ddb1f48ef6db84b6c0,2ee46c732cbd9a2d9496fe9e4763efb9a1ab85568c9ae6e0d0e121bc4adb4265,164142652bf5b3032f4e1a8ee54fe2817a3f3b5130635cf04fb641a6e819211d
2026-09-30,THEME,THEME:880529,breadth_ret20,0.18072289156626506,ACCEPTED,0.18072289156626506,91,83,3dd77c68f3f29601b59d09853a70977bfab15f3fba3edeca6737f75ef9d7bcc0,9f7ee99454374db02824b5c9d52e2da89fca30232bc291ddb1f48ef6db84b6c0,2ee46c732cbd9a2d9496fe9e4763efb9a1ab85568c9ae6e0d0e121bc4adb4265,164142652bf5b3032f4e1a8ee54fe2817a3f3b5130635cf04fb641a6e819211d
2026-09-30,THEME,THEME:880529,ma20_width,0.21428571428571427,ACCEPTED,0.21428571428571427,91,84,3dd77c68f3f29601b59d09853a70977bfab15f3fba3edeca6737f75ef9d7bcc0,9f7ee99454374db02824b5c9d52e2da89fca30232bc291ddb1f48ef6db84b6c0,2ee46c732cbd9a2d9496fe9e4763efb9a1ab85568c9ae6e0d0e121bc4adb4265,164142652bf5b3032f4e1a8ee54fe2817a3f3b5130635cf04fb641a6e819211d
2026-09-30,THEME,THEME:880530,sector_rs1,0.014534883720930258,ACCEPTED,0.014534883720930258,160,0,3dd77c68f3f29601b59d09853a70977bfab15f3fba3edeca6737f75ef9d7bcc0,9f7ee99454374db02824b5c9d52e2da89fca30232bc291ddb1f48ef6db84b6c0,2ee46c732cbd9a2d9496fe9e4763efb9a1ab85568c9ae6e0d0e121bc4adb4265,164142652bf5b3032f4e1a8ee54fe2817a3f3b5130635cf04fb641a6e819211d
2026-09-30,THEME,THEME:880530,sector_rs5,-0.013062409288824406,ACCEPTED,-0.013062409288824406,160,0,3dd77c68f3f29601b59d09853a70977bfab15f3fba3edeca6737f75ef9d7bcc0,9f7ee99454374db02824b5c9d52e2da89fca30232bc291ddb1f48ef6db84b6c0,2ee46c732cbd9a2d9496fe9e4763efb9a1ab85568c9ae6e0d0e121bc4adb4265,164142652bf5b3032f4e1a8ee54fe2817a3f3b5130635cf04fb641a6e819211d
2026-09-30,THEME,THEME:880530,sector_rs20,-0.003793626707131903,ACCEPTED,-0.003793626707131903,160,0,3dd77c68f3f29601b59d09853a70977bfab15f3fba3edeca6737f75ef9d7bcc0,9f7ee99454374db02824b5c9d52e2da89fca30232bc291ddb1f48ef6db84b6c0,2ee46c732cbd9a2d9496fe9e4763efb9a1ab85568c9ae6e0d0e121bc4adb4265,164142652bf5b3032f4e1a8ee54fe2817a3f3b5130635cf04fb641a6e819211d
2026-09-30,THEME,THEME:880530,breadth_ret1,0.7610062893081762,ACCEPTED,0.7610062893081762,160,159,3dd77c68f3f29601b59d09853a70977bfab15f3fba3edeca6737f75ef9d7bcc0,9f7ee99454374db02824b5c9d52e2da89fca30232bc291ddb1f48ef6db84b6c0,2ee46c732cbd9a2d9496fe9e4763efb9a1ab85568c9ae6e0d0e121bc4adb4265,164142652bf5b3032f4e1a8ee54fe2817a3f3b5130635cf04fb641a6e819211d
2026-09-30,THEME,THEME:880530,breadth_ret5,0.33962264150943394,ACCEPTED,0.33962264150943394,160,159,3dd77c68f3f29601b59d09853a70977bfab15f3fba3edeca6737f75ef9d7bcc0,9f7ee99454374db02824b5c9d52e2da89fca30232bc291ddb1f48ef6db84b6c0,2ee46c732cbd9a2d9496fe9e4763efb9a1ab85568c9ae6e0d0e121bc4adb4265,164142652bf5b3032f4e1a8ee54fe2817a3f3b5130635cf04fb641a6e819211d
2026-09-30,THEME,THEME:880530,breadth_ret20,0.4716981132075472,ACCEPTED,0.4716981132075472,160,159,3dd77c68f3f29601b59d09853a70977bfab15f3fba3edeca6737f75ef9d7bcc0,9f7ee99454374db02824b5c9d52e2da89fca30232bc291ddb1f48ef6db84b6c0,2ee46c732cbd9a2d9496fe9e4763efb9a1ab85568c9ae6e0d0e121bc4adb4265,164142652bf5b3032f4e1a8ee54fe2817a3f3b5130635cf04fb641a6e819211d
2026-09-30,THEME,THEME:880530,ma20_width,0.5786163522012578,ACCEPTED,0.5786163522012578,160,159,3dd77c68f3f29601b59d09853a70977bfab15f3fba3edeca6737f75ef9d7bcc0,9f7ee99454374db02824b5c9d52e2da89fca30232bc291ddb1f48ef6db84b6c0,2ee46c732cbd9a2d9496fe9e4763efb9a1ab85568c9ae6e0d0e121bc4adb4265,164142652bf5b3032f4e1a8ee54fe2817a3f3b5130635cf04fb641a6e819211d
2026-09-30,THEME,THEME:880533,sector_rs1,-0.010344827586206806,ACCEPTED,-0.010344827586206806,501,0,3dd77c68f3f29601b59d09853a70977bfab15f3fba3edeca6737f75ef9d7bcc0,9f7ee99454374db02824b5c9d52e2da89fca30232bc291ddb1f48ef6db84b6c0,2ee46c732cbd9a2d9496fe9e4763efb9a1ab85568c9ae6e0d0e121bc4adb4265,164142652bf5b3032f4e1a8ee54fe2817a3f3b5130635cf04fb641a6e819211d
2026-09-30,THEME,THEME:880533,sector_rs5,-0.04257006874669489,ACCEPTED,-0.04257006874669489,501,0,3dd77c68f3f29601b59d09853a70977bfab15f3fba3edeca6737f75ef9d7bcc0,9f7ee99454374db02824b5c9d52e2da89fca30232bc291ddb1f48ef6db84b6c0,2ee46c732cbd9a2d9496fe9e4763efb9a1ab85568c9ae6e0d0e121bc4adb4265,164142652bf5b3032f4e1a8ee54fe2817a3f3b5130635cf04fb641a6e819211d
2026-09-30,THEME,THEME:880533,sector_rs20,-0.0464004122020053,ACCEPTED,-0.0464004122020053,501,0,3dd77c68f3f29601b59d09853a70977bfab15f3fba3edeca6737f75ef9d7bcc0,9f7ee99454374db02824b5c9d52e2da89fca30232bc291ddb1f48ef6db84b6c0,2ee46c732cbd9a2d9496fe9e4763efb9a1ab85568c9ae6e0d0e121bc4adb4265,164142652bf5b3032f4e1a8ee54fe2817a3f3b5130635cf04fb641a6e819211d
2026-09-30,THEME,THEME:880533,breadth_ret1,0.25149700598802394,ACCEPTED,0.25149700598802394,501,501,3dd77c68f3f29601b59d09853a70977bfab15f3fba3edeca6737f75ef9d7bcc0,9f7ee99454374db02824b5c9d52e2da89fca30232bc291ddb1f48ef6db84b6c0,2ee46c732cbd9a2d9496fe9e4763efb9a1ab85568c9ae6e0d0e121bc4adb4265,164142652bf5b3032f4e1a8ee54fe2817a3f3b5130635cf04fb641a6e819211d
2026-09-30,THEME,THEME:880533,breadth_ret5,0.1277445109780439,ACCEPTED,0.1277445109780439,501,501,3dd77c68f3f29601b59d09853a70977bfab15f3fba3edeca6737f75ef9d7bcc0,9f7ee99454374db02824b5c9d52e2da89fca30232bc291ddb1f48ef6db84b6c0,2ee46c732cbd9a2d9496fe9e4763efb9a1ab85568c9ae6e0d0e121bc4adb4265,164142652bf5b3032f4e1a8ee54fe2817a3f3b5130635cf04fb641a6e819211d
2026-09-30,THEME,THEME:880533,breadth_ret20,0.212,ACCEPTED,0.212,501,500,3dd77c68f3f29601b59d09853a70977bfab15f3fba3edeca6737f75ef9d7bcc0,9f7ee99454374db02824b5c9d52e2da89fca30232bc291ddb1f48ef6db84b6c0,2ee46c732cbd9a2d9496fe9e4763efb9a1ab85568c9ae6e0d0e121bc4adb4265,164142652bf5b3032f4e1a8ee54fe2817a3f3b5130635cf04fb641a6e819211d
2026-09-30,THEME,THEME:880533,ma20_width,0.2694610778443114,ACCEPTED,0.2694610778443114,501,501,3dd77c68f3f29601b59d09853a70977bfab15f3fba3edeca6737f75ef9d7bcc0,9f7ee99454374db02824b5c9d52e2da89fca30232bc291ddb1f48ef6db84b6c0,2ee46c732cbd9a2d9496fe9e4763efb9a1ab85568c9ae6e0d0e121bc4adb4265,164142652bf5b3032f4e1a8ee54fe2817a3f3b5130635cf04fb641a6e819211d
2026-09-30,THEME,THEME:880534,sector_rs1,-0.0031347962382444194,ACCEPTED,-0.0031347962382444194,588,0,3dd77c68f3f29601b59d09853a70977bfab15f3fba3edeca6737f75ef9d7bcc0,9f7ee99454374db02824b5c9d52e2da89fca30232bc291ddb1f48ef6db84b6c0,2ee46c732cbd9a2d9496fe9e4763efb9a1ab85568c9ae6e0d0e121bc4adb4265,164142652bf5b3032f4e1a8ee54fe2817a3f3b5130635cf04fb641a6e819211d
2026-09-30,THEME,THEME:880534,sector_rs5,-0.04017638412542868,ACCEPTED,-0.04017638412542868,588,0,3dd77c68f3f29601b59d09853a70977bfab15f3fba3edeca6737f75ef9d7bcc0,9f7ee99454374db02824b5c9d52e2da89fca30232bc291ddb1f48ef6db84b6c0,2ee46c732cbd9a2d9496fe9e4763efb9a1ab85568c9ae6e0d0e121bc4adb4265,164142652bf5b3032f4e1a8ee54fe2817a3f3b5130635cf04fb641a6e819211d
2026-09-30,THEME,THEME:880534,sector_rs20,-0.052459016393442526,ACCEPTED,-0.052459016393442526,588,0,3dd77c68f3f29601b59d09853a70977bfab15f3fba3edeca6737f75ef9d7bcc0,9f7ee99454374db02824b5c9d52e2da89fca30232bc291ddb1f48ef6db84b6c0,2ee46c732cbd9a2d9496fe9e4763efb9a1ab85568c9ae6e0d0e121bc4adb4265,164142652bf5b3032f4e1a8ee54fe2817a3f3b5130635cf04fb641a6e819211d
2026-09-30,THEME,THEME:880534,breadth_ret1,0.41852487135506006,ACCEPTED,0.41852487135506006,588,583,3dd77c68f3f29601b59d09853a70977bfab15f3fba3edeca6737f75ef9d7bcc0,9f7ee99454374db02824b5c9d52e2da89fca30232bc291ddb1f48ef6db84b6c0,2ee46c732cbd9a2d9496fe9e4763efb9a1ab85568c9ae6e0d0e121bc4adb4265,164142652bf5b3032f4e1a8ee54fe2817a3f3b5130635cf04fb641a6e819211d
2026-09-30,THEME,THEME:880534,breadth_ret5,0.16179001721170397,ACCEPTED,0.16179001721170397,588,581,3dd77c68f3f29601b59d09853a70977bfab15f3fba3edeca6737f75ef9d7bcc0,9f7ee99454374db02824b5c9d52e2da89fca30232bc291ddb1f48ef6db84b6c0,2ee46c732cbd9a2d9496fe9e4763efb9a1ab85568c9ae6e0d0e121bc4adb4265,164142652bf5b3032f4e1a8ee54fe2817a3f3b5130635cf04fb641a6e819211d
2026-09-30,THEME,THEME:880534,breadth_ret20,0.2195540308747856,ACCEPTED,0.2195540308747856,588,583,3dd77c68f3f29601b59d09853a70977bfab15f3fba3edeca6737f75ef9d7bcc0,9f7ee99454374db02824b5c9d52e2da89fca30232bc291ddb1f48ef6db84b6c0,2ee46c732cbd9a2d9496fe9e4763efb9a1ab85568c9ae6e0d0e121bc4adb4265,164142652bf5b3032f4e1a8ee54fe2817a3f3b5130635cf04fb641a6e819211d
2026-09-30,THEME,THEME:880534,ma20_width,0.2568493150684932,ACCEPTED,0.2568493150684932,588,584,3dd77c68f3f29601b59d09853a70977bfab15f3fba3edeca6737f75ef9d7bcc0,9f7ee99454374db02824b5c9d52e2da89fca30232bc291ddb1f48ef6db84b6c0,2ee46c732cbd9a2d9496fe9e4763efb9a1ab85568c9ae6e0d0e121bc4adb4265,164142652bf5b3032f4e1a8ee54fe2817a3f3b5130635cf04fb641a6e819211d
2026-09-30,THEME,THEME:880535,sector_rs1,-0.004484304932735328,ACCEPTED,-0.004484304932735328,79,0,3dd77c68f3f29601b59d09853a70977bfab15f3fba3edeca6737f75ef9d7bcc0,9f7ee99454374db02824b5c9d52e2da89fca30232bc291ddb1f48ef6db84b6c0,2ee46c732cbd9a2d9496fe9e4763efb9a1ab85568c9ae6e0d0e121bc4adb4265,164142652bf5b3032f4e1a8ee54fe2817a3f3b5130635cf04fb641a6e819211d
2026-09-30,THEME,THEME:880535,sector_rs5,-0.05882352941176472,ACCEPTED,-0.05882352941176472,79,0,3dd77c68f3f29601b59d09853a70977bfab15f3fba3edeca6737f75ef9d7bcc0,9f7ee99454374db02824b5c9d52e2da89fca30232bc291ddb1f48ef6db84b6c0,2ee46c732cbd9a2d9496fe9e4763efb9a1ab85568c9ae6e0d0e121bc4adb4265,164142652bf5b3032f4e1a8ee54fe2817a3f3b5130635cf04fb641a6e819211d
2026-09-30,THEME,THEME:880535,sector_rs20,-0.0627943485086343,ACCEPTED,-0.0627943485086343,79,0,3dd77c68f3f29601b59d09853a70977bfab15f3fba3edeca6737f75ef9d7bcc0,9f7ee99454374db02824b5c9d52e2da89fca30232bc291ddb1f48ef6db84b6c0,2ee46c732cbd9a2d9496fe9e4763efb9a1ab85568c9ae6e0d0e121bc4adb4265,164142652bf5b3032f4e1a8ee54fe2817a3f3b5130635cf04fb641a6e819211d
2026-09-30,THEME,THEME:880535,breadth_ret1,0.34177215189873417,ACCEPTED,0.34177215189873417,79,79,3dd77c68f3f29601b59d09853a70977bfab15f3fba3edeca6737f75ef9d7bcc0,9f7ee99454374db02824b5c9d52e2da89fca30232bc291ddb1f48ef6db84b6c0,2ee46c732cbd9a2d9496fe9e4763efb9a1ab85568c9ae6e0d0e121bc4adb4265,164142652bf5b3032f4e1a8ee54fe2817a3f3b5130635cf04fb641a6e819211d
2026-09-30,THEME,THEME:880535,breadth_ret5,0.08860759493670886,ACCEPTED,0.08860759493670886,79,79,3dd77c68f3f29601b59d09853a70977bfab15f3fba3edeca6737f75ef9d7bcc0,9f7ee99454374db02824b5c9d52e2da89fca30232bc291ddb1f48ef6db84b6c0,2ee46c732cbd9a2d9496fe9e4763efb9a1ab85568c9ae6e0d0e121bc4adb4265,164142652bf5b3032f4e1a8ee54fe2817a3f3b5130635cf04fb641a6e819211d
2026-09-30,THEME,THEME:880535,breadth_ret20,0.17721518987341772,ACCEPTED,0.17721518987341772,79,79,3dd77c68f3f29601b59d09853a70977bfab15f3fba3edeca6737f75ef9d7bcc0,9f7ee99454374db02824b5c9d52e2da89fca30232bc291ddb1f48ef6db84b6c0,2ee46c732cbd9a2d9496fe9e4763efb9a1ab85568c9ae6e0d0e121bc4adb4265,164142652bf5b3032f4e1a8ee54fe2817a3f3b5130635cf04fb641a6e819211d
2026-09-30,THEME,THEME:880535,ma20_width,0.1518987341772152,ACCEPTED,0.1518987341772152,79,79,3dd77c68f3f29601b59d09853a70977bfab15f3fba3edeca6737f75ef9d7bcc0,9f7ee99454374db02824b5c9d52e2da89fca30232bc291ddb1f48ef6db84b6c0,2ee46c732cbd9a2d9496fe9e4763efb9a1ab85568c9ae6e0d0e121bc4adb4265,164142652bf5b3032f4e1a8ee54fe2817a3f3b5130635cf04fb641a6e819211d
2026-09-30,THEME,THEME:880537,sector_rs1,-0.0012961339812608275,ACCEPTED,-0.0012961339812608275,324,0,3dd77c68f3f29601b59d09853a70977bfab15f3fba3edeca6737f75ef9d7bcc0,9f7ee99454374db02824b5c9d52e2da89fca30232bc291ddb1f48ef6db84b6c0,2ee46c732cbd9a2d9496fe9e4763efb9a1ab85568c9ae6e0d0e121bc4adb4265,164142652bf5b3032f4e1a8ee54fe2817a3f3b5130635cf04fb641a6e819211d
2026-09-30,THEME,THEME:880537,sector_rs5,-0.03591837000645065,ACCEPTED,-0.03591837000645065,324,0,3dd77c68f3f29601b59d09853a70977bfab15f3fba3edeca6737f75ef9d7bcc0,9f7ee99454374db02824b5c9d52e2da89fca30232bc291ddb1f48ef6db84b6c0,2ee46c732cbd9a2d9496fe9e4763efb9a1ab85568c9ae6e0d0e121bc4adb4265,164142652bf5b3032f4e1a8ee54fe2817a3f3b5130635cf04fb641a6e819211d
2026-09-30,THEME,THEME:880537,sector_rs20,-0.04229611540208994,ACCEPTED,-0.04229611540208994,324,0,3dd77c68f3f29601b59d09853a70977bfab15f3fba3edeca6737f75ef9d7bcc0,9f7ee99454374db02824b5c9d52e2da89fca30232bc291ddb1f48ef6db84b6c0,2ee46c732cbd9a2d9496fe9e4763efb9a1ab85568c9ae6e0d0e121bc4adb4265,164142652bf5b3032f4e1a8ee54fe2817a3f3b5130635cf04fb641a6e819211d
2026-09-30,THEME,THEME:880537,breadth_ret1,0.45,ACCEPTED,0.45,324,320,3dd77c68f3f29601b59d09853a70977bfab15f3fba3edeca6737f75ef9d7bcc0,9f7ee99454374db02824b5c9d52e2da89fca30232bc291ddb1f48ef6db84b6c0,2ee46c732cbd9a2d9496fe9e4763efb9a1ab85568c9ae6e0d0e121bc4adb4265,164142652bf5b3032f4e1a8ee54fe2817a3f3b5130635cf04fb641a6e819211d
2026-09-30,THEME,THEME:880537,breadth_ret5,0.1956521739130435,ACCEPTED,0.1956521739130435,324,322,3dd77c68f3f29601b59d09853a70977bfab15f3fba3edeca6737f75ef9d7bcc0,9f7ee99454374db02824b5c9d52e2da89fca30232bc291ddb1f48ef6db84b6c0,2ee46c732cbd9a2d9496fe9e4763efb9a1ab85568c9ae6e0d0e121bc4adb4265,164142652bf5b3032f4e1a8ee54fe2817a3f3b5130635cf04fb641a6e819211d
2026-09-30,THEME,THEME:880537,breadth_ret20,0.21739130434782608,ACCEPTED,0.21739130434782608,324,322,3dd77c68f3f29601b59d09853a70977bfab15f3fba3edeca6737f75ef9d7bcc0,9f7ee99454374db02824b5c9d52e2da89fca30232bc291ddb1f48ef6db84b6c0,2ee46c732cbd9a2d9496fe9e4763efb9a1ab85568c9ae6e0d0e121bc4adb4265,164142652bf5b3032f4e1a8ee54fe2817a3f3b5130635cf04fb641a6e819211d
2026-09-30,THEME,THEME:880537,ma20_width,0.21739130434782608,ACCEPTED,0.21739130434782608,324,322,3dd77c68f3f29601b59d09853a70977bfab15f3fba3edeca6737f75ef9d7bcc0,9f7ee99454374db02824b5c9d52e2da89fca30232bc291ddb1f48ef6db84b6c0,2ee46c732cbd9a2d9496fe9e4763efb9a1ab85568c9ae6e0d0e121bc4adb4265,164142652bf5b3032f4e1a8ee54fe2817a3f3b5130635cf04fb641a6e819211d
2026-09-30,THEME,THEME:880540,sector_rs1,-0.0024194020244572845,ACCEPTED,-0.0024194020244572845,458,0,3dd77c68f3f29601b59d09853a70977bfab15f3fba3edeca6737f75ef9d7bcc0,9f7ee99454374db02824b5c9d52e2da89fca30232bc291ddb1f48ef6db84b6c0,2ee46c732cbd9a2d9496fe9e4763efb9a1ab85568c9ae6e0d0e121bc4adb4265,164142652bf5b3032f4e1a8ee54fe2817a3f3b5130635cf04fb641a6e819211d
2026-09-30,THEME,THEME:880540,sector_rs5,-0.027830950694874845,ACCEPTED,-0.027830950694874845,458,0,3dd77c68f3f29601b59d09853a70977bfab15f3fba3edeca6737f75ef9d7bcc0,9f7ee99454374db02824b5c9d52e2da89fca30232bc291ddb1f48ef6db84b6c0,2ee46c732cbd9a2d9496fe9e4763efb9a1ab85568c9ae6e0d0e121bc4adb4265,164142652bf5b3032f4e1a8ee54fe2817a3f3b5130635cf04fb641a6e819211d
2026-09-30,THEME,THEME:880540,sector_rs20,-0.03845341444352912,ACCEPTED,-0.03845341444352912,458,0,3dd77c68f3f29601b59d09853a70977bfab15f3fba3edeca6737f75ef9d7bcc0,9f7ee99454374db02824b5c9d52e2da89fca30232bc291ddb1f48ef6db84b6c0,2ee46c732cbd9a2d9496fe9e4763efb9a1ab85568c9ae6e0d0e121bc4adb4265,164142652bf5b3032f4e1a8ee54fe2817a3f3b5130635cf04fb641a6e819211d
2026-09-30,THEME,THEME:880540,breadth_ret1,0.43201754385964913,ACCEPTED,0.43201754385964913,458,456,3dd77c68f3f29601b59d09853a70977bfab15f3fba3edeca6737f75ef9d7bcc0,9f7ee99454374db02824b5c9d52e2da89fca30232bc291ddb1f48ef6db84b6c0,2ee46c732cbd9a2d9496fe9e4763efb9a1ab85568c9ae6e0d0e121bc4adb4265,164142652bf5b3032f4e1a8ee54fe2817a3f3b5130635cf04fb641a6e819211d
2026-09-30,THEME,THEME:880540,breadth_ret5,0.21052631578947367,ACCEPTED,0.21052631578947367,458,456,3dd77c68f3f29601b59d09853a70977bfab15f3fba3edeca6737f75ef9d7bcc0,9f7ee99454374db02824b5c9d52e2da89fca30232bc291ddb1f48ef6db84b6c0,2ee46c732cbd9a2d9496fe9e4763efb9a1ab85568c9ae6e0d0e121bc4adb4265,164142652bf5b3032f4e1a8ee54fe2817a3f3b5130635cf04fb641a6e819211d
2026-09-30,THEME,THEME:880540,breadth_ret20,0.27631578947368424,ACCEPTED,0.27631578947368424,458,456,3dd77c68f3f29601b59d09853a70977bfab15f3fba3edeca6737f75ef9d7bcc0,9f7ee99454374db02824b5c9d52e2da89fca30232bc291ddb1f48ef6db84b6c0,2ee46c732cbd9a2d9496fe9e4763efb9a1ab85568c9ae6e0d0e121bc4adb4265,164142652bf5b3032f4e1a8ee54fe2817a3f3b5130635cf04fb641a6e819211d
2026-09-30,THEME,THEME:880540,ma20_width,0.32456140350877194,ACCEPTED,0.32456140350877194,458,456,3dd77c68f3f29601b59d09853a70977bfab15f3fba3edeca6737f75ef9d7bcc0,9f7ee99454374db02824b5c9d52e2da89fca30232bc291ddb1f48ef6db84b6c0,2ee46c732cbd9a2d9496fe9e4763efb9a1ab85568c9ae6e0d0e121bc4adb4265,164142652bf5b3032f4e1a8ee54fe2817a3f3b5130635cf04fb641a6e819211d
2026-09-30,THEME,THEME:880541,sector_rs1,-0.0186125211505922,ACCEPTED,-0.0186125211505922,77,0,3dd77c68f3f29601b59d09853a70977bfab15f3fba3edeca6737f75ef9d7bcc0,9f7ee99454374db02824b5c9d52e2da89fca30232bc291ddb1f48ef6db84b6c0,2ee46c732cbd9a2d9496fe9e4763efb9a1ab85568c9ae6e0d0e121bc4adb4265,164142652bf5b3032f4e1a8ee54fe2817a3f3b5130635cf04fb641a6e819211d
2026-09-30,THEME,THEME:880541,sector_rs5,-0.07162534435261703,ACCEPTED,-0.07162534435261703,77,0,3dd77c68f3f29601b59d09853a70977bfab15f3fba3edeca6737f75ef9d7bcc0,9f7ee99454374db02824b5c9d52e2da89fca30232bc291ddb1f48ef6db84b6c0,2ee46c732cbd9a2d9496fe9e4763efb9a1ab85568c9ae6e0d0e121bc4adb4265,164142652bf5b3032f4e1a8ee54fe2817a3f3b5130635cf04fb641a6e819211d
2026-09-30,THEME,THEME:880541,sector_rs20,-0.07578857630008529,ACCEPTED,-0.07578857630008529,77,0,3dd77c68f3f29601b59d09853a70977bfab15f3fba3edeca6737f75ef9d7bcc0,9f7ee99454374db02824b5c9d52e2da89fca30232bc291ddb1f48ef6db84b6c0,2ee46c732cbd9a2d9496fe9e4763efb9a1ab85568c9ae6e0d0e121bc4adb4265,164142652bf5b3032f4e1a8ee54fe2817a3f3b5130635cf04fb641a6e819211d
2026-09-30,THEME,THEME:880541,breadth_ret1,0.15584415584415584,ACCEPTED,0.15584415584415584,77,77,3dd77c68f3f29601b59d09853a70977bfab15f3fba3edeca6737f75ef9d7bcc0,9f7ee99454374db02824b5c9d52e2da89fca30232bc291ddb1f48ef6db84b6c0,2ee46c732cbd9a2d9496fe9e4763efb9a1ab85568c9ae6e0d0e121bc4adb4265,164142652bf5b3032f4e1a8ee54fe2817a3f3b5130635cf04fb641a6e819211d
2026-09-30,THEME,THEME:880541,breadth_ret5,0.025974025974025976,ACCEPTED,0.025974025974025976,77,77,3dd77c68f3f29601b59d09853a70977bfab15f3fba3edeca6737f75ef9d7bcc0,9f7ee99454374db02824b5c9d52e2da89fca30232bc291ddb1f48ef6db84b6c0,2ee46c732cbd9a2d9496fe9e4763efb9a1ab85568c9ae6e0d0e121bc4adb4265,164142652bf5b3032f4e1a8ee54fe2817a3f3b5130635cf04fb641a6e819211d
2026-09-30,THEME,THEME:880541,breadth_ret20,0.14285714285714285,ACCEPTED,0.14285714285714285,77,77,3dd77c68f3f29601b59d09853a70977bfab15f3fba3edeca6737f75ef9d7bcc0,9f7ee99454374db02824b5c9d52e2da89fca30232bc291ddb1f48ef6db84b6c0,2ee46c732cbd9a2d9496fe9e4763efb9a1ab85568c9ae6e0d0e121bc4adb4265,164142652bf5b3032f4e1a8ee54fe2817a3f3b5130635cf04fb641a6e819211d
2026-09-30,THEME,THEME:880541,ma20_width,0.12987012987012986,ACCEPTED,0.12987012987012986,77,77,3dd77c68f3f29601b59d09853a70977bfab15f3fba3edeca6737f75ef9d7bcc0,9f7ee99454374db02824b5c9d52e2da89fca30232bc291ddb1f48ef6db84b6c0,2ee46c732cbd9a2d9496fe9e4763efb9a1ab85568c9ae6e0d0e121bc4adb4265,164142652bf5b3032f4e1a8ee54fe2817a3f3b5130635cf04fb641a6e819211d
2026-09-30,THEME,THEME:880542,sector_rs1,-0.0012596598171271678,ACCEPTED,-0.0012596598171271678,246,0,3dd77c68f3f29601b59d09853a70977bfab15f3fba3edeca6737f75ef9d7bcc0,9f7ee99454374db02824b5c9d52e2da89fca30232bc291ddb1f48ef6db84b6c0,2ee46c732cbd9a2d9496fe9e4763efb9a1ab85568c9ae6e0d0e121bc4adb4265,164142652bf5b3032f4e1a8ee54fe2817a3f3b5130635cf04fb641a6e819211d
2026-09-30,THEME,THEME:880542,sector_rs5,-0.02092312283816461,ACCEPTED,-0.02092312283816461,246,0,3dd77c68f3f29601b59d09853a70977bfab15f3fba3edeca6737f75ef9d7bcc0,9f7ee99454374db02824b5c9d52e2da89fca30232bc291ddb1f48ef6db84b6c0,2ee46c732cbd9a2d9496fe9e4763efb9a1ab85568c9ae6e0d0e121bc4adb4265,164142652bf5b3032f4e1a8ee54fe2817a3f3b5130635cf04fb641a6e819211d
2026-09-30,THEME,THEME:880542,sector_rs20,-0.04213562514716268,ACCEPTED,-0.04213562514716268,246,0,3dd77c68f3f29601b59d09853a70977bfab15f3fba3edeca6737f75ef9d7bcc0,9f7ee99454374db02824b5c9d52e2da89fca30232bc291ddb1f48ef6db84b6c0,2ee46c732cbd9a2d9496fe9e4763efb9a1ab85568c9ae6e0d0e121bc4adb4265,164142652bf5b3032f4e1a8ee54fe2817a3f3b5130635cf04fb641a6e819211d
2026-09-30,THEME,THEME:880542,breadth_ret1,0.45934959349593496,ACCEPTED,0.45934959349593496,246,246,3dd77c68f3f29601b59d09853a70977bfab15f3fba3edeca6737f75ef9d7bcc0,9f7ee99454374db02824b5c9d52e2da89fca30232bc291ddb1f48ef6db84b6c0,2ee46c732cbd9a2d9496fe9e4763efb9a1ab85568c9ae6e0d0e121bc4adb4265,164142652bf5b3032f4e1a8ee54fe2817a3f3b5130635cf04fb641a6e819211d
2026-09-30,THEME,THEME:880542,breadth_ret5,0.25609756097560976,ACCEPTED,0.25609756097560976,246,246,3dd77c68f3f29601b59d09853a70977bfab15f3fba3edeca6737f75ef9d7bcc0,9f7ee99454374db02824b5c9d52e2da89fca30232bc291ddb1f48ef6db84b6c0,2ee46c732cbd9a2d9496fe9e4763efb9a1ab85568c9ae6e0d0e121bc4adb4265,164142652bf5b3032f4e1a8ee54fe2817a3f3b5130635cf04fb641a6e819211d
2026-09-30,THEME,THEME:880542,breadth_ret20,0.2032520325203252,ACCEPTED,0.2032520325203252,246,246,3dd77c68f3f29601b59d09853a70977bfab15f3fba3edeca6737f75ef9d7bcc0,9f7ee99454374db02824b5c9d52e2da89fca30232bc291ddb1f48ef6db84b6c0,2ee46c732cbd9a2d9496fe9e4763efb9a1ab85568c9ae6e0d0e121bc4adb4265,164142652bf5b3032f4e1a8ee54fe2817a3f3b5130635cf04fb641a6e819211d
2026-09-30,THEME,THEME:880542,ma20_width,0.2886178861788618,ACCEPTED,0.2886178861788618,246,246,3dd77c68f3f29601b59d09853a70977bfab15f3fba3edeca6737f75ef9d7bcc0,9f7ee99454374db02824b5c9d52e2da89fca30232bc291ddb1f48ef6db84b6c0,2ee46c732cbd9a2d9496fe9e4763efb9a1ab85568c9ae6e0d0e121bc4adb4265,164142652bf5b3032f4e1a8ee54fe2817a3f3b5130635cf04fb641a6e819211d
2026-09-30,THEME,THEME:880544,sector_rs1,-0.0050069060773481056,ACCEPTED,-0.0050069060773481056,494,0,3dd77c68f3f29601b59d09853a70977bfab15f3fba3edeca6737f75ef9d7bcc0,9f7ee99454374db02824b5c9d52e2da89fca30232bc291ddb1f48ef6db84b6c0,2ee46c732cbd9a2d9496fe9e4763efb9a1ab85568c9ae6e0d0e121bc4adb4265,164142652bf5b3032f4e1a8ee54fe2817a3f3b5130635cf04fb641a6e819211d
2026-09-30,THEME,THEME:880544,sector_rs5,-0.041145015539529595,ACCEPTED,-0.041145015539529595,494,0,3dd77c68f3f29601b59d09853a70977bfab15f3fba3edeca6737f75ef9d7bcc0,9f7ee99454374db02824b5c9d52e2da89fca30232bc291ddb1f48ef6db84b6c0,2ee46c732cbd9a2d9496fe9e4763efb9a1ab85568c9ae6e0d0e121bc4adb4265,164142652bf5b3032f4e1a8ee54fe2817a3f3b5130635cf04fb641a6e819211d
2026-09-30,THEME,THEME:880544,sector_rs20,-0.04498567335243553,ACCEPTED,-0.04498567335243553,494,0,3dd77c68f3f29601b59d09853a70977bfab15f3fba3edeca6737f75ef9d7bcc0,9f7ee99454374db02824b5c9d52e2da89fca30232bc291ddb1f48ef6db84b6c0,2ee46c732cbd9a2d9496fe9e4763efb9a1ab85568c9ae6e0d0e121bc4adb4265,164142652bf5b3032f4e1a8ee54fe2817a3f3b5130635cf04fb641a6e819211d
2026-09-30,THEME,THEME:880544,breadth_ret1,0.35787321063394684,ACCEPTED,0.35787321063394684,494,489,3dd77c68f3f29601b59d09853a70977bfab15f3fba3edeca6737f75ef9d7bcc0,9f7ee99454374db02824b5c9d52e2da89fca30232bc291ddb1f48ef6db84b6c0,2ee46c732cbd9a2d9496fe9e4763efb9a1ab85568c9ae6e0d0e121bc4adb4265,164142652bf5b3032f4e1a8ee54fe2817a3f3b5130635cf04fb641a6e819211d
2026-09-30,THEME,THEME:880544,breadth_ret5,0.15918367346938775,ACCEPTED,0.15918367346938775,494,490,3dd77c68f3f29601b59d09853a70977bfab15f3fba3edeca6737f75ef9d7bcc0,9f7ee99454374db02824b5c9d52e2da89fca30232bc291ddb1f48ef6db84b6c0,2ee46c732cbd9a2d9496fe9e4763efb9a1ab85568c9ae6e0d0e121bc4adb4265,164142652bf5b3032f4e1a8ee54fe2817a3f3b5130635cf04fb641a6e819211d
2026-09-30,THEME,THEME:880544,breadth_ret20,0.2331288343558282,ACCEPTED,0.2331288343558282,494,489,3dd77c68f3f29601b59d09853a70977bfab15f3fba3edeca6737f75ef9d7bcc0,9f7ee99454374db02824b5c9d52e2da89fca30232bc291ddb1f48ef6db84b6c0,2ee46c732cbd9a2d9496fe9e4763efb9a1ab85568c9ae6e0d0e121bc4adb4265,164142652bf5b3032f4e1a8ee54fe2817a3f3b5130635cf04fb641a6e819211d
2026-09-30,THEME,THEME:880544,ma20_width,0.22653061224489796,ACCEPTED,0.22653061224489796,494,490,3dd77c68f3f29601b59d09853a70977bfab15f3fba3edeca6737f75ef9d7bcc0,9f7ee99454374db02824b5c9d52e2da89fca30232bc291ddb1f48ef6db84b6c0,2ee46c732cbd9a2d9496fe9e4763efb9a1ab85568c9ae6e0d0e121bc4adb4265,164142652bf5b3032f4e1a8ee54fe2817a3f3b5130635cf04fb641a6e819211d
2026-09-30,THEME,THEME:880545,sector_rs1,-0.012848753567132887,ACCEPTED,-0.012848753567132887,201,0,3dd77c68f3f29601b59d09853a70977bfab15f3fba3edeca6737f75ef9d7bcc0,9f7ee99454374db02824b5c9d52e2da89fca30232bc291ddb1f48ef6db84b6c0,2ee46c732cbd9a2d9496fe9e4763efb9a1ab85568c9ae6e0d0e121bc4adb4265,164142652bf5b3032f4e1a8ee54fe2817a3f3b5130635cf04fb641a6e819211d
2026-09-30,THEME,THEME:880545,sector_rs5,-0.04781340863575795,ACCEPTED,-0.04781340863575795,201,0,3dd77c68f3f29601b59d09853a70977bfab15f3fba3edeca6737f75ef9d7bcc0,9f7ee99454374db02824b5c9d52e2da89fca30232bc291ddb1f48ef6db84b6c0,2ee46c732cbd9a2d9496fe9e4763efb9a1ab85568c9ae6e0d0e121bc4adb4265,164142652bf5b3032f4e1a8ee54fe2817a3f3b5130635cf04fb641a6e819211d
2026-09-30,THEME,THEME:880545,sector_rs20,-0.0627920560747664,ACCEPTED,-0.0627920560747664,201,0,3dd77c68f3f29601b59d09853a70977bfab15f3fba3edeca6737f75ef9d7bcc0,9f7ee99454374db02824b5c9d52e2da89fca30232bc291ddb1f48ef6db84b6c0,2ee46c732cbd9a2d9496fe9e4763efb9a1ab85568c9ae6e0d0e121bc4adb4265,164142652bf5b3032f4e1a8ee54fe2817a3f3b5130635cf04fb641a6e819211d
2026-09-30,THEME,THEME:880545,breadth_ret1,0.19,ACCEPTED,0.19,201,200,3dd77c68f3f29601b59d09853a70977bfab15f3fba3edeca6737f75ef9d7bcc0,9f7ee99454374db02824b5c9d52e2da89fca30232bc291ddb1f48ef6db84b6c0,2ee46c732cbd9a2d9496fe9e4763efb9a1ab85568c9ae6e0d0e121bc4adb4265,164142652bf5b3032f4e1a8ee54fe2817a3f3b5130635cf04fb641a6e819211d
2026-09-30,THEME,THEME:880545,breadth_ret5,0.09,ACCEPTED,0.09,201,200,3dd77c68f3f29601b59d09853a70977bfab15f3fba3edeca6737f75ef9d7bcc0,9f7ee99454374db02824b5c9d52e2da89fca30232bc291ddb1f48ef6db84b6c0,2ee46c732cbd9a2d9496fe9e4763efb9a1ab85568c9ae6e0d0e121bc4adb4265,164142652bf5b3032f4e1a8ee54fe2817a3f3b5130635cf04fb641a6e819211d
2026-09-30,THEME,THEME:880545,breadth_ret20,0.215,ACCEPTED,0.215,201,200,3dd77c68f3f29601b59d09853a70977bfab15f3fba3edeca6737f75ef9d7bcc0,9f7ee99454374db02824b5c9d52e2da89fca30232bc291ddb1f48ef6db84b6c0,2ee46c732cbd9a2d9496fe9e4763efb9a1ab85568c9ae6e0d0e121bc4adb4265,164142652bf5b3032f4e1a8ee54fe2817a3f3b5130635cf04fb641a6e819211d
2026-09-30,THEME,THEME:880545,ma20_width,0.23,ACCEPTED,0.23,201,200,3dd77c68f3f29601b59d09853a70977bfab15f3fba3edeca6737f75ef9d7bcc0,9f7ee99454374db02824b5c9d52e2da89fca30232bc291ddb1f48ef6db84b6c0,2ee46c732cbd9a2d9496fe9e4763efb9a1ab85568c9ae6e0d0e121bc4adb4265,164142652bf5b3032f4e1a8ee54fe2817a3f3b5130635cf04fb641a6e819211d
2026-09-30,THEME,THEME:880546,sector_rs1,-0.011701166511317751,ACCEPTED,-0.011701166511317751,272,0,3dd77c68f3f29601b59d09853a70977bfab15f3fba3edeca6737f75ef9d7bcc0,9f7ee99454374db02824b5c9d52e2da89fca30232bc291ddb1f48ef6db84b6c0,2ee46c732cbd9a2d9496fe9e4763efb9a1ab85568c9ae6e0d0e121bc4adb4265,164142652bf5b3032f4e1a8ee54fe2817a3f3b5130635cf04fb641a6e819211d
2026-09-30,THEME,THEME:880546,sector_rs5,-0.05882115349795952,ACCEPTED,-0.05882115349795952,272,0,3dd77c68f3f29601b59d09853a70977bfab15f3fba3edeca6737f75ef9d7bcc0,9f7ee99454374db02824b5c9d52e2da89fca30232bc291ddb1f48ef6db84b6c0,2ee46c732cbd9a2d9496fe9e4763efb9a1ab85568c9ae6e0d0e121bc4adb4265,164142652bf5b3032f4e1a8ee54fe2817a3f3b5130635cf04fb641a6e819211d
2026-09-30,THEME,THEME:880546,sector_rs20,-0.05240147593263722,ACCEPTED,-0.05240147593263722,272,0,3dd77c68f3f29601b59d09853a70977bfab15f3fba3edeca6737f75ef9d7bcc0,9f7ee99454374db02824b5c9d52e2da89fca30232bc291ddb1f48ef6db84b6c0,2ee46c732cbd9a2d9496fe9e4763efb9a1ab85568c9ae6e0d0e121bc4adb4265,164142652bf5b3032f4e1a8ee54fe2817a3f3b5130635cf04fb641a6e819211d
2026-09-30,THEME,THEME:880546,breadth_ret1,0.2,ACCEPTED,0.2,272,270,3dd77c68f3f29601b59d09853a70977bfab15f3fba3edeca6737f75ef9d7bcc0,9f7ee99454374db02824b5c9d52e2da89fca30232bc291ddb1f48ef6db84b6c0,2ee46c732cbd9a2d9496fe9e4763efb9a1ab85568c9ae6e0d0e121bc4adb4265,164142652bf5b3032f4e1a8ee54fe2817a3f3b5130635cf04fb641a6e819211d
2026-09-30,THEME,THEME:880546,breadth_ret5,0.09259259259259259,ACCEPTED,0.09259259259259259,272,270,3dd77c68f3f29601b59d09853a70977bfab15f3fba3edeca6737f75ef9d7bcc0,9f7ee99454374db02824b5c9d52e2da89fca30232bc291ddb1f48ef6db84b6c0,2ee46c732cbd9a2d9496fe9e4763efb9a1ab85568c9ae6e0d0e121bc4adb4265,164142652bf5b3032f4e1a8ee54fe2817a3f3b5130635cf04fb641a6e819211d
2026-09-30,THEME,THEME:880546,breadth_ret20,0.22962962962962963,ACCEPTED,0.22962962962962963,272,270,3dd77c68f3f29601b59d09853a70977bfab15f3fba3edeca6737f75ef9d7bcc0,9f7ee99454374db02824b5c9d52e2da89fca30232bc291ddb1f48ef6db84b6c0,2ee46c732cbd9a2d9496fe9e4763efb9a1ab85568c9ae6e0d0e121bc4adb4265,164142652bf5b3032f4e1a8ee54fe2817a3f3b5130635cf04fb641a6e819211d
2026-09-30,THEME,THEME:880546,ma20_width,0.23703703703703705,ACCEPTED,0.23703703703703705,272,270,3dd77c68f3f29601b59d09853a70977bfab15f3fba3edeca6737f75ef9d7bcc0,9f7ee99454374db02824b5c9d52e2da89fca30232bc291ddb1f48ef6db84b6c0,2ee46c732cbd9a2d9496fe9e4763efb9a1ab85568c9ae6e0d0e121bc4adb4265,164142652bf5b3032f4e1a8ee54fe2817a3f3b5130635cf04fb641a6e819211d
2026-09-30,THEME,THEME:880547,sector_rs1,-0.017430001854255472,ACCEPTED,-0.017430001854255472,62,0,3dd77c68f3f29601b59d09853a70977bfab15f3fba3edeca6737f75ef9d7bcc0,9f7ee99454374db02824b5c9d52e2da89fca30232bc291ddb1f48ef6db84b6c0,2ee46c732cbd9a2d9496fe9e4763efb9a1ab85568c9ae6e0d0e121bc4adb4265,164142652bf5b3032f4e1a8ee54fe2817a3f3b5130635cf04fb641a6e819211d
2026-09-30,THEME,THEME:880547,sector_rs5,-0.06707882534775889,ACCEPTED,-0.06707882534775889,62,0,3dd77c68f3f29601b59d09853a70977bfab15f3fba3edeca6737f75ef9d7bcc0,9f7ee99454374db02824b5c9d52e2da89fca30232bc291ddb1f48ef6db84b6c0,2ee46c732cbd9a2d9496fe9e4763efb9a1ab85568c9ae6e0d0e121bc4adb4265,164142652bf5b3032f4e1a8ee54fe2817a3f3b5130635cf04fb641a6e819211d
2026-09-30,THEME,THEME:880547,sector_rs20,-0.04368358913813475,ACCEPTED,-0.04368358913813475,62,0,3dd77c68f3f29601b59d09853a70977bfab15f3fba3edeca6737f75ef9d7bcc0,9f7ee99454374db02824b5c9d52e2da89fca30232bc291ddb1f48ef6db84b6c0,2ee46c732cbd9a2d9496fe9e4763efb9a1ab85568c9ae6e0d0e121bc4adb4265,164142652bf5b3032f4e1a8ee54fe2817a3f3b5130635cf04fb641a6e819211d
2026-09-30,THEME,THEME:880547,breadth_ret1,0.19672131147540983,ACCEPTED,0.19672131147540983,62,61,3dd77c68f3f29601b59d09853a70977bfab15f3fba3edeca6737f75ef9d7bcc0,9f7ee99454374db02824b5c9d52e2da89fca30232bc291ddb1f48ef6db84b6c0,2ee46c732cbd9a2d9496fe9e4763efb9a1ab85568c9ae6e0d0e121bc4adb4265,164142652bf5b3032f4e1a8ee54fe2817a3f3b5130635cf04fb641a6e819211d
2026-09-30,THEME,THEME:880547,breadth_ret5,0.08196721311475409,ACCEPTED,0.08196721311475409,62,61,3dd77c68f3f29601b59d09853a70977bfab15f3fba3edeca6737f75ef9d7bcc0,9f7ee99454374db02824b5c9d52e2da89fca30232bc291ddb1f48ef6db84b6c0,2ee46c732cbd9a2d9496fe9e4763efb9a1ab85568c9ae6e0d0e121bc4adb4265,164142652bf5b3032f4e1a8ee54fe2817a3f3b5130635cf04fb641a6e819211d
2026-09-30,THEME,THEME:880547,breadth_ret20,0.26229508196721313,ACCEPTED,0.26229508196721313,62,61,3dd77c68f3f29601b59d09853a70977bfab15f3fba3edeca6737f75ef9d7bcc0,9f7ee99454374db02824b5c9d52e2da89fca30232bc291ddb1f48ef6db84b6c0,2ee46c732cbd9a2d9496fe9e4763efb9a1ab85568c9ae6e0d0e121bc4adb4265,164142652bf5b3032f4e1a8ee54fe2817a3f3b5130635cf04fb641a6e819211d
2026-09-30,THEME,THEME:880547,ma20_width,0.22950819672131148,ACCEPTED,0.22950819672131148,62,61,3dd77c68f3f29601b59d09853a70977bfab15f3fba3edeca6737f75ef9d7bcc0,9f7ee99454374db02824b5c9d52e2da89fca30232bc291ddb1f48ef6db84b6c0,2ee46c732cbd9a2d9496fe9e4763efb9a1ab85568c9ae6e0d0e121bc4adb4265,164142652bf5b3032f4e1a8ee54fe2817a3f3b5130635cf04fb641a6e819211d
2026-09-30,THEME,THEME:880548,sector_rs1,-0.009604567152625476,ACCEPTED,-0.009604567152625476,509,0,3dd77c68f3f29601b59d09853a70977bfab15f3fba3edeca6737f75ef9d7bcc0,9f7ee99454374db02824b5c9d52e2da89fca30232bc291ddb1f48ef6db84b6c0,2ee46c732cbd9a2d9496fe9e4763efb9a1ab85568c9ae6e0d0e121bc4adb4265,164142652bf5b3032f4e1a8ee54fe2817a3f3b5130635cf04fb641a6e819211d
2026-09-30,THEME,THEME:880548,sector_rs5,-0.05331137885550169,ACCEPTED,-0.05331137885550169,509,0,3dd77c68f3f29601b59d09853a70977bfab15f3fba3edeca6737f75ef9d7bcc0,9f7ee99454374db02824b5c9d52e2da89fca30232bc291ddb1f48ef6db84b6c0,2ee46c732cbd9a2d9496fe9e4763efb9a1ab85568c9ae6e0d0e121bc4adb4265,164142652bf5b3032f4e1a8ee54fe2817a3f3b5130635cf04fb641a6e819211d
2026-09-30,THEME,THEME:880548,sector_rs20,-0.047311827956989405,ACCEPTED,-0.047311827956989405,509,0,3dd77c68f3f29601b59d09853a70977bfab15f3fba3edeca6737f75ef9d7bcc0,9f7ee99454374db02824b5c9d52e2da89fca30232bc291ddb1f48ef6db84b6c0,2ee46c732cbd9a2d9496fe9e4763efb9a1ab85568c9ae6e0d0e121bc4adb4265,164142652bf5b3032f4e1a8ee54fe2817a3f3b5130635cf04fb641a6e819211d
2026-09-30,THEME,THEME:880548,breadth_ret1,0.2865612648221344,ACCEPTED,0.2865612648221344,509,506,3dd77c68f3f29601b59d09853a70977bfab15f3fba3edeca6737f75ef9d7bcc0,9f7ee99454374db02824b5c9d52e2da89fca30232bc291ddb1f48ef6db84b6c0,2ee46c732cbd9a2d9496fe9e4763efb9a1ab85568c9ae6e0d0e121bc4adb4265,164142652bf5b3032f4e1a8ee54fe2817a3f3b5130635cf04fb641a6e819211d
2026-09-30,THEME,THEME:880548,breadth_ret5,0.116600790513834,ACCEPTED,0.116600790513834,509,506,3dd77c68f3f29601b59d09853a70977bfab15f3fba3edeca6737f75ef9d7bcc0,9f7ee99454374db02824b5c9d52e2da89fca30232bc291ddb1f48ef6db84b6c0,2ee46c732cbd9a2d9496fe9e4763efb9a1ab85568c9ae6e0d0e121bc4adb4265,164142652bf5b3032f4e1a8ee54fe2817a3f3b5130635cf04fb641a6e819211d
2026-09-30,THEME,THEME:880548,breadth_ret20,0.2485207100591716,ACCEPTED,0.2485207100591716,509,507,3dd77c68f3f29601b59d09853a70977bfab15f3fba3edeca6737f75ef9d7bcc0,9f7ee99454374db02824b5c9d52e2da89fca30232bc291ddb1f48ef6db84b6c0,2ee46c732cbd9a2d9496fe9e4763efb9a1ab85568c9ae6e0d0e121bc4adb4265,164142652bf5b3032f4e1a8ee54fe2817a3f3b5130635cf04fb641a6e819211d
2026-09-30,THEME,THEME:880548,ma20_width,0.23668639053254437,ACCEPTED,0.23668639053254437,509,507,3dd77c68f3f29601b59d09853a70977bfab15f3fba3edeca6737f75ef9d7bcc0,9f7ee99454374db02824b5c9d52e2da89fca30232bc291ddb1f48ef6db84b6c0,2ee46c732cbd9a2d9496fe9e4763efb9a1ab85568c9ae6e0d0e121bc4adb4265,164142652bf5b3032f4e1a8ee54fe2817a3f3b5130635cf04fb641a6e819211d
2026-09-30,THEME,THEME:880549,sector_rs1,0.004784688995215447,ACCEPTED,0.004784688995215447,25,0,3dd77c68f3f29601b59d09853a70977bfab15f3fba3edeca6737f75ef9d7bcc0,9f7ee99454374db02824b5c9d52e2da89fca30232bc291ddb1f48ef6db84b6c0,2ee46c732cbd9a2d9496fe9e4763efb9a1ab85568c9ae6e0d0e121bc4adb4265,164142652bf5b3032f4e1a8ee54fe2817a3f3b5130635cf04fb641a6e819211d
2026-09-30,THEME,THEME:880549,sector_rs5,-0.034810126582278444,ACCEPTED,-0.034810126582278444,25,0,3dd77c68f3f29601b59d09853a70977bfab15f3fba3edeca6737f75ef9d7bcc0,9f7ee99454374db02824b5c9d52e2da89fca30232bc291ddb1f48ef6db84b6c0,2ee46c732cbd9a2d9496fe9e4763efb9a1ab85568c9ae6e0d0e121bc4adb4265,164142652bf5b3032f4e1a8ee54fe2817a3f3b5130635cf04fb641a6e819211d
2026-09-30,THEME,THEME:880549,sector_rs20,-0.04924323172031542,ACCEPTED,-0.04924323172031542,25,0,3dd77c68f3f29601b59d09853a70977bfab15f3fba3edeca6737f75ef9d7bcc0,9f7ee99454374db02824b5c9d52e2da89fca30232bc291ddb1f48ef6db84b6c0,2ee46c732cbd9a2d9496fe9e4763efb9a1ab85568c9ae6e0d0e121bc4adb4265,164142652bf5b3032f4e1a8ee54fe2817a3f3b5130635cf04fb641a6e819211d
2026-09-30,THEME,THEME:880549,breadth_ret1,0.6,ACCEPTED,0.6,25,25,3dd77c68f3f29601b59d09853a70977bfab15f3fba3edeca6737f75ef9d7bcc0,9f7ee99454374db02824b5c9d52e2da89fca30232bc291ddb1f48ef6db84b6c0,2ee46c732cbd9a2d9496fe9e4763efb9a1ab85568c9ae6e0d0e121bc4adb4265,164142652bf5b3032f4e1a8ee54fe2817a3f3b5130635cf04fb641a6e819211d
2026-09-30,THEME,THEME:880549,breadth_ret5,0.24,ACCEPTED,0.24,25,25,3dd77c68f3f29601b59d09853a70977bfab15f3fba3edeca6737f75ef9d7bcc0,9f7ee99454374db02824b5c9d52e2da89fca30232bc291ddb1f48ef6db84b6c0,2ee46c732cbd9a2d9496fe9e4763efb9a1ab85568c9ae6e0d0e121bc4adb4265,164142652bf5b3032f4e1a8ee54fe2817a3f3b5130635cf04fb641a6e819211d
2026-09-30,THEME,THEME:880549,breadth_ret20,0.16,ACCEPTED,0.16,25,25,3dd77c68f3f29601b59d09853a70977bfab15f3fba3edeca6737f75ef9d7bcc0,9f7ee99454374db02824b5c9d52e2da89fca30232bc291ddb1f48ef6db84b6c0,2ee46c732cbd9a2d9496fe9e4763efb9a1ab85568c9ae6e0d0e121bc4adb4265,164142652bf5b3032f4e1a8ee54fe2817a3f3b5130635cf04fb641a6e819211d
2026-09-30,THEME,THEME:880549,ma20_width,0.24,ACCEPTED,0.24,25,25,3dd77c68f3f29601b59d09853a70977bfab15f3fba3edeca6737f75ef9d7bcc0,9f7ee99454374db02824b5c9d52e2da89fca30232bc291ddb1f48ef6db84b6c0,2ee46c732cbd9a2d9496fe9e4763efb9a1ab85568c9ae6e0d0e121bc4adb4265,164142652bf5b3032f4e1a8ee54fe2817a3f3b5130635cf04fb641a6e819211d
2026-09-30,THEME,THEME:880550,sector_rs1,-0.024860251800601196,ACCEPTED,-0.024860251800601196,226,0,3dd77c68f3f29601b59d09853a70977bfab15f3fba3edeca6737f75ef9d7bcc0,9f7ee99454374db02824b5c9d52e2da89fca30232bc291ddb1f48ef6db84b6c0,2ee46c732cbd9a2d9496fe9e4763efb9a1ab85568c9ae6e0d0e121bc4adb4265,164142652bf5b3032f4e1a8ee54fe2817a3f3b5130635cf04fb641a6e819211d
2026-09-30,THEME,THEME:880550,sector_rs5,-0.08220975345707399,ACCEPTED,-0.08220975345707399,226,0,3dd77c68f3f29601b59d09853a70977bfab15f3fba3edeca6737f75ef9d7bcc0,9f7ee99454374db02824b5c9d52e2da89fca30232bc291ddb1f48ef6db84b6c0,2ee46c732cbd9a2d9496fe9e4763efb9a1ab85568c9ae6e0d0e121bc4adb4265,164142652bf5b3032f4e1a8ee54fe2817a3f3b5130635cf04fb641a6e819211d
2026-09-30,THEME,THEME:880550,sector_rs20,-0.03339350180505418,ACCEPTED,-0.03339350180505418,226,0,3dd77c68f3f29601b59d09853a70977bfab15f3fba3edeca6737f75ef9d7bcc0,9f7ee99454374db02824b5c9d52e2da89fca30232bc291ddb1f48ef6db84b6c0,2ee46c732cbd9a2d9496fe9e4763efb9a1ab85568c9ae6e0d0e121bc4adb4265,164142652bf5b3032f4e1a8ee54fe2817a3f3b5130635cf04fb641a6e819211d
2026-09-30,THEME,THEME:880550,breadth_ret1,0.13839285714285715,ACCEPTED,0.13839285714285715,226,224,3dd77c68f3f29601b59d09853a70977bfab15f3fba3edeca6737f75ef9d7bcc0,9f7ee99454374db02824b5c9d52e2da89fca30232bc291ddb1f48ef6db84b6c0,2ee46c732cbd9a2d9496fe9e4763efb9a1ab85568c9ae6e0d0e121bc4adb4265,164142652bf5b3032f4e1a8ee54fe2817a3f3b5130635cf04fb641a6e819211d
2026-09-30,THEME,THEME:880550,breadth_ret5,0.05357142857142857,ACCEPTED,0.05357142857142857,226,224,3dd77c68f3f29601b59d09853a70977bfab15f3fba3edeca6737f75ef9d7bcc0,9f7ee99454374db02824b5c9d52e2da89fca30232bc291ddb1f48ef6db84b6c0,2ee46c732cbd9a2d9496fe9e4763efb9a1ab85568c9ae6e0d0e121bc4adb4265,164142652bf5b3032f4e1a8ee54fe2817a3f3b5130635cf04fb641a6e819211d
2026-09-30,THEME,THEME:880550,breadth_ret20,0.3991031390134529,ACCEPTED,0.3991031390134529,226,223,3dd77c68f3f29601b59d09853a70977bfab15f3fba3edeca6737f75ef9d7bcc0,9f7ee99454374db02824b5c9d52e2da89fca30232bc291ddb1f48ef6db84b6c0,2ee46c732cbd9a2d9496fe9e4763efb9a1ab85568c9ae6e0d0e121bc4adb4265,164142652bf5b3032f4e1a8ee54fe2817a3f3b5130635cf04fb641a6e819211d
2026-09-30,THEME,THEME:880550,ma20_width,0.23318385650224216,ACCEPTED,0.23318385650224216,226,223,3dd77c68f3f29601b59d09853a70977bfab15f3fba3edeca6737f75ef9d7bcc0,9f7ee99454374db02824b5c9d52e2da89fca30232bc291ddb1f48ef6db84b6c0,2ee46c732cbd9a2d9496fe9e4763efb9a1ab85568c9ae6e0d0e121bc4adb4265,164142652bf5b3032f4e1a8ee54fe2817a3f3b5130635cf04fb641a6e819211d
2026-09-30,THEME,THEME:880552,sector_rs1,-0.008304820435797111,ACCEPTED,-0.008304820435797111,283,0,3dd77c68f3f29601b59d09853a70977bfab15f3fba3edeca6737f75ef9d7bcc0,9f7ee99454374db02824b5c9d52e2da89fca30232bc291ddb1f48ef6db84b6c0,2ee46c732cbd9a2d9496fe9e4763efb9a1ab85568c9ae6e0d0e121bc4adb4265,164142652bf5b3032f4e1a8ee54fe2817a3f3b5130635cf04fb641a6e819211d
2026-09-30,THEME,THEME:880552,sector_rs5,-0.040737148399612066,ACCEPTED,-0.040737148399612066,283,0,3dd77c68f3f29601b59d09853a70977bfab15f3fba3edeca6737f75ef9d7bcc0,9f7ee99454374db02824b5c9d52e2da89fca30232bc291ddb1f48ef6db84b6c0,2ee46c732cbd9a2d9496fe9e4763efb9a1ab85568c9ae6e0d0e121bc4adb4265,164142652bf5b3032f4e1a8ee54fe2817a3f3b5130635cf04fb641a6e819211d
2026-09-30,THEME,THEME:880552,sector_rs20,-0.039679342372219706,ACCEPTED,-0.039679342372219706,283,0,3dd77c68f3f29601b59d09853a70977bfab15f3fba3edeca6737f75ef9d7bcc0,9f7ee99454374db02824b5c9d52e2da89fca30232bc291ddb1f48ef6db84b6c0,2ee46c732cbd9a2d9496fe9e4763efb9a1ab85568c9ae6e0d0e121bc4adb4265,164142652bf5b3032f4e1a8ee54fe2817a3f3b5130635cf04fb641a6e819211d
2026-09-30,THEME,THEME:880552,breadth_ret1,0.3142857142857143,ACCEPTED,0.3142857142857143,283,280,3dd77c68f3f29601b59d09853a70977bfab15f3fba3edeca6737f75ef9d7bcc0,9f7ee99454374db02824b5c9d52e2da89fca30232bc291ddb1f48ef6db84b6c0,2ee46c732cbd9a2d9496fe9e4763efb9a1ab85568c9ae6e0d0e121bc4adb4265,164142652bf5b3032f4e1a8ee54fe2817a3f3b5130635cf04fb641a6e819211d
2026-09-30,THEME,THEME:880552,breadth_ret5,0.16845878136200718,ACCEPTED,0.16845878136200718,283,279,3dd77c68f3f29601b59d09853a70977bfab15f3fba3edeca6737f75ef9d7bcc0,9f7ee99454374db02824b5c9d52e2da89fca30232bc291ddb1f48ef6db84b6c0,2ee46c732cbd9a2d9496fe9e4763efb9a1ab85568c9ae6e0d0e121bc4adb4265,164142652bf5b3032f4e1a8ee54fe2817a3f3b5130635cf04fb641a6e819211d
2026-09-30,THEME,THEME:880552,breadth_ret20,0.2357142857142857,ACCEPTED,0.2357142857142857,283,280,3dd77c68f3f29601b59d09853a70977bfab15f3fba3edeca6737f75ef9d7bcc0,9f7ee99454374db02824b5c9d52e2da89fca30232bc291ddb1f48ef6db84b6c0,2ee46c732cbd9a2d9496fe9e4763efb9a1ab85568c9ae6e0d0e121bc4adb4265,164142652bf5b3032f4e1a8ee54fe2817a3f3b5130635cf04fb641a6e819211d
2026-09-30,THEME,THEME:880552,ma20_width,0.3238434163701068,ACCEPTED,0.3238434163701068,283,281,3dd77c68f3f29601b59d09853a70977bfab15f3fba3edeca6737f75ef9d7bcc0,9f7ee99454374db02824b5c9d52e2da89fca30232bc291ddb1f48ef6db84b6c0,2ee46c732cbd9a2d9496fe9e4763efb9a1ab85568c9ae6e0d0e121bc4adb4265,164142652bf5b3032f4e1a8ee54fe2817a3f3b5130635cf04fb641a6e819211d
2026-09-30,THEME,THEME:880553,sector_rs1,0.0,ACCEPTED,0.0,45,0,3dd77c68f3f29601b59d09853a70977bfab15f3fba3edeca6737f75ef9d7bcc0,9f7ee99454374db02824b5c9d52e2da89fca30232bc291ddb1f48ef6db84b6c0,2ee46c732cbd9a2d9496fe9e4763efb9a1ab85568c9ae6e0d0e121bc4adb4265,164142652bf5b3032f4e1a8ee54fe2817a3f3b5130635cf04fb641a6e819211d
2026-09-30,THEME,THEME:880553,sector_rs5,-0.03484320557491283,ACCEPTED,-0.03484320557491283,45,0,3dd77c68f3f29601b59d09853a70977bfab15f3fba3edeca6737f75ef9d7bcc0,9f7ee99454374db02824b5c9d52e2da89fca30232bc291ddb1f48ef6db84b6c0,2ee46c732cbd9a2d9496fe9e4763efb9a1ab85568c9ae6e0d0e121bc4adb4265,164142652bf5b3032f4e1a8ee54fe2817a3f3b5130635cf04fb641a6e819211d
2026-09-30,THEME,THEME:880553,sector_rs20,-0.06083650190114054,ACCEPTED,-0.06083650190114054,45,0,3dd77c68f3f29601b59d09853a70977bfab15f3fba3edeca6737f75ef9d7bcc0,9f7ee99454374db02824b5c9d52e2da89fca30232bc291ddb1f48ef6db84b6c0,2ee46c732cbd9a2d9496fe9e4763efb9a1ab85568c9ae6e0d0e121bc4adb4265,164142652bf5b3032f4e1a8ee54fe2817a3f3b5130635cf04fb641a6e819211d
2026-09-30,THEME,THEME:880553,breadth_ret1,0.4444444444444444,ACCEPTED,0.4444444444444444,45,45,3dd77c68f3f29601b59d09853a70977bfab15f3fba3edeca6737f75ef9d7bcc0,9f7ee99454374db02824b5c9d52e2da89fca30232bc291ddb1f48ef6db84b6c0,2ee46c732cbd9a2d9496fe9e4763efb9a1ab85568c9ae6e0d0e121bc4adb4265,164142652bf5b3032f4e1a8ee54fe2817a3f3b5130635cf04fb641a6e819211d
2026-09-30,THEME,THEME:880553,breadth_ret5,0.2222222222222222,ACCEPTED,0.2222222222222222,45,45,3dd77c68f3f29601b59d09853a70977bfab15f3fba3edeca6737f75ef9d7bcc0,9f7ee99454374db02824b5c9d52e2da89fca30232bc291ddb1f48ef6db84b6c0,2ee46c732cbd9a2d9496fe9e4763efb9a1ab85568c9ae6e0d0e121bc4adb4265,164142652bf5b3032f4e1a8ee54fe2817a3f3b5130635cf04fb641a6e819211d
2026-09-30,THEME,THEME:880553,breadth_ret20,0.08888888888888889,ACCEPTED,0.08888888888888889,45,45,3dd77c68f3f29601b59d09853a70977bfab15f3fba3edeca6737f75ef9d7bcc0,9f7ee99454374db02824b5c9d52e2da89fca30232bc291ddb1f48ef6db84b6c0,2ee46c732cbd9a2d9496fe9e4763efb9a1ab85568c9ae6e0d0e121bc4adb4265,164142652bf5b3032f4e1a8ee54fe2817a3f3b5130635cf04fb641a6e819211d
2026-09-30,THEME,THEME:880553,ma20_width,0.17777777777777778,ACCEPTED,0.17777777777777778,45,45,3dd77c68f3f29601b59d09853a70977bfab15f3fba3edeca6737f75ef9d7bcc0,9f7ee99454374db02824b5c9d52e2da89fca30232bc291ddb1f48ef6db84b6c0,2ee46c732cbd9a2d9496fe9e4763efb9a1ab85568c9ae6e0d0e121bc4adb4265,164142652bf5b3032f4e1a8ee54fe2817a3f3b5130635cf04fb641a6e819211d
2026-09-30,THEME,THEME:880555,sector_rs1,-0.013533834586466287,ACCEPTED,-0.013533834586466287,67,0,3dd77c68f3f29601b59d09853a70977bfab15f3fba3edeca6737f75ef9d7bcc0,9f7ee99454374db02824b5c9d52e2da89fca30232bc291ddb1f48ef6db84b6c0,2ee46c732cbd9a2d9496fe9e4763efb9a1ab85568c9ae6e0d0e121bc4adb4265,164142652bf5b3032f4e1a8ee54fe2817a3f3b5130635cf04fb641a6e819211d
2026-09-30,THEME,THEME:880555,sector_rs5,-0.04258390472753515,ACCEPTED,-0.04258390472753515,67,0,3dd77c68f3f29601b59d09853a70977bfab15f3fba3edeca6737f75ef9d7bcc0,9f7ee99454374db02824b5c9d52e2da89fca30232bc291ddb1f48ef6db84b6c0,2ee46c732cbd9a2d9496fe9e4763efb9a1ab85568c9ae6e0d0e121bc4adb4265,164142652bf5b3032f4e1a8ee54fe2817a3f3b5130635cf04fb641a6e819211d
2026-09-30,THEME,THEME:880555,sector_rs20,-0.0677290836653387,ACCEPTED,-0.0677290836653387,67,0,3dd77c68f3f29601b59d09853a70977bfab15f3fba3edeca6737f75ef9d7bcc0,9f7ee99454374db02824b5c9d52e2da89fca30232bc291ddb1f48ef6db84b6c0,2ee46c732cbd9a2d9496fe9e4763efb9a1ab85568c9ae6e0d0e121bc4adb4265,164142652bf5b3032f4e1a8ee54fe2817a3f3b5130635cf04fb641a6e819211d
2026-09-30,THEME,THEME:880555,breadth_ret1,0.208955223880597,ACCEPTED,0.208955223880597,67,67,3dd77c68f3f29601b59d09853a70977bfab15f3fba3edeca6737f75ef9d7bcc0,9f7ee99454374db02824b5c9d52e2da89fca30232bc291ddb1f48ef6db84b6c0,2ee46c732cbd9a2d9496fe9e4763efb9a1ab85568c9ae6e0d0e121bc4adb4265,164142652bf5b3032f4e1a8ee54fe2817a3f3b5130635cf04fb641a6e819211d
2026-09-30,THEME,THEME:880555,breadth_ret5,0.08955223880597014,ACCEPTED,0.08955223880597014,67,67,3dd77c68f3f29601b59d09853a70977bfab15f3fba3edeca6737f75ef9d7bcc0,9f7ee99454374db02824b5c9d52e2da89fca30232bc291ddb1f48ef6db84b6c0,2ee46c732cbd9a2d9496fe9e4763efb9a1ab85568c9ae6e0d0e121bc4adb4265,164142652bf5b3032f4e1a8ee54fe2817a3f3b5130635cf04fb641a6e819211d
2026-09-30,THEME,THEME:880555,breadth_ret20,0.19402985074626866,ACCEPTED,0.19402985074626866,67,67,3dd77c68f3f29601b59d09853a70977bfab15f3fba3edeca6737f75ef9d7bcc0,9f7ee99454374db02824b5c9d52e2da89fca30232bc291ddb1f48ef6db84b6c0,2ee46c732cbd9a2d9496fe9e4763efb9a1ab85568c9ae6e0d0e121bc4adb4265,164142652bf5b3032f4e1a8ee54fe2817a3f3b5130635cf04fb641a6e819211d
2026-09-30,THEME,THEME:880555,ma20_width,0.31343283582089554,ACCEPTED,0.31343283582089554,67,67,3dd77c68f3f29601b59d09853a70977bfab15f3fba3edeca6737f75ef9d7bcc0,9f7ee99454374db02824b5c9d52e2da89fca30232bc291ddb1f48ef6db84b6c0,2ee46c732cbd9a2d9496fe9e4763efb9a1ab85568c9ae6e0d0e121bc4adb4265,164142652bf5b3032f4e1a8ee54fe2817a3f3b5130635cf04fb641a6e819211d
2026-09-30,THEME,THEME:880557,sector_rs1,0.02057945083772006,ACCEPTED,0.02057945083772006,68,0,3dd77c68f3f29601b59d09853a70977bfab15f3fba3edeca6737f75ef9d7bcc0,9f7ee99454374db02824b5c9d52e2da89fca30232bc291ddb1f48ef6db84b6c0,2ee46c732cbd9a2d9496fe9e4763efb9a1ab85568c9ae6e0d0e121bc4adb4265,164142652bf5b3032f4e1a8ee54fe2817a3f3b5130635cf04fb641a6e819211d
2026-09-30,THEME,THEME:880557,sector_rs5,0.0019695490091220513,ACCEPTED,0.0019695490091220513,68,0,3dd77c68f3f29601b59d09853a70977bfab15f3fba3edeca6737f75ef9d7bcc0,9f7ee99454374db02824b5c9d52e2da89fca30232bc291ddb1f48ef6db84b6c0,2ee46c732cbd9a2d9496fe9e4763efb9a1ab85568c9ae6e0d0e121bc4adb4265,164142652bf5b3032f4e1a8ee54fe2817a3f3b5130635cf04fb641a6e819211d
2026-09-30,THEME,THEME:880557,sector_rs20,-0.00046957821651810727,ACCEPTED,-0.00046957821651810727,68,0,3dd77c68f3f29601b59d09853a70977bfab15f3fba3edeca6737f75ef9d7bcc0,9f7ee99454374db02824b5c9d52e2da89fca30232bc291ddb1f48ef6db84b6c0,2ee46c732cbd9a2d9496fe9e4763efb9a1ab85568c9ae6e0d0e121bc4adb4265,164142652bf5b3032f4e1a8ee54fe2817a3f3b5130635cf04fb641a6e819211d
2026-09-30,THEME,THEME:880557,breadth_ret1,0.8823529411764706,ACCEPTED,0.8823529411764706,68,68,3dd77c68f3f29601b59d09853a70977bfab15f3fba3edeca6737f75ef9d7bcc0,9f7ee99454374db02824b5c9d52e2da89fca30232bc291ddb1f48ef6db84b6c0,2ee46c732cbd9a2d9496fe9e4763efb9a1ab85568c9ae6e0d0e121bc4adb4265,164142652bf5b3032f4e1a8ee54fe2817a3f3b5130635cf04fb641a6e819211d
2026-09-30,THEME,THEME:880557,breadth_ret5,0.5147058823529411,ACCEPTED,0.5147058823529411,68,68,3dd77c68f3f29601b59d09853a70977bfab15f3fba3edeca6737f75ef9d7bcc0,9f7ee99454374db02824b5c9d52e2da89fca30232bc291ddb1f48ef6db84b6c0,2ee46c732cbd9a2d9496fe9e4763efb9a1ab85568c9ae6e0d0e121bc4adb4265,164142652bf5b3032f4e1a8ee54fe2817a3f3b5130635cf04fb641a6e819211d
2026-09-30,THEME,THEME:880557,breadth_ret20,0.5,ACCEPTED,0.5,68,68,3dd77c68f3f29601b59d09853a70977bfab15f3fba3edeca6737f75ef9d7bcc0,9f7ee99454374db02824b5c9d52e2da89fca30232bc291ddb1f48ef6db84b6c0,2ee46c732cbd9a2d9496fe9e4763efb9a1ab85568c9ae6e0d0e121bc4adb4265,164142652bf5b3032f4e1a8ee54fe2817a3f3b5130635cf04fb641a6e819211d
2026-09-30,THEME,THEME:880557,ma20_width,0.6323529411764706,ACCEPTED,0.6323529411764706,68,68,3dd77c68f3f29601b59d09853a70977bfab15f3fba3edeca6737f75ef9d7bcc0,9f7ee99454374db02824b5c9d52e2da89fca30232bc291ddb1f48ef6db84b6c0,2ee46c732cbd9a2d9496fe9e4763efb9a1ab85568c9ae6e0d0e121bc4adb4265,164142652bf5b3032f4e1a8ee54fe2817a3f3b5130635cf04fb641a6e819211d
2026-09-30,THEME,THEME:880558,sector_rs1,-0.001205157458213424,ACCEPTED,-0.001205157458213424,340,0,3dd77c68f3f29601b59d09853a70977bfab15f3fba3edeca6737f75ef9d7bcc0,9f7ee99454374db02824b5c9d52e2da89fca30232bc291ddb1f48ef6db84b6c0,2ee46c732cbd9a2d9496fe9e4763efb9a1ab85568c9ae6e0d0e121bc4adb4265,164142652bf5b3032f4e1a8ee54fe2817a3f3b5130635cf04fb641a6e819211d
2026-09-30,THEME,THEME:880558,sector_rs5,-0.031981466525906166,ACCEPTED,-0.031981466525906166,340,0,3dd77c68f3f29601b59d09853a70977bfab15f3fba3edeca6737f75ef9d7bcc0,9f7ee99454374db02824b5c9d52e2da89fca30232bc291ddb1f48ef6db84b6c0,2ee46c732cbd9a2d9496fe9e4763efb9a1ab85568c9ae6e0d0e121bc4adb4265,164142652bf5b3032f4e1a8ee54fe2817a3f3b5130635cf04fb641a6e819211d
2026-09-30,THEME,THEME:880558,sector_rs20,-0.04317208400402883,ACCEPTED,-0.04317208400402883,340,0,3dd77c68f3f29601b59d09853a70977bfab15f3fba3edeca6737f75ef9d7bcc0,9f7ee99454374db02824b5c9d52e2da89fca30232bc291ddb1f48ef6db84b6c0,2ee46c732cbd9a2d9496fe9e4763efb9a1ab85568c9ae6e0d0e121bc4adb4265,164142652bf5b3032f4e1a8ee54fe2817a3f3b5130635cf04fb641a6e819211d
2026-09-30,THEME,THEME:880558,breadth_ret1,0.44970414201183434,ACCEPTED,0.44970414201183434,340,338,3dd77c68f3f29601b59d09853a70977bfab15f3fba3edeca6737f75ef9d7bcc0,9f7ee99454374db02824b5c9d52e2da89fca30232bc291ddb1f48ef6db84b6c0,2ee46c732cbd9a2d9496fe9e4763efb9a1ab85568c9ae6e0d0e121bc4adb4265,164142652bf5b3032f4e1a8ee54fe2817a3f3b5130635cf04fb641a6e819211d
2026-09-30,THEME,THEME:880558,breadth_ret5,0.21301775147928995,ACCEPTED,0.21301775147928995,340,338,3dd77c68f3f29601b59d09853a70977bfab15f3fba3edeca6737f75ef9d7bcc0,9f7ee99454374db02824b5c9d52e2da89fca30232bc291ddb1f48ef6db84b6c0,2ee46c732cbd9a2d9496fe9e4763efb9a1ab85568c9ae6e0d0e121bc4adb4265,164142652bf5b3032f4e1a8ee54fe2817a3f3b5130635cf04fb641a6e819211d
2026-09-30,THEME,THEME:880558,breadth_ret20,0.19230769230769232,ACCEPTED,0.19230769230769232,340,338,3dd77c68f3f29601b59d09853a70977bfab15f3fba3edeca6737f75ef9d7bcc0,9f7ee99454374db02824b5c9d52e2da89fca30232bc291ddb1f48ef6db84b6c0,2ee46c732cbd9a2d9496fe9e4763efb9a1ab85568c9ae6e0d0e121bc4adb4265,164142652bf5b3032f4e1a8ee54fe2817a3f3b5130635cf04fb641a6e819211d
2026-09-30,THEME,THEME:880558,ma20_width,0.257396449704142,ACCEPTED,0.257396449704142,340,338,3dd77c68f3f29601b59d09853a70977bfab15f3fba3edeca6737f75ef9d7bcc0,9f7ee99454374db02824b5c9d52e2da89fca30232bc291ddb1f48ef6db84b6c0,2ee46c732cbd9a2d9496fe9e4763efb9a1ab85568c9ae6e0d0e121bc4adb4265,164142652bf5b3032f4e1a8ee54fe2817a3f3b5130635cf04fb641a6e819211d
2026-09-30,THEME,THEME:880560,sector_rs1,-0.005633802816901401,ACCEPTED,-0.005633802816901401,375,0,3dd77c68f3f29601b59d09853a70977bfab15f3fba3edeca6737f75ef9d7bcc0,9f7ee99454374db02824b5c9d52e2da89fca30232bc291ddb1f48ef6db84b6c0,2ee46c732cbd9a2d9496fe9e4763efb9a1ab85568c9ae6e0d0e121bc4adb4265,164142652bf5b3032f4e1a8ee54fe2817a3f3b5130635cf04fb641a6e819211d
2026-09-30,THEME,THEME:880560,sector_rs5,-0.03183183183183169,ACCEPTED,-0.03183183183183169,375,0,3dd77c68f3f29601b59d09853a70977bfab15f3fba3edeca6737f75ef9d7bcc0,9f7ee99454374db02824b5c9d52e2da89fca30232bc291ddb1f48ef6db84b6c0,2ee46c732cbd9a2d9496fe9e4763efb9a1ab85568c9ae6e0d0e121bc4adb4265,164142652bf5b3032f4e1a8ee54fe2817a3f3b5130635cf04fb641a6e819211d
2026-09-30,THEME,THEME:880560,sector_rs20,-0.03832075563859272,ACCEPTED,-0.03832075563859272,375,0,3dd77c68f3f29601b59d09853a70977bfab15f3fba3edeca6737f75ef9d7bcc0,9f7ee99454374db02824b5c9d52e2da89fca30232bc291ddb1f48ef6db84b6c0,2ee46c732cbd9a2d9496fe9e4763efb9a1ab85568c9ae6e0d0e121bc4adb4265,164142652bf5b3032f4e1a8ee54fe2817a3f3b5130635cf04fb641a6e819211d
2026-09-30,THEME,THEME:880560,breadth_ret1,0.35656836461126007,ACCEPTED,0.35656836461126007,375,373,3dd77c68f3f29601b59d09853a70977bfab15f3fba3edeca6737f75ef9d7bcc0,9f7ee99454374db02824b5c9d52e2da89fca30232bc291ddb1f48ef6db84b6c0,2ee46c732cbd9a2d9496fe9e4763efb9a1ab85568c9ae6e0d0e121bc4adb4265,164142652bf5b3032f4e1a8ee54fe2817a3f3b5130635cf04fb641a6e819211d
2026-09-30,THEME,THEME:880560,breadth_ret5,0.21715817694369974,ACCEPTED,0.21715817694369974,375,373,3dd77c68f3f29601b59d09853a70977bfab15f3fba3edeca6737f75ef9d7bcc0,9f7ee99454374db02824b5c9d52e2da89fca30232bc291ddb1f48ef6db84b6c0,2ee46c732cbd9a2d9496fe9e4763efb9a1ab85568c9ae6e0d0e121bc4adb4265,164142652bf5b3032f4e1a8ee54fe2817a3f3b5130635cf04fb641a6e819211d
2026-09-30,THEME,THEME:880560,breadth_ret20,0.26344086021505375,ACCEPTED,0.26344086021505375,375,372,3dd77c68f3f29601b59d09853a70977bfab15f3fba3edeca6737f75ef9d7bcc0,9f7ee99454374db02824b5c9d52e2da89fca30232bc291ddb1f48ef6db84b6c0,2ee46c732cbd9a2d9496fe9e4763efb9a1ab85568c9ae6e0d0e121bc4adb4265,164142652bf5b3032f4e1a8ee54fe2817a3f3b5130635cf04fb641a6e819211d
2026-09-30,THEME,THEME:880560,ma20_width,0.3010752688172043,ACCEPTED,0.3010752688172043,375,372,3dd77c68f3f29601b59d09853a70977bfab15f3fba3edeca6737f75ef9d7bcc0,9f7ee99454374db02824b5c9d52e2da89fca30232bc291ddb1f48ef6db84b6c0,2ee46c732cbd9a2d9496fe9e4763efb9a1ab85568c9ae6e0d0e121bc4adb4265,164142652bf5b3032f4e1a8ee54fe2817a3f3b5130635cf04fb641a6e819211d
2026-09-30,THEME,THEME:880561,sector_rs1,-0.015337360034986092,ACCEPTED,-0.015337360034986092,118,0,3dd77c68f3f29601b59d09853a70977bfab15f3fba3edeca6737f75ef9d7bcc0,9f7ee99454374db02824b5c9d52e2da89fca30232bc291ddb1f48ef6db84b6c0,2ee46c732cbd9a2d9496fe9e4763efb9a1ab85568c9ae6e0d0e121bc4adb4265,164142652bf5b3032f4e1a8ee54fe2817a3f3b5130635cf04fb641a6e819211d
2026-09-30,THEME,THEME:880561,sector_rs5,-0.0710868079289132,ACCEPTED,-0.0710868079289132,118,0,3dd77c68f3f29601b59d09853a70977bfab15f3fba3edeca6737f75ef9d7bcc0,9f7ee99454374db02824b5c9d52e2da89fca30232bc291ddb1f48ef6db84b6c0,2ee46c732cbd9a2d9496fe9e4763efb9a1ab85568c9ae6e0d0e121bc4adb4265,164142652bf5b3032f4e1a8ee54fe2817a3f3b5130635cf04fb641a6e819211d
2026-09-30,THEME,THEME:880561,sector_rs20,-0.060322854715378016,ACCEPTED,-0.060322854715378016,118,0,3dd77c68f3f29601b59d09853a70977bfab15f3fba3edeca6737f75ef9d7bcc0,9f7ee99454374db02824b5c9d52e2da89fca30232bc291ddb1f48ef6db84b6c0,2ee46c732cbd9a2d9496fe9e4763efb9a1ab85568c9ae6e0d0e121bc4adb4265,164142652bf5b3032f4e1a8ee54fe2817a3f3b5130635cf04fb641a6e819211d
2026-09-30,THEME,THEME:880561,breadth_ret1,0.1810344827586207,ACCEPTED,0.1810344827586207,118,116,3dd77c68f3f29601b59d09853a70977bfab15f3fba3edeca6737f75ef9d7bcc0,9f7ee99454374db02824b5c9d52e2da89fca30232bc291ddb1f48ef6db84b6c0,2ee46c732cbd9a2d9496fe9e4763efb9a1ab85568c9ae6e0d0e121bc4adb4265,164142652bf5b3032f4e1a8ee54fe2817a3f3b5130635cf04fb641a6e819211d
2026-09-30,THEME,THEME:880561,breadth_ret5,0.02564102564102564,ACCEPTED,0.02564102564102564,118,117,3dd77c68f3f29601b59d09853a70977bfab15f3fba3edeca6737f75ef9d7bcc0,9f7ee99454374db02824b5c9d52e2da89fca30232bc291ddb1f48ef6db84b6c0,2ee46c732cbd9a2d9496fe9e4763efb9a1ab85568c9ae6e0d0e121bc4adb4265,164142652bf5b3032f4e1a8ee54fe2817a3f3b5130635cf04fb641a6e819211d
2026-09-30,THEME,THEME:880561,breadth_ret20,0.20512820512820512,ACCEPTED,0.20512820512820512,118,117,3dd77c68f3f29601b59d09853a70977bfab15f3fba3edeca6737f75ef9d7bcc0,9f7ee99454374db02824b5c9d52e2da89fca30232bc291ddb1f48ef6db84b6c0,2ee46c732cbd9a2d9496fe9e4763efb9a1ab85568c9ae6e0d0e121bc4adb4265,164142652bf5b3032f4e1a8ee54fe2817a3f3b5130635cf04fb641a6e819211d
2026-09-30,THEME,THEME:880561,ma20_width,0.1452991452991453,ACCEPTED,0.1452991452991453,118,117,3dd77c68f3f29601b59d09853a70977bfab15f3fba3edeca6737f75ef9d7bcc0,9f7ee99454374db02824b5c9d52e2da89fca30232bc291ddb1f48ef6db84b6c0,2ee46c732cbd9a2d9496fe9e4763efb9a1ab85568c9ae6e0d0e121bc4adb4265,164142652bf5b3032f4e1a8ee54fe2817a3f3b5130635cf04fb641a6e819211d
2026-09-30,THEME,THEME:880563,sector_rs1,-0.003947918030436204,ACCEPTED,-0.003947918030436204,64,0,3dd77c68f3f29601b59d09853a70977bfab15f3fba3edeca6737f75ef9d7bcc0,9f7ee99454374db02824b5c9d52e2da89fca30232bc291ddb1f48ef6db84b6c0,2ee46c732cbd9a2d9496fe9e4763efb9a1ab85568c9ae6e0d0e121bc4adb4265,164142652bf5b3032f4e1a8ee54fe2817a3f3b5130635cf04fb641a6e819211d
2026-09-30,THEME,THEME:880563,sector_rs5,-0.03164794593410725,ACCEPTED,-0.03164794593410725,64,0,3dd77c68f3f29601b59d09853a70977bfab15f3fba3edeca6737f75ef9d7bcc0,9f7ee99454374db02824b5c9d52e2da89fca30232bc291ddb1f48ef6db84b6c0,2ee46c732cbd9a2d9496fe9e4763efb9a1ab85568c9ae6e0d0e121bc4adb4265,164142652bf5b3032f4e1a8ee54fe2817a3f3b5130635cf04fb641a6e819211d
2026-09-30,THEME,THEME:880563,sector_rs20,-0.052271197876677666,ACCEPTED,-0.052271197876677666,64,0,3dd77c68f3f29601b59d09853a70977bfab15f3fba3edeca6737f75ef9d7bcc0,9f7ee99454374db02824b5c9d52e2da89fca30232bc291ddb1f48ef6db84b6c0,2ee46c732cbd9a2d9496fe9e4763efb9a1ab85568c9ae6e0d0e121bc4adb4265,164142652bf5b3032f4e1a8ee54fe2817a3f3b5130635cf04fb641a6e819211d
2026-09-30,THEME,THEME:880563,breadth_ret1,0.328125,ACCEPTED,0.328125,64,64,3dd77c68f3f29601b59d09853a70977bfab15f3fba3edeca6737f75ef9d7bcc0,9f7ee99454374db02824b5c9d52e2da89fca30232bc291ddb1f48ef6db84b6c0,2ee46c732cbd9a2d9496fe9e4763efb9a1ab85568c9ae6e0d0e121bc4adb4265,164142652bf5b3032f4e1a8ee54fe2817a3f3b5130635cf04fb641a6e819211d
2026-09-30,THEME,THEME:880563,breadth_ret5,0.09375,ACCEPTED,0.09375,64,64,3dd77c68f3f29601b59d09853a70977bfab15f3fba3edeca6737f75ef9d7bcc0,9f7ee99454374db02824b5c9d52e2da89fca30232bc291ddb1f48ef6db84b6c0,2ee46c732cbd9a2d9496fe9e4763efb9a1ab85568c9ae6e0d0e121bc4adb4265,164142652bf5b3032f4e1a8ee54fe2817a3f3b5130635cf04fb641a6e819211d
2026-09-30,THEME,THEME:880563,breadth_ret20,0.25,ACCEPTED,0.25,64,64,3dd77c68f3f29601b59d09853a70977bfab15f3fba3edeca6737f75ef9d7bcc0,9f7ee99454374db02824b5c9d52e2da89fca30232bc291ddb1f48ef6db84b6c0,2ee46c732cbd9a2d9496fe9e4763efb9a1ab85568c9ae6e0d0e121bc4adb4265,164142652bf5b3032f4e1a8ee54fe2817a3f3b5130635cf04fb641a6e819211d
2026-09-30,THEME,THEME:880563,ma20_width,0.265625,ACCEPTED,0.265625,64,64,3dd77c68f3f29601b59d09853a70977bfab15f3fba3edeca6737f75ef9d7bcc0,9f7ee99454374db02824b5c9d52e2da89fca30232bc291ddb1f48ef6db84b6c0,2ee46c732cbd9a2d9496fe9e4763efb9a1ab85568c9ae6e0d0e121bc4adb4265,164142652bf5b3032f4e1a8ee54fe2817a3f3b5130635cf04fb641a6e819211d
2026-09-30,THEME,THEME:880564,sector_rs1,0.01644414399188776,ACCEPTED,0.01644414399188776,48,0,3dd77c68f3f29601b59d09853a70977bfab15f3fba3edeca6737f75ef9d7bcc0,9f7ee99454374db02824b5c9d52e2da89fca30232bc291ddb1f48ef6db84b6c0,2ee46c732cbd9a2d9496fe9e4763efb9a1ab85568c9ae6e0d0e121bc4adb4265,164142652bf5b3032f4e1a8ee54fe2817a3f3b5130635cf04fb641a6e819211d
2026-09-30,THEME,THEME:880564,sector_rs5,-0.006830896350601523,ACCEPTED,-0.006830896350601523,48,0,3dd77c68f3f29601b59d09853a70977bfab15f3fba3edeca6737f75ef9d7bcc0,9f7ee99454374db02824b5c9d52e2da89fca30232bc291ddb1f48ef6db84b6c0,2ee46c732cbd9a2d9496fe9e4763efb9a1ab85568c9ae6e0d0e121bc4adb4265,164142652bf5b3032f4e1a8ee54fe2817a3f3b5130635cf04fb641a6e819211d
2026-09-30,THEME,THEME:880564,sector_rs20,-0.036641306780040295,ACCEPTED,-0.036641306780040295,48,0,3dd77c68f3f29601b59d09853a70977bfab15f3fba3edeca6737f75ef9d7bcc0,9f7ee99454374db02824b5c9d52e2da89fca30232bc291ddb1f48ef6db84b6c0,2ee46c732cbd9a2d9496fe9e4763efb9a1ab85568c9ae6e0d0e121bc4adb4265,164142652bf5b3032f4e1a8ee54fe2817a3f3b5130635cf04fb641a6e819211d
2026-09-30,THEME,THEME:880564,breadth_ret1,0.8333333333333334,ACCEPTED,0.8333333333333334,48,48,3dd77c68f3f29601b59d09853a70977bfab15f3fba3edeca6737f75ef9d7bcc0,9f7ee99454374db02824b5c9d52e2da89fca30232bc291ddb1f48ef6db84b6c0,2ee46c732cbd9a2d9496fe9e4763efb9a1ab85568c9ae6e0d0e121bc4adb4265,164142652bf5b3032f4e1a8ee54fe2817a3f3b5130635cf04fb641a6e819211d
2026-09-30,THEME,THEME:880564,breadth_ret5,0.3541666666666667,ACCEPTED,0.3541666666666667,48,48,3dd77c68f3f29601b59d09853a70977bfab15f3fba3edeca6737f75ef9d7bcc0,9f7ee99454374db02824b5c9d52e2da89fca30232bc291ddb1f48ef6db84b6c0,2ee46c732cbd9a2d9496fe9e4763efb9a1ab85568c9ae6e0d0e121bc4adb4265,164142652bf5b3032f4e1a8ee54fe2817a3f3b5130635cf04fb641a6e819211d
2026-09-30,THEME,THEME:880564,breadth_ret20,0.22916666666666666,ACCEPTED,0.22916666666666666,48,48,3dd77c68f3f29601b59d09853a70977bfab15f3fba3edeca6737f75ef9d7bcc0,9f7ee99454374db02824b5c9d52e2da89fca30232bc291ddb1f48ef6db84b6c0,2ee46c732cbd9a2d9496fe9e4763efb9a1ab85568c9ae6e0d0e121bc4adb4265,164142652bf5b3032f4e1a8ee54fe2817a3f3b5130635cf04fb641a6e819211d
2026-09-30,THEME,THEME:880564,ma20_width,0.375,ACCEPTED,0.375,48,48,3dd77c68f3f29601b59d09853a70977bfab15f3fba3edeca6737f75ef9d7bcc0,9f7ee99454374db02824b5c9d52e2da89fca30232bc291ddb1f48ef6db84b6c0,2ee46c732cbd9a2d9496fe9e4763efb9a1ab85568c9ae6e0d0e121bc4adb4265,164142652bf5b3032f4e1a8ee54fe2817a3f3b5130635cf04fb641a6e819211d
2026-09-30,THEME,THEME:880566,sector_rs1,-0.015475520540236376,ACCEPTED,-0.015475520540236376,189,0,3dd77c68f3f29601b59d09853a70977bfab15f3fba3edeca6737f75ef9d7bcc0,9f7ee99454374db02824b5c9d52e2da89fca30232bc291ddb1f48ef6db84b6c0,2ee46c732cbd9a2d9496fe9e4763efb9a1ab85568c9ae6e0d0e121bc4adb4265,164142652bf5b3032f4e1a8ee54fe2817a3f3b5130635cf04fb641a6e819211d
2026-09-30,THEME,THEME:880566,sector_rs5,-0.06400000000000006,ACCEPTED,-0.06400000000000006,189,0,3dd77c68f3f29601b59d09853a70977bfab15f3fba3edeca6737f75ef9d7bcc0,9f7ee99454374db02824b5c9d52e2da89fca30232bc291ddb1f48ef6db84b6c0,2ee46c732cbd9a2d9496fe9e4763efb9a1ab85568c9ae6e0d0e121bc4adb4265,164142652bf5b3032f4e1a8ee54fe2817a3f3b5130635cf04fb641a6e819211d
2026-09-30,THEME,THEME:880566,sector_rs20,-0.04959999999999998,ACCEPTED,-0.04959999999999998,189,0,3dd77c68f3f29601b59d09853a70977bfab15f3fba3edeca6737f75ef9d7bcc0,9f7ee99454374db02824b5c9d52e2da89fca30232bc291ddb1f48ef6db84b6c0,2ee46c732cbd9a2d9496fe9e4763efb9a1ab85568c9ae6e0d0e121bc4adb4265,164142652bf5b3032f4e1a8ee54fe2817a3f3b5130635cf04fb641a6e819211d
2026-09-30,THEME,THEME:880566,breadth_ret1,0.2727272727272727,ACCEPTED,0.2727272727272727,189,187,3dd77c68f3f29601b59d09853a70977bfab15f3fba3edeca6737f75ef9d7bcc0,9f7ee99454374db02824b5c9d52e2da89fca30232bc291ddb1f48ef6db84b6c0,2ee46c732cbd9a2d9496fe9e4763efb9a1ab85568c9ae6e0d0e121bc4adb4265,164142652bf5b3032f4e1a8ee54fe2817a3f3b5130635cf04fb641a6e819211d
2026-09-30,THEME,THEME:880566,breadth_ret5,0.08021390374331551,ACCEPTED,0.08021390374331551,189,187,3dd77c68f3f29601b59d09853a70977bfab15f3fba3edeca6737f75ef9d7bcc0,9f7ee99454374db02824b5c9d52e2da89fca30232bc291ddb1f48ef6db84b6c0,2ee46c732cbd9a2d9496fe9e4763efb9a1ab85568c9ae6e0d0e121bc4adb4265,164142652bf5b3032f4e1a8ee54fe2817a3f3b5130635cf04fb641a6e819211d
2026-09-30,THEME,THEME:880566,breadth_ret20,0.22994652406417113,ACCEPTED,0.22994652406417113,189,187,3dd77c68f3f29601b59d09853a70977bfab15f3fba3edeca6737f75ef9d7bcc0,9f7ee99454374db02824b5c9d52e2da89fca30232bc291ddb1f48ef6db84b6c0,2ee46c732cbd9a2d9496fe9e4763efb9a1ab85568c9ae6e0d0e121bc4adb4265,164142652bf5b3032f4e1a8ee54fe2817a3f3b5130635cf04fb641a6e819211d
2026-09-30,THEME,THEME:880566,ma20_width,0.2620320855614973,ACCEPTED,0.2620320855614973,189,187,3dd77c68f3f29601b59d09853a70977bfab15f3fba3edeca6737f75ef9d7bcc0,9f7ee99454374db02824b5c9d52e2da89fca30232bc291ddb1f48ef6db84b6c0,2ee46c732cbd9a2d9496fe9e4763efb9a1ab85568c9ae6e0d0e121bc4adb4265,164142652bf5b3032f4e1a8ee54fe2817a3f3b5130635cf04fb641a6e819211d
2026-09-30,THEME,THEME:880567,sector_rs1,0.002670226969292422,ACCEPTED,0.002670226969292422,47,0,3dd77c68f3f29601b59d09853a70977bfab15f3fba3edeca6737f75ef9d7bcc0,9f7ee99454374db02824b5c9d52e2da89fca30232bc291ddb1f48ef6db84b6c0,2ee46c732cbd9a2d9496fe9e4763efb9a1ab85568c9ae6e0d0e121bc4adb4265,164142652bf5b3032f4e1a8ee54fe2817a3f3b5130635cf04fb641a6e819211d
2026-09-30,THEME,THEME:880567,sector_rs5,-0.03632478632478631,ACCEPTED,-0.03632478632478631,47,0,3dd77c68f3f29601b59d09853a70977bfab15f3fba3edeca6737f75ef9d7bcc0,9f7ee99454374db02824b5c9d52e2da89fca30232bc291ddb1f48ef6db84b6c0,2ee46c732cbd9a2d9496fe9e4763efb9a1ab85568c9ae6e0d0e121bc4adb4265,164142652bf5b3032f4e1a8ee54fe2817a3f3b5130635cf04fb641a6e819211d
2026-09-30,THEME,THEME:880567,sector_rs20,-0.06178489702517176,ACCEPTED,-0.06178489702517176,47,0,3dd77c68f3f29601b59d09853a70977bfab15f3fba3edeca6737f75ef9d7bcc0,9f7ee99454374db02824b5c9d52e2da89fca30232bc291ddb1f48ef6db84b6c0,2ee46c732cbd9a2d9496fe9e4763efb9a1ab85568c9ae6e0d0e121bc4adb4265,164142652bf5b3032f4e1a8ee54fe2817a3f3b5130635cf04fb641a6e819211d
2026-09-30,THEME,THEME:880567,breadth_ret1,0.5777777777777777,ACCEPTED,0.5777777777777777,47,45,3dd77c68f3f29601b59d09853a70977bfab15f3fba3edeca6737f75ef9d7bcc0,9f7ee99454374db02824b5c9d52e2da89fca30232bc291ddb1f48ef6db84b6c0,2ee46c732cbd9a2d9496fe9e4763efb9a1ab85568c9ae6e0d0e121bc4adb4265,164142652bf5b3032f4e1a8ee54fe2817a3f3b5130635cf04fb641a6e819211d
2026-09-30,THEME,THEME:880567,breadth_ret5,0.1111111111111111,ACCEPTED,0.1111111111111111,47,45,3dd77c68f3f29601b59d09853a70977bfab15f3fba3edeca6737f75ef9d7bcc0,9f7ee99454374db02824b5c9d52e2da89fca30232bc291ddb1f48ef6db84b6c0,2ee46c732cbd9a2d9496fe9e4763efb9a1ab85568c9ae6e0d0e121bc4adb4265,164142652bf5b3032f4e1a8ee54fe2817a3f3b5130635cf04fb641a6e819211d
2026-09-30,THEME,THEME:880567,breadth_ret20,0.15555555555555556,ACCEPTED,0.15555555555555556,47,45,3dd77c68f3f29601b59d09853a70977bfab15f3fba3edeca6737f75ef9d7bcc0,9f7ee99454374db02824b5c9d52e2da89fca30232bc291ddb1f48ef6db84b6c0,2ee46c732cbd9a2d9496fe9e4763efb9a1ab85568c9ae6e0d0e121bc4adb4265,164142652bf5b3032f4e1a8ee54fe2817a3f3b5130635cf04fb641a6e819211d
2026-09-30,THEME,THEME:880567,ma20_width,0.17777777777777778,ACCEPTED,0.17777777777777778,47,45,3dd77c68f3f29601b59d09853a70977bfab15f3fba3edeca6737f75ef9d7bcc0,9f7ee99454374db02824b5c9d52e2da89fca30232bc291ddb1f48ef6db84b6c0,2ee46c732cbd9a2d9496fe9e4763efb9a1ab85568c9ae6e0d0e121bc4adb4265,164142652bf5b3032f4e1a8ee54fe2817a3f3b5130635cf04fb641a6e819211d
2026-09-30,THEME,THEME:880568,sector_rs1,0.005018820577164407,ACCEPTED,0.005018820577164407,66,0,3dd77c68f3f29601b59d09853a70977bfab15f3fba3edeca6737f75ef9d7bcc0,9f7ee99454374db02824b5c9d52e2da89fca30232bc291ddb1f48ef6db84b6c0,2ee46c732cbd9a2d9496fe9e4763efb9a1ab85568c9ae6e0d0e121bc4adb4265,164142652bf5b3032f4e1a8ee54fe2817a3f3b5130635cf04fb641a6e819211d
2026-09-30,THEME,THEME:880568,sector_rs5,-0.01754385964912286,ACCEPTED,-0.01754385964912286,66,0,3dd77c68f3f29601b59d09853a70977bfab15f3fba3edeca6737f75ef9d7bcc0,9f7ee99454374db02824b5c9d52e2da89fca30232bc291ddb1f48ef6db84b6c0,2ee46c732cbd9a2d9496fe9e4763efb9a1ab85568c9ae6e0d0e121bc4adb4265,164142652bf5b3032f4e1a8ee54fe2817a3f3b5130635cf04fb641a6e819211d
2026-09-30,THEME,THEME:880568,sector_rs20,-0.03232462173314987,ACCEPTED,-0.03232462173314987,66,0,3dd77c68f3f29601b59d09853a70977bfab15f3fba3edeca6737f75ef9d7bcc0,9f7ee99454374db02824b5c9d52e2da89fca30232bc291ddb1f48ef6db84b6c0,2ee46c732cbd9a2d9496fe9e4763efb9a1ab85568c9ae6e0d0e121bc4adb4265,164142652bf5b3032f4e1a8ee54fe2817a3f3b5130635cf04fb641a6e819211d
2026-09-30,THEME,THEME:880568,breadth_ret1,0.6,ACCEPTED,0.6,66,65,3dd77c68f3f29601b59d09853a70977bfab15f3fba3edeca6737f75ef9d7bcc0,9f7ee99454374db02824b5c9d52e2da89fca30232bc291ddb1f48ef6db84b6c0,2ee46c732cbd9a2d9496fe9e4763efb9a1ab85568c9ae6e0d0e121bc4adb4265,164142652bf5b3032f4e1a8ee54fe2817a3f3b5130635cf04fb641a6e819211d
2026-09-30,THEME,THEME:880568,breadth_ret5,0.24615384615384617,ACCEPTED,0.24615384615384617,66,65,3dd77c68f3f29601b59d09853a70977bfab15f3fba3edeca6737f75ef9d7bcc0,9f7ee99454374db02824b5c9d52e2da89fca30232bc291ddb1f48ef6db84b6c0,2ee46c732cbd9a2d9496fe9e4763efb9a1ab85568c9ae6e0d0e121bc4adb4265,164142652bf5b3032f4e1a8ee54fe2817a3f3b5130635cf04fb641a6e819211d
2026-09-30,THEME,THEME:880568,breadth_ret20,0.2,ACCEPTED,0.2,66,65,3dd77c68f3f29601b59d09853a70977bfab15f3fba3edeca6737f75ef9d7bcc0,9f7ee99454374db02824b5c9d52e2da89fca30232bc291ddb1f48ef6db84b6c0,2ee46c732cbd9a2d9496fe9e4763efb9a1ab85568c9ae6e0d0e121bc4adb4265,164142652bf5b3032f4e1a8ee54fe2817a3f3b5130635cf04fb641a6e819211d
2026-09-30,THEME,THEME:880568,ma20_width,0.23076923076923078,ACCEPTED,0.23076923076923078,66,65,3dd77c68f3f29601b59d09853a70977bfab15f3fba3edeca6737f75ef9d7bcc0,9f7ee99454374db02824b5c9d52e2da89fca30232bc291ddb1f48ef6db84b6c0,2ee46c732cbd9a2d9496fe9e4763efb9a1ab85568c9ae6e0d0e121bc4adb4265,164142652bf5b3032f4e1a8ee54fe2817a3f3b5130635cf04fb641a6e819211d
2026-09-30,THEME,THEME:880569,sector_rs1,-0.008286431165141994,ACCEPTED,-0.008286431165141994,134,0,3dd77c68f3f29601b59d09853a70977bfab15f3fba3edeca6737f75ef9d7bcc0,9f7ee99454374db02824b5c9d52e2da89fca30232bc291ddb1f48ef6db84b6c0,2ee46c732cbd9a2d9496fe9e4763efb9a1ab85568c9ae6e0d0e121bc4adb4265,164142652bf5b3032f4e1a8ee54fe2817a3f3b5130635cf04fb641a6e819211d
2026-09-30,THEME,THEME:880569,sector_rs5,-0.048145219266714556,ACCEPTED,-0.048145219266714556,134,0,3dd77c68f3f29601b59d09853a70977bfab15f3fba3edeca6737f75ef9d7bcc0,9f7ee99454374db02824b5c9d52e2da89fca30232bc291ddb1f48ef6db84b6c0,2ee46c732cbd9a2d9496fe9e4763efb9a1ab85568c9ae6e0d0e121bc4adb4265,164142652bf5b3032f4e1a8ee54fe2817a3f3b5130635cf04fb641a6e819211d
2026-09-30,THEME,THEME:880569,sector_rs20,-0.049523809523809526,ACCEPTED,-0.049523809523809526,134,0,3dd77c68f3f29601b59d09853a70977bfab15f3fba3edeca6737f75ef9d7bcc0,9f7ee99454374db02824b5c9d52e2da89fca30232bc291ddb1f48ef6db84b6c0,2ee46c732cbd9a2d9496fe9e4763efb9a1ab85568c9ae6e0d0e121bc4adb4265,164142652bf5b3032f4e1a8ee54fe2817a3f3b5130635cf04fb641a6e819211d
2026-09-30,THEME,THEME:880569,breadth_ret1,0.2835820895522388,ACCEPTED,0.2835820895522388,134,134,3dd77c68f3f29601b59d09853a70977bfab15f3fba3edeca6737f75ef9d7bcc0,9f7ee99454374db02824b5c9d52e2da89fca30232bc291ddb1f48ef6db84b6c0,2ee46c732cbd9a2d9496fe9e4763efb9a1ab85568c9ae6e0d0e121bc4adb4265,164142652bf5b3032f4e1a8ee54fe2817a3f3b5130635cf04fb641a6e819211d
2026-09-30,THEME,THEME:880569,breadth_ret5,0.12686567164179105,ACCEPTED,0.12686567164179105,134,134,3dd77c68f3f29601b59d09853a70977bfab15f3fba3edeca6737f75ef9d7bcc0,9f7ee99454374db02824b5c9d52e2da89fca30232bc291ddb1f48ef6db84b6c0,2ee46c732cbd9a2d9496fe9e4763efb9a1ab85568c9ae6e0d0e121bc4adb4265,164142652bf5b3032f4e1a8ee54fe2817a3f3b5130635cf04fb641a6e819211d
2026-09-30,THEME,THEME:880569,breadth_ret20,0.13533834586466165,ACCEPTED,0.13533834586466165,134,133,3dd77c68f3f29601b59d09853a70977bfab15f3fba3edeca6737f75ef9d7bcc0,9f7ee99454374db02824b5c9d52e2da89fca30232bc291ddb1f48ef6db84b6c0,2ee46c732cbd9a2d9496fe9e4763efb9a1ab85568c9ae6e0d0e121bc4adb4265,164142652bf5b3032f4e1a8ee54fe2817a3f3b5130635cf04fb641a6e819211d
2026-09-30,THEME,THEME:880569,ma20_width,0.19548872180451127,ACCEPTED,0.19548872180451127,134,133,3dd77c68f3f29601b59d09853a70977bfab15f3fba3edeca6737f75ef9d7bcc0,9f7ee99454374db02824b5c9d52e2da89fca30232bc291ddb1f48ef6db84b6c0,2ee46c732cbd9a2d9496fe9e4763efb9a1ab85568c9ae6e0d0e121bc4adb4265,164142652bf5b3032f4e1a8ee54fe2817a3f3b5130635cf04fb641a6e819211d
2026-09-30,THEME,THEME:880571,sector_rs1,-0.008496389275112703,ACCEPTED,-0.008496389275112703,74,0,3dd77c68f3f29601b59d09853a70977bfab15f3fba3edeca6737f75ef9d7bcc0,9f7ee99454374db02824b5c9d52e2da89fca30232bc291ddb1f48ef6db84b6c0,2ee46c732cbd9a2d9496fe9e4763efb9a1ab85568c9ae6e0d0e121bc4adb4265,164142652bf5b3032f4e1a8ee54fe2817a3f3b5130635cf04fb641a6e819211d
2026-09-30,THEME,THEME:880571,sector_rs5,-0.04421815411591273,ACCEPTED,-0.04421815411591273,74,0,3dd77c68f3f29601b59d09853a70977bfab15f3fba3edeca6737f75ef9d7bcc0,9f7ee99454374db02824b5c9d52e2da89fca30232bc291ddb1f48ef6db84b6c0,2ee46c732cbd9a2d9496fe9e4763efb9a1ab85568c9ae6e0d0e121bc4adb4265,164142652bf5b3032f4e1a8ee54fe2817a3f3b5130635cf04fb641a6e819211d
2026-09-30,THEME,THEME:880571,sector_rs20,-0.04471239767342727,ACCEPTED,-0.04471239767342727,74,0,3dd77c68f3f29601b59d09853a70977bfab15f3fba3edeca6737f75ef9d7bcc0,9f7ee99454374db02824b5c9d52e2da89fca30232bc291ddb1f48ef6db84b6c0,2ee46c732cbd9a2d9496fe9e4763efb9a1ab85568c9ae6e0d0e121bc4adb4265,164142652bf5b3032f4e1a8ee54fe2817a3f3b5130635cf04fb641a6e819211d
2026-09-30,THEME,THEME:880571,breadth_ret1,0.36486486486486486,ACCEPTED,0.36486486486486486,74,74,3dd77c68f3f29601b59d09853a70977bfab15f3fba3edeca6737f75ef9d7bcc0,9f7ee99454374db02824b5c9d52e2da89fca30232bc291ddb1f48ef6db84b6c0,2ee46c732cbd9a2d9496fe9e4763efb9a1ab85568c9ae6e0d0e121bc4adb4265,164142652bf5b3032f4e1a8ee54fe2817a3f3b5130635cf04fb641a6e819211d
2026-09-30,THEME,THEME:880571,breadth_ret5,0.0945945945945946,ACCEPTED,0.0945945945945946,74,74,3dd77c68f3f29601b59d09853a70977bfab15f3fba3edeca6737f75ef9d7bcc0,9f7ee99454374db02824b5c9d52e2da89fca30232bc291ddb1f48ef6db84b6c0,2ee46c732cbd9a2d9496fe9e4763efb9a1ab85568c9ae6e0d0e121bc4adb4265,164142652bf5b3032f4e1a8ee54fe2817a3f3b5130635cf04fb641a6e819211d
2026-09-30,THEME,THEME:880571,breadth_ret20,0.20270270270270271,ACCEPTED,0.20270270270270271,74,74,3dd77c68f3f29601b59d09853a70977bfab15f3fba3edeca6737f75ef9d7bcc0,9f7ee99454374db02824b5c9d52e2da89fca30232bc291ddb1f48ef6db84b6c0,2ee46c732cbd9a2d9496fe9e4763efb9a1ab85568c9ae6e0d0e121bc4adb4265,164142652bf5b3032f4e1a8ee54fe2817a3f3b5130635cf04fb641a6e819211d
2026-09-30,THEME,THEME:880571,ma20_width,0.17567567567567569,ACCEPTED,0.17567567567567569,74,74,3dd77c68f3f29601b59d09853a70977bfab15f3fba3edeca6737f75ef9d7bcc0,9f7ee99454374db02824b5c9d52e2da89fca30232bc291ddb1f48ef6db84b6c0,2ee46c732cbd9a2d9496fe9e4763efb9a1ab85568c9ae6e0d0e121bc4adb4265,164142652bf5b3032f4e1a8ee54fe2817a3f3b5130635cf04fb641a6e819211d
2026-09-30,THEME,THEME:880572,sector_rs1,0.003549892506947705,ACCEPTED,0.003549892506947705,323,0,3dd77c68f3f29601b59d09853a70977bfab15f3fba3edeca6737f75ef9d7bcc0,9f7ee99454374db02824b5c9d52e2da89fca30232bc291ddb1f48ef6db84b6c0,2ee46c732cbd9a2d9496fe9e4763efb9a1ab85568c9ae6e0d0e121bc4adb4265,164142652bf5b3032f4e1a8ee54fe2817a3f3b5130635cf04fb641a6e819211d
2026-09-30,THEME,THEME:880572,sector_rs5,-0.017942001343940084,ACCEPTED,-0.017942001343940084,323,0,3dd77c68f3f29601b59d09853a70977bfab15f3fba3edeca6737f75ef9d7bcc0,9f7ee99454374db02824b5c9d52e2da89fca30232bc291ddb1f48ef6db84b6c0,2ee46c732cbd9a2d9496fe9e4763efb9a1ab85568c9ae6e0d0e121bc4adb4265,164142652bf5b3032f4e1a8ee54fe2817a3f3b5130635cf04fb641a6e819211d
2026-09-30,THEME,THEME:880572,sector_rs20,-0.029289542938968294,ACCEPTED,-0.029289542938968294,323,0,3dd77c68f3f29601b59d09853a70977bfab15f3fba3edeca6737f75ef9d7bcc0,9f7ee99454374db02824b5c9d52e2da89fca30232bc291ddb1f48ef6db84b6c0,2ee46c732cbd9a2d9496fe9e4763efb9a1ab85568c9ae6e0d0e121bc4adb4265,164142652bf5b3032f4e1a8ee54fe2817a3f3b5130635cf04fb641a6e819211d
2026-09-30,THEME,THEME:880572,breadth_ret1,0.5652173913043478,ACCEPTED,0.5652173913043478,323,322,3dd77c68f3f29601b59d09853a70977bfab15f3fba3edeca6737f75ef9d7bcc0,9f7ee99454374db02824b5c9d52e2da89fca30232bc291ddb1f48ef6db84b6c0,2ee46c732cbd9a2d9496fe9e4763efb9a1ab85568c9ae6e0d0e121bc4adb4265,164142652bf5b3032f4e1a8ee54fe2817a3f3b5130635cf04fb641a6e819211d
2026-09-30,THEME,THEME:880572,breadth_ret5,0.2546583850931677,ACCEPTED,0.2546583850931677,323,322,3dd77c68f3f29601b59d09853a70977bfab15f3fba3edeca6737f75ef9d7bcc0,9f7ee99454374db02824b5c9d52e2da89fca30232bc291ddb1f48ef6db84b6c0,2ee46c732cbd9a2d9496fe9e4763efb9a1ab85568c9ae6e0d0e121bc4adb4265,164142652bf5b3032f4e1a8ee54fe2817a3f3b5130635cf04fb641a6e819211d
2026-09-30,THEME,THEME:880572,breadth_ret20,0.2639751552795031,ACCEPTED,0.2639751552795031,323,322,3dd77c68f3f29601b59d09853a70977bfab15f3fba3edeca6737f75ef9d7bcc0,9f7ee99454374db02824b5c9d52e2da89fca30232bc291ddb1f48ef6db84b6c0,2ee46c732cbd9a2d9496fe9e4763efb9a1ab85568c9ae6e0d0e121bc4adb4265,164142652bf5b3032f4e1a8ee54fe2817a3f3b5130635cf04fb641a6e819211d
2026-09-30,THEME,THEME:880572,ma20_width,0.35714285714285715,ACCEPTED,0.35714285714285715,323,322,3dd77c68f3f29601b59d09853a70977bfab15f3fba3edeca6737f75ef9d7bcc0,9f7ee99454374db02824b5c9d52e2da89fca30232bc291ddb1f48ef6db84b6c0,2ee46c732cbd9a2d9496fe9e4763efb9a1ab85568c9ae6e0d0e121bc4adb4265,164142652bf5b3032f4e1a8ee54fe2817a3f3b5130635cf04fb641a6e819211d
2026-09-30,THEME,THEME:880574,sector_rs1,-0.015311355311355301,ACCEPTED,-0.015311355311355301,144,0,3dd77c68f3f29601b59d09853a70977bfab15f3fba3edeca6737f75ef9d7bcc0,9f7ee99454374db02824b5c9d52e2da89fca30232bc291ddb1f48ef6db84b6c0,2ee46c732cbd9a2d9496fe9e4763efb9a1ab85568c9ae6e0d0e121bc4adb4265,164142652bf5b3032f4e1a8ee54fe2817a3f3b5130635cf04fb641a6e819211d
2026-09-30,THEME,THEME:880574,sector_rs5,-0.06883414598646392,ACCEPTED,-0.06883414598646392,144,0,3dd77c68f3f29601b59d09853a70977bfab15f3fba3edeca6737f75ef9d7bcc0,9f7ee99454374db02824b5c9d52e2da89fca30232bc291ddb1f48ef6db84b6c0,2ee46c732cbd9a2d9496fe9e4763efb9a1ab85568c9ae6e0d0e121bc4adb4265,164142652bf5b3032f4e1a8ee54fe2817a3f3b5130635cf04fb641a6e819211d
2026-09-30,THEME,THEME:880574,sector_rs20,-0.05795363032205142,ACCEPTED,-0.05795363032205142,144,0,3dd77c68f3f29601b59d09853a70977bfab15f3fba3edeca6737f75ef9d7bcc0,9f7ee99454374db02824b5c9d52e2da89fca30232bc291ddb1f48ef6db84b6c0,2ee46c732cbd9a2d9496fe9e4763efb9a1ab85568c9ae6e0d0e121bc4adb4265,164142652bf5b3032f4e1a8ee54fe2817a3f3b5130635cf04fb641a6e819211d
2026-09-30,THEME,THEME:880574,breadth_ret1,0.22916666666666666,ACCEPTED,0.22916666666666666,144,144,3dd77c68f3f29601b59d09853a70977bfab15f3fba3edeca6737f75ef9d7bcc0,9f7ee99454374db02824b5c9d52e2da89fca30232bc291ddb1f48ef6db84b6c0,2ee46c732cbd9a2d9496fe9e4763efb9a1ab85568c9ae6e0d0e121bc4adb4265,164142652bf5b3032f4e1a8ee54fe2817a3f3b5130635cf04fb641a6e819211d
2026-09-30,THEME,THEME:880574,breadth_ret5,0.0763888888888889,ACCEPTED,0.0763888888888889,144,144,3dd77c68f3f29601b59d09853a70977bfab15f3fba3edeca6737f75ef9d7bcc0,9f7ee99454374db02824b5c9d52e2da89fca30232bc291ddb1f48ef6db84b6c0,2ee46c732cbd9a2d9496fe9e4763efb9a1ab85568c9ae6e0d0e121bc4adb4265,164142652bf5b3032f4e1a8ee54fe2817a3f3b5130635cf04fb641a6e819211d
2026-09-30,THEME,THEME:880574,breadth_ret20,0.2569444444444444,ACCEPTED,0.2569444444444444,144,144,3dd77c68f3f29601b59d09853a70977bfab15f3fba3edeca6737f75ef9d7bcc0,9f7ee99454374db02824b5c9d52e2da89fca30232bc291ddb1f48ef6db84b6c0,2ee46c732cbd9a2d9496fe9e4763efb9a1ab85568c9ae6e0d0e121bc4adb4265,164142652bf5b3032f4e1a8ee54fe2817a3f3b5130635cf04fb641a6e819211d
2026-09-30,THEME,THEME:880574,ma20_width,0.24305555555555555,ACCEPTED,0.24305555555555555,144,144,3dd77c68f3f29601b59d09853a70977bfab15f3fba3edeca6737f75ef9d7bcc0,9f7ee99454374db02824b5c9d52e2da89fca30232bc291ddb1f48ef6db84b6c0,2ee46c732cbd9a2d9496fe9e4763efb9a1ab85568c9ae6e0d0e121bc4adb4265,164142652bf5b3032f4e1a8ee54fe2817a3f3b5130635cf04fb641a6e819211d
2026-09-30,THEME,THEME:880575,sector_rs1,0.0007680491551459445,ACCEPTED,0.0007680491551459445,20,0,3dd77c68f3f29601b59d09853a70977bfab15f3fba3edeca6737f75ef9d7bcc0,9f7ee99454374db02824b5c9d52e2da89fca30232bc291ddb1f48ef6db84b6c0,2ee46c732cbd9a2d9496fe9e4763efb9a1ab85568c9ae6e0d0e121bc4adb4265,164142652bf5b3032f4e1a8ee54fe2817a3f3b5130635cf04fb641a6e819211d
2026-09-30,THEME,THEME:880575,sector_rs5,-0.04713174911730872,ACCEPTED,-0.04713174911730872,20,0,3dd77c68f3f29601b59d09853a70977bfab15f3fba3edeca6737f75ef9d7bcc0,9f7ee99454374db02824b5c9d52e2da89fca30232bc291ddb1f48ef6db84b6c0,2ee46c732cbd9a2d9496fe9e4763efb9a1ab85568c9ae6e0d0e121bc4adb4265,164142652bf5b3032f4e1a8ee54fe2817a3f3b5130635cf04fb641a6e819211d
2026-09-30,THEME,THEME:880575,sector_rs20,-0.05062456066188542,ACCEPTED,-0.05062456066188542,20,0,3dd77c68f3f29601b59d09853a70977bfab15f3fba3edeca6737f75ef9d7bcc0,9f7ee99454374db02824b5c9d52e2da89fca30232bc291ddb1f48ef6db84b6c0,2ee46c732cbd9a2d9496fe9e4763efb9a1ab85568c9ae6e0d0e121bc4adb4265,164142652bf5b3032f4e1a8ee54fe2817a3f3b5130635cf04fb641a6e819211d
2026-09-30,THEME,THEME:880575,breadth_ret1,0.5,ACCEPTED,0.5,20,20,3dd77c68f3f29601b59d09853a70977bfab15f3fba3edeca6737f75ef9d7bcc0,9f7ee99454374db02824b5c9d52e2da89fca30232bc291ddb1f48ef6db84b6c0,2ee46c732cbd9a2d9496fe9e4763efb9a1ab85568c9ae6e0d0e121bc4adb4265,164142652bf5b3032f4e1a8ee54fe2817a3f3b5130635cf04fb641a6e819211d
2026-09-30,THEME,THEME:880575,breadth_ret5,0.1,ACCEPTED,0.1,20,20,3dd77c68f3f29601b59d09853a70977bfab15f3fba3edeca6737f75ef9d7bcc0,9f7ee99454374db02824b5c9d52e2da89fca30232bc291ddb1f48ef6db84b6c0,2ee46c732cbd9a2d9496fe9e4763efb9a1ab85568c9ae6e0d0e121bc4adb4265,164142652bf5b3032f4e1a8ee54fe2817a3f3b5130635cf04fb641a6e819211d
2026-09-30,THEME,THEME:880575,breadth_ret20,0.2,ACCEPTED,0.2,20,20,3dd77c68f3f29601b59d09853a70977bfab15f3fba3edeca6737f75ef9d7bcc0,9f7ee99454374db02824b5c9d52e2da89fca30232bc291ddb1f48ef6db84b6c0,2ee46c732cbd9a2d9496fe9e4763efb9a1ab85568c9ae6e0d0e121bc4adb4265,164142652bf5b3032f4e1a8ee54fe2817a3f3b5130635cf04fb641a6e819211d
2026-09-30,THEME,THEME:880575,ma20_width,0.1,ACCEPTED,0.1,20,20,3dd77c68f3f29601b59d09853a70977bfab15f3fba3edeca6737f75ef9d7bcc0,9f7ee99454374db02824b5c9d52e2da89fca30232bc291ddb1f48ef6db84b6c0,2ee46c732cbd9a2d9496fe9e4763efb9a1ab85568c9ae6e0d0e121bc4adb4265,164142652bf5b3032f4e1a8ee54fe2817a3f3b5130635cf04fb641a6e819211d
2026-09-30,THEME,THEME:880577,sector_rs1,-0.009870450339296788,ACCEPTED,-0.009870450339296788,134,0,3dd77c68f3f29601b59d09853a70977bfab15f3fba3edeca6737f75ef9d7bcc0,9f7ee99454374db02824b5c9d52e2da89fca30232bc291ddb1f48ef6db84b6c0,2ee46c732cbd9a2d9496fe9e4763efb9a1ab85568c9ae6e0d0e121bc4adb4265,164142652bf5b3032f4e1a8ee54fe2817a3f3b5130635cf04fb641a6e819211d
2026-09-30,THEME,THEME:880577,sector_rs5,-0.03721269609631517,ACCEPTED,-0.03721269609631517,134,0,3dd77c68f3f29601b59d09853a70977bfab15f3fba3edeca6737f75ef9d7bcc0,9f7ee99454374db02824b5c9d52e2da89fca30232bc291ddb1f48ef6db84b6c0,2ee46c732cbd9a2d9496fe9e4763efb9a1ab85568c9ae6e0d0e121bc4adb4265,164142652bf5b3032f4e1a8ee54fe2817a3f3b5130635cf04fb641a6e819211d
2026-09-30,THEME,THEME:880577,sector_rs20,-0.05896805896805901,ACCEPTED,-0.05896805896805901,134,0,3dd77c68f3f29601b59d09853a70977bfab15f3fba3edeca6737f75ef9d7bcc0,9f7ee99454374db02824b5c9d52e2da89fca30232bc291ddb1f48ef6db84b6c0,2ee46c732cbd9a2d9496fe9e4763efb9a1ab85568c9ae6e0d0e121bc4adb4265,164142652bf5b3032f4e1a8ee54fe2817a3f3b5130635cf04fb641a6e819211d
2026-09-30,THEME,THEME:880577,breadth_ret1,0.3082706766917293,ACCEPTED,0.3082706766917293,134,133,3dd77c68f3f29601b59d09853a70977bfab15f3fba3edeca6737f75ef9d7bcc0,9f7ee99454374db02824b5c9d52e2da89fca30232bc291ddb1f48ef6db84b6c0,2ee46c732cbd9a2d9496fe9e4763efb9a1ab85568c9ae6e0d0e121bc4adb4265,164142652bf5b3032f4e1a8ee54fe2817a3f3b5130635cf04fb641a6e819211d
2026-09-30,THEME,THEME:880577,breadth_ret5,0.13533834586466165,ACCEPTED,0.13533834586466165,134,133,3dd77c68f3f29601b59d09853a70977bfab15f3fba3edeca6737f75ef9d7bcc0,9f7ee99454374db02824b5c9d52e2da89fca30232bc291ddb1f48ef6db84b6c0,2ee46c732cbd9a2d9496fe9e4763efb9a1ab85568c9ae6e0d0e121bc4adb4265,164142652bf5b3032f4e1a8ee54fe2817a3f3b5130635cf04fb641a6e819211d
2026-09-30,THEME,THEME:880577,breadth_ret20,0.24060150375939848,ACCEPTED,0.24060150375939848,134,133,3dd77c68f3f29601b59d09853a70977bfab15f3fba3edeca6737f75ef9d7bcc0,9f7ee99454374db02824b5c9d52e2da89fca30232bc291ddb1f48ef6db84b6c0,2ee46c732cbd9a2d9496fe9e4763efb9a1ab85568c9ae6e0d0e121bc4adb4265,164142652bf5b3032f4e1a8ee54fe2817a3f3b5130635cf04fb641a6e819211d
2026-09-30,THEME,THEME:880577,ma20_width,0.2932330827067669,ACCEPTED,0.2932330827067669,134,133,3dd77c68f3f29601b59d09853a70977bfab15f3fba3edeca6737f75ef9d7bcc0,9f7ee99454374db02824b5c9d52e2da89fca30232bc291ddb1f48ef6db84b6c0,2ee46c732cbd9a2d9496fe9e4763efb9a1ab85568c9ae6e0d0e121bc4adb4265,164142652bf5b3032f4e1a8ee54fe2817a3f3b5130635cf04fb641a6e819211d
2026-09-30,THEME,THEME:880579,sector_rs1,-0.015665796344647487,ACCEPTED,-0.015665796344647487,69,0,3dd77c68f3f29601b59d09853a70977bfab15f3fba3edeca6737f75ef9d7bcc0,9f7ee99454374db02824b5c9d52e2da89fca30232bc291ddb1f48ef6db84b6c0,2ee46c732cbd9a2d9496fe9e4763efb9a1ab85568c9ae6e0d0e121bc4adb4265,164142652bf5b3032f4e1a8ee54fe2817a3f3b5130635cf04fb641a6e819211d
2026-09-30,THEME,THEME:880579,sector_rs5,-0.052341597796143224,ACCEPTED,-0.052341597796143224,69,0,3dd77c68f3f29601b59d09853a70977bfab15f3fba3edeca6737f75ef9d7bcc0,9f7ee99454374db02824b5c9d52e2da89fca30232bc291ddb1f48ef6db84b6c0,2ee46c732cbd9a2d9496fe9e4763efb9a1ab85568c9ae6e0d0e121bc4adb4265,164142652bf5b3032f4e1a8ee54fe2817a3f3b5130635cf04fb641a6e819211d
2026-09-30,THEME,THEME:880579,sector_rs20,-0.0668724279835391,ACCEPTED,-0.0668724279835391,69,0,3dd77c68f3f29601b59d09853a70977bfab15f3fba3edeca6737f75ef9d7bcc0,9f7ee99454374db02824b5c9d52e2da89fca30232bc291ddb1f48ef6db84b6c0,2ee46c732cbd9a2d9496fe9e4763efb9a1ab85568c9ae6e0d0e121bc4adb4265,164142652bf5b3032f4e1a8ee54fe2817a3f3b5130635cf04fb641a6e819211d
2026-09-30,THEME,THEME:880579,breadth_ret1,0.17391304347826086,ACCEPTED,0.17391304347826086,69,69,3dd77c68f3f29601b59d09853a70977bfab15f3fba3edeca6737f75ef9d7bcc0,9f7ee99454374db02824b5c9d52e2da89fca30232bc291ddb1f48ef6db84b6c0,2ee46c732cbd9a2d9496fe9e4763efb9a1ab85568c9ae6e0d0e121bc4adb4265,164142652bf5b3032f4e1a8ee54fe2817a3f3b5130635cf04fb641a6e819211d
2026-09-30,THEME,THEME:880579,breadth_ret5,0.11594202898550725,ACCEPTED,0.11594202898550725,69,69,3dd77c68f3f29601b59d09853a70977bfab15f3fba3edeca6737f75ef9d7bcc0,9f7ee99454374db02824b5c9d52e2da89fca30232bc291ddb1f48ef6db84b6c0,2ee46c732cbd9a2d9496fe9e4763efb9a1ab85568c9ae6e0d0e121bc4adb4265,164142652bf5b3032f4e1a8ee54fe2817a3f3b5130635cf04fb641a6e819211d
2026-09-30,THEME,THEME:880579,breadth_ret20,0.2318840579710145,ACCEPTED,0.2318840579710145,69,69,3dd77c68f3f29601b59d09853a70977bfab15f3fba3edeca6737f75ef9d7bcc0,9f7ee99454374db02824b5c9d52e2da89fca30232bc291ddb1f48ef6db84b6c0,2ee46c732cbd9a2d9496fe9e4763efb9a1ab85568c9ae6e0d0e121bc4adb4265,164142652bf5b3032f4e1a8ee54fe2817a3f3b5130635cf04fb641a6e819211d
2026-09-30,THEME,THEME:880579,ma20_width,0.34782608695652173,ACCEPTED,0.34782608695652173,69,69,3dd77c68f3f29601b59d09853a70977bfab15f3fba3edeca6737f75ef9d7bcc0,9f7ee99454374db02824b5c9d52e2da89fca30232bc291ddb1f48ef6db84b6c0,2ee46c732cbd9a2d9496fe9e4763efb9a1ab85568c9ae6e0d0e121bc4adb4265,164142652bf5b3032f4e1a8ee54fe2817a3f3b5130635cf04fb641a6e819211d
2026-09-30,THEME,THEME:880580,sector_rs1,-0.007854482139624086,ACCEPTED,-0.007854482139624086,202,0,3dd77c68f3f29601b59d09853a70977bfab15f3fba3edeca6737f75ef9d7bcc0,9f7ee99454374db02824b5c9d52e2da89fca30232bc291ddb1f48ef6db84b6c0,2ee46c732cbd9a2d9496fe9e4763efb9a1ab85568c9ae6e0d0e121bc4adb4265,164142652bf5b3032f4e1a8ee54fe2817a3f3b5130635cf04fb641a6e819211d
2026-09-30,THEME,THEME:880580,sector_rs5,-0.03515625,ACCEPTED,-0.03515625,202,0,3dd77c68f3f29601b59d09853a70977bfab15f3fba3edeca6737f75ef9d7bcc0,9f7ee99454374db02824b5c9d52e2da89fca30232bc291ddb1f48ef6db84b6c0,2ee46c732cbd9a2d9496fe9e4763efb9a1ab85568c9ae6e0d0e121bc4adb4265,164142652bf5b3032f4e1a8ee54fe2817a3f3b5130635cf04fb641a6e819211d
2026-09-30,THEME,THEME:880580,sector_rs20,-0.049723059651660795,ACCEPTED,-0.049723059651660795,202,0,3dd77c68f3f29601b59d09853a70977bfab15f3fba3edeca6737f75ef9d7bcc0,9f7ee99454374db02824b5c9d52e2da89fca30232bc291ddb1f48ef6db84b6c0,2ee46c732cbd9a2d9496fe9e4763efb9a1ab85568c9ae6e0d0e121bc4adb4265,164142652bf5b3032f4e1a8ee54fe2817a3f3b5130635cf04fb641a6e819211d
2026-09-30,THEME,THEME:880580,breadth_ret1,0.295,ACCEPTED,0.295,202,200,3dd77c68f3f29601b59d09853a70977bfab15f3fba3edeca6737f75ef9d7bcc0,9f7ee99454374db02824b5c9d52e2da89fca30232bc291ddb1f48ef6db84b6c0,2ee46c732cbd9a2d9496fe9e4763efb9a1ab85568c9ae6e0d0e121bc4adb4265,164142652bf5b3032f4e1a8ee54fe2817a3f3b5130635cf04fb641a6e819211d
2026-09-30,THEME,THEME:880580,breadth_ret5,0.20603015075376885,ACCEPTED,0.20603015075376885,202,199,3dd77c68f3f29601b59d09853a70977bfab15f3fba3edeca6737f75ef9d7bcc0,9f7ee99454374db02824b5c9d52e2da89fca30232bc291ddb1f48ef6db84b6c0,2ee46c732cbd9a2d9496fe9e4763efb9a1ab85568c9ae6e0d0e121bc4adb4265,164142652bf5b3032f4e1a8ee54fe2817a3f3b5130635cf04fb641a6e819211d
2026-09-30,THEME,THEME:880580,breadth_ret20,0.245,ACCEPTED,0.245,202,200,3dd77c68f3f29601b59d09853a70977bfab15f3fba3edeca6737f75ef9d7bcc0,9f7ee99454374db02824b5c9d52e2da89fca30232bc291ddb1f48ef6db84b6c0,2ee46c732cbd9a2d9496fe9e4763efb9a1ab85568c9ae6e0d0e121bc4adb4265,164142652bf5b3032f4e1a8ee54fe2817a3f3b5130635cf04fb641a6e819211d
2026-09-30,THEME,THEME:880580,ma20_width,0.27860696517412936,ACCEPTED,0.27860696517412936,202,201,3dd77c68f3f29601b59d09853a70977bfab15f3fba3edeca6737f75ef9d7bcc0,9f7ee99454374db02824b5c9d52e2da89fca30232bc291ddb1f48ef6db84b6c0,2ee46c732cbd9a2d9496fe9e4763efb9a1ab85568c9ae6e0d0e121bc4adb4265,164142652bf5b3032f4e1a8ee54fe2817a3f3b5130635cf04fb641a6e819211d
2026-09-30,THEME,THEME:880582,sector_rs1,0.0007977652394473012,ACCEPTED,0.0007977652394473012,426,0,3dd77c68f3f29601b59d09853a70977bfab15f3fba3edeca6737f75ef9d7bcc0,9f7ee99454374db02824b5c9d52e2da89fca30232bc291ddb1f48ef6db84b6c0,2ee46c732cbd9a2d9496fe9e4763efb9a1ab85568c9ae6e0d0e121bc4adb4265,164142652bf5b3032f4e1a8ee54fe2817a3f3b5130635cf04fb641a6e819211d
2026-09-30,THEME,THEME:880582,sector_rs5,-0.025352313844981877,ACCEPTED,-0.025352313844981877,426,0,3dd77c68f3f29601b59d09853a70977bfab15f3fba3edeca6737f75ef9d7bcc0,9f7ee99454374db02824b5c9d52e2da89fca30232bc291ddb1f48ef6db84b6c0,2ee46c732cbd9a2d9496fe9e4763efb9a1ab85568c9ae6e0d0e121bc4adb4265,164142652bf5b3032f4e1a8ee54fe2817a3f3b5130635cf04fb641a6e819211d
2026-09-30,THEME,THEME:880582,sector_rs20,-0.03567888999008917,ACCEPTED,-0.03567888999008917,426,0,3dd77c68f3f29601b59d09853a70977bfab15f3fba3edeca6737f75ef9d7bcc0,9f7ee99454374db02824b5c9d52e2da89fca30232bc291ddb1f48ef6db84b6c0,2ee46c732cbd9a2d9496fe9e4763efb9a1ab85568c9ae6e0d0e121bc4adb4265,164142652bf5b3032f4e1a8ee54fe2817a3f3b5130635cf04fb641a6e819211d
2026-09-30,THEME,THEME:880582,breadth_ret1,0.5047169811320755,ACCEPTED,0.5047169811320755,426,424,3dd77c68f3f29601b59d09853a70977bfab15f3fba3edeca6737f75ef9d7bcc0,9f7ee99454374db02824b5c9d52e2da89fca30232bc291ddb1f48ef6db84b6c0,2ee46c732cbd9a2d9496fe9e4763efb9a1ab85568c9ae6e0d0e121bc4adb4265,164142652bf5b3032f4e1a8ee54fe2817a3f3b5130635cf04fb641a6e819211d
2026-09-30,THEME,THEME:880582,breadth_ret5,0.24764150943396226,ACCEPTED,0.24764150943396226,426,424,3dd77c68f3f29601b59d09853a70977bfab15f3fba3edeca6737f75ef9d7bcc0,9f7ee99454374db02824b5c9d52e2da89fca30232bc291ddb1f48ef6db84b6c0,2ee46c732cbd9a2d9496fe9e4763efb9a1ab85568c9ae6e0d0e121bc4adb4265,164142652bf5b3032f4e1a8ee54fe2817a3f3b5130635cf04fb641a6e819211d
2026-09-30,THEME,THEME:880582,breadth_ret20,0.2624113475177305,ACCEPTED,0.2624113475177305,426,423,3dd77c68f3f29601b59d09853a70977bfab15f3fba3edeca6737f75ef9d7bcc0,9f7ee99454374db02824b5c9d52e2da89fca30232bc291ddb1f48ef6db84b6c0,2ee46c732cbd9a2d9496fe9e4763efb9a1ab85568c9ae6e0d0e121bc4adb4265,164142652bf5b3032f4e1a8ee54fe2817a3f3b5130635cf04fb641a6e819211d
2026-09-30,THEME,THEME:880582,ma20_width,0.28841607565011823,ACCEPTED,0.28841607565011823,426,423,3dd77c68f3f29601b59d09853a70977bfab15f3fba3edeca6737f75ef9d7bcc0,9f7ee99454374db02824b5c9d52e2da89fca30232bc291ddb1f48ef6db84b6c0,2ee46c732cbd9a2d9496fe9e4763efb9a1ab85568c9ae6e0d0e121bc4adb4265,164142652bf5b3032f4e1a8ee54fe2817a3f3b5130635cf04fb641a6e819211d
2026-09-30,THEME,THEME:880583,sector_rs1,-0.003864267600531379,ACCEPTED,-0.003864267600531379,369,0,3dd77c68f3f29601b59d09853a70977bfab15f3fba3edeca6737f75ef9d7bcc0,9f7ee99454374db02824b5c9d52e2da89fca30232bc291ddb1f48ef6db84b6c0,2ee46c732cbd9a2d9496fe9e4763efb9a1ab85568c9ae6e0d0e121bc4adb4265,164142652bf5b3032f4e1a8ee54fe2817a3f3b5130635cf04fb641a6e819211d
2026-09-30,THEME,THEME:880583,sector_rs5,-0.03754106880180397,ACCEPTED,-0.03754106880180397,369,0,3dd77c68f3f29601b59d09853a70977bfab15f3fba3edeca6737f75ef9d7bcc0,9f7ee99454374db02824b5c9d52e2da89fca30232bc291ddb1f48ef6db84b6c0,2ee46c732cbd9a2d9496fe9e4763efb9a1ab85568c9ae6e0d0e121bc4adb4265,164142652bf5b3032f4e1a8ee54fe2817a3f3b5130635cf04fb641a6e819211d
2026-09-30,THEME,THEME:880583,sector_rs20,-0.036800000000000055,ACCEPTED,-0.036800000000000055,369,0,3dd77c68f3f29601b59d09853a70977bfab15f3fba3edeca6737f75ef9d7bcc0,9f7ee99454374db02824b5c9d52e2da89fca30232bc291ddb1f48ef6db84b6c0,2ee46c732cbd9a2d9496fe9e4763efb9a1ab85568c9ae6e0d0e121bc4adb4265,164142652bf5b3032f4e1a8ee54fe2817a3f3b5130635cf04fb641a6e819211d
2026-09-30,THEME,THEME:880583,breadth_ret1,0.3896457765667575,ACCEPTED,0.3896457765667575,369,367,3dd77c68f3f29601b59d09853a70977bfab15f3fba3edeca6737f75ef9d7bcc0,9f7ee99454374db02824b5c9d52e2da89fca30232bc291ddb1f48ef6db84b6c0,2ee46c732cbd9a2d9496fe9e4763efb9a1ab85568c9ae6e0d0e121bc4adb4265,164142652bf5b3032f4e1a8ee54fe2817a3f3b5130635cf04fb641a6e819211d
2026-09-30,THEME,THEME:880583,breadth_ret5,0.1830601092896175,ACCEPTED,0.1830601092896175,369,366,3dd77c68f3f29601b59d09853a70977bfab15f3fba3edeca6737f75ef9d7bcc0,9f7ee99454374db02824b5c9d52e2da89fca30232bc291ddb1f48ef6db84b6c0,2ee46c732cbd9a2d9496fe9e4763efb9a1ab85568c9ae6e0d0e121bc4adb4265,164142652bf5b3032f4e1a8ee54fe2817a3f3b5130635cf04fb641a6e819211d
2026-09-30,THEME,THEME:880583,breadth_ret20,0.24795640326975477,ACCEPTED,0.24795640326975477,369,367,3dd77c68f3f29601b59d09853a70977bfab15f3fba3edeca6737f75ef9d7bcc0,9f7ee99454374db02824b5c9d52e2da89fca30232bc291ddb1f48ef6db84b6c0,2ee46c732cbd9a2d9496fe9e4763efb9a1ab85568c9ae6e0d0e121bc4adb4265,164142652bf5b3032f4e1a8ee54fe2817a3f3b5130635cf04fb641a6e819211d
2026-09-30,THEME,THEME:880583,ma20_width,0.27371273712737126,ACCEPTED,0.27371273712737126,369,369,3dd77c68f3f29601b59d09853a70977bfab15f3fba3edeca6737f75ef9d7bcc0,9f7ee99454374db02824b5c9d52e2da89fca30232bc291ddb1f48ef6db84b6c0,2ee46c732cbd9a2d9496fe9e4763efb9a1ab85568c9ae6e0d0e121bc4adb4265,164142652bf5b3032f4e1a8ee54fe2817a3f3b5130635cf04fb641a6e819211d
2026-09-30,THEME,THEME:880584,sector_rs1,-0.001996846921745732,ACCEPTED,-0.001996846921745732,96,0,3dd77c68f3f29601b59d09853a70977bfab15f3fba3edeca6737f75ef9d7bcc0,9f7ee99454374db02824b5c9d52e2da89fca30232bc291ddb1f48ef6db84b6c0,2ee46c732cbd9a2d9496fe9e4763efb9a1ab85568c9ae6e0d0e121bc4adb4265,164142652bf5b3032f4e1a8ee54fe2817a3f3b5130635cf04fb641a6e819211d
2026-09-30,THEME,THEME:880584,sector_rs5,-0.04146594974914558,ACCEPTED,-0.04146594974914558,96,0,3dd77c68f3f29601b59d09853a70977bfab15f3fba3edeca6737f75ef9d7bcc0,9f7ee99454374db02824b5c9d52e2da89fca30232bc291ddb1f48ef6db84b6c0,2ee46c732cbd9a2d9496fe9e4763efb9a1ab85568c9ae6e0d0e121bc4adb4265,164142652bf5b3032f4e1a8ee54fe2817a3f3b5130635cf04fb641a6e819211d
2026-09-30,THEME,THEME:880584,sector_rs20,-0.03300330033003285,ACCEPTED,-0.03300330033003285,96,0,3dd77c68f3f29601b59d09853a70977bfab15f3fba3edeca6737f75ef9d7bcc0,9f7ee99454374db02824b5c9d52e2da89fca30232bc291ddb1f48ef6db84b6c0,2ee46c732cbd9a2d9496fe9e4763efb9a1ab85568c9ae6e0d0e121bc4adb4265,164142652bf5b3032f4e1a8ee54fe2817a3f3b5130635cf04fb641a6e819211d
2026-09-30,THEME,THEME:880584,breadth_ret1,0.4583333333333333,ACCEPTED,0.4583333333333333,96,96,3dd77c68f3f29601b59d09853a70977bfab15f3fba3edeca6737f75ef9d7bcc0,9f7ee99454374db02824b5c9d52e2da89fca30232bc291ddb1f48ef6db84b6c0,2ee46c732cbd9a2d9496fe9e4763efb9a1ab85568c9ae6e0d0e121bc4adb4265,164142652bf5b3032f4e1a8ee54fe2817a3f3b5130635cf04fb641a6e819211d
2026-09-30,THEME,THEME:880584,breadth_ret5,0.1276595744680851,ACCEPTED,0.1276595744680851,96,94,3dd77c68f3f29601b59d09853a70977bfab15f3fba3edeca6737f75ef9d7bcc0,9f7ee99454374db02824b5c9d52e2da89fca30232bc291ddb1f48ef6db84b6c0,2ee46c732cbd9a2d9496fe9e4763efb9a1ab85568c9ae6e0d0e121bc4adb4265,164142652bf5b3032f4e1a8ee54fe2817a3f3b5130635cf04fb641a6e819211d
2026-09-30,THEME,THEME:880584,breadth_ret20,0.24210526315789474,ACCEPTED,0.24210526315789474,96,95,3dd77c68f3f29601b59d09853a70977bfab15f3fba3edeca6737f75ef9d7bcc0,9f7ee99454374db02824b5c9d52e2da89fca30232bc291ddb1f48ef6db84b6c0,2ee46c732cbd9a2d9496fe9e4763efb9a1ab85568c9ae6e0d0e121bc4adb4265,164142652bf5b3032f4e1a8ee54fe2817a3f3b5130635cf04fb641a6e819211d
2026-09-30,THEME,THEME:880584,ma20_width,0.2631578947368421,ACCEPTED,0.2631578947368421,96,95,3dd77c68f3f29601b59d09853a70977bfab15f3fba3edeca6737f75ef9d7bcc0,9f7ee99454374db02824b5c9d52e2da89fca30232bc291ddb1f48ef6db84b6c0,2ee46c732cbd9a2d9496fe9e4763efb9a1ab85568c9ae6e0d0e121bc4adb4265,164142652bf5b3032f4e1a8ee54fe2817a3f3b5130635cf04fb641a6e819211d
2026-09-30,THEME,THEME:880585,sector_rs1,0.007246376811594235,ACCEPTED,0.007246376811594235,11,0,3dd77c68f3f29601b59d09853a70977bfab15f3fba3edeca6737f75ef9d7bcc0,9f7ee99454374db02824b5c9d52e2da89fca30232bc291ddb1f48ef6db84b6c0,2ee46c732cbd9a2d9496fe9e4763efb9a1ab85568c9ae6e0d0e121bc4adb4265,164142652bf5b3032f4e1a8ee54fe2817a3f3b5130635cf04fb641a6e819211d
2026-09-30,THEME,THEME:880585,sector_rs5,0.0,ACCEPTED,0.0,11,0,3dd77c68f3f29601b59d09853a70977bfab15f3fba3edeca6737f75ef9d7bcc0,9f7ee99454374db02824b5c9d52e2da89fca30232bc291ddb1f48ef6db84b6c0,2ee46c732cbd9a2d9496fe9e4763efb9a1ab85568c9ae6e0d0e121bc4adb4265,164142652bf5b3032f4e1a8ee54fe2817a3f3b5130635cf04fb641a6e819211d
2026-09-30,THEME,THEME:880585,sector_rs20,-0.027200000000000002,ACCEPTED,-0.027200000000000002,11,0,3dd77c68f3f29601b59d09853a70977bfab15f3fba3edeca6737f75ef9d7bcc0,9f7ee99454374db02824b5c9d52e2da89fca30232bc291ddb1f48ef6db84b6c0,2ee46c732cbd9a2d9496fe9e4763efb9a1ab85568c9ae6e0d0e121bc4adb4265,164142652bf5b3032f4e1a8ee54fe2817a3f3b5130635cf04fb641a6e819211d
2026-09-30,THEME,THEME:880585,breadth_ret1,0.5454545454545454,ACCEPTED,0.5454545454545454,11,11,3dd77c68f3f29601b59d09853a70977bfab15f3fba3edeca6737f75ef9d7bcc0,9f7ee99454374db02824b5c9d52e2da89fca30232bc291ddb1f48ef6db84b6c0,2ee46c732cbd9a2d9496fe9e4763efb9a1ab85568c9ae6e0d0e121bc4adb4265,164142652bf5b3032f4e1a8ee54fe2817a3f3b5130635cf04fb641a6e819211d
2026-09-30,THEME,THEME:880585,breadth_ret5,0.45454545454545453,ACCEPTED,0.45454545454545453,11,11,3dd77c68f3f29601b59d09853a70977bfab15f3fba3edeca6737f75ef9d7bcc0,9f7ee99454374db02824b5c9d52e2da89fca30232bc291ddb1f48ef6db84b6c0,2ee46c732cbd9a2d9496fe9e4763efb9a1ab85568c9ae6e0d0e121bc4adb4265,164142652bf5b3032f4e1a8ee54fe2817a3f3b5130635cf04fb641a6e819211d
2026-09-30,THEME,THEME:880585,breadth_ret20,0.36363636363636365,ACCEPTED,0.36363636363636365,11,11,3dd77c68f3f29601b59d09853a70977bfab15f3fba3edeca6737f75ef9d7bcc0,9f7ee99454374db02824b5c9d52e2da89fca30232bc291ddb1f48ef6db84b6c0,2ee46c732cbd9a2d9496fe9e4763efb9a1ab85568c9ae6e0d0e121bc4adb4265,164142652bf5b3032f4e1a8ee54fe2817a3f3b5130635cf04fb641a6e819211d
2026-09-30,THEME,THEME:880585,ma20_width,0.5454545454545454,ACCEPTED,0.5454545454545454,11,11,3dd77c68f3f29601b59d09853a70977bfab15f3fba3edeca6737f75ef9d7bcc0,9f7ee99454374db02824b5c9d52e2da89fca30232bc291ddb1f48ef6db84b6c0,2ee46c732cbd9a2d9496fe9e4763efb9a1ab85568c9ae6e0d0e121bc4adb4265,164142652bf5b3032f4e1a8ee54fe2817a3f3b5130635cf04fb641a6e819211d
2026-09-30,THEME,THEME:880586,sector_rs1,0.007648183556405286,ACCEPTED,0.007648183556405286,37,0,3dd77c68f3f29601b59d09853a70977bfab15f3fba3edeca6737f75ef9d7bcc0,9f7ee99454374db02824b5c9d52e2da89fca30232bc291ddb1f48ef6db84b6c0,2ee46c732cbd9a2d9496fe9e4763efb9a1ab85568c9ae6e0d0e121bc4adb4265,164142652bf5b3032f4e1a8ee54fe2817a3f3b5130635cf04fb641a6e819211d
2026-09-30,THEME,THEME:880586,sector_rs5,-0.028880866425992857,ACCEPTED,-0.028880866425992857,37,0,3dd77c68f3f29601b59d09853a70977bfab15f3fba3edeca6737f75ef9d7bcc0,9f7ee99454374db02824b5c9d52e2da89fca30232bc291ddb1f48ef6db84b6c0,2ee46c732cbd9a2d9496fe9e4763efb9a1ab85568c9ae6e0d0e121bc4adb4265,164142652bf5b3032f4e1a8ee54fe2817a3f3b5130635cf04fb641a6e819211d
2026-09-30,THEME,THEME:880586,sector_rs20,-0.05006418485237485,ACCEPTED,-0.05006418485237485,37,0,3dd77c68f3f29601b59d09853a70977bfab15f3fba3edeca6737f75ef9d7bcc0,9f7ee99454374db02824b5c9d52e2da89fca30232bc291ddb1f48ef6db84b6c0,2ee46c732cbd9a2d9496fe9e4763efb9a1ab85568c9ae6e0d0e121bc4adb4265,164142652bf5b3032f4e1a8ee54fe2817a3f3b5130635cf04fb641a6e819211d
2026-09-30,THEME,THEME:880586,breadth_ret1,0.6486486486486487,ACCEPTED,0.6486486486486487,37,37,3dd77c68f3f29601b59d09853a70977bfab15f3fba3edeca6737f75ef9d7bcc0,9f7ee99454374db02824b5c9d52e2da89fca30232bc291ddb1f48ef6db84b6c0,2ee46c732cbd9a2d9496fe9e4763efb9a1ab85568c9ae6e0d0e121bc4adb4265,164142652bf5b3032f4e1a8ee54fe2817a3f3b5130635cf04fb641a6e819211d
2026-09-30,THEME,THEME:880586,breadth_ret5,0.1891891891891892,ACCEPTED,0.1891891891891892,37,37,3dd77c68f3f29601b59d09853a70977bfab15f3fba3edeca6737f75ef9d7bcc0,9f7ee99454374db02824b5c9d52e2da89fca30232bc291ddb1f48ef6db84b6c0,2ee46c732cbd9a2d9496fe9e4763efb9a1ab85568c9ae6e0d0e121bc4adb4265,164142652bf5b3032f4e1a8ee54fe2817a3f3b5130635cf04fb641a6e819211d
2026-09-30,THEME,THEME:880586,breadth_ret20,0.24324324324324326,ACCEPTED,0.24324324324324326,37,37,3dd77c68f3f29601b59d09853a70977bfab15f3fba3edeca6737f75ef9d7bcc0,9f7ee99454374db02824b5c9d52e2da89fca30232bc291ddb1f48ef6db84b6c0,2ee46c732cbd9a2d9496fe9e4763efb9a1ab85568c9ae6e0d0e121bc4adb4265,164142652bf5b3032f4e1a8ee54fe2817a3f3b5130635cf04fb641a6e819211d
2026-09-30,THEME,THEME:880586,ma20_width,0.1891891891891892,ACCEPTED,0.1891891891891892,37,37,3dd77c68f3f29601b59d09853a70977bfab15f3fba3edeca6737f75ef9d7bcc0,9f7ee99454374db02824b5c9d52e2da89fca30232bc291ddb1f48ef6db84b6c0,2ee46c732cbd9a2d9496fe9e4763efb9a1ab85568c9ae6e0d0e121bc4adb4265,164142652bf5b3032f4e1a8ee54fe2817a3f3b5130635cf04fb641a6e819211d
2026-09-30,THEME,THEME:880587,sector_rs1,0.0014164305949009304,ACCEPTED,0.0014164305949009304,36,0,3dd77c68f3f29601b59d09853a70977bfab15f3fba3edeca6737f75ef9d7bcc0,9f7ee99454374db02824b5c9d52e2da89fca30232bc291ddb1f48ef6db84b6c0,2ee46c732cbd9a2d9496fe9e4763efb9a1ab85568c9ae6e0d0e121bc4adb4265,164142652bf5b3032f4e1a8ee54fe2817a3f3b5130635cf04fb641a6e819211d
2026-09-30,THEME,THEME:880587,sector_rs5,-0.03424124513618676,ACCEPTED,-0.03424124513618676,36,0,3dd77c68f3f29601b59d09853a70977bfab15f3fba3edeca6737f75ef9d7bcc0,9f7ee99454374db02824b5c9d52e2da89fca30232bc291ddb1f48ef6db84b6c0,2ee46c732cbd9a2d9496fe9e4763efb9a1ab85568c9ae6e0d0e121bc4adb4265,164142652bf5b3032f4e1a8ee54fe2817a3f3b5130635cf04fb641a6e819211d
2026-09-30,THEME,THEME:880587,sector_rs20,-0.07372466806429068,ACCEPTED,-0.07372466806429068,36,0,3dd77c68f3f29601b59d09853a70977bfab15f3fba3edeca6737f75ef9d7bcc0,9f7ee99454374db02824b5c9d52e2da89fca30232bc291ddb1f48ef6db84b6c0,2ee46c732cbd9a2d9496fe9e4763efb9a1ab85568c9ae6e0d0e121bc4adb4265,164142652bf5b3032f4e1a8ee54fe2817a3f3b5130635cf04fb641a6e819211d
2026-09-30,THEME,THEME:880587,breadth_ret1,0.5428571428571428,ACCEPTED,0.5428571428571428,36,35,3dd77c68f3f29601b59d09853a70977bfab15f3fba3edeca6737f75ef9d7bcc0,9f7ee99454374db02824b5c9d52e2da89fca30232bc291ddb1f48ef6db84b6c0,2ee46c732cbd9a2d9496fe9e4763efb9a1ab85568c9ae6e0d0e121bc4adb4265,164142652bf5b3032f4e1a8ee54fe2817a3f3b5130635cf04fb641a6e819211d
2026-09-30,THEME,THEME:880587,breadth_ret5,0.14285714285714285,ACCEPTED,0.14285714285714285,36,35,3dd77c68f3f29601b59d09853a70977bfab15f3fba3edeca6737f75ef9d7bcc0,9f7ee99454374db02824b5c9d52e2da89fca30232bc291ddb1f48ef6db84b6c0,2ee46c732cbd9a2d9496fe9e4763efb9a1ab85568c9ae6e0d0e121bc4adb4265,164142652bf5b3032f4e1a8ee54fe2817a3f3b5130635cf04fb641a6e819211d
2026-09-30,THEME,THEME:880587,breadth_ret20,0.11428571428571428,ACCEPTED,0.11428571428571428,36,35,3dd77c68f3f29601b59d09853a70977bfab15f3fba3edeca6737f75ef9d7bcc0,9f7ee99454374db02824b5c9d52e2da89fca30232bc291ddb1f48ef6db84b6c0,2ee46c732cbd9a2d9496fe9e4763efb9a1ab85568c9ae6e0d0e121bc4adb4265,164142652bf5b3032f4e1a8ee54fe2817a3f3b5130635cf04fb641a6e819211d
2026-09-30,THEME,THEME:880587,ma20_width,0.2571428571428571,ACCEPTED,0.2571428571428571,36,35,3dd77c68f3f29601b59d09853a70977bfab15f3fba3edeca6737f75ef9d7bcc0,9f7ee99454374db02824b5c9d52e2da89fca30232bc291ddb1f48ef6db84b6c0,2ee46c732cbd9a2d9496fe9e4763efb9a1ab85568c9ae6e0d0e121bc4adb4265,164142652bf5b3032f4e1a8ee54fe2817a3f3b5130635cf04fb641a6e819211d
2026-09-30,THEME,THEME:880588,sector_rs1,-0.024955436720142665,ACCEPTED,-0.024955436720142665,43,0,3dd77c68f3f29601b59d09853a70977bfab15f3fba3edeca6737f75ef9d7bcc0,9f7ee99454374db02824b5c9d52e2da89fca30232bc291ddb1f48ef6db84b6c0,2ee46c732cbd9a2d9496fe9e4763efb9a1ab85568c9ae6e0d0e121bc4adb4265,164142652bf5b3032f4e1a8ee54fe2817a3f3b5130635cf04fb641a6e819211d
2026-09-30,THEME,THEME:880588,sector_rs5,-0.09832379394930502,ACCEPTED,-0.09832379394930502,43,0,3dd77c68f3f29601b59d09853a70977bfab15f3fba3edeca6737f75ef9d7bcc0,9f7ee99454374db02824b5c9d52e2da89fca30232bc291ddb1f48ef6db84b6c0,2ee46c732cbd9a2d9496fe9e4763efb9a1ab85568c9ae6e0d0e121bc4adb4265,164142652bf5b3032f4e1a8ee54fe2817a3f3b5130635cf04fb641a6e819211d
2026-09-30,THEME,THEME:880588,sector_rs20,-0.05310985460420037,ACCEPTED,-0.05310985460420037,43,0,3dd77c68f3f29601b59d09853a70977bfab15f3fba3edeca6737f75ef9d7bcc0,9f7ee99454374db02824b5c9d52e2da89fca30232bc291ddb1f48ef6db84b6c0,2ee46c732cbd9a2d9496fe9e4763efb9a1ab85568c9ae6e0d0e121bc4adb4265,164142652bf5b3032f4e1a8ee54fe2817a3f3b5130635cf04fb641a6e819211d
2026-09-30,THEME,THEME:880588,breadth_ret1,0.06976744186046512,ACCEPTED,0.06976744186046512,43,43,3dd77c68f3f29601b59d09853a70977bfab15f3fba3edeca6737f75ef9d7bcc0,9f7ee99454374db02824b5c9d52e2da89fca30232bc291ddb1f48ef6db84b6c0,2ee46c732cbd9a2d9496fe9e4763efb9a1ab85568c9ae6e0d0e121bc4adb4265,164142652bf5b3032f4e1a8ee54fe2817a3f3b5130635cf04fb641a6e819211d
2026-09-30,THEME,THEME:880588,breadth_ret5,0.023255813953488372,ACCEPTED,0.023255813953488372,43,43,3dd77c68f3f29601b59d09853a70977bfab15f3fba3edeca6737f75ef9d7bcc0,9f7ee99454374db02824b5c9d52e2da89fca30232bc291ddb1f48ef6db84b6c0,2ee46c732cbd9a2d9496fe9e4763efb9a1ab85568c9ae6e0d0e121bc4adb4265,164142652bf5b3032f4e1a8ee54fe2817a3f3b5130635cf04fb641a6e819211d
2026-09-30,THEME,THEME:880588,breadth_ret20,0.3023255813953488,ACCEPTED,0.3023255813953488,43,43,3dd77c68f3f29601b59d09853a70977bfab15f3fba3edeca6737f75ef9d7bcc0,9f7ee99454374db02824b5c9d52e2da89fca30232bc291ddb1f48ef6db84b6c0,2ee46c732cbd9a2d9496fe9e4763efb9a1ab85568c9ae6e0d0e121bc4adb4265,164142652bf5b3032f4e1a8ee54fe2817a3f3b5130635cf04fb641a6e819211d
2026-09-30,THEME,THEME:880588,ma20_width,0.13953488372093023,ACCEPTED,0.13953488372093023,43,43,3dd77c68f3f29601b59d09853a70977bfab15f3fba3edeca6737f75ef9d7bcc0,9f7ee99454374db02824b5c9d52e2da89fca30232bc291ddb1f48ef6db84b6c0,2ee46c732cbd9a2d9496fe9e4763efb9a1ab85568c9ae6e0d0e121bc4adb4265,164142652bf5b3032f4e1a8ee54fe2817a3f3b5130635cf04fb641a6e819211d
2026-09-30,THEME,THEME:880589,sector_rs1,-0.014800853485064103,ACCEPTED,-0.014800853485064103,249,0,3dd77c68f3f29601b59d09853a70977bfab15f3fba3edeca6737f75ef9d7bcc0,9f7ee99454374db02824b5c9d52e2da89fca30232bc291ddb1f48ef6db84b6c0,2ee46c732cbd9a2d9496fe9e4763efb9a1ab85568c9ae6e0d0e121bc4adb4265,164142652bf5b3032f4e1a8ee54fe2817a3f3b5130635cf04fb641a6e819211d
2026-09-30,THEME,THEME:880589,sector_rs5,-0.06300100114092666,ACCEPTED,-0.06300100114092666,249,0,3dd77c68f3f29601b59d09853a70977bfab15f3fba3edeca6737f75ef9d7bcc0,9f7ee99454374db02824b5c9d52e2da89fca30232bc291ddb1f48ef6db84b6c0,2ee46c732cbd9a2d9496fe9e4763efb9a1ab85568c9ae6e0d0e121bc4adb4265,164142652bf5b3032f4e1a8ee54fe2817a3f3b5130635cf04fb641a6e819211d
2026-09-30,THEME,THEME:880589,sector_rs20,-0.051856216853270465,ACCEPTED,-0.051856216853270465,249,0,3dd77c68f3f29601b59d09853a70977bfab15f3fba3edeca6737f75ef9d7bcc0,9f7ee99454374db02824b5c9d52e2da89fca30232bc291ddb1f48ef6db84b6c0,2ee46c732cbd9a2d9496fe9e4763efb9a1ab85568c9ae6e0d0e121bc4adb4265,164142652bf5b3032f4e1a8ee54fe2817a3f3b5130635cf04fb641a6e819211d
2026-09-30,THEME,THEME:880589,breadth_ret1,0.2056451612903226,ACCEPTED,0.2056451612903226,249,248,3dd77c68f3f29601b59d09853a70977bfab15f3fba3edeca6737f75ef9d7bcc0,9f7ee99454374db02824b5c9d52e2da89fca30232bc291ddb1f48ef6db84b6c0,2ee46c732cbd9a2d9496fe9e4763efb9a1ab85568c9ae6e0d0e121bc4adb4265,164142652bf5b3032f4e1a8ee54fe2817a3f3b5130635cf04fb641a6e819211d
2026-09-30,THEME,THEME:880589,breadth_ret5,0.06048387096774194,ACCEPTED,0.06048387096774194,249,248,3dd77c68f3f29601b59d09853a70977bfab15f3fba3edeca6737f75ef9d7bcc0,9f7ee99454374db02824b5c9d52e2da89fca30232bc291ddb1f48ef6db84b6c0,2ee46c732cbd9a2d9496fe9e4763efb9a1ab85568c9ae6e0d0e121bc4adb4265,164142652bf5b3032f4e1a8ee54fe2817a3f3b5130635cf04fb641a6e819211d
2026-09-30,THEME,THEME:880589,breadth_ret20,0.20242914979757085,ACCEPTED,0.20242914979757085,249,247,3dd77c68f3f29601b59d09853a70977bfab15f3fba3edeca6737f75ef9d7bcc0,9f7ee99454374db02824b5c9d52e2da89fca30232bc291ddb1f48ef6db84b6c0,2ee46c732cbd9a2d9496fe9e4763efb9a1ab85568c9ae6e0d0e121bc4adb4265,164142652bf5b3032f4e1a8ee54fe2817a3f3b5130635cf04fb641a6e819211d
2026-09-30,THEME,THEME:880589,ma20_width,0.22983870967741934,ACCEPTED,0.22983870967741934,249,248,3dd77c68f3f29601b59d09853a70977bfab15f3fba3edeca6737f75ef9d7bcc0,9f7ee99454374db02824b5c9d52e2da89fca30232bc291ddb1f48ef6db84b6c0,2ee46c732cbd9a2d9496fe9e4763efb9a1ab85568c9ae6e0d0e121bc4adb4265,164142652bf5b3032f4e1a8ee54fe2817a3f3b5130635cf04fb641a6e819211d
2026-09-30,THEME,THEME:880590,sector_rs1,-0.010880316518298683,ACCEPTED,-0.010880316518298683,102,0,3dd77c68f3f29601b59d09853a70977bfab15f3fba3edeca6737f75ef9d7bcc0,9f7ee99454374db02824b5c9d52e2da89fca30232bc291ddb1f48ef6db84b6c0,2ee46c732cbd9a2d9496fe9e4763efb9a1ab85568c9ae6e0d0e121bc4adb4265,164142652bf5b3032f4e1a8ee54fe2817a3f3b5130635cf04fb641a6e819211d
2026-09-30,THEME,THEME:880590,sector_rs5,-0.04781997187060494,ACCEPTED,-0.04781997187060494,102,0,3dd77c68f3f29601b59d09853a70977bfab15f3fba3edeca6737f75ef9d7bcc0,9f7ee99454374db02824b5c9d52e2da89fca30232bc291ddb1f48ef6db84b6c0,2ee46c732cbd9a2d9496fe9e4763efb9a1ab85568c9ae6e0d0e121bc4adb4265,164142652bf5b3032f4e1a8ee54fe2817a3f3b5130635cf04fb641a6e819211d
2026-09-30,THEME,THEME:880590,sector_rs20,-0.06315789473684208,ACCEPTED,-0.06315789473684208,102,0,3dd77c68f3f29601b59d09853a70977bfab15f3fba3edeca6737f75ef9d7bcc0,9f7ee99454374db02824b5c9d52e2da89fca30232bc291ddb1f48ef6db84b6c0,2ee46c732cbd9a2d9496fe9e4763efb9a1ab85568c9ae6e0d0e121bc4adb4265,164142652bf5b3032f4e1a8ee54fe2817a3f3b5130635cf04fb641a6e819211d
2026-09-30,THEME,THEME:880590,breadth_ret1,0.22772277227722773,ACCEPTED,0.22772277227722773,102,101,3dd77c68f3f29601b59d09853a70977bfab15f3fba3edeca6737f75ef9d7bcc0,9f7ee99454374db02824b5c9d52e2da89fca30232bc291ddb1f48ef6db84b6c0,2ee46c732cbd9a2d9496fe9e4763efb9a1ab85568c9ae6e0d0e121bc4adb4265,164142652bf5b3032f4e1a8ee54fe2817a3f3b5130635cf04fb641a6e819211d
2026-09-30,THEME,THEME:880590,breadth_ret5,0.04950495049504951,ACCEPTED,0.04950495049504951,102,101,3dd77c68f3f29601b59d09853a70977bfab15f3fba3edeca6737f75ef9d7bcc0,9f7ee99454374db02824b5c9d52e2da89fca30232bc291ddb1f48ef6db84b6c0,2ee46c732cbd9a2d9496fe9e4763efb9a1ab85568c9ae6e0d0e121bc4adb4265,164142652bf5b3032f4e1a8ee54fe2817a3f3b5130635cf04fb641a6e819211d
2026-09-30,THEME,THEME:880590,breadth_ret20,0.15841584158415842,ACCEPTED,0.15841584158415842,102,101,3dd77c68f3f29601b59d09853a70977bfab15f3fba3edeca6737f75ef9d7bcc0,9f7ee99454374db02824b5c9d52e2da89fca30232bc291ddb1f48ef6db84b6c0,2ee46c732cbd9a2d9496fe9e4763efb9a1ab85568c9ae6e0d0e121bc4adb4265,164142652bf5b3032f4e1a8ee54fe2817a3f3b5130635cf04fb641a6e819211d
2026-09-30,THEME,THEME:880590,ma20_width,0.16831683168316833,ACCEPTED,0.16831683168316833,102,101,3dd77c68f3f29601b59d09853a70977bfab15f3fba3edeca6737f75ef9d7bcc0,9f7ee99454374db02824b5c9d52e2da89fca30232bc291ddb1f48ef6db84b6c0,2ee46c732cbd9a2d9496fe9e4763efb9a1ab85568c9ae6e0d0e121bc4adb4265,164142652bf5b3032f4e1a8ee54fe2817a3f3b5130635cf04fb641a6e819211d
2026-09-30,THEME,THEME:880591,sector_rs1,0.0028517110266161882,ACCEPTED,0.0028517110266161882,83,0,3dd77c68f3f29601b59d09853a70977bfab15f3fba3edeca6737f75ef9d7bcc0,9f7ee99454374db02824b5c9d52e2da89fca30232bc291ddb1f48ef6db84b6c0,2ee46c732cbd9a2d9496fe9e4763efb9a1ab85568c9ae6e0d0e121bc4adb4265,164142652bf5b3032f4e1a8ee54fe2817a3f3b5130635cf04fb641a6e819211d
2026-09-30,THEME,THEME:880591,sector_rs5,-0.016129032258064502,ACCEPTED,-0.016129032258064502,83,0,3dd77c68f3f29601b59d09853a70977bfab15f3fba3edeca6737f75ef9d7bcc0,9f7ee99454374db02824b5c9d52e2da89fca30232bc291ddb1f48ef6db84b6c0,2ee46c732cbd9a2d9496fe9e4763efb9a1ab85568c9ae6e0d0e121bc4adb4265,164142652bf5b3032f4e1a8ee54fe2817a3f3b5130635cf04fb641a6e819211d
2026-09-30,THEME,THEME:880591,sector_rs20,-0.018018018018017945,ACCEPTED,-0.018018018018017945,83,0,3dd77c68f3f29601b59d09853a70977bfab15f3fba3edeca6737f75ef9d7bcc0,9f7ee99454374db02824b5c9d52e2da89fca30232bc291ddb1f48ef6db84b6c0,2ee46c732cbd9a2d9496fe9e4763efb9a1ab85568c9ae6e0d0e121bc4adb4265,164142652bf5b3032f4e1a8ee54fe2817a3f3b5130635cf04fb641a6e819211d
2026-09-30,THEME,THEME:880591,breadth_ret1,0.5542168674698795,ACCEPTED,0.5542168674698795,83,83,3dd77c68f3f29601b59d09853a70977bfab15f3fba3edeca6737f75ef9d7bcc0,9f7ee99454374db02824b5c9d52e2da89fca30232bc291ddb1f48ef6db84b6c0,2ee46c732cbd9a2d9496fe9e4763efb9a1ab85568c9ae6e0d0e121bc4adb4265,164142652bf5b3032f4e1a8ee54fe2817a3f3b5130635cf04fb641a6e819211d
2026-09-30,THEME,THEME:880591,breadth_ret5,0.26506024096385544,ACCEPTED,0.26506024096385544,83,83,3dd77c68f3f29601b59d09853a70977bfab15f3fba3edeca6737f75ef9d7bcc0,9f7ee99454374db02824b5c9d52e2da89fca30232bc291ddb1f48ef6db84b6c0,2ee46c732cbd9a2d9496fe9e4763efb9a1ab85568c9ae6e0d0e121bc4adb4265,164142652bf5b3032f4e1a8ee54fe2817a3f3b5130635cf04fb641a6e819211d
2026-09-30,THEME,THEME:880591,breadth_ret20,0.37349397590361444,ACCEPTED,0.37349397590361444,83,83,3dd77c68f3f29601b59d09853a70977bfab15f3fba3edeca6737f75ef9d7bcc0,9f7ee99454374db02824b5c9d52e2da89fca30232bc291ddb1f48ef6db84b6c0,2ee46c732cbd9a2d9496fe9e4763efb9a1ab85568c9ae6e0d0e121bc4adb4265,164142652bf5b3032f4e1a8ee54fe2817a3f3b5130635cf04fb641a6e819211d
2026-09-30,THEME,THEME:880591,ma20_width,0.43373493975903615,ACCEPTED,0.43373493975903615,83,83,3dd77c68f3f29601b59d09853a70977bfab15f3fba3edeca6737f75ef9d7bcc0,9f7ee99454374db02824b5c9d52e2da89fca30232bc291ddb1f48ef6db84b6c0,2ee46c732cbd9a2d9496fe9e4763efb9a1ab85568c9ae6e0d0e121bc4adb4265,164142652bf5b3032f4e1a8ee54fe2817a3f3b5130635cf04fb641a6e819211d
2026-09-30,THEME,THEME:880592,sector_rs1,-0.006225680933852118,ACCEPTED,-0.006225680933852118,202,0,3dd77c68f3f29601b59d09853a70977bfab15f3fba3edeca6737f75ef9d7bcc0,9f7ee99454374db02824b5c9d52e2da89fca30232bc291ddb1f48ef6db84b6c0,2ee46c732cbd9a2d9496fe9e4763efb9a1ab85568c9ae6e0d0e121bc4adb4265,164142652bf5b3032f4e1a8ee54fe2817a3f3b5130635cf04fb641a6e819211d
2026-09-30,THEME,THEME:880592,sector_rs5,-0.04339622641509422,ACCEPTED,-0.04339622641509422,202,0,3dd77c68f3f29601b59d09853a70977bfab15f3fba3edeca6737f75ef9d7bcc0,9f7ee99454374db02824b5c9d52e2da89fca30232bc291ddb1f48ef6db84b6c0,2ee46c732cbd9a2d9496fe9e4763efb9a1ab85568c9ae6e0d0e121bc4adb4265,164142652bf5b3032f4e1a8ee54fe2817a3f3b5130635cf04fb641a6e819211d
2026-09-30,THEME,THEME:880592,sector_rs20,-0.0677290836653387,ACCEPTED,-0.0677290836653387,202,0,3dd77c68f3f29601b59d09853a70977bfab15f3fba3edeca6737f75ef9d7bcc0,9f7ee99454374db02824b5c9d52e2da89fca30232bc291ddb1f48ef6db84b6c0,2ee46c732cbd9a2d9496fe9e4763efb9a1ab85568c9ae6e0d0e121bc4adb4265,164142652bf5b3032f4e1a8ee54fe2817a3f3b5130635cf04fb641a6e819211d
2026-09-30,THEME,THEME:880592,breadth_ret1,0.3482587064676617,ACCEPTED,0.3482587064676617,202,201,3dd77c68f3f29601b59d09853a70977bfab15f3fba3edeca6737f75ef9d7bcc0,9f7ee99454374db02824b5c9d52e2da89fca30232bc291ddb1f48ef6db84b6c0,2ee46c732cbd9a2d9496fe9e4763efb9a1ab85568c9ae6e0d0e121bc4adb4265,164142652bf5b3032f4e1a8ee54fe2817a3f3b5130635cf04fb641a6e819211d
2026-09-30,THEME,THEME:880592,breadth_ret5,0.12437810945273632,ACCEPTED,0.12437810945273632,202,201,3dd77c68f3f29601b59d09853a70977bfab15f3fba3edeca6737f75ef9d7bcc0,9f7ee99454374db02824b5c9d52e2da89fca30232bc291ddb1f48ef6db84b6c0,2ee46c732cbd9a2d9496fe9e4763efb9a1ab85568c9ae6e0d0e121bc4adb4265,164142652bf5b3032f4e1a8ee54fe2817a3f3b5130635cf04fb641a6e819211d
2026-09-30,THEME,THEME:880592,breadth_ret20,0.16417910447761194,ACCEPTED,0.16417910447761194,202,201,3dd77c68f3f29601b59d09853a70977bfab15f3fba3edeca6737f75ef9d7bcc0,9f7ee99454374db02824b5c9d52e2da89fca30232bc291ddb1f48ef6db84b6c0,2ee46c732cbd9a2d9496fe9e4763efb9a1ab85568c9ae6e0d0e121bc4adb4265,164142652bf5b3032f4e1a8ee54fe2817a3f3b5130635cf04fb641a6e819211d
2026-09-30,THEME,THEME:880592,ma20_width,0.24378109452736318,ACCEPTED,0.24378109452736318,202,201,3dd77c68f3f29601b59d09853a70977bfab15f3fba3edeca6737f75ef9d7bcc0,9f7ee99454374db02824b5c9d52e2da89fca30232bc291ddb1f48ef6db84b6c0,2ee46c732cbd9a2d9496fe9e4763efb9a1ab85568c9ae6e0d0e121bc4adb4265,164142652bf5b3032f4e1a8ee54fe2817a3f3b5130635cf04fb641a6e819211d
2026-09-30,THEME,THEME:880593,sector_rs1,0.004334365325077361,ACCEPTED,0.004334365325077361,208,0,3dd77c68f3f29601b59d09853a70977bfab15f3fba3edeca6737f75ef9d7bcc0,9f7ee99454374db02824b5c9d52e2da89fca30232bc291ddb1f48ef6db84b6c0,2ee46c732cbd9a2d9496fe9e4763efb9a1ab85568c9ae6e0d0e121bc4adb4265,164142652bf5b3032f4e1a8ee54fe2817a3f3b5130635cf04fb641a6e819211d
2026-09-30,THEME,THEME:880593,sector_rs5,-0.015314804310833763,ACCEPTED,-0.015314804310833763,208,0,3dd77c68f3f29601b59d09853a70977bfab15f3fba3edeca6737f75ef9d7bcc0,9f7ee99454374db02824b5c9d52e2da89fca30232bc291ddb1f48ef6db84b6c0,2ee46c732cbd9a2d9496fe9e4763efb9a1ab85568c9ae6e0d0e121bc4adb4265,164142652bf5b3032f4e1a8ee54fe2817a3f3b5130635cf04fb641a6e819211d
2026-09-30,THEME,THEME:880593,sector_rs20,-0.03161825658696743,ACCEPTED,-0.03161825658696743,208,0,3dd77c68f3f29601b59d09853a70977bfab15f3fba3edeca6737f75ef9d7bcc0,9f7ee99454374db02824b5c9d52e2da89fca30232bc291ddb1f48ef6db84b6c0,2ee46c732cbd9a2d9496fe9e4763efb9a1ab85568c9ae6e0d0e121bc4adb4265,164142652bf5b3032f4e1a8ee54fe2817a3f3b5130635cf04fb641a6e819211d
2026-09-30,THEME,THEME:880593,breadth_ret1,0.5797101449275363,ACCEPTED,0.5797101449275363,208,207,3dd77c68f3f29601b59d09853a70977bfab15f3fba3edeca6737f75ef9d7bcc0,9f7ee99454374db02824b5c9d52e2da89fca30232bc291ddb1f48ef6db84b6c0,2ee46c732cbd9a2d9496fe9e4763efb9a1ab85568c9ae6e0d0e121bc4adb4265,164142652bf5b3032f4e1a8ee54fe2817a3f3b5130635cf04fb641a6e819211d
2026-09-30,THEME,THEME:880593,breadth_ret5,0.2560386473429952,ACCEPTED,0.2560386473429952,208,207,3dd77c68f3f29601b59d09853a70977bfab15f3fba3edeca6737f75ef9d7bcc0,9f7ee99454374db02824b5c9d52e2da89fca30232bc291ddb1f48ef6db84b6c0,2ee46c732cbd9a2d9496fe9e4763efb9a1ab85568c9ae6e0d0e121bc4adb4265,164142652bf5b3032f4e1a8ee54fe2817a3f3b5130635cf04fb641a6e819211d
2026-09-30,THEME,THEME:880593,breadth_ret20,0.32038834951456313,ACCEPTED,0.32038834951456313,208,206,3dd77c68f3f29601b59d09853a70977bfab15f3fba3edeca6737f75ef9d7bcc0,9f7ee99454374db02824b5c9d52e2da89fca30232bc291ddb1f48ef6db84b6c0,2ee46c732cbd9a2d9496fe9e4763efb9a1ab85568c9ae6e0d0e121bc4adb4265,164142652bf5b3032f4e1a8ee54fe2817a3f3b5130635cf04fb641a6e819211d
2026-09-30,THEME,THEME:880593,ma20_width,0.43478260869565216,ACCEPTED,0.43478260869565216,208,207,3dd77c68f3f29601b59d09853a70977bfab15f3fba3edeca6737f75ef9d7bcc0,9f7ee99454374db02824b5c9d52e2da89fca30232bc291ddb1f48ef6db84b6c0,2ee46c732cbd9a2d9496fe9e4763efb9a1ab85568c9ae6e0d0e121bc4adb4265,164142652bf5b3032f4e1a8ee54fe2817a3f3b5130635cf04fb641a6e819211d
2026-09-30,THEME,THEME:880594,sector_rs1,0.0,ACCEPTED,0.0,744,0,3dd77c68f3f29601b59d09853a70977bfab15f3fba3edeca6737f75ef9d7bcc0,9f7ee99454374db02824b5c9d52e2da89fca30232bc291ddb1f48ef6db84b6c0,2ee46c732cbd9a2d9496fe9e4763efb9a1ab85568c9ae6e0d0e121bc4adb4265,164142652bf5b3032f4e1a8ee54fe2817a3f3b5130635cf04fb641a6e819211d
2026-09-30,THEME,THEME:880594,sector_rs5,-0.025505041379061066,ACCEPTED,-0.025505041379061066,744,0,3dd77c68f3f29601b59d09853a70977bfab15f3fba3edeca6737f75ef9d7bcc0,9f7ee99454374db02824b5c9d52e2da89fca30232bc291ddb1f48ef6db84b6c0,2ee46c732cbd9a2d9496fe9e4763efb9a1ab85568c9ae6e0d0e121bc4adb4265,164142652bf5b3032f4e1a8ee54fe2817a3f3b5130635cf04fb641a6e819211d
2026-09-30,THEME,THEME:880594,sector_rs20,-0.03865661240803614,ACCEPTED,-0.03865661240803614,744,0,3dd77c68f3f29601b59d09853a70977bfab15f3fba3edeca6737f75ef9d7bcc0,9f7ee99454374db02824b5c9d52e2da89fca30232bc291ddb1f48ef6db84b6c0,2ee46c732cbd9a2d9496fe9e4763efb9a1ab85568c9ae6e0d0e121bc4adb4265,164142652bf5b3032f4e1a8ee54fe2817a3f3b5130635cf04fb641a6e819211d
2026-09-30,THEME,THEME:880594,breadth_ret1,0.48921832884097033,ACCEPTED,0.48921832884097033,744,742,3dd77c68f3f29601b59d09853a70977bfab15f3fba3edeca6737f75ef9d7bcc0,9f7ee99454374db02824b5c9d52e2da89fca30232bc291ddb1f48ef6db84b6c0,2ee46c732cbd9a2d9496fe9e4763efb9a1ab85568c9ae6e0d0e121bc4adb4265,164142652bf5b3032f4e1a8ee54fe2817a3f3b5130635cf04fb641a6e819211d
2026-09-30,THEME,THEME:880594,breadth_ret5,0.22776280323450135,ACCEPTED,0.22776280323450135,744,742,3dd77c68f3f29601b59d09853a70977bfab15f3fba3edeca6737f75ef9d7bcc0,9f7ee99454374db02824b5c9d52e2da89fca30232bc291ddb1f48ef6db84b6c0,2ee46c732cbd9a2d9496fe9e4763efb9a1ab85568c9ae6e0d0e121bc4adb4265,164142652bf5b3032f4e1a8ee54fe2817a3f3b5130635cf04fb641a6e819211d
2026-09-30,THEME,THEME:880594,breadth_ret20,0.2183288409703504,ACCEPTED,0.2183288409703504,744,742,3dd77c68f3f29601b59d09853a70977bfab15f3fba3edeca6737f75ef9d7bcc0,9f7ee99454374db02824b5c9d52e2da89fca30232bc291ddb1f48ef6db84b6c0,2ee46c732cbd9a2d9496fe9e4763efb9a1ab85568c9ae6e0d0e121bc4adb4265,164142652bf5b3032f4e1a8ee54fe2817a3f3b5130635cf04fb641a6e819211d
2026-09-30,THEME,THEME:880594,ma20_width,0.27897574123989216,ACCEPTED,0.27897574123989216,744,742,3dd77c68f3f29601b59d09853a70977bfab15f3fba3edeca6737f75ef9d7bcc0,9f7ee99454374db02824b5c9d52e2da89fca30232bc291ddb1f48ef6db84b6c0,2ee46c732cbd9a2d9496fe9e4763efb9a1ab85568c9ae6e0d0e121bc4adb4265,164142652bf5b3032f4e1a8ee54fe2817a3f3b5130635cf04fb641a6e819211d
2026-09-30,THEME,THEME:880596,sector_rs1,-0.005428226779252143,ACCEPTED,-0.005428226779252143,123,0,3dd77c68f3f29601b59d09853a70977bfab15f3fba3edeca6737f75ef9d7bcc0,9f7ee99454374db02824b5c9d52e2da89fca30232bc291ddb1f48ef6db84b6c0,2ee46c732cbd9a2d9496fe9e4763efb9a1ab85568c9ae6e0d0e121bc4adb4265,164142652bf5b3032f4e1a8ee54fe2817a3f3b5130635cf04fb641a6e819211d
2026-09-30,THEME,THEME:880596,sector_rs5,-0.020547945205479423,ACCEPTED,-0.020547945205479423,123,0,3dd77c68f3f29601b59d09853a70977bfab15f3fba3edeca6737f75ef9d7bcc0,9f7ee99454374db02824b5c9d52e2da89fca30232bc291ddb1f48ef6db84b6c0,2ee46c732cbd9a2d9496fe9e4763efb9a1ab85568c9ae6e0d0e121bc4adb4265,164142652bf5b3032f4e1a8ee54fe2817a3f3b5130635cf04fb641a6e819211d
2026-09-30,THEME,THEME:880596,sector_rs20,-0.04178757980266967,ACCEPTED,-0.04178757980266967,123,0,3dd77c68f3f29601b59d09853a70977bfab15f3fba3edeca6737f75ef9d7bcc0,9f7ee99454374db02824b5c9d52e2da89fca30232bc291ddb1f48ef6db84b6c0,2ee46c732cbd9a2d9496fe9e4763efb9a1ab85568c9ae6e0d0e121bc4adb4265,164142652bf5b3032f4e1a8ee54fe2817a3f3b5130635cf04fb641a6e819211d
2026-09-30,THEME,THEME:880596,breadth_ret1,0.34959349593495936,ACCEPTED,0.34959349593495936,123,123,3dd77c68f3f29601b59d09853a70977bfab15f3fba3edeca6737f75ef9d7bcc0,9f7ee99454374db02824b5c9d52e2da89fca30232bc291ddb1f48ef6db84b6c0,2ee46c732cbd9a2d9496fe9e4763efb9a1ab85568c9ae6e0d0e121bc4adb4265,164142652bf5b3032f4e1a8ee54fe2817a3f3b5130635cf04fb641a6e819211d
2026-09-30,THEME,THEME:880596,breadth_ret5,0.23577235772357724,ACCEPTED,0.23577235772357724,123,123,3dd77c68f3f29601b59d09853a70977bfab15f3fba3edeca6737f75ef9d7bcc0,9f7ee99454374db02824b5c9d52e2da89fca30232bc291ddb1f48ef6db84b6c0,2ee46c732cbd9a2d9496fe9e4763efb9a1ab85568c9ae6e0d0e121bc4adb4265,164142652bf5b3032f4e1a8ee54fe2817a3f3b5130635cf04fb641a6e819211d
2026-09-30,THEME,THEME:880596,breadth_ret20,0.2926829268292683,ACCEPTED,0.2926829268292683,123,123,3dd77c68f3f29601b59d09853a70977bfab15f3fba3edeca6737f75ef9d7bcc0,9f7ee99454374db02824b5c9d52e2da89fca30232bc291ddb1f48ef6db84b6c0,2ee46c732cbd9a2d9496fe9e4763efb9a1ab85568c9ae6e0d0e121bc4adb4265,164142652bf5b3032f4e1a8ee54fe2817a3f3b5130635cf04fb641a6e819211d
2026-09-30,THEME,THEME:880596,ma20_width,0.34959349593495936,ACCEPTED,0.34959349593495936,123,123,3dd77c68f3f29601b59d09853a70977bfab15f3fba3edeca6737f75ef9d7bcc0,9f7ee99454374db02824b5c9d52e2da89fca30232bc291ddb1f48ef6db84b6c0,2ee46c732cbd9a2d9496fe9e4763efb9a1ab85568c9ae6e0d0e121bc4adb4265,164142652bf5b3032f4e1a8ee54fe2817a3f3b5130635cf04fb641a6e819211d
2026-09-30,THEME,THEME:880597,sector_rs1,0.0023346303501945442,ACCEPTED,0.0023346303501945442,213,0,3dd77c68f3f29601b59d09853a70977bfab15f3fba3edeca6737f75ef9d7bcc0,9f7ee99454374db02824b5c9d52e2da89fca30232bc291ddb1f48ef6db84b6c0,2ee46c732cbd9a2d9496fe9e4763efb9a1ab85568c9ae6e0d0e121bc4adb4265,164142652bf5b3032f4e1a8ee54fe2817a3f3b5130635cf04fb641a6e819211d
2026-09-30,THEME,THEME:880597,sector_rs5,-0.01850048685491723,ACCEPTED,-0.01850048685491723,213,0,3dd77c68f3f29601b59d09853a70977bfab15f3fba3edeca6737f75ef9d7bcc0,9f7ee99454374db02824b5c9d52e2da89fca30232bc291ddb1f48ef6db84b6c0,2ee46c732cbd9a2d9496fe9e4763efb9a1ab85568c9ae6e0d0e121bc4adb4265,164142652bf5b3032f4e1a8ee54fe2817a3f3b5130635cf04fb641a6e819211d
2026-09-30,THEME,THEME:880597,sector_rs20,-0.031914893617021156,ACCEPTED,-0.031914893617021156,213,0,3dd77c68f3f29601b59d09853a70977bfab15f3fba3edeca6737f75ef9d7bcc0,9f7ee99454374db02824b5c9d52e2da89fca30232bc291ddb1f48ef6db84b6c0,2ee46c732cbd9a2d9496fe9e4763efb9a1ab85568c9ae6e0d0e121bc4adb4265,164142652bf5b3032f4e1a8ee54fe2817a3f3b5130635cf04fb641a6e819211d
2026-09-30,THEME,THEME:880597,breadth_ret1,0.539906103286385,ACCEPTED,0.539906103286385,213,213,3dd77c68f3f29601b59d09853a70977bfab15f3fba3edeca6737f75ef9d7bcc0,9f7ee99454374db02824b5c9d52e2da89fca30232bc291ddb1f48ef6db84b6c0,2ee46c732cbd9a2d9496fe9e4763efb9a1ab85568c9ae6e0d0e121bc4adb4265,164142652bf5b3032f4e1a8ee54fe2817a3f3b5130635cf04fb641a6e819211d
2026-09-30,THEME,THEME:880597,breadth_ret5,0.27230046948356806,ACCEPTED,0.27230046948356806,213,213,3dd77c68f3f29601b59d09853a70977bfab15f3fba3edeca6737f75ef9d7bcc0,9f7ee99454374db02824b5c9d52e2da89fca30232bc291ddb1f48ef6db84b6c0,2ee46c732cbd9a2d9496fe9e4763efb9a1ab85568c9ae6e0d0e121bc4adb4265,164142652bf5b3032f4e1a8ee54fe2817a3f3b5130635cf04fb641a6e819211d
2026-09-30,THEME,THEME:880597,breadth_ret20,0.2863849765258216,ACCEPTED,0.2863849765258216,213,213,3dd77c68f3f29601b59d09853a70977bfab15f3fba3edeca6737f75ef9d7bcc0,9f7ee99454374db02824b5c9d52e2da89fca30232bc291ddb1f48ef6db84b6c0,2ee46c732cbd9a2d9496fe9e4763efb9a1ab85568c9ae6e0d0e121bc4adb4265,164142652bf5b3032f4e1a8ee54fe2817a3f3b5130635cf04fb641a6e819211d
2026-09-30,THEME,THEME:880597,ma20_width,0.4694835680751174,ACCEPTED,0.4694835680751174,213,213,3dd77c68f3f29601b59d09853a70977bfab15f3fba3edeca6737f75ef9d7bcc0,9f7ee99454374db02824b5c9d52e2da89fca30232bc291ddb1f48ef6db84b6c0,2ee46c732cbd9a2d9496fe9e4763efb9a1ab85568c9ae6e0d0e121bc4adb4265,164142652bf5b3032f4e1a8ee54fe2817a3f3b5130635cf04fb641a6e819211d
2026-09-30,THEME,THEME:880598,sector_rs1,-0.005873715124816492,ACCEPTED,-0.005873715124816492,19,0,3dd77c68f3f29601b59d09853a70977bfab15f3fba3edeca6737f75ef9d7bcc0,9f7ee99454374db02824b5c9d52e2da89fca30232bc291ddb1f48ef6db84b6c0,2ee46c732cbd9a2d9496fe9e4763efb9a1ab85568c9ae6e0d0e121bc4adb4265,164142652bf5b3032f4e1a8ee54fe2817a3f3b5130635cf04fb641a6e819211d
2026-09-30,THEME,THEME:880598,sector_rs5,-0.030769230769230882,ACCEPTED,-0.030769230769230882,19,0,3dd77c68f3f29601b59d09853a70977bfab15f3fba3edeca6737f75ef9d7bcc0,9f7ee99454374db02824b5c9d52e2da89fca30232bc291ddb1f48ef6db84b6c0,2ee46c732cbd9a2d9496fe9e4763efb9a1ab85568c9ae6e0d0e121bc4adb4265,164142652bf5b3032f4e1a8ee54fe2817a3f3b5130635cf04fb641a6e819211d
2026-09-30,THEME,THEME:880598,sector_rs20,-0.07810650887573956,ACCEPTED,-0.07810650887573956,19,0,3dd77c68f3f29601b59d09853a70977bfab15f3fba3edeca6737f75ef9d7bcc0,9f7ee99454374db02824b5c9d52e2da89fca30232bc291ddb1f48ef6db84b6c0,2ee46c732cbd9a2d9496fe9e4763efb9a1ab85568c9ae6e0d0e121bc4adb4265,164142652bf5b3032f4e1a8ee54fe2817a3f3b5130635cf04fb641a6e819211d
2026-09-30,THEME,THEME:880598,breadth_ret1,0.15789473684210525,ACCEPTED,0.15789473684210525,19,19,3dd77c68f3f29601b59d09853a70977bfab15f3fba3edeca6737f75ef9d7bcc0,9f7ee99454374db02824b5c9d52e2da89fca30232bc291ddb1f48ef6db84b6c0,2ee46c732cbd9a2d9496fe9e4763efb9a1ab85568c9ae6e0d0e121bc4adb4265,164142652bf5b3032f4e1a8ee54fe2817a3f3b5130635cf04fb641a6e819211d
2026-09-30,THEME,THEME:880598,breadth_ret5,0.05263157894736842,ACCEPTED,0.05263157894736842,19,19,3dd77c68f3f29601b59d09853a70977bfab15f3fba3edeca6737f75ef9d7bcc0,9f7ee99454374db02824b5c9d52e2da89fca30232bc291ddb1f48ef6db84b6c0,2ee46c732cbd9a2d9496fe9e4763efb9a1ab85568c9ae6e0d0e121bc4adb4265,164142652bf5b3032f4e1a8ee54fe2817a3f3b5130635cf04fb641a6e819211d
2026-09-30,THEME,THEME:880598,breadth_ret20,0.10526315789473684,ACCEPTED,0.10526315789473684,19,19,3dd77c68f3f29601b59d09853a70977bfab15f3fba3edeca6737f75ef9d7bcc0,9f7ee99454374db02824b5c9d52e2da89fca30232bc291ddb1f48ef6db84b6c0,2ee46c732cbd9a2d9496fe9e4763efb9a1ab85568c9ae6e0d0e121bc4adb4265,164142652bf5b3032f4e1a8ee54fe2817a3f3b5130635cf04fb641a6e819211d
2026-09-30,THEME,THEME:880598,ma20_width,0.2631578947368421,ACCEPTED,0.2631578947368421,19,19,3dd77c68f3f29601b59d09853a70977bfab15f3fba3edeca6737f75ef9d7bcc0,9f7ee99454374db02824b5c9d52e2da89fca30232bc291ddb1f48ef6db84b6c0,2ee46c732cbd9a2d9496fe9e4763efb9a1ab85568c9ae6e0d0e121bc4adb4265,164142652bf5b3032f4e1a8ee54fe2817a3f3b5130635cf04fb641a6e819211d
2026-09-30,THEME,THEME:880599,sector_rs1,0.008997429305912519,ACCEPTED,0.008997429305912519,78,0,3dd77c68f3f29601b59d09853a70977bfab15f3fba3edeca6737f75ef9d7bcc0,9f7ee99454374db02824b5c9d52e2da89fca30232bc291ddb1f48ef6db84b6c0,2ee46c732cbd9a2d9496fe9e4763efb9a1ab85568c9ae6e0d0e121bc4adb4265,164142652bf5b3032f4e1a8ee54fe2817a3f3b5130635cf04fb641a6e819211d
2026-09-30,THEME,THEME:880599,sector_rs5,-0.01520912547528519,ACCEPTED,-0.01520912547528519,78,0,3dd77c68f3f29601b59d09853a70977bfab15f3fba3edeca6737f75ef9d7bcc0,9f7ee99454374db02824b5c9d52e2da89fca30232bc291ddb1f48ef6db84b6c0,2ee46c732cbd9a2d9496fe9e4763efb9a1ab85568c9ae6e0d0e121bc4adb4265,164142652bf5b3032f4e1a8ee54fe2817a3f3b5130635cf04fb641a6e819211d
2026-09-30,THEME,THEME:880599,sector_rs20,-0.0321489001692048,ACCEPTED,-0.0321489001692048,78,0,3dd77c68f3f29601b59d09853a70977bfab15f3fba3edeca6737f75ef9d7bcc0,9f7ee99454374db02824b5c9d52e2da89fca30232bc291ddb1f48ef6db84b6c0,2ee46c732cbd9a2d9496fe9e4763efb9a1ab85568c9ae6e0d0e121bc4adb4265,164142652bf5b3032f4e1a8ee54fe2817a3f3b5130635cf04fb641a6e819211d
2026-09-30,THEME,THEME:880599,breadth_ret1,0.7402597402597403,ACCEPTED,0.7402597402597403,78,77,3dd77c68f3f29601b59d09853a70977bfab15f3fba3edeca6737f75ef9d7bcc0,9f7ee99454374db02824b5c9d52e2da89fca30232bc291ddb1f48ef6db84b6c0,2ee46c732cbd9a2d9496fe9e4763efb9a1ab85568c9ae6e0d0e121bc4adb4265,164142652bf5b3032f4e1a8ee54fe2817a3f3b5130635cf04fb641a6e819211d
2026-09-30,THEME,THEME:880599,breadth_ret5,0.2597402597402597,ACCEPTED,0.2597402597402597,78,77,3dd77c68f3f29601b59d09853a70977bfab15f3fba3edeca6737f75ef9d7bcc0,9f7ee99454374db02824b5c9d52e2da89fca30232bc291ddb1f48ef6db84b6c0,2ee46c732cbd9a2d9496fe9e4763efb9a1ab85568c9ae6e0d0e121bc4adb4265,164142652bf5b3032f4e1a8ee54fe2817a3f3b5130635cf04fb641a6e819211d
2026-09-30,THEME,THEME:880599,breadth_ret20,0.2857142857142857,ACCEPTED,0.2857142857142857,78,77,3dd77c68f3f29601b59d09853a70977bfab15f3fba3edeca6737f75ef9d7bcc0,9f7ee99454374db02824b5c9d52e2da89fca30232bc291ddb1f48ef6db84b6c0,2ee46c732cbd9a2d9496fe9e4763efb9a1ab85568c9ae6e0d0e121bc4adb4265,164142652bf5b3032f4e1a8ee54fe2817a3f3b5130635cf04fb641a6e819211d
2026-09-30,THEME,THEME:880599,ma20_width,0.44155844155844154,ACCEPTED,0.44155844155844154,78,77,3dd77c68f3f29601b59d09853a70977bfab15f3fba3edeca6737f75ef9d7bcc0,9f7ee99454374db02824b5c9d52e2da89fca30232bc291ddb1f48ef6db84b6c0,2ee46c732cbd9a2d9496fe9e4763efb9a1ab85568c9ae6e0d0e121bc4adb4265,164142652bf5b3032f4e1a8ee54fe2817a3f3b5130635cf04fb641a6e819211d
2026-09-30,THEME,THEME:880601,sector_rs1,-0.013509287768747658,ACCEPTED,-0.013509287768747658,214,0,3dd77c68f3f29601b59d09853a70977bfab15f3fba3edeca6737f75ef9d7bcc0,9f7ee99454374db02824b5c9d52e2da89fca30232bc291ddb1f48ef6db84b6c0,2ee46c732cbd9a2d9496fe9e4763efb9a1ab85568c9ae6e0d0e121bc4adb4265,164142652bf5b3032f4e1a8ee54fe2817a3f3b5130635cf04fb641a6e819211d
2026-09-30,THEME,THEME:880601,sector_rs5,-0.044032507739938054,ACCEPTED,-0.044032507739938054,214,0,3dd77c68f3f29601b59d09853a70977bfab15f3fba3edeca6737f75ef9d7bcc0,9f7ee99454374db02824b5c9d52e2da89fca30232bc291ddb1f48ef6db84b6c0,2ee46c732cbd9a2d9496fe9e4763efb9a1ab85568c9ae6e0d0e121bc4adb4265,164142652bf5b3032f4e1a8ee54fe2817a3f3b5130635cf04fb641a6e819211d
2026-09-30,THEME,THEME:880601,sector_rs20,-0.05311160326896419,ACCEPTED,-0.05311160326896419,214,0,3dd77c68f3f29601b59d09853a70977bfab15f3fba3edeca6737f75ef9d7bcc0,9f7ee99454374db02824b5c9d52e2da89fca30232bc291ddb1f48ef6db84b6c0,2ee46c732cbd9a2d9496fe9e4763efb9a1ab85568c9ae6e0d0e121bc4adb4265,164142652bf5b3032f4e1a8ee54fe2817a3f3b5130635cf04fb641a6e819211d
2026-09-30,THEME,THEME:880601,breadth_ret1,0.17289719626168223,ACCEPTED,0.17289719626168223,214,214,3dd77c68f3f29601b59d09853a70977bfab15f3fba3edeca6737f75ef9d7bcc0,9f7ee99454374db02824b5c9d52e2da89fca30232bc291ddb1f48ef6db84b6c0,2ee46c732cbd9a2d9496fe9e4763efb9a1ab85568c9ae6e0d0e121bc4adb4265,164142652bf5b3032f4e1a8ee54fe2817a3f3b5130635cf04fb641a6e819211d
2026-09-30,THEME,THEME:880601,breadth_ret5,0.11682242990654206,ACCEPTED,0.11682242990654206,214,214,3dd77c68f3f29601b59d09853a70977bfab15f3fba3edeca6737f75ef9d7bcc0,9f7ee99454374db02824b5c9d52e2da89fca30232bc291ddb1f48ef6db84b6c0,2ee46c732cbd9a2d9496fe9e4763efb9a1ab85568c9ae6e0d0e121bc4adb4265,164142652bf5b3032f4e1a8ee54fe2817a3f3b5130635cf04fb641a6e819211d
2026-09-30,THEME,THEME:880601,breadth_ret20,0.22897196261682243,ACCEPTED,0.22897196261682243,214,214,3dd77c68f3f29601b59d09853a70977bfab15f3fba3edeca6737f75ef9d7bcc0,9f7ee99454374db02824b5c9d52e2da89fca30232bc291ddb1f48ef6db84b6c0,2ee46c732cbd9a2d9496fe9e4763efb9a1ab85568c9ae6e0d0e121bc4adb4265,164142652bf5b3032f4e1a8ee54fe2817a3f3b5130635cf04fb641a6e819211d
2026-09-30,THEME,THEME:880601,ma20_width,0.2850467289719626,ACCEPTED,0.2850467289719626,214,214,3dd77c68f3f29601b59d09853a70977bfab15f3fba3edeca6737f75ef9d7bcc0,9f7ee99454374db02824b5c9d52e2da89fca30232bc291ddb1f48ef6db84b6c0,2ee46c732cbd9a2d9496fe9e4763efb9a1ab85568c9ae6e0d0e121bc4adb4265,164142652bf5b3032f4e1a8ee54fe2817a3f3b5130635cf04fb641a6e819211d
2026-09-30,THEME,THEME:880602,sector_rs1,0.008528784648187626,ACCEPTED,0.008528784648187626,49,0,3dd77c68f3f29601b59d09853a70977bfab15f3fba3edeca6737f75ef9d7bcc0,9f7ee99454374db02824b5c9d52e2da89fca30232bc291ddb1f48ef6db84b6c0,2ee46c732cbd9a2d9496fe9e4763efb9a1ab85568c9ae6e0d0e121bc4adb4265,164142652bf5b3032f4e1a8ee54fe2817a3f3b5130635cf04fb641a6e819211d
2026-09-30,THEME,THEME:880602,sector_rs5,-0.016351118760757233,ACCEPTED,-0.016351118760757233,49,0,3dd77c68f3f29601b59d09853a70977bfab15f3fba3edeca6737f75ef9d7bcc0,9f7ee99454374db02824b5c9d52e2da89fca30232bc291ddb1f48ef6db84b6c0,2ee46c732cbd9a2d9496fe9e4763efb9a1ab85568c9ae6e0d0e121bc4adb4265,164142652bf5b3032f4e1a8ee54fe2817a3f3b5130635cf04fb641a6e819211d
2026-09-30,THEME,THEME:880602,sector_rs20,-0.02083333333333326,ACCEPTED,-0.02083333333333326,49,0,3dd77c68f3f29601b59d09853a70977bfab15f3fba3edeca6737f75ef9d7bcc0,9f7ee99454374db02824b5c9d52e2da89fca30232bc291ddb1f48ef6db84b6c0,2ee46c732cbd9a2d9496fe9e4763efb9a1ab85568c9ae6e0d0e121bc4adb4265,164142652bf5b3032f4e1a8ee54fe2817a3f3b5130635cf04fb641a6e819211d
2026-09-30,THEME,THEME:880602,breadth_ret1,0.7755102040816326,ACCEPTED,0.7755102040816326,49,49,3dd77c68f3f29601b59d09853a70977bfab15f3fba3edeca6737f75ef9d7bcc0,9f7ee99454374db02824b5c9d52e2da89fca30232bc291ddb1f48ef6db84b6c0,2ee46c732cbd9a2d9496fe9e4763efb9a1ab85568c9ae6e0d0e121bc4adb4265,164142652bf5b3032f4e1a8ee54fe2817a3f3b5130635cf04fb641a6e819211d
2026-09-30,THEME,THEME:880602,breadth_ret5,0.24489795918367346,ACCEPTED,0.24489795918367346,49,49,3dd77c68f3f29601b59d09853a70977bfab15f3fba3edeca6737f75ef9d7bcc0,9f7ee99454374db02824b5c9d52e2da89fca30232bc291ddb1f48ef6db84b6c0,2ee46c732cbd9a2d9496fe9e4763efb9a1ab85568c9ae6e0d0e121bc4adb4265,164142652bf5b3032f4e1a8ee54fe2817a3f3b5130635cf04fb641a6e819211d
2026-09-30,THEME,THEME:880602,breadth_ret20,0.20408163265306123,ACCEPTED,0.20408163265306123,49,49,3dd77c68f3f29601b59d09853a70977bfab15f3fba3edeca6737f75ef9d7bcc0,9f7ee99454374db02824b5c9d52e2da89fca30232bc291ddb1f48ef6db84b6c0,2ee46c732cbd9a2d9496fe9e4763efb9a1ab85568c9ae6e0d0e121bc4adb4265,164142652bf5b3032f4e1a8ee54fe2817a3f3b5130635cf04fb641a6e819211d
2026-09-30,THEME,THEME:880602,ma20_width,0.2653061224489796,ACCEPTED,0.2653061224489796,49,49,3dd77c68f3f29601b59d09853a70977bfab15f3fba3edeca6737f75ef9d7bcc0,9f7ee99454374db02824b5c9d52e2da89fca30232bc291ddb1f48ef6db84b6c0,2ee46c732cbd9a2d9496fe9e4763efb9a1ab85568c9ae6e0d0e121bc4adb4265,164142652bf5b3032f4e1a8ee54fe2817a3f3b5130635cf04fb641a6e819211d
2026-09-30,THEME,THEME:880604,sector_rs1,-0.0027172010100551813,ACCEPTED,-0.0027172010100551813,16,0,3dd77c68f3f29601b59d09853a70977bfab15f3fba3edeca6737f75ef9d7bcc0,9f7ee99454374db02824b5c9d52e2da89fca30232bc291ddb1f48ef6db84b6c0,2ee46c732cbd9a2d9496fe9e4763efb9a1ab85568c9ae6e0d0e121bc4adb4265,164142652bf5b3032f4e1a8ee54fe2817a3f3b5130635cf04fb641a6e819211d
2026-09-30,THEME,THEME:880604,sector_rs5,-0.035428689035730376,ACCEPTED,-0.035428689035730376,16,0,3dd77c68f3f29601b59d09853a70977bfab15f3fba3edeca6737f75ef9d7bcc0,9f7ee99454374db02824b5c9d52e2da89fca30232bc291ddb1f48ef6db84b6c0,2ee46c732cbd9a2d9496fe9e4763efb9a1ab85568c9ae6e0d0e121bc4adb4265,164142652bf5b3032f4e1a8ee54fe2817a3f3b5130635cf04fb641a6e819211d
2026-09-30,THEME,THEME:880604,sector_rs20,-0.06504701795138257,ACCEPTED,-0.06504701795138257,16,0,3dd77c68f3f29601b59d09853a70977bfab15f3fba3edeca6737f75ef9d7bcc0,9f7ee99454374db02824b5c9d52e2da89fca30232bc291ddb1f48ef6db84b6c0,2ee46c732cbd9a2d9496fe9e4763efb9a1ab85568c9ae6e0d0e121bc4adb4265,164142652bf5b3032f4e1a8ee54fe2817a3f3b5130635cf04fb641a6e819211d
2026-09-30,THEME,THEME:880604,breadth_ret1,0.375,ACCEPTED,0.375,16,16,3dd77c68f3f29601b59d09853a70977bfab15f3fba3edeca6737f75ef9d7bcc0,9f7ee99454374db02824b5c9d52e2da89fca30232bc291ddb1f48ef6db84b6c0,2ee46c732cbd9a2d9496fe9e4763efb9a1ab85568c9ae6e0d0e121bc4adb4265,164142652bf5b3032f4e1a8ee54fe2817a3f3b5130635cf04fb641a6e819211d
2026-09-30,THEME,THEME:880604,breadth_ret5,0.125,ACCEPTED,0.125,16,16,3dd77c68f3f29601b59d09853a70977bfab15f3fba3edeca6737f75ef9d7bcc0,9f7ee99454374db02824b5c9d52e2da89fca30232bc291ddb1f48ef6db84b6c0,2ee46c732cbd9a2d9496fe9e4763efb9a1ab85568c9ae6e0d0e121bc4adb4265,164142652bf5b3032f4e1a8ee54fe2817a3f3b5130635cf04fb641a6e819211d
2026-09-30,THEME,THEME:880604,breadth_ret20,0.125,ACCEPTED,0.125,16,16,3dd77c68f3f29601b59d09853a70977bfab15f3fba3edeca6737f75ef9d7bcc0,9f7ee99454374db02824b5c9d52e2da89fca30232bc291ddb1f48ef6db84b6c0,2ee46c732cbd9a2d9496fe9e4763efb9a1ab85568c9ae6e0d0e121bc4adb4265,164142652bf5b3032f4e1a8ee54fe2817a3f3b5130635cf04fb641a6e819211d
2026-09-30,THEME,THEME:880604,ma20_width,0.125,ACCEPTED,0.125,16,16,3dd77c68f3f29601b59d09853a70977bfab15f3fba3edeca6737f75ef9d7bcc0,9f7ee99454374db02824b5c9d52e2da89fca30232bc291ddb1f48ef6db84b6c0,2ee46c732cbd9a2d9496fe9e4763efb9a1ab85568c9ae6e0d0e121bc4adb4265,164142652bf5b3032f4e1a8ee54fe2817a3f3b5130635cf04fb641a6e819211d
2026-09-30,THEME,THEME:880605,sector_rs1,0.0,ACCEPTED,0.0,109,0,3dd77c68f3f29601b59d09853a70977bfab15f3fba3edeca6737f75ef9d7bcc0,9f7ee99454374db02824b5c9d52e2da89fca30232bc291ddb1f48ef6db84b6c0,2ee46c732cbd9a2d9496fe9e4763efb9a1ab85568c9ae6e0d0e121bc4adb4265,164142652bf5b3032f4e1a8ee54fe2817a3f3b5130635cf04fb641a6e819211d
2026-09-30,THEME,THEME:880605,sector_rs5,-0.00014889815366286863,ACCEPTED,-0.00014889815366286863,109,0,3dd77c68f3f29601b59d09853a70977bfab15f3fba3edeca6737f75ef9d7bcc0,9f7ee99454374db02824b5c9d52e2da89fca30232bc291ddb1f48ef6db84b6c0,2ee46c732cbd9a2d9496fe9e4763efb9a1ab85568c9ae6e0d0e121bc4adb4265,164142652bf5b3032f4e1a8ee54fe2817a3f3b5130635cf04fb641a6e819211d
2026-09-30,THEME,THEME:880605,sector_rs20,-0.014091432849185015,ACCEPTED,-0.014091432849185015,109,0,3dd77c68f3f29601b59d09853a70977bfab15f3fba3edeca6737f75ef9d7bcc0,9f7ee99454374db02824b5c9d52e2da89fca30232bc291ddb1f48ef6db84b6c0,2ee46c732cbd9a2d9496fe9e4763efb9a1ab85568c9ae6e0d0e121bc4adb4265,164142652bf5b3032f4e1a8ee54fe2817a3f3b5130635cf04fb641a6e819211d
2026-09-30,THEME,THEME:880605,breadth_ret1,0.4716981132075472,ACCEPTED,0.4716981132075472,109,106,3dd77c68f3f29601b59d09853a70977bfab15f3fba3edeca6737f75ef9d7bcc0,9f7ee99454374db02824b5c9d52e2da89fca30232bc291ddb1f48ef6db84b6c0,2ee46c732cbd9a2d9496fe9e4763efb9a1ab85568c9ae6e0d0e121bc4adb4265,164142652bf5b3032f4e1a8ee54fe2817a3f3b5130635cf04fb641a6e819211d
2026-09-30,THEME,THEME:880605,breadth_ret5,0.4716981132075472,ACCEPTED,0.4716981132075472,109,106,3dd77c68f3f29601b59d09853a70977bfab15f3fba3edeca6737f75ef9d7bcc0,9f7ee99454374db02824b5c9d52e2da89fca30232bc291ddb1f48ef6db84b6c0,2ee46c732cbd9a2d9496fe9e4763efb9a1ab85568c9ae6e0d0e121bc4adb4265,164142652bf5b3032f4e1a8ee54fe2817a3f3b5130635cf04fb641a6e819211d
2026-09-30,THEME,THEME:880605,breadth_ret20,0.3113207547169811,ACCEPTED,0.3113207547169811,109,106,3dd77c68f3f29601b59d09853a70977bfab15f3fba3edeca6737f75ef9d7bcc0,9f7ee99454374db02824b5c9d52e2da89fca30232bc291ddb1f48ef6db84b6c0,2ee46c732cbd9a2d9496fe9e4763efb9a1ab85568c9ae6e0d0e121bc4adb4265,164142652bf5b3032f4e1a8ee54fe2817a3f3b5130635cf04fb641a6e819211d
2026-09-30,THEME,THEME:880605,ma20_width,0.5094339622641509,ACCEPTED,0.5094339622641509,109,106,3dd77c68f3f29601b59d09853a70977bfab15f3fba3edeca6737f75ef9d7bcc0,9f7ee99454374db02824b5c9d52e2da89fca30232bc291ddb1f48ef6db84b6c0,2ee46c732cbd9a2d9496fe9e4763efb9a1ab85568c9ae6e0d0e121bc4adb4265,164142652bf5b3032f4e1a8ee54fe2817a3f3b5130635cf04fb641a6e819211d
2026-09-30,THEME,THEME:880606,sector_rs1,0.019429192404484152,ACCEPTED,0.019429192404484152,74,0,3dd77c68f3f29601b59d09853a70977bfab15f3fba3edeca6737f75ef9d7bcc0,9f7ee99454374db02824b5c9d52e2da89fca30232bc291ddb1f48ef6db84b6c0,2ee46c732cbd9a2d9496fe9e4763efb9a1ab85568c9ae6e0d0e121bc4adb4265,164142652bf5b3032f4e1a8ee54fe2817a3f3b5130635cf04fb641a6e819211d
2026-09-30,THEME,THEME:880606,sector_rs5,-0.0063333667091705625,ACCEPTED,-0.0063333667091705625,74,0,3dd77c68f3f29601b59d09853a70977bfab15f3fba3edeca6737f75ef9d7bcc0,9f7ee99454374db02824b5c9d52e2da89fca30232bc291ddb1f48ef6db84b6c0,2ee46c732cbd9a2d9496fe9e4763efb9a1ab85568c9ae6e0d0e121bc4adb4265,164142652bf5b3032f4e1a8ee54fe2817a3f3b5130635cf04fb641a6e819211d
2026-09-30,THEME,THEME:880606,sector_rs20,0.0012471061296407404,ACCEPTED,0.0012471061296407404,74,0,3dd77c68f3f29601b59d09853a70977bfab15f3fba3edeca6737f75ef9d7bcc0,9f7ee99454374db02824b5c9d52e2da89fca30232bc291ddb1f48ef6db84b6c0,2ee46c732cbd9a2d9496fe9e4763efb9a1ab85568c9ae6e0d0e121bc4adb4265,164142652bf5b3032f4e1a8ee54fe2817a3f3b5130635cf04fb641a6e819211d
2026-09-30,THEME,THEME:880606,breadth_ret1,0.8243243243243243,ACCEPTED,0.8243243243243243,74,74,3dd77c68f3f29601b59d09853a70977bfab15f3fba3edeca6737f75ef9d7bcc0,9f7ee99454374db02824b5c9d52e2da89fca30232bc291ddb1f48ef6db84b6c0,2ee46c732cbd9a2d9496fe9e4763efb9a1ab85568c9ae6e0d0e121bc4adb4265,164142652bf5b3032f4e1a8ee54fe2817a3f3b5130635cf04fb641a6e819211d
2026-09-30,THEME,THEME:880606,breadth_ret5,0.40540540540540543,ACCEPTED,0.40540540540540543,74,74,3dd77c68f3f29601b59d09853a70977bfab15f3fba3edeca6737f75ef9d7bcc0,9f7ee99454374db02824b5c9d52e2da89fca30232bc291ddb1f48ef6db84b6c0,2ee46c732cbd9a2d9496fe9e4763efb9a1ab85568c9ae6e0d0e121bc4adb4265,164142652bf5b3032f4e1a8ee54fe2817a3f3b5130635cf04fb641a6e819211d
2026-09-30,THEME,THEME:880606,breadth_ret20,0.5,ACCEPTED,0.5,74,74,3dd77c68f3f29601b59d09853a70977bfab15f3fba3edeca6737f75ef9d7bcc0,9f7ee99454374db02824b5c9d52e2da89fca30232bc291ddb1f48ef6db84b6c0,2ee46c732cbd9a2d9496fe9e4763efb9a1ab85568c9ae6e0d0e121bc4adb4265,164142652bf5b3032f4e1a8ee54fe2817a3f3b5130635cf04fb641a6e819211d
2026-09-30,THEME,THEME:880606,ma20_width,0.6891891891891891,ACCEPTED,0.6891891891891891,74,74,3dd77c68f3f29601b59d09853a70977bfab15f3fba3edeca6737f75ef9d7bcc0,9f7ee99454374db02824b5c9d52e2da89fca30232bc291ddb1f48ef6db84b6c0,2ee46c732cbd9a2d9496fe9e4763efb9a1ab85568c9ae6e0d0e121bc4adb4265,164142652bf5b3032f4e1a8ee54fe2817a3f3b5130635cf04fb641a6e819211d
2026-09-30,THEME,THEME:880607,sector_rs1,-0.01194852941176483,ACCEPTED,-0.01194852941176483,402,0,3dd77c68f3f29601b59d09853a70977bfab15f3fba3edeca6737f75ef9d7bcc0,9f7ee99454374db02824b5c9d52e2da89fca30232bc291ddb1f48ef6db84b6c0,2ee46c732cbd9a2d9496fe9e4763efb9a1ab85568c9ae6e0d0e121bc4adb4265,164142652bf5b3032f4e1a8ee54fe2817a3f3b5130635cf04fb641a6e819211d
2026-09-30,THEME,THEME:880607,sector_rs5,-0.06005221932114879,ACCEPTED,-0.06005221932114879,402,0,3dd77c68f3f29601b59d09853a70977bfab15f3fba3edeca6737f75ef9d7bcc0,9f7ee99454374db02824b5c9d52e2da89fca30232bc291ddb1f48ef6db84b6c0,2ee46c732cbd9a2d9496fe9e4763efb9a1ab85568c9ae6e0d0e121bc4adb4265,164142652bf5b3032f4e1a8ee54fe2817a3f3b5130635cf04fb641a6e819211d
2026-09-30,THEME,THEME:880607,sector_rs20,-0.0630841121495328,ACCEPTED,-0.0630841121495328,402,0,3dd77c68f3f29601b59d09853a70977bfab15f3fba3edeca6737f75ef9d7bcc0,9f7ee99454374db02824b5c9d52e2da89fca30232bc291ddb1f48ef6db84b6c0,2ee46c732cbd9a2d9496fe9e4763efb9a1ab85568c9ae6e0d0e121bc4adb4265,164142652bf5b3032f4e1a8ee54fe2817a3f3b5130635cf04fb641a6e819211d
2026-09-30,THEME,THEME:880607,breadth_ret1,0.24561403508771928,ACCEPTED,0.24561403508771928,402,399,3dd77c68f3f29601b59d09853a70977bfab15f3fba3edeca6737f75ef9d7bcc0,9f7ee99454374db02824b5c9d52e2da89fca30232bc291ddb1f48ef6db84b6c0,2ee46c732cbd9a2d9496fe9e4763efb9a1ab85568c9ae6e0d0e121bc4adb4265,164142652bf5b3032f4e1a8ee54fe2817a3f3b5130635cf04fb641a6e819211d
2026-09-30,THEME,THEME:880607,breadth_ret5,0.08521303258145363,ACCEPTED,0.08521303258145363,402,399,3dd77c68f3f29601b59d09853a70977bfab15f3fba3edeca6737f75ef9d7bcc0,9f7ee99454374db02824b5c9d52e2da89fca30232bc291ddb1f48ef6db84b6c0,2ee46c732cbd9a2d9496fe9e4763efb9a1ab85568c9ae6e0d0e121bc4adb4265,164142652bf5b3032f4e1a8ee54fe2817a3f3b5130635cf04fb641a6e819211d
2026-09-30,THEME,THEME:880607,breadth_ret20,0.20300751879699247,ACCEPTED,0.20300751879699247,402,399,3dd77c68f3f29601b59d09853a70977bfab15f3fba3edeca6737f75ef9d7bcc0,9f7ee99454374db02824b5c9d52e2da89fca30232bc291ddb1f48ef6db84b6c0,2ee46c732cbd9a2d9496fe9e4763efb9a1ab85568c9ae6e0d0e121bc4adb4265,164142652bf5b3032f4e1a8ee54fe2817a3f3b5130635cf04fb641a6e819211d
2026-09-30,THEME,THEME:880607,ma20_width,0.2075,ACCEPTED,0.2075,402,400,3dd77c68f3f29601b59d09853a70977bfab15f3fba3edeca6737f75ef9d7bcc0,9f7ee99454374db02824b5c9d52e2da89fca30232bc291ddb1f48ef6db84b6c0,2ee46c732cbd9a2d9496fe9e4763efb9a1ab85568c9ae6e0d0e121bc4adb4265,164142652bf5b3032f4e1a8ee54fe2817a3f3b5130635cf04fb641a6e819211d
2026-09-30,THEME,THEME:880608,sector_rs1,-0.019299172727884173,ACCEPTED,-0.019299172727884173,180,0,3dd77c68f3f29601b59d09853a70977bfab15f3fba3edeca6737f75ef9d7bcc0,9f7ee99454374db02824b5c9d52e2da89fca30232bc291ddb1f48ef6db84b6c0,2ee46c732cbd9a2d9496fe9e4763efb9a1ab85568c9ae6e0d0e121bc4adb4265,164142652bf5b3032f4e1a8ee54fe2817a3f3b5130635cf04fb641a6e819211d
2026-09-30,THEME,THEME:880608,sector_rs5,-0.07951278024446151,ACCEPTED,-0.07951278024446151,180,0,3dd77c68f3f29601b59d09853a70977bfab15f3fba3edeca6737f75ef9d7bcc0,9f7ee99454374db02824b5c9d52e2da89fca30232bc291ddb1f48ef6db84b6c0,2ee46c732cbd9a2d9496fe9e4763efb9a1ab85568c9ae6e0d0e121bc4adb4265,164142652bf5b3032f4e1a8ee54fe2817a3f3b5130635cf04fb641a6e819211d
2026-09-30,THEME,THEME:880608,sector_rs20,-0.05883253523530668,ACCEPTED,-0.05883253523530668,180,0,3dd77c68f3f29601b59d09853a70977bfab15f3fba3edeca6737f75ef9d7bcc0,9f7ee99454374db02824b5c9d52e2da89fca30232bc291ddb1f48ef6db84b6c0,2ee46c732cbd9a2d9496fe9e4763efb9a1ab85568c9ae6e0d0e121bc4adb4265,164142652bf5b3032f4e1a8ee54fe2817a3f3b5130635cf04fb641a6e819211d
2026-09-30,THEME,THEME:880608,breadth_ret1,0.17222222222222222,ACCEPTED,0.17222222222222222,180,180,3dd77c68f3f29601b59d09853a70977bfab15f3fba3edeca6737f75ef9d7bcc0,9f7ee99454374db02824b5c9d52e2da89fca30232bc291ddb1f48ef6db84b6c0,2ee46c732cbd9a2d9496fe9e4763efb9a1ab85568c9ae6e0d0e121bc4adb4265,164142652bf5b3032f4e1a8ee54fe2817a3f3b5130635cf04fb641a6e819211d
2026-09-30,THEME,THEME:880608,breadth_ret5,0.05555555555555555,ACCEPTED,0.05555555555555555,180,180,3dd77c68f3f29601b59d09853a70977bfab15f3fba3edeca6737f75ef9d7bcc0,9f7ee99454374db02824b5c9d52e2da89fca30232bc291ddb1f48ef6db84b6c0,2ee46c732cbd9a2d9496fe9e4763efb9a1ab85568c9ae6e0d0e121bc4adb4265,164142652bf5b3032f4e1a8ee54fe2817a3f3b5130635cf04fb641a6e819211d
2026-09-30,THEME,THEME:880608,breadth_ret20,0.22777777777777777,ACCEPTED,0.22777777777777777,180,180,3dd77c68f3f29601b59d09853a70977bfab15f3fba3edeca6737f75ef9d7bcc0,9f7ee99454374db02824b5c9d52e2da89fca30232bc291ddb1f48ef6db84b6c0,2ee46c732cbd9a2d9496fe9e4763efb9a1ab85568c9ae6e0d0e121bc4adb4265,164142652bf5b3032f4e1a8ee54fe2817a3f3b5130635cf04fb641a6e819211d
2026-09-30,THEME,THEME:880608,ma20_width,0.17777777777777778,ACCEPTED,0.17777777777777778,180,180,3dd77c68f3f29601b59d09853a70977bfab15f3fba3edeca6737f75ef9d7bcc0,9f7ee99454374db02824b5c9d52e2da89fca30232bc291ddb1f48ef6db84b6c0,2ee46c732cbd9a2d9496fe9e4763efb9a1ab85568c9ae6e0d0e121bc4adb4265,164142652bf5b3032f4e1a8ee54fe2817a3f3b5130635cf04fb641a6e819211d
2026-09-30,THEME,THEME:880609,sector_rs1,-0.0017764420687176319,ACCEPTED,-0.0017764420687176319,74,0,3dd77c68f3f29601b59d09853a70977bfab15f3fba3edeca6737f75ef9d7bcc0,9f7ee99454374db02824b5c9d52e2da89fca30232bc291ddb1f48ef6db84b6c0,2ee46c732cbd9a2d9496fe9e4763efb9a1ab85568c9ae6e0d0e121bc4adb4265,164142652bf5b3032f4e1a8ee54fe2817a3f3b5130635cf04fb641a6e819211d
2026-09-30,THEME,THEME:880609,sector_rs5,-0.03969018897199461,ACCEPTED,-0.03969018897199461,74,0,3dd77c68f3f29601b59d09853a70977bfab15f3fba3edeca6737f75ef9d7bcc0,9f7ee99454374db02824b5c9d52e2da89fca30232bc291ddb1f48ef6db84b6c0,2ee46c732cbd9a2d9496fe9e4763efb9a1ab85568c9ae6e0d0e121bc4adb4265,164142652bf5b3032f4e1a8ee54fe2817a3f3b5130635cf04fb641a6e819211d
2026-09-30,THEME,THEME:880609,sector_rs20,-0.08258012303835005,ACCEPTED,-0.08258012303835005,74,0,3dd77c68f3f29601b59d09853a70977bfab15f3fba3edeca6737f75ef9d7bcc0,9f7ee99454374db02824b5c9d52e2da89fca30232bc291ddb1f48ef6db84b6c0,2ee46c732cbd9a2d9496fe9e4763efb9a1ab85568c9ae6e0d0e121bc4adb4265,164142652bf5b3032f4e1a8ee54fe2817a3f3b5130635cf04fb641a6e819211d
2026-09-30,THEME,THEME:880609,breadth_ret1,0.4189189189189189,ACCEPTED,0.4189189189189189,74,74,3dd77c68f3f29601b59d09853a70977bfab15f3fba3edeca6737f75ef9d7bcc0,9f7ee99454374db02824b5c9d52e2da89fca30232bc291ddb1f48ef6db84b6c0,2ee46c732cbd9a2d9496fe9e4763efb9a1ab85568c9ae6e0d0e121bc4adb4265,164142652bf5b3032f4e1a8ee54fe2817a3f3b5130635cf04fb641a6e819211d
2026-09-30,THEME,THEME:880609,breadth_ret5,0.21621621621621623,ACCEPTED,0.21621621621621623,74,74,3dd77c68f3f29601b59d09853a70977bfab15f3fba3edeca6737f75ef9d7bcc0,9f7ee99454374db02824b5c9d52e2da89fca30232bc291ddb1f48ef6db84b6c0,2ee46c732cbd9a2d9496fe9e4763efb9a1ab85568c9ae6e0d0e121bc4adb4265,164142652bf5b3032f4e1a8ee54fe2817a3f3b5130635cf04fb641a6e819211d
2026-09-30,THEME,THEME:880609,breadth_ret20,0.25675675675675674,ACCEPTED,0.25675675675675674,74,74,3dd77c68f3f29601b59d09853a70977bfab15f3fba3edeca6737f75ef9d7bcc0,9f7ee99454374db02824b5c9d52e2da89fca30232bc291ddb1f48ef6db84b6c0,2ee46c732cbd9a2d9496fe9e4763efb9a1ab85568c9ae6e0d0e121bc4adb4265,164142652bf5b3032f4e1a8ee54fe2817a3f3b5130635cf04fb641a6e819211d
2026-09-30,THEME,THEME:880609,ma20_width,0.35135135135135137,ACCEPTED,0.35135135135135137,74,74,3dd77c68f3f29601b59d09853a70977bfab15f3fba3edeca6737f75ef9d7bcc0,9f7ee99454374db02824b5c9d52e2da89fca30232bc291ddb1f48ef6db84b6c0,2ee46c732cbd9a2d9496fe9e4763efb9a1ab85568c9ae6e0d0e121bc4adb4265,164142652bf5b3032f4e1a8ee54fe2817a3f3b5130635cf04fb641a6e819211d
2026-09-30,THEME,THEME:880610,sector_rs1,-0.0007434944237917906,ACCEPTED,-0.0007434944237917906,170,0,3dd77c68f3f29601b59d09853a70977bfab15f3fba3edeca6737f75ef9d7bcc0,9f7ee99454374db02824b5c9d52e2da89fca30232bc291ddb1f48ef6db84b6c0,2ee46c732cbd9a2d9496fe9e4763efb9a1ab85568c9ae6e0d0e121bc4adb4265,164142652bf5b3032f4e1a8ee54fe2817a3f3b5130635cf04fb641a6e819211d
2026-09-30,THEME,THEME:880610,sector_rs5,-0.014332920523310089,ACCEPTED,-0.014332920523310089,170,0,3dd77c68f3f29601b59d09853a70977bfab15f3fba3edeca6737f75ef9d7bcc0,9f7ee99454374db02824b5c9d52e2da89fca30232bc291ddb1f48ef6db84b6c0,2ee46c732cbd9a2d9496fe9e4763efb9a1ab85568c9ae6e0d0e121bc4adb4265,164142652bf5b3032f4e1a8ee54fe2817a3f3b5130635cf04fb641a6e819211d
2026-09-30,THEME,THEME:880610,sector_rs20,-0.02954342827647699,ACCEPTED,-0.02954342827647699,170,0,3dd77c68f3f29601b59d09853a70977bfab15f3fba3edeca6737f75ef9d7bcc0,9f7ee99454374db02824b5c9d52e2da89fca30232bc291ddb1f48ef6db84b6c0,2ee46c732cbd9a2d9496fe9e4763efb9a1ab85568c9ae6e0d0e121bc4adb4265,164142652bf5b3032f4e1a8ee54fe2817a3f3b5130635cf04fb641a6e819211d
2026-09-30,THEME,THEME:880610,breadth_ret1,0.4647058823529412,ACCEPTED,0.4647058823529412,170,170,3dd77c68f3f29601b59d09853a70977bfab15f3fba3edeca6737f75ef9d7bcc0,9f7ee99454374db02824b5c9d52e2da89fca30232bc291ddb1f48ef6db84b6c0,2ee46c732cbd9a2d9496fe9e4763efb9a1ab85568c9ae6e0d0e121bc4adb4265,164142652bf5b3032f4e1a8ee54fe2817a3f3b5130635cf04fb641a6e819211d
2026-09-30,THEME,THEME:880610,breadth_ret5,0.20588235294117646,ACCEPTED,0.20588235294117646,170,170,3dd77c68f3f29601b59d09853a70977bfab15f3fba3edeca6737f75ef9d7bcc0,9f7ee99454374db02824b5c9d52e2da89fca30232bc291ddb1f48ef6db84b6c0,2ee46c732cbd9a2d9496fe9e4763efb9a1ab85568c9ae6e0d0e121bc4adb4265,164142652bf5b3032f4e1a8ee54fe2817a3f3b5130635cf04fb641a6e819211d
2026-09-30,THEME,THEME:880610,breadth_ret20,0.27647058823529413,ACCEPTED,0.27647058823529413,170,170,3dd77c68f3f29601b59d09853a70977bfab15f3fba3edeca6737f75ef9d7bcc0,9f7ee99454374db02824b5c9d52e2da89fca30232bc291ddb1f48ef6db84b6c0,2ee46c732cbd9a2d9496fe9e4763efb9a1ab85568c9ae6e0d0e121bc4adb4265,164142652bf5b3032f4e1a8ee54fe2817a3f3b5130635cf04fb641a6e819211d
2026-09-30,THEME,THEME:880610,ma20_width,0.3352941176470588,ACCEPTED,0.3352941176470588,170,170,3dd77c68f3f29601b59d09853a70977bfab15f3fba3edeca6737f75ef9d7bcc0,9f7ee99454374db02824b5c9d52e2da89fca30232bc291ddb1f48ef6db84b6c0,2ee46c732cbd9a2d9496fe9e4763efb9a1ab85568c9ae6e0d0e121bc4adb4265,164142652bf5b3032f4e1a8ee54fe2817a3f3b5130635cf04fb641a6e819211d
2026-09-30,THEME,THEME:880611,sector_rs1,0.0,ACCEPTED,0.0,59,0,3dd77c68f3f29601b59d09853a70977bfab15f3fba3edeca6737f75ef9d7bcc0,9f7ee99454374db02824b5c9d52e2da89fca30232bc291ddb1f48ef6db84b6c0,2ee46c732cbd9a2d9496fe9e4763efb9a1ab85568c9ae6e0d0e121bc4adb4265,164142652bf5b3032f4e1a8ee54fe2817a3f3b5130635cf04fb641a6e819211d
2026-09-30,THEME,THEME:880611,sector_rs5,-0.028708133971291905,ACCEPTED,-0.028708133971291905,59,0,3dd77c68f3f29601b59d09853a70977bfab15f3fba3edeca6737f75ef9d7bcc0,9f7ee99454374db02824b5c9d52e2da89fca30232bc291ddb1f48ef6db84b6c0,2ee46c732cbd9a2d9496fe9e4763efb9a1ab85568c9ae6e0d0e121bc4adb4265,164142652bf5b3032f4e1a8ee54fe2817a3f3b5130635cf04fb641a6e819211d
2026-09-30,THEME,THEME:880611,sector_rs20,-0.033033033033032955,ACCEPTED,-0.033033033033032955,59,0,3dd77c68f3f29601b59d09853a70977bfab15f3fba3edeca6737f75ef9d7bcc0,9f7ee99454374db02824b5c9d52e2da89fca30232bc291ddb1f48ef6db84b6c0,2ee46c732cbd9a2d9496fe9e4763efb9a1ab85568c9ae6e0d0e121bc4adb4265,164142652bf5b3032f4e1a8ee54fe2817a3f3b5130635cf04fb641a6e819211d
2026-09-30,THEME,THEME:880611,breadth_ret1,0.4745762711864407,ACCEPTED,0.4745762711864407,59,59,3dd77c68f3f29601b59d09853a70977bfab15f3fba3edeca6737f75ef9d7bcc0,9f7ee99454374db02824b5c9d52e2da89fca30232bc291ddb1f48ef6db84b6c0,2ee46c732cbd9a2d9496fe9e4763efb9a1ab85568c9ae6e0d0e121bc4adb4265,164142652bf5b3032f4e1a8ee54fe2817a3f3b5130635cf04fb641a6e819211d
2026-09-30,THEME,THEME:880611,breadth_ret5,0.23728813559322035,ACCEPTED,0.23728813559322035,59,59,3dd77c68f3f29601b59d09853a70977bfab15f3fba3edeca6737f75ef9d7bcc0,9f7ee99454374db02824b5c9d52e2da89fca30232bc291ddb1f48ef6db84b6c0,2ee46c732cbd9a2d9496fe9e4763efb9a1ab85568c9ae6e0d0e121bc4adb4265,164142652bf5b3032f4e1a8ee54fe2817a3f3b5130635cf04fb641a6e819211d
2026-09-30,THEME,THEME:880611,breadth_ret20,0.3389830508474576,ACCEPTED,0.3389830508474576,59,59,3dd77c68f3f29601b59d09853a70977bfab15f3fba3edeca6737f75ef9d7bcc0,9f7ee99454374db02824b5c9d52e2da89fca30232bc291ddb1f48ef6db84b6c0,2ee46c732cbd9a2d9496fe9e4763efb9a1ab85568c9ae6e0d0e121bc4adb4265,164142652bf5b3032f4e1a8ee54fe2817a3f3b5130635cf04fb641a6e819211d
2026-09-30,THEME,THEME:880611,ma20_width,0.3559322033898305,ACCEPTED,0.3559322033898305,59,59,3dd77c68f3f29601b59d09853a70977bfab15f3fba3edeca6737f75ef9d7bcc0,9f7ee99454374db02824b5c9d52e2da89fca30232bc291ddb1f48ef6db84b6c0,2ee46c732cbd9a2d9496fe9e4763efb9a1ab85568c9ae6e0d0e121bc4adb4265,164142652bf5b3032f4e1a8ee54fe2817a3f3b5130635cf04fb641a6e819211d
2026-09-30,THEME,THEME:880612,sector_rs1,0.004684144088515252,ACCEPTED,0.004684144088515252,44,0,3dd77c68f3f29601b59d09853a70977bfab15f3fba3edeca6737f75ef9d7bcc0,9f7ee99454374db02824b5c9d52e2da89fca30232bc291ddb1f48ef6db84b6c0,2ee46c732cbd9a2d9496fe9e4763efb9a1ab85568c9ae6e0d0e121bc4adb4265,164142652bf5b3032f4e1a8ee54fe2817a3f3b5130635cf04fb641a6e819211d
2026-09-30,THEME,THEME:880612,sector_rs5,-0.04165961601168944,ACCEPTED,-0.04165961601168944,44,0,3dd77c68f3f29601b59d09853a70977bfab15f3fba3edeca6737f75ef9d7bcc0,9f7ee99454374db02824b5c9d52e2da89fca30232bc291ddb1f48ef6db84b6c0,2ee46c732cbd9a2d9496fe9e4763efb9a1ab85568c9ae6e0d0e121bc4adb4265,164142652bf5b3032f4e1a8ee54fe2817a3f3b5130635cf04fb641a6e819211d
2026-09-30,THEME,THEME:880612,sector_rs20,-0.08349619016080462,ACCEPTED,-0.08349619016080462,44,0,3dd77c68f3f29601b59d09853a70977bfab15f3fba3edeca6737f75ef9d7bcc0,9f7ee99454374db02824b5c9d52e2da89fca30232bc291ddb1f48ef6db84b6c0,2ee46c732cbd9a2d9496fe9e4763efb9a1ab85568c9ae6e0d0e121bc4adb4265,164142652bf5b3032f4e1a8ee54fe2817a3f3b5130635cf04fb641a6e819211d
2026-09-30,THEME,THEME:880612,breadth_ret1,0.6818181818181818,ACCEPTED,0.6818181818181818,44,44,3dd77c68f3f29601b59d09853a70977bfab15f3fba3edeca6737f75ef9d7bcc0,9f7ee99454374db02824b5c9d52e2da89fca30232bc291ddb1f48ef6db84b6c0,2ee46c732cbd9a2d9496fe9e4763efb9a1ab85568c9ae6e0d0e121bc4adb4265,164142652bf5b3032f4e1a8ee54fe2817a3f3b5130635cf04fb641a6e819211d
2026-09-30,THEME,THEME:880612,breadth_ret5,0.09090909090909091,ACCEPTED,0.09090909090909091,44,44,3dd77c68f3f29601b59d09853a70977bfab15f3fba3edeca6737f75ef9d7bcc0,9f7ee99454374db02824b5c9d52e2da89fca30232bc291ddb1f48ef6db84b6c0,2ee46c732cbd9a2d9496fe9e4763efb9a1ab85568c9ae6e0d0e121bc4adb4265,164142652bf5b3032f4e1a8ee54fe2817a3f3b5130635cf04fb641a6e819211d
2026-09-30,THEME,THEME:880612,breadth_ret20,0.09090909090909091,ACCEPTED,0.09090909090909091,44,44,3dd77c68f3f29601b59d09853a70977bfab15f3fba3edeca6737f75ef9d7bcc0,9f7ee99454374db02824b5c9d52e2da89fca30232bc291ddb1f48ef6db84b6c0,2ee46c732cbd9a2d9496fe9e4763efb9a1ab85568c9ae6e0d0e121bc4adb4265,164142652bf5b3032f4e1a8ee54fe2817a3f3b5130635cf04fb641a6e819211d
2026-09-30,THEME,THEME:880612,ma20_width,0.13636363636363635,ACCEPTED,0.13636363636363635,44,44,3dd77c68f3f29601b59d09853a70977bfab15f3fba3edeca6737f75ef9d7bcc0,9f7ee99454374db02824b5c9d52e2da89fca30232bc291ddb1f48ef6db84b6c0,2ee46c732cbd9a2d9496fe9e4763efb9a1ab85568c9ae6e0d0e121bc4adb4265,164142652bf5b3032f4e1a8ee54fe2817a3f3b5130635cf04fb641a6e819211d
2026-09-30,THEME,THEME:880613,sector_rs1,-0.010466222645099887,ACCEPTED,-0.010466222645099887,43,0,3dd77c68f3f29601b59d09853a70977bfab15f3fba3edeca6737f75ef9d7bcc0,9f7ee99454374db02824b5c9d52e2da89fca30232bc291ddb1f48ef6db84b6c0,2ee46c732cbd9a2d9496fe9e4763efb9a1ab85568c9ae6e0d0e121bc4adb4265,164142652bf5b3032f4e1a8ee54fe2817a3f3b5130635cf04fb641a6e819211d
2026-09-30,THEME,THEME:880613,sector_rs5,-0.032707028531663074,ACCEPTED,-0.032707028531663074,43,0,3dd77c68f3f29601b59d09853a70977bfab15f3fba3edeca6737f75ef9d7bcc0,9f7ee99454374db02824b5c9d52e2da89fca30232bc291ddb1f48ef6db84b6c0,2ee46c732cbd9a2d9496fe9e4763efb9a1ab85568c9ae6e0d0e121bc4adb4265,164142652bf5b3032f4e1a8ee54fe2817a3f3b5130635cf04fb641a6e819211d
2026-09-30,THEME,THEME:880613,sector_rs20,-0.06242568370986923,ACCEPTED,-0.06242568370986923,43,0,3dd77c68f3f29601b59d09853a70977bfab15f3fba3edeca6737f75ef9d7bcc0,9f7ee99454374db02824b5c9d52e2da89fca30232bc291ddb1f48ef6db84b6c0,2ee46c732cbd9a2d9496fe9e4763efb9a1ab85568c9ae6e0d0e121bc4adb4265,164142652bf5b3032f4e1a8ee54fe2817a3f3b5130635cf04fb641a6e819211d
2026-09-30,THEME,THEME:880613,breadth_ret1,0.16279069767441862,ACCEPTED,0.16279069767441862,43,43,3dd77c68f3f29601b59d09853a70977bfab15f3fba3edeca6737f75ef9d7bcc0,9f7ee99454374db02824b5c9d52e2da89fca30232bc291ddb1f48ef6db84b6c0,2ee46c732cbd9a2d9496fe9e4763efb9a1ab85568c9ae6e0d0e121bc4adb4265,164142652bf5b3032f4e1a8ee54fe2817a3f3b5130635cf04fb641a6e819211d
2026-09-30,THEME,THEME:880613,breadth_ret5,0.11627906976744186,ACCEPTED,0.11627906976744186,43,43,3dd77c68f3f29601b59d09853a70977bfab15f3fba3edeca6737f75ef9d7bcc0,9f7ee99454374db02824b5c9d52e2da89fca30232bc291ddb1f48ef6db84b6c0,2ee46c732cbd9a2d9496fe9e4763efb9a1ab85568c9ae6e0d0e121bc4adb4265,164142652bf5b3032f4e1a8ee54fe2817a3f3b5130635cf04fb641a6e819211d
2026-09-30,THEME,THEME:880613,breadth_ret20,0.20930232558139536,ACCEPTED,0.20930232558139536,43,43,3dd77c68f3f29601b59d09853a70977bfab15f3fba3edeca6737f75ef9d7bcc0,9f7ee99454374db02824b5c9d52e2da89fca30232bc291ddb1f48ef6db84b6c0,2ee46c732cbd9a2d9496fe9e4763efb9a1ab85568c9ae6e0d0e121bc4adb4265,164142652bf5b3032f4e1a8ee54fe2817a3f3b5130635cf04fb641a6e819211d
2026-09-30,THEME,THEME:880613,ma20_width,0.3023255813953488,ACCEPTED,0.3023255813953488,43,43,3dd77c68f3f29601b59d09853a70977bfab15f3fba3edeca6737f75ef9d7bcc0,9f7ee99454374db02824b5c9d52e2da89fca30232bc291ddb1f48ef6db84b6c0,2ee46c732cbd9a2d9496fe9e4763efb9a1ab85568c9ae6e0d0e121bc4adb4265,164142652bf5b3032f4e1a8ee54fe2817a3f3b5130635cf04fb641a6e819211d
2026-09-30,THEME,THEME:880614,sector_rs1,-0.0007347538574576928,ACCEPTED,-0.0007347538574576928,73,0,3dd77c68f3f29601b59d09853a70977bfab15f3fba3edeca6737f75ef9d7bcc0,9f7ee99454374db02824b5c9d52e2da89fca30232bc291ddb1f48ef6db84b6c0,2ee46c732cbd9a2d9496fe9e4763efb9a1ab85568c9ae6e0d0e121bc4adb4265,164142652bf5b3032f4e1a8ee54fe2817a3f3b5130635cf04fb641a6e819211d
2026-09-30,THEME,THEME:880614,sector_rs5,-0.018617021276595702,ACCEPTED,-0.018617021276595702,73,0,3dd77c68f3f29601b59d09853a70977bfab15f3fba3edeca6737f75ef9d7bcc0,9f7ee99454374db02824b5c9d52e2da89fca30232bc291ddb1f48ef6db84b6c0,2ee46c732cbd9a2d9496fe9e4763efb9a1ab85568c9ae6e0d0e121bc4adb4265,164142652bf5b3032f4e1a8ee54fe2817a3f3b5130635cf04fb641a6e819211d
2026-09-30,THEME,THEME:880614,sector_rs20,-0.018617021276595702,ACCEPTED,-0.018617021276595702,73,0,3dd77c68f3f29601b59d09853a70977bfab15f3fba3edeca6737f75ef9d7bcc0,9f7ee99454374db02824b5c9d52e2da89fca30232bc291ddb1f48ef6db84b6c0,2ee46c732cbd9a2d9496fe9e4763efb9a1ab85568c9ae6e0d0e121bc4adb4265,164142652bf5b3032f4e1a8ee54fe2817a3f3b5130635cf04fb641a6e819211d
2026-09-30,THEME,THEME:880614,breadth_ret1,0.43478260869565216,ACCEPTED,0.43478260869565216,73,69,3dd77c68f3f29601b59d09853a70977bfab15f3fba3edeca6737f75ef9d7bcc0,9f7ee99454374db02824b5c9d52e2da89fca30232bc291ddb1f48ef6db84b6c0,2ee46c732cbd9a2d9496fe9e4763efb9a1ab85568c9ae6e0d0e121bc4adb4265,164142652bf5b3032f4e1a8ee54fe2817a3f3b5130635cf04fb641a6e819211d
2026-09-30,THEME,THEME:880614,breadth_ret5,0.30434782608695654,ACCEPTED,0.30434782608695654,73,69,3dd77c68f3f29601b59d09853a70977bfab15f3fba3edeca6737f75ef9d7bcc0,9f7ee99454374db02824b5c9d52e2da89fca30232bc291ddb1f48ef6db84b6c0,2ee46c732cbd9a2d9496fe9e4763efb9a1ab85568c9ae6e0d0e121bc4adb4265,164142652bf5b3032f4e1a8ee54fe2817a3f3b5130635cf04fb641a6e819211d
2026-09-30,THEME,THEME:880614,breadth_ret20,0.2898550724637681,ACCEPTED,0.2898550724637681,73,69,3dd77c68f3f29601b59d09853a70977bfab15f3fba3edeca6737f75ef9d7bcc0,9f7ee99454374db02824b5c9d52e2da89fca30232bc291ddb1f48ef6db84b6c0,2ee46c732cbd9a2d9496fe9e4763efb9a1ab85568c9ae6e0d0e121bc4adb4265,164142652bf5b3032f4e1a8ee54fe2817a3f3b5130635cf04fb641a6e819211d
2026-09-30,THEME,THEME:880614,ma20_width,0.37681159420289856,ACCEPTED,0.37681159420289856,73,69,3dd77c68f3f29601b59d09853a70977bfab15f3fba3edeca6737f75ef9d7bcc0,9f7ee99454374db02824b5c9d52e2da89fca30232bc291ddb1f48ef6db84b6c0,2ee46c732cbd9a2d9496fe9e4763efb9a1ab85568c9ae6e0d0e121bc4adb4265,164142652bf5b3032f4e1a8ee54fe2817a3f3b5130635cf04fb641a6e819211d
2026-09-30,THEME,THEME:880615,sector_rs1,0.0017055988134965228,ACCEPTED,0.0017055988134965228,24,0,3dd77c68f3f29601b59d09853a70977bfab15f3fba3edeca6737f75ef9d7bcc0,9f7ee99454374db02824b5c9d52e2da89fca30232bc291ddb1f48ef6db84b6c0,2ee46c732cbd9a2d9496fe9e4763efb9a1ab85568c9ae6e0d0e121bc4adb4265,164142652bf5b3032f4e1a8ee54fe2817a3f3b5130635cf04fb641a6e819211d
2026-09-30,THEME,THEME:880615,sector_rs5,-0.022430140553533928,ACCEPTED,-0.022430140553533928,24,0,3dd77c68f3f29601b59d09853a70977bfab15f3fba3edeca6737f75ef9d7bcc0,9f7ee99454374db02824b5c9d52e2da89fca30232bc291ddb1f48ef6db84b6c0,2ee46c732cbd9a2d9496fe9e4763efb9a1ab85568c9ae6e0d0e121bc4adb4265,164142652bf5b3032f4e1a8ee54fe2817a3f3b5130635cf04fb641a6e819211d
2026-09-30,THEME,THEME:880615,sector_rs20,-0.02868009311894315,ACCEPTED,-0.02868009311894315,24,0,3dd77c68f3f29601b59d09853a70977bfab15f3fba3edeca6737f75ef9d7bcc0,9f7ee99454374db02824b5c9d52e2da89fca30232bc291ddb1f48ef6db84b6c0,2ee46c732cbd9a2d9496fe9e4763efb9a1ab85568c9ae6e0d0e121bc4adb4265,164142652bf5b3032f4e1a8ee54fe2817a3f3b5130635cf04fb641a6e819211d
2026-09-30,THEME,THEME:880615,breadth_ret1,0.5416666666666666,ACCEPTED,0.5416666666666666,24,24,3dd77c68f3f29601b59d09853a70977bfab15f3fba3edeca6737f75ef9d7bcc0,9f7ee99454374db02824b5c9d52e2da89fca30232bc291ddb1f48ef6db84b6c0,2ee46c732cbd9a2d9496fe9e4763efb9a1ab85568c9ae6e0d0e121bc4adb4265,164142652bf5b3032f4e1a8ee54fe2817a3f3b5130635cf04fb641a6e819211d
2026-09-30,THEME,THEME:880615,breadth_ret5,0.25,ACCEPTED,0.25,24,24,3dd77c68f3f29601b59d09853a70977bfab15f3fba3edeca6737f75ef9d7bcc0,9f7ee99454374db02824b5c9d52e2da89fca30232bc291ddb1f48ef6db84b6c0,2ee46c732cbd9a2d9496fe9e4763efb9a1ab85568c9ae6e0d0e121bc4adb4265,164142652bf5b3032f4e1a8ee54fe2817a3f3b5130635cf04fb641a6e819211d
2026-09-30,THEME,THEME:880615,breadth_ret20,0.3333333333333333,ACCEPTED,0.3333333333333333,24,24,3dd77c68f3f29601b59d09853a70977bfab15f3fba3edeca6737f75ef9d7bcc0,9f7ee99454374db02824b5c9d52e2da89fca30232bc291ddb1f48ef6db84b6c0,2ee46c732cbd9a2d9496fe9e4763efb9a1ab85568c9ae6e0d0e121bc4adb4265,164142652bf5b3032f4e1a8ee54fe2817a3f3b5130635cf04fb641a6e819211d
2026-09-30,THEME,THEME:880615,ma20_width,0.625,ACCEPTED,0.625,24,24,3dd77c68f3f29601b59d09853a70977bfab15f3fba3edeca6737f75ef9d7bcc0,9f7ee99454374db02824b5c9d52e2da89fca30232bc291ddb1f48ef6db84b6c0,2ee46c732cbd9a2d9496fe9e4763efb9a1ab85568c9ae6e0d0e121bc4adb4265,164142652bf5b3032f4e1a8ee54fe2817a3f3b5130635cf04fb641a6e819211d
2026-09-30,THEME,THEME:880616,sector_rs1,-0.0039525691699605625,ACCEPTED,-0.0039525691699605625,153,0,3dd77c68f3f29601b59d09853a70977bfab15f3fba3edeca6737f75ef9d7bcc0,9f7ee99454374db02824b5c9d52e2da89fca30232bc291ddb1f48ef6db84b6c0,2ee46c732cbd9a2d9496fe9e4763efb9a1ab85568c9ae6e0d0e121bc4adb4265,164142652bf5b3032f4e1a8ee54fe2817a3f3b5130635cf04fb641a6e819211d
2026-09-30,THEME,THEME:880616,sector_rs5,-0.03653044203502931,ACCEPTED,-0.03653044203502931,153,0,3dd77c68f3f29601b59d09853a70977bfab15f3fba3edeca6737f75ef9d7bcc0,9f7ee99454374db02824b5c9d52e2da89fca30232bc291ddb1f48ef6db84b6c0,2ee46c732cbd9a2d9496fe9e4763efb9a1ab85568c9ae6e0d0e121bc4adb4265,164142652bf5b3032f4e1a8ee54fe2817a3f3b5130635cf04fb641a6e819211d
2026-09-30,THEME,THEME:880616,sector_rs20,-0.047179937869808564,ACCEPTED,-0.047179937869808564,153,0,3dd77c68f3f29601b59d09853a70977bfab15f3fba3edeca6737f75ef9d7bcc0,9f7ee99454374db02824b5c9d52e2da89fca30232bc291ddb1f48ef6db84b6c0,2ee46c732cbd9a2d9496fe9e4763efb9a1ab85568c9ae6e0d0e121bc4adb4265,164142652bf5b3032f4e1a8ee54fe2817a3f3b5130635cf04fb641a6e819211d
2026-09-30,THEME,THEME:880616,breadth_ret1,0.40397350993377484,ACCEPTED,0.40397350993377484,153,151,3dd77c68f3f29601b59d09853a70977bfab15f3fba3edeca6737f75ef9d7bcc0,9f7ee99454374db02824b5c9d52e2da89fca30232bc291ddb1f48ef6db84b6c0,2ee46c732cbd9a2d9496fe9e4763efb9a1ab85568c9ae6e0d0e121bc4adb4265,164142652bf5b3032f4e1a8ee54fe2817a3f3b5130635cf04fb641a6e819211d
2026-09-30,THEME,THEME:880616,breadth_ret5,0.10596026490066225,ACCEPTED,0.10596026490066225,153,151,3dd77c68f3f29601b59d09853a70977bfab15f3fba3edeca6737f75ef9d7bcc0,9f7ee99454374db02824b5c9d52e2da89fca30232bc291ddb1f48ef6db84b6c0,2ee46c732cbd9a2d9496fe9e4763efb9a1ab85568c9ae6e0d0e121bc4adb4265,164142652bf5b3032f4e1a8ee54fe2817a3f3b5130635cf04fb641a6e819211d
2026-09-30,THEME,THEME:880616,breadth_ret20,0.24,ACCEPTED,0.24,153,150,3dd77c68f3f29601b59d09853a70977bfab15f3fba3edeca6737f75ef9d7bcc0,9f7ee99454374db02824b5c9d52e2da89fca30232bc291ddb1f48ef6db84b6c0,2ee46c732cbd9a2d9496fe9e4763efb9a1ab85568c9ae6e0d0e121bc4adb4265,164142652bf5b3032f4e1a8ee54fe2817a3f3b5130635cf04fb641a6e819211d
2026-09-30,THEME,THEME:880616,ma20_width,0.18666666666666668,ACCEPTED,0.18666666666666668,153,150,3dd77c68f3f29601b59d09853a70977bfab15f3fba3edeca6737f75ef9d7bcc0,9f7ee99454374db02824b5c9d52e2da89fca30232bc291ddb1f48ef6db84b6c0,2ee46c732cbd9a2d9496fe9e4763efb9a1ab85568c9ae6e0d0e121bc4adb4265,164142652bf5b3032f4e1a8ee54fe2817a3f3b5130635cf04fb641a6e819211d
2026-09-30,THEME,THEME:880617,sector_rs1,-0.00375939849624074,ACCEPTED,-0.00375939849624074,190,0,3dd77c68f3f29601b59d09853a70977bfab15f3fba3edeca6737f75ef9d7bcc0,9f7ee99454374db02824b5c9d52e2da89fca30232bc291ddb1f48ef6db84b6c0,2ee46c732cbd9a2d9496fe9e4763efb9a1ab85568c9ae6e0d0e121bc4adb4265,164142652bf5b3032f4e1a8ee54fe2817a3f3b5130635cf04fb641a6e819211d
2026-09-30,THEME,THEME:880617,sector_rs5,-0.03188405797101457,ACCEPTED,-0.03188405797101457,190,0,3dd77c68f3f29601b59d09853a70977bfab15f3fba3edeca6737f75ef9d7bcc0,9f7ee99454374db02824b5c9d52e2da89fca30232bc291ddb1f48ef6db84b6c0,2ee46c732cbd9a2d9496fe9e4763efb9a1ab85568c9ae6e0d0e121bc4adb4265,164142652bf5b3032f4e1a8ee54fe2817a3f3b5130635cf04fb641a6e819211d
2026-09-30,THEME,THEME:880617,sector_rs20,-0.04418604651162783,ACCEPTED,-0.04418604651162783,190,0,3dd77c68f3f29601b59d09853a70977bfab15f3fba3edeca6737f75ef9d7bcc0,9f7ee99454374db02824b5c9d52e2da89fca30232bc291ddb1f48ef6db84b6c0,2ee46c732cbd9a2d9496fe9e4763efb9a1ab85568c9ae6e0d0e121bc4adb4265,164142652bf5b3032f4e1a8ee54fe2817a3f3b5130635cf04fb641a6e819211d
2026-09-30,THEME,THEME:880617,breadth_ret1,0.42328042328042326,ACCEPTED,0.42328042328042326,190,189,3dd77c68f3f29601b59d09853a70977bfab15f3fba3edeca6737f75ef9d7bcc0,9f7ee99454374db02824b5c9d52e2da89fca30232bc291ddb1f48ef6db84b6c0,2ee46c732cbd9a2d9496fe9e4763efb9a1ab85568c9ae6e0d0e121bc4adb4265,164142652bf5b3032f4e1a8ee54fe2817a3f3b5130635cf04fb641a6e819211d
2026-09-30,THEME,THEME:880617,breadth_ret5,0.13756613756613756,ACCEPTED,0.13756613756613756,190,189,3dd77c68f3f29601b59d09853a70977bfab15f3fba3edeca6737f75ef9d7bcc0,9f7ee99454374db02824b5c9d52e2da89fca30232bc291ddb1f48ef6db84b6c0,2ee46c732cbd9a2d9496fe9e4763efb9a1ab85568c9ae6e0d0e121bc4adb4265,164142652bf5b3032f4e1a8ee54fe2817a3f3b5130635cf04fb641a6e819211d
2026-09-30,THEME,THEME:880617,breadth_ret20,0.25925925925925924,ACCEPTED,0.25925925925925924,190,189,3dd77c68f3f29601b59d09853a70977bfab15f3fba3edeca6737f75ef9d7bcc0,9f7ee99454374db02824b5c9d52e2da89fca30232bc291ddb1f48ef6db84b6c0,2ee46c732cbd9a2d9496fe9e4763efb9a1ab85568c9ae6e0d0e121bc4adb4265,164142652bf5b3032f4e1a8ee54fe2817a3f3b5130635cf04fb641a6e819211d
2026-09-30,THEME,THEME:880617,ma20_width,0.2857142857142857,ACCEPTED,0.2857142857142857,190,189,3dd77c68f3f29601b59d09853a70977bfab15f3fba3edeca6737f75ef9d7bcc0,9f7ee99454374db02824b5c9d52e2da89fca30232bc291ddb1f48ef6db84b6c0,2ee46c732cbd9a2d9496fe9e4763efb9a1ab85568c9ae6e0d0e121bc4adb4265,164142652bf5b3032f4e1a8ee54fe2817a3f3b5130635cf04fb641a6e819211d
2026-09-30,THEME,THEME:880618,sector_rs1,0.00892361700922939,ACCEPTED,0.00892361700922939,66,0,3dd77c68f3f29601b59d09853a70977bfab15f3fba3edeca6737f75ef9d7bcc0,9f7ee99454374db02824b5c9d52e2da89fca30232bc291ddb1f48ef6db84b6c0,2ee46c732cbd9a2d9496fe9e4763efb9a1ab85568c9ae6e0d0e121bc4adb4265,164142652bf5b3032f4e1a8ee54fe2817a3f3b5130635cf04fb641a6e819211d
2026-09-30,THEME,THEME:880618,sector_rs5,-0.030915996334065332,ACCEPTED,-0.030915996334065332,66,0,3dd77c68f3f29601b59d09853a70977bfab15f3fba3edeca6737f75ef9d7bcc0,9f7ee99454374db02824b5c9d52e2da89fca30232bc291ddb1f48ef6db84b6c0,2ee46c732cbd9a2d9496fe9e4763efb9a1ab85568c9ae6e0d0e121bc4adb4265,164142652bf5b3032f4e1a8ee54fe2817a3f3b5130635cf04fb641a6e819211d
2026-09-30,THEME,THEME:880618,sector_rs20,-0.08564013840830453,ACCEPTED,-0.08564013840830453,66,0,3dd77c68f3f29601b59d09853a70977bfab15f3fba3edeca6737f75ef9d7bcc0,9f7ee99454374db02824b5c9d52e2da89fca30232bc291ddb1f48ef6db84b6c0,2ee46c732cbd9a2d9496fe9e4763efb9a1ab85568c9ae6e0d0e121bc4adb4265,164142652bf5b3032f4e1a8ee54fe2817a3f3b5130635cf04fb641a6e819211d
2026-09-30,THEME,THEME:880618,breadth_ret1,0.7424242424242424,ACCEPTED,0.7424242424242424,66,66,3dd77c68f3f29601b59d09853a70977bfab15f3fba3edeca6737f75ef9d7bcc0,9f7ee99454374db02824b5c9d52e2da89fca30232bc291ddb1f48ef6db84b6c0,2ee46c732cbd9a2d9496fe9e4763efb9a1ab85568c9ae6e0d0e121bc4adb4265,164142652bf5b3032f4e1a8ee54fe2817a3f3b5130635cf04fb641a6e819211d
2026-09-30,THEME,THEME:880618,breadth_ret5,0.16666666666666666,ACCEPTED,0.16666666666666666,66,66,3dd77c68f3f29601b59d09853a70977bfab15f3fba3edeca6737f75ef9d7bcc0,9f7ee99454374db02824b5c9d52e2da89fca30232bc291ddb1f48ef6db84b6c0,2ee46c732cbd9a2d9496fe9e4763efb9a1ab85568c9ae6e0d0e121bc4adb4265,164142652bf5b3032f4e1a8ee54fe2817a3f3b5130635cf04fb641a6e819211d
2026-09-30,THEME,THEME:880618,breadth_ret20,0.09230769230769231,ACCEPTED,0.09230769230769231,66,65,3dd77c68f3f29601b59d09853a70977bfab15f3fba3edeca6737f75ef9d7bcc0,9f7ee99454374db02824b5c9d52e2da89fca30232bc291ddb1f48ef6db84b6c0,2ee46c732cbd9a2d9496fe9e4763efb9a1ab85568c9ae6e0d0e121bc4adb4265,164142652bf5b3032f4e1a8ee54fe2817a3f3b5130635cf04fb641a6e819211d
2026-09-30,THEME,THEME:880618,ma20_width,0.15151515151515152,ACCEPTED,0.15151515151515152,66,66,3dd77c68f3f29601b59d09853a70977bfab15f3fba3edeca6737f75ef9d7bcc0,9f7ee99454374db02824b5c9d52e2da89fca30232bc291ddb1f48ef6db84b6c0,2ee46c732cbd9a2d9496fe9e4763efb9a1ab85568c9ae6e0d0e121bc4adb4265,164142652bf5b3032f4e1a8ee54fe2817a3f3b5130635cf04fb641a6e819211d
2026-09-30,THEME,THEME:880621,sector_rs1,-0.007163323782235054,ACCEPTED,-0.007163323782235054,71,0,3dd77c68f3f29601b59d09853a70977bfab15f3fba3edeca6737f75ef9d7bcc0,9f7ee99454374db02824b5c9d52e2da89fca30232bc291ddb1f48ef6db84b6c0,2ee46c732cbd9a2d9496fe9e4763efb9a1ab85568c9ae6e0d0e121bc4adb4265,164142652bf5b3032f4e1a8ee54fe2817a3f3b5130635cf04fb641a6e819211d
2026-09-30,THEME,THEME:880621,sector_rs5,-0.04214559386973171,ACCEPTED,-0.04214559386973171,71,0,3dd77c68f3f29601b59d09853a70977bfab15f3fba3edeca6737f75ef9d7bcc0,9f7ee99454374db02824b5c9d52e2da89fca30232bc291ddb1f48ef6db84b6c0,2ee46c732cbd9a2d9496fe9e4763efb9a1ab85568c9ae6e0d0e121bc4adb4265,164142652bf5b3032f4e1a8ee54fe2817a3f3b5130635cf04fb641a6e819211d
2026-09-30,THEME,THEME:880621,sector_rs20,-0.06356680400235426,ACCEPTED,-0.06356680400235426,71,0,3dd77c68f3f29601b59d09853a70977bfab15f3fba3edeca6737f75ef9d7bcc0,9f7ee99454374db02824b5c9d52e2da89fca30232bc291ddb1f48ef6db84b6c0,2ee46c732cbd9a2d9496fe9e4763efb9a1ab85568c9ae6e0d0e121bc4adb4265,164142652bf5b3032f4e1a8ee54fe2817a3f3b5130635cf04fb641a6e819211d
2026-09-30,THEME,THEME:880621,breadth_ret1,0.30985915492957744,ACCEPTED,0.30985915492957744,71,71,3dd77c68f3f29601b59d09853a70977bfab15f3fba3edeca6737f75ef9d7bcc0,9f7ee99454374db02824b5c9d52e2da89fca30232bc291ddb1f48ef6db84b6c0,2ee46c732cbd9a2d9496fe9e4763efb9a1ab85568c9ae6e0d0e121bc4adb4265,164142652bf5b3032f4e1a8ee54fe2817a3f3b5130635cf04fb641a6e819211d
2026-09-30,THEME,THEME:880621,breadth_ret5,0.09859154929577464,ACCEPTED,0.09859154929577464,71,71,3dd77c68f3f29601b59d09853a70977bfab15f3fba3edeca6737f75ef9d7bcc0,9f7ee99454374db02824b5c9d52e2da89fca30232bc291ddb1f48ef6db84b6c0,2ee46c732cbd9a2d9496fe9e4763efb9a1ab85568c9ae6e0d0e121bc4adb4265,164142652bf5b3032f4e1a8ee54fe2817a3f3b5130635cf04fb641a6e819211d
2026-09-30,THEME,THEME:880621,breadth_ret20,0.14084507042253522,ACCEPTED,0.14084507042253522,71,71,3dd77c68f3f29601b59d09853a70977bfab15f3fba3edeca6737f75ef9d7bcc0,9f7ee99454374db02824b5c9d52e2da89fca30232bc291ddb1f48ef6db84b6c0,2ee46c732cbd9a2d9496fe9e4763efb9a1ab85568c9ae6e0d0e121bc4adb4265,164142652bf5b3032f4e1a8ee54fe2817a3f3b5130635cf04fb641a6e819211d
2026-09-30,THEME,THEME:880621,ma20_width,0.19718309859154928,ACCEPTED,0.19718309859154928,71,71,3dd77c68f3f29601b59d09853a70977bfab15f3fba3edeca6737f75ef9d7bcc0,9f7ee99454374db02824b5c9d52e2da89fca30232bc291ddb1f48ef6db84b6c0,2ee46c732cbd9a2d9496fe9e4763efb9a1ab85568c9ae6e0d0e121bc4adb4265,164142652bf5b3032f4e1a8ee54fe2817a3f3b5130635cf04fb641a6e819211d
2026-09-30,THEME,THEME:880623,sector_rs1,0.020456405698417668,ACCEPTED,0.020456405698417668,136,0,3dd77c68f3f29601b59d09853a70977bfab15f3fba3edeca6737f75ef9d7bcc0,9f7ee99454374db02824b5c9d52e2da89fca30232bc291ddb1f48ef6db84b6c0,2ee46c732cbd9a2d9496fe9e4763efb9a1ab85568c9ae6e0d0e121bc4adb4265,164142652bf5b3032f4e1a8ee54fe2817a3f3b5130635cf04fb641a6e819211d
2026-09-30,THEME,THEME:880623,sector_rs5,-0.00633062036773796,ACCEPTED,-0.00633062036773796,136,0,3dd77c68f3f29601b59d09853a70977bfab15f3fba3edeca6737f75ef9d7bcc0,9f7ee99454374db02824b5c9d52e2da89fca30232bc291ddb1f48ef6db84b6c0,2ee46c732cbd9a2d9496fe9e4763efb9a1ab85568c9ae6e0d0e121bc4adb4265,164142652bf5b3032f4e1a8ee54fe2817a3f3b5130635cf04fb641a6e819211d
2026-09-30,THEME,THEME:880623,sector_rs20,-0.009554032601999607,ACCEPTED,-0.009554032601999607,136,0,3dd77c68f3f29601b59d09853a70977bfab15f3fba3edeca6737f75ef9d7bcc0,9f7ee99454374db02824b5c9d52e2da89fca30232bc291ddb1f48ef6db84b6c0,2ee46c732cbd9a2d9496fe9e4763efb9a1ab85568c9ae6e0d0e121bc4adb4265,164142652bf5b3032f4e1a8ee54fe2817a3f3b5130635cf04fb641a6e819211d
2026-09-30,THEME,THEME:880623,breadth_ret1,0.8823529411764706,ACCEPTED,0.8823529411764706,136,136,3dd77c68f3f29601b59d09853a70977bfab15f3fba3edeca6737f75ef9d7bcc0,9f7ee99454374db02824b5c9d52e2da89fca30232bc291ddb1f48ef6db84b6c0,2ee46c732cbd9a2d9496fe9e4763efb9a1ab85568c9ae6e0d0e121bc4adb4265,164142652bf5b3032f4e1a8ee54fe2817a3f3b5130635cf04fb641a6e819211d
2026-09-30,THEME,THEME:880623,breadth_ret5,0.375,ACCEPTED,0.375,136,136,3dd77c68f3f29601b59d09853a70977bfab15f3fba3edeca6737f75ef9d7bcc0,9f7ee99454374db02824b5c9d52e2da89fca30232bc291ddb1f48ef6db84b6c0,2ee46c732cbd9a2d9496fe9e4763efb9a1ab85568c9ae6e0d0e121bc4adb4265,164142652bf5b3032f4e1a8ee54fe2817a3f3b5130635cf04fb641a6e819211d
2026-09-30,THEME,THEME:880623,breadth_ret20,0.4338235294117647,ACCEPTED,0.4338235294117647,136,136,3dd77c68f3f29601b59d09853a70977bfab15f3fba3edeca6737f75ef9d7bcc0,9f7ee99454374db02824b5c9d52e2da89fca30232bc291ddb1f48ef6db84b6c0,2ee46c732cbd9a2d9496fe9e4763efb9a1ab85568c9ae6e0d0e121bc4adb4265,164142652bf5b3032f4e1a8ee54fe2817a3f3b5130635cf04fb641a6e819211d
2026-09-30,THEME,THEME:880623,ma20_width,0.6544117647058824,ACCEPTED,0.6544117647058824,136,136,3dd77c68f3f29601b59d09853a70977bfab15f3fba3edeca6737f75ef9d7bcc0,9f7ee99454374db02824b5c9d52e2da89fca30232bc291ddb1f48ef6db84b6c0,2ee46c732cbd9a2d9496fe9e4763efb9a1ab85568c9ae6e0d0e121bc4adb4265,164142652bf5b3032f4e1a8ee54fe2817a3f3b5130635cf04fb641a6e819211d
2026-09-30,THEME,THEME:880624,sector_rs1,-0.002203336480956941,ACCEPTED,-0.002203336480956941,205,0,3dd77c68f3f29601b59d09853a70977bfab15f3fba3edeca6737f75ef9d7bcc0,9f7ee99454374db02824b5c9d52e2da89fca30232bc291ddb1f48ef6db84b6c0,2ee46c732cbd9a2d9496fe9e4763efb9a1ab85568c9ae6e0d0e121bc4adb4265,164142652bf5b3032f4e1a8ee54fe2817a3f3b5130635cf04fb641a6e819211d
2026-09-30,THEME,THEME:880624,sector_rs5,-0.009628701980470722,ACCEPTED,-0.009628701980470722,205,0,3dd77c68f3f29601b59d09853a70977bfab15f3fba3edeca6737f75ef9d7bcc0,9f7ee99454374db02824b5c9d52e2da89fca30232bc291ddb1f48ef6db84b6c0,2ee46c732cbd9a2d9496fe9e4763efb9a1ab85568c9ae6e0d0e121bc4adb4265,164142652bf5b3032f4e1a8ee54fe2817a3f3b5130635cf04fb641a6e819211d
2026-09-30,THEME,THEME:880624,sector_rs20,-0.019575856443719397,ACCEPTED,-0.019575856443719397,205,0,3dd77c68f3f29601b59d09853a70977bfab15f3fba3edeca6737f75ef9d7bcc0,9f7ee99454374db02824b5c9d52e2da89fca30232bc291ddb1f48ef6db84b6c0,2ee46c732cbd9a2d9496fe9e4763efb9a1ab85568c9ae6e0d0e121bc4adb4265,164142652bf5b3032f4e1a8ee54fe2817a3f3b5130635cf04fb641a6e819211d
2026-09-30,THEME,THEME:880624,breadth_ret1,0.41379310344827586,ACCEPTED,0.41379310344827586,205,203,3dd77c68f3f29601b59d09853a70977bfab15f3fba3edeca6737f75ef9d7bcc0,9f7ee99454374db02824b5c9d52e2da89fca30232bc291ddb1f48ef6db84b6c0,2ee46c732cbd9a2d9496fe9e4763efb9a1ab85568c9ae6e0d0e121bc4adb4265,164142652bf5b3032f4e1a8ee54fe2817a3f3b5130635cf04fb641a6e819211d
2026-09-30,THEME,THEME:880624,breadth_ret5,0.3811881188118812,ACCEPTED,0.3811881188118812,205,202,3dd77c68f3f29601b59d09853a70977bfab15f3fba3edeca6737f75ef9d7bcc0,9f7ee99454374db02824b5c9d52e2da89fca30232bc291ddb1f48ef6db84b6c0,2ee46c732cbd9a2d9496fe9e4763efb9a1ab85568c9ae6e0d0e121bc4adb4265,164142652bf5b3032f4e1a8ee54fe2817a3f3b5130635cf04fb641a6e819211d
2026-09-30,THEME,THEME:880624,breadth_ret20,0.2955665024630542,ACCEPTED,0.2955665024630542,205,203,3dd77c68f3f29601b59d09853a70977bfab15f3fba3edeca6737f75ef9d7bcc0,9f7ee99454374db02824b5c9d52e2da89fca30232bc291ddb1f48ef6db84b6c0,2ee46c732cbd9a2d9496fe9e4763efb9a1ab85568c9ae6e0d0e121bc4adb4265,164142652bf5b3032f4e1a8ee54fe2817a3f3b5130635cf04fb641a6e819211d
2026-09-30,THEME,THEME:880624,ma20_width,0.4482758620689655,ACCEPTED,0.4482758620689655,205,203,3dd77c68f3f29601b59d09853a70977bfab15f3fba3edeca6737f75ef9d7bcc0,9f7ee99454374db02824b5c9d52e2da89fca30232bc291ddb1f48ef6db84b6c0,2ee46c732cbd9a2d9496fe9e4763efb9a1ab85568c9ae6e0d0e121bc4adb4265,164142652bf5b3032f4e1a8ee54fe2817a3f3b5130635cf04fb641a6e819211d
2026-09-30,THEME,THEME:880626,sector_rs1,0.01379310344827589,ACCEPTED,0.01379310344827589,45,0,3dd77c68f3f29601b59d09853a70977bfab15f3fba3edeca6737f75ef9d7bcc0,9f7ee99454374db02824b5c9d52e2da89fca30232bc291ddb1f48ef6db84b6c0,2ee46c732cbd9a2d9496fe9e4763efb9a1ab85568c9ae6e0d0e121bc4adb4265,164142652bf5b3032f4e1a8ee54fe2817a3f3b5130635cf04fb641a6e819211d
2026-09-30,THEME,THEME:880626,sector_rs5,-0.03289473684210531,ACCEPTED,-0.03289473684210531,45,0,3dd77c68f3f29601b59d09853a70977bfab15f3fba3edeca6737f75ef9d7bcc0,9f7ee99454374db02824b5c9d52e2da89fca30232bc291ddb1f48ef6db84b6c0,2ee46c732cbd9a2d9496fe9e4763efb9a1ab85568c9ae6e0d0e121bc4adb4265,164142652bf5b3032f4e1a8ee54fe2817a3f3b5130635cf04fb641a6e819211d
2026-09-30,THEME,THEME:880626,sector_rs20,-0.07579462102689483,ACCEPTED,-0.07579462102689483,45,0,3dd77c68f3f29601b59d09853a70977bfab15f3fba3edeca6737f75ef9d7bcc0,9f7ee99454374db02824b5c9d52e2da89fca30232bc291ddb1f48ef6db84b6c0,2ee46c732cbd9a2d9496fe9e4763efb9a1ab85568c9ae6e0d0e121bc4adb4265,164142652bf5b3032f4e1a8ee54fe2817a3f3b5130635cf04fb641a6e819211d
2026-09-30,THEME,THEME:880626,breadth_ret1,0.7777777777777778,ACCEPTED,0.7777777777777778,45,45,3dd77c68f3f29601b59d09853a70977bfab15f3fba3edeca6737f75ef9d7bcc0,9f7ee99454374db02824b5c9d52e2da89fca30232bc291ddb1f48ef6db84b6c0,2ee46c732cbd9a2d9496fe9e4763efb9a1ab85568c9ae6e0d0e121bc4adb4265,164142652bf5b3032f4e1a8ee54fe2817a3f3b5130635cf04fb641a6e819211d
2026-09-30,THEME,THEME:880626,breadth_ret5,0.17777777777777778,ACCEPTED,0.17777777777777778,45,45,3dd77c68f3f29601b59d09853a70977bfab15f3fba3edeca6737f75ef9d7bcc0,9f7ee99454374db02824b5c9d52e2da89fca30232bc291ddb1f48ef6db84b6c0,2ee46c732cbd9a2d9496fe9e4763efb9a1ab85568c9ae6e0d0e121bc4adb4265,164142652bf5b3032f4e1a8ee54fe2817a3f3b5130635cf04fb641a6e819211d
2026-09-30,THEME,THEME:880626,breadth_ret20,0.15555555555555556,ACCEPTED,0.15555555555555556,45,45,3dd77c68f3f29601b59d09853a70977bfab15f3fba3edeca6737f75ef9d7bcc0,9f7ee99454374db02824b5c9d52e2da89fca30232bc291ddb1f48ef6db84b6c0,2ee46c732cbd9a2d9496fe9e4763efb9a1ab85568c9ae6e0d0e121bc4adb4265,164142652bf5b3032f4e1a8ee54fe2817a3f3b5130635cf04fb641a6e819211d
2026-09-30,THEME,THEME:880626,ma20_width,0.13333333333333333,ACCEPTED,0.13333333333333333,45,45,3dd77c68f3f29601b59d09853a70977bfab15f3fba3edeca6737f75ef9d7bcc0,9f7ee99454374db02824b5c9d52e2da89fca30232bc291ddb1f48ef6db84b6c0,2ee46c732cbd9a2d9496fe9e4763efb9a1ab85568c9ae6e0d0e121bc4adb4265,164142652bf5b3032f4e1a8ee54fe2817a3f3b5130635cf04fb641a6e819211d
2026-09-30,THEME,THEME:880627,sector_rs1,0.003211789886278682,ACCEPTED,0.003211789886278682,87,0,3dd77c68f3f29601b59d09853a70977bfab15f3fba3edeca6737f75ef9d7bcc0,9f7ee99454374db02824b5c9d52e2da89fca30232bc291ddb1f48ef6db84b6c0,2ee46c732cbd9a2d9496fe9e4763efb9a1ab85568c9ae6e0d0e121bc4adb4265,164142652bf5b3032f4e1a8ee54fe2817a3f3b5130635cf04fb641a6e819211d
2026-09-30,THEME,THEME:880627,sector_rs5,-0.024672284644194742,ACCEPTED,-0.024672284644194742,87,0,3dd77c68f3f29601b59d09853a70977bfab15f3fba3edeca6737f75ef9d7bcc0,9f7ee99454374db02824b5c9d52e2da89fca30232bc291ddb1f48ef6db84b6c0,2ee46c732cbd9a2d9496fe9e4763efb9a1ab85568c9ae6e0d0e121bc4adb4265,164142652bf5b3032f4e1a8ee54fe2817a3f3b5130635cf04fb641a6e819211d
2026-09-30,THEME,THEME:880627,sector_rs20,-0.043929824561403485,ACCEPTED,-0.043929824561403485,87,0,3dd77c68f3f29601b59d09853a70977bfab15f3fba3edeca6737f75ef9d7bcc0,9f7ee99454374db02824b5c9d52e2da89fca30232bc291ddb1f48ef6db84b6c0,2ee46c732cbd9a2d9496fe9e4763efb9a1ab85568c9ae6e0d0e121bc4adb4265,164142652bf5b3032f4e1a8ee54fe2817a3f3b5130635cf04fb641a6e819211d
2026-09-30,THEME,THEME:880627,breadth_ret1,0.5930232558139535,ACCEPTED,0.5930232558139535,87,86,3dd77c68f3f29601b59d09853a70977bfab15f3fba3edeca6737f75ef9d7bcc0,9f7ee99454374db02824b5c9d52e2da89fca30232bc291ddb1f48ef6db84b6c0,2ee46c732cbd9a2d9496fe9e4763efb9a1ab85568c9ae6e0d0e121bc4adb4265,164142652bf5b3032f4e1a8ee54fe2817a3f3b5130635cf04fb641a6e819211d
2026-09-30,THEME,THEME:880627,breadth_ret5,0.20930232558139536,ACCEPTED,0.20930232558139536,87,86,3dd77c68f3f29601b59d09853a70977bfab15f3fba3edeca6737f75ef9d7bcc0,9f7ee99454374db02824b5c9d52e2da89fca30232bc291ddb1f48ef6db84b6c0,2ee46c732cbd9a2d9496fe9e4763efb9a1ab85568c9ae6e0d0e121bc4adb4265,164142652bf5b3032f4e1a8ee54fe2817a3f3b5130635cf04fb641a6e819211d
2026-09-30,THEME,THEME:880627,breadth_ret20,0.16279069767441862,ACCEPTED,0.16279069767441862,87,86,3dd77c68f3f29601b59d09853a70977bfab15f3fba3edeca6737f75ef9d7bcc0,9f7ee99454374db02824b5c9d52e2da89fca30232bc291ddb1f48ef6db84b6c0,2ee46c732cbd9a2d9496fe9e4763efb9a1ab85568c9ae6e0d0e121bc4adb4265,164142652bf5b3032f4e1a8ee54fe2817a3f3b5130635cf04fb641a6e819211d
2026-09-30,THEME,THEME:880627,ma20_width,0.20930232558139536,ACCEPTED,0.20930232558139536,87,86,3dd77c68f3f29601b59d09853a70977bfab15f3fba3edeca6737f75ef9d7bcc0,9f7ee99454374db02824b5c9d52e2da89fca30232bc291ddb1f48ef6db84b6c0,2ee46c732cbd9a2d9496fe9e4763efb9a1ab85568c9ae6e0d0e121bc4adb4265,164142652bf5b3032f4e1a8ee54fe2817a3f3b5130635cf04fb641a6e819211d
2026-09-30,THEME,THEME:880628,sector_rs1,0.004680187207488418,ACCEPTED,0.004680187207488418,31,0,3dd77c68f3f29601b59d09853a70977bfab15f3fba3edeca6737f75ef9d7bcc0,9f7ee99454374db02824b5c9d52e2da89fca30232bc291ddb1f48ef6db84b6c0,2ee46c732cbd9a2d9496fe9e4763efb9a1ab85568c9ae6e0d0e121bc4adb4265,164142652bf5b3032f4e1a8ee54fe2817a3f3b5130635cf04fb641a6e819211d
2026-09-30,THEME,THEME:880628,sector_rs5,-0.024137931034482696,ACCEPTED,-0.024137931034482696,31,0,3dd77c68f3f29601b59d09853a70977bfab15f3fba3edeca6737f75ef9d7bcc0,9f7ee99454374db02824b5c9d52e2da89fca30232bc291ddb1f48ef6db84b6c0,2ee46c732cbd9a2d9496fe9e4763efb9a1ab85568c9ae6e0d0e121bc4adb4265,164142652bf5b3032f4e1a8ee54fe2817a3f3b5130635cf04fb641a6e819211d
2026-09-30,THEME,THEME:880628,sector_rs20,-0.046070460704607075,ACCEPTED,-0.046070460704607075,31,0,3dd77c68f3f29601b59d09853a70977bfab15f3fba3edeca6737f75ef9d7bcc0,9f7ee99454374db02824b5c9d52e2da89fca30232bc291ddb1f48ef6db84b6c0,2ee46c732cbd9a2d9496fe9e4763efb9a1ab85568c9ae6e0d0e121bc4adb4265,164142652bf5b3032f4e1a8ee54fe2817a3f3b5130635cf04fb641a6e819211d
2026-09-30,THEME,THEME:880628,breadth_ret1,0.6774193548387096,ACCEPTED,0.6774193548387096,31,31,3dd77c68f3f29601b59d09853a70977bfab15f3fba3edeca6737f75ef9d7bcc0,9f7ee99454374db02824b5c9d52e2da89fca30232bc291ddb1f48ef6db84b6c0,2ee46c732cbd9a2d9496fe9e4763efb9a1ab85568c9ae6e0d0e121bc4adb4265,164142652bf5b3032f4e1a8ee54fe2817a3f3b5130635cf04fb641a6e819211d
2026-09-30,THEME,THEME:880628,breadth_ret5,0.16129032258064516,ACCEPTED,0.16129032258064516,31,31,3dd77c68f3f29601b59d09853a70977bfab15f3fba3edeca6737f75ef9d7bcc0,9f7ee99454374db02824b5c9d52e2da89fca30232bc291ddb1f48ef6db84b6c0,2ee46c732cbd9a2d9496fe9e4763efb9a1ab85568c9ae6e0d0e121bc4adb4265,164142652bf5b3032f4e1a8ee54fe2817a3f3b5130635cf04fb641a6e819211d
2026-09-30,THEME,THEME:880628,breadth_ret20,0.12903225806451613,ACCEPTED,0.12903225806451613,31,31,3dd77c68f3f29601b59d09853a70977bfab15f3fba3edeca6737f75ef9d7bcc0,9f7ee99454374db02824b5c9d52e2da89fca30232bc291ddb1f48ef6db84b6c0,2ee46c732cbd9a2d9496fe9e4763efb9a1ab85568c9ae6e0d0e121bc4adb4265,164142652bf5b3032f4e1a8ee54fe2817a3f3b5130635cf04fb641a6e819211d
2026-09-30,THEME,THEME:880628,ma20_width,0.22580645161290322,ACCEPTED,0.22580645161290322,31,31,3dd77c68f3f29601b59d09853a70977bfab15f3fba3edeca6737f75ef9d7bcc0,9f7ee99454374db02824b5c9d52e2da89fca30232bc291ddb1f48ef6db84b6c0,2ee46c732cbd9a2d9496fe9e4763efb9a1ab85568c9ae6e0d0e121bc4adb4265,164142652bf5b3032f4e1a8ee54fe2817a3f3b5130635cf04fb641a6e819211d
2026-09-30,THEME,THEME:880629,sector_rs1,-0.012591067469116313,ACCEPTED,-0.012591067469116313,81,0,3dd77c68f3f29601b59d09853a70977bfab15f3fba3edeca6737f75ef9d7bcc0,9f7ee99454374db02824b5c9d52e2da89fca30232bc291ddb1f48ef6db84b6c0,2ee46c732cbd9a2d9496fe9e4763efb9a1ab85568c9ae6e0d0e121bc4adb4265,164142652bf5b3032f4e1a8ee54fe2817a3f3b5130635cf04fb641a6e819211d
2026-09-30,THEME,THEME:880629,sector_rs5,-0.04979177683765201,ACCEPTED,-0.04979177683765201,81,0,3dd77c68f3f29601b59d09853a70977bfab15f3fba3edeca6737f75ef9d7bcc0,9f7ee99454374db02824b5c9d52e2da89fca30232bc291ddb1f48ef6db84b6c0,2ee46c732cbd9a2d9496fe9e4763efb9a1ab85568c9ae6e0d0e121bc4adb4265,164142652bf5b3032f4e1a8ee54fe2817a3f3b5130635cf04fb641a6e819211d
2026-09-30,THEME,THEME:880629,sector_rs20,-0.042887159533073926,ACCEPTED,-0.042887159533073926,81,0,3dd77c68f3f29601b59d09853a70977bfab15f3fba3edeca6737f75ef9d7bcc0,9f7ee99454374db02824b5c9d52e2da89fca30232bc291ddb1f48ef6db84b6c0,2ee46c732cbd9a2d9496fe9e4763efb9a1ab85568c9ae6e0d0e121bc4adb4265,164142652bf5b3032f4e1a8ee54fe2817a3f3b5130635cf04fb641a6e819211d
2026-09-30,THEME,THEME:880629,breadth_ret1,0.2375,ACCEPTED,0.2375,81,80,3dd77c68f3f29601b59d09853a70977bfab15f3fba3edeca6737f75ef9d7bcc0,9f7ee99454374db02824b5c9d52e2da89fca30232bc291ddb1f48ef6db84b6c0,2ee46c732cbd9a2d9496fe9e4763efb9a1ab85568c9ae6e0d0e121bc4adb4265,164142652bf5b3032f4e1a8ee54fe2817a3f3b5130635cf04fb641a6e819211d
2026-09-30,THEME,THEME:880629,breadth_ret5,0.1,ACCEPTED,0.1,81,80,3dd77c68f3f29601b59d09853a70977bfab15f3fba3edeca6737f75ef9d7bcc0,9f7ee99454374db02824b5c9d52e2da89fca30232bc291ddb1f48ef6db84b6c0,2ee46c732cbd9a2d9496fe9e4763efb9a1ab85568c9ae6e0d0e121bc4adb4265,164142652bf5b3032f4e1a8ee54fe2817a3f3b5130635cf04fb641a6e819211d
2026-09-30,THEME,THEME:880629,breadth_ret20,0.2375,ACCEPTED,0.2375,81,80,3dd77c68f3f29601b59d09853a70977bfab15f3fba3edeca6737f75ef9d7bcc0,9f7ee99454374db02824b5c9d52e2da89fca30232bc291ddb1f48ef6db84b6c0,2ee46c732cbd9a2d9496fe9e4763efb9a1ab85568c9ae6e0d0e121bc4adb4265,164142652bf5b3032f4e1a8ee54fe2817a3f3b5130635cf04fb641a6e819211d
2026-09-30,THEME,THEME:880629,ma20_width,0.1875,ACCEPTED,0.1875,81,80,3dd77c68f3f29601b59d09853a70977bfab15f3fba3edeca6737f75ef9d7bcc0,9f7ee99454374db02824b5c9d52e2da89fca30232bc291ddb1f48ef6db84b6c0,2ee46c732cbd9a2d9496fe9e4763efb9a1ab85568c9ae6e0d0e121bc4adb4265,164142652bf5b3032f4e1a8ee54fe2817a3f3b5130635cf04fb641a6e819211d
2026-09-30,THEME,THEME:880630,sector_rs1,0.0016233766233766378,ACCEPTED,0.0016233766233766378,155,0,3dd77c68f3f29601b59d09853a70977bfab15f3fba3edeca6737f75ef9d7bcc0,9f7ee99454374db02824b5c9d52e2da89fca30232bc291ddb1f48ef6db84b6c0,2ee46c732cbd9a2d9496fe9e4763efb9a1ab85568c9ae6e0d0e121bc4adb4265,164142652bf5b3032f4e1a8ee54fe2817a3f3b5130635cf04fb641a6e819211d
2026-09-30,THEME,THEME:880630,sector_rs5,-0.029940119760478945,ACCEPTED,-0.029940119760478945,155,0,3dd77c68f3f29601b59d09853a70977bfab15f3fba3edeca6737f75ef9d7bcc0,9f7ee99454374db02824b5c9d52e2da89fca30232bc291ddb1f48ef6db84b6c0,2ee46c732cbd9a2d9496fe9e4763efb9a1ab85568c9ae6e0d0e121bc4adb4265,164142652bf5b3032f4e1a8ee54fe2817a3f3b5130635cf04fb641a6e819211d
2026-09-30,THEME,THEME:880630,sector_rs20,-0.04794783275795933,ACCEPTED,-0.04794783275795933,155,0,3dd77c68f3f29601b59d09853a70977bfab15f3fba3edeca6737f75ef9d7bcc0,9f7ee99454374db02824b5c9d52e2da89fca30232bc291ddb1f48ef6db84b6c0,2ee46c732cbd9a2d9496fe9e4763efb9a1ab85568c9ae6e0d0e121bc4adb4265,164142652bf5b3032f4e1a8ee54fe2817a3f3b5130635cf04fb641a6e819211d
2026-09-30,THEME,THEME:880630,breadth_ret1,0.5161290322580645,ACCEPTED,0.5161290322580645,155,155,3dd77c68f3f29601b59d09853a70977bfab15f3fba3edeca6737f75ef9d7bcc0,9f7ee99454374db02824b5c9d52e2da89fca30232bc291ddb1f48ef6db84b6c0,2ee46c732cbd9a2d9496fe9e4763efb9a1ab85568c9ae6e0d0e121bc4adb4265,164142652bf5b3032f4e1a8ee54fe2817a3f3b5130635cf04fb641a6e819211d
2026-09-30,THEME,THEME:880630,breadth_ret5,0.13548387096774195,ACCEPTED,0.13548387096774195,155,155,3dd77c68f3f29601b59d09853a70977bfab15f3fba3edeca6737f75ef9d7bcc0,9f7ee99454374db02824b5c9d52e2da89fca30232bc291ddb1f48ef6db84b6c0,2ee46c732cbd9a2d9496fe9e4763efb9a1ab85568c9ae6e0d0e121bc4adb4265,164142652bf5b3032f4e1a8ee54fe2817a3f3b5130635cf04fb641a6e819211d
2026-09-30,THEME,THEME:880630,breadth_ret20,0.18064516129032257,ACCEPTED,0.18064516129032257,155,155,3dd77c68f3f29601b59d09853a70977bfab15f3fba3edeca6737f75ef9d7bcc0,9f7ee99454374db02824b5c9d52e2da89fca30232bc291ddb1f48ef6db84b6c0,2ee46c732cbd9a2d9496fe9e4763efb9a1ab85568c9ae6e0d0e121bc4adb4265,164142652bf5b3032f4e1a8ee54fe2817a3f3b5130635cf04fb641a6e819211d
2026-09-30,THEME,THEME:880630,ma20_width,0.2129032258064516,ACCEPTED,0.2129032258064516,155,155,3dd77c68f3f29601b59d09853a70977bfab15f3fba3edeca6737f75ef9d7bcc0,9f7ee99454374db02824b5c9d52e2da89fca30232bc291ddb1f48ef6db84b6c0,2ee46c732cbd9a2d9496fe9e4763efb9a1ab85568c9ae6e0d0e121bc4adb4265,164142652bf5b3032f4e1a8ee54fe2817a3f3b5130635cf04fb641a6e819211d
2026-09-30,THEME,THEME:880631,sector_rs1,-0.0037878787878787845,ACCEPTED,-0.0037878787878787845,56,0,3dd77c68f3f29601b59d09853a70977bfab15f3fba3edeca6737f75ef9d7bcc0,9f7ee99454374db02824b5c9d52e2da89fca30232bc291ddb1f48ef6db84b6c0,2ee46c732cbd9a2d9496fe9e4763efb9a1ab85568c9ae6e0d0e121bc4adb4265,164142652bf5b3032f4e1a8ee54fe2817a3f3b5130635cf04fb641a6e819211d
2026-09-30,THEME,THEME:880631,sector_rs5,-0.023728683727628264,ACCEPTED,-0.023728683727628264,56,0,3dd77c68f3f29601b59d09853a70977bfab15f3fba3edeca6737f75ef9d7bcc0,9f7ee99454374db02824b5c9d52e2da89fca30232bc291ddb1f48ef6db84b6c0,2ee46c732cbd9a2d9496fe9e4763efb9a1ab85568c9ae6e0d0e121bc4adb4265,164142652bf5b3032f4e1a8ee54fe2817a3f3b5130635cf04fb641a6e819211d
2026-09-30,THEME,THEME:880631,sector_rs20,-0.040432525118770934,ACCEPTED,-0.040432525118770934,56,0,3dd77c68f3f29601b59d09853a70977bfab15f3fba3edeca6737f75ef9d7bcc0,9f7ee99454374db02824b5c9d52e2da89fca30232bc291ddb1f48ef6db84b6c0,2ee46c732cbd9a2d9496fe9e4763efb9a1ab85568c9ae6e0d0e121bc4adb4265,164142652bf5b3032f4e1a8ee54fe2817a3f3b5130635cf04fb641a6e819211d
2026-09-30,THEME,THEME:880631,breadth_ret1,0.4107142857142857,ACCEPTED,0.4107142857142857,56,56,3dd77c68f3f29601b59d09853a70977bfab15f3fba3edeca6737f75ef9d7bcc0,9f7ee99454374db02824b5c9d52e2da89fca30232bc291ddb1f48ef6db84b6c0,2ee46c732cbd9a2d9496fe9e4763efb9a1ab85568c9ae6e0d0e121bc4adb4265,164142652bf5b3032f4e1a8ee54fe2817a3f3b5130635cf04fb641a6e819211d
2026-09-30,THEME,THEME:880631,breadth_ret5,0.17857142857142858,ACCEPTED,0.17857142857142858,56,56,3dd77c68f3f29601b59d09853a70977bfab15f3fba3edeca6737f75ef9d7bcc0,9f7ee99454374db02824b5c9d52e2da89fca30232bc291ddb1f48ef6db84b6c0,2ee46c732cbd9a2d9496fe9e4763efb9a1ab85568c9ae6e0d0e121bc4adb4265,164142652bf5b3032f4e1a8ee54fe2817a3f3b5130635cf04fb641a6e819211d
2026-09-30,THEME,THEME:880631,breadth_ret20,0.19642857142857142,ACCEPTED,0.19642857142857142,56,56,3dd77c68f3f29601b59d09853a70977bfab15f3fba3edeca6737f75ef9d7bcc0,9f7ee99454374db02824b5c9d52e2da89fca30232bc291ddb1f48ef6db84b6c0,2ee46c732cbd9a2d9496fe9e4763efb9a1ab85568c9ae6e0d0e121bc4adb4265,164142652bf5b3032f4e1a8ee54fe2817a3f3b5130635cf04fb641a6e819211d
2026-09-30,THEME,THEME:880631,ma20_width,0.30357142857142855,ACCEPTED,0.30357142857142855,56,56,3dd77c68f3f29601b59d09853a70977bfab15f3fba3edeca6737f75ef9d7bcc0,9f7ee99454374db02824b5c9d52e2da89fca30232bc291ddb1f48ef6db84b6c0,2ee46c732cbd9a2d9496fe9e4763efb9a1ab85568c9ae6e0d0e121bc4adb4265,164142652bf5b3032f4e1a8ee54fe2817a3f3b5130635cf04fb641a6e819211d
2026-09-30,THEME,THEME:880632,sector_rs1,0.005093378607809784,ACCEPTED,0.005093378607809784,89,0,3dd77c68f3f29601b59d09853a70977bfab15f3fba3edeca6737f75ef9d7bcc0,9f7ee99454374db02824b5c9d52e2da89fca30232bc291ddb1f48ef6db84b6c0,2ee46c732cbd9a2d9496fe9e4763efb9a1ab85568c9ae6e0d0e121bc4adb4265,164142652bf5b3032f4e1a8ee54fe2817a3f3b5130635cf04fb641a6e819211d
2026-09-30,THEME,THEME:880632,sector_rs5,-0.02012053205005676,ACCEPTED,-0.02012053205005676,89,0,3dd77c68f3f29601b59d09853a70977bfab15f3fba3edeca6737f75ef9d7bcc0,9f7ee99454374db02824b5c9d52e2da89fca30232bc291ddb1f48ef6db84b6c0,2ee46c732cbd9a2d9496fe9e4763efb9a1ab85568c9ae6e0d0e121bc4adb4265,164142652bf5b3032f4e1a8ee54fe2817a3f3b5130635cf04fb641a6e819211d
2026-09-30,THEME,THEME:880632,sector_rs20,-0.04436860068259396,ACCEPTED,-0.04436860068259396,89,0,3dd77c68f3f29601b59d09853a70977bfab15f3fba3edeca6737f75ef9d7bcc0,9f7ee99454374db02824b5c9d52e2da89fca30232bc291ddb1f48ef6db84b6c0,2ee46c732cbd9a2d9496fe9e4763efb9a1ab85568c9ae6e0d0e121bc4adb4265,164142652bf5b3032f4e1a8ee54fe2817a3f3b5130635cf04fb641a6e819211d
2026-09-30,THEME,THEME:880632,breadth_ret1,0.6404494382022472,ACCEPTED,0.6404494382022472,89,89,3dd77c68f3f29601b59d09853a70977bfab15f3fba3edeca6737f75ef9d7bcc0,9f7ee99454374db02824b5c9d52e2da89fca30232bc291ddb1f48ef6db84b6c0,2ee46c732cbd9a2d9496fe9e4763efb9a1ab85568c9ae6e0d0e121bc4adb4265,164142652bf5b3032f4e1a8ee54fe2817a3f3b5130635cf04fb641a6e819211d
2026-09-30,THEME,THEME:880632,breadth_ret5,0.29545454545454547,ACCEPTED,0.29545454545454547,89,88,3dd77c68f3f29601b59d09853a70977bfab15f3fba3edeca6737f75ef9d7bcc0,9f7ee99454374db02824b5c9d52e2da89fca30232bc291ddb1f48ef6db84b6c0,2ee46c732cbd9a2d9496fe9e4763efb9a1ab85568c9ae6e0d0e121bc4adb4265,164142652bf5b3032f4e1a8ee54fe2817a3f3b5130635cf04fb641a6e819211d
2026-09-30,THEME,THEME:880632,breadth_ret20,0.20224719101123595,ACCEPTED,0.20224719101123595,89,89,3dd77c68f3f29601b59d09853a70977bfab15f3fba3edeca6737f75ef9d7bcc0,9f7ee99454374db02824b5c9d52e2da89fca30232bc291ddb1f48ef6db84b6c0,2ee46c732cbd9a2d9496fe9e4763efb9a1ab85568c9ae6e0d0e121bc4adb4265,164142652bf5b3032f4e1a8ee54fe2817a3f3b5130635cf04fb641a6e819211d
2026-09-30,THEME,THEME:880632,ma20_width,0.30337078651685395,ACCEPTED,0.30337078651685395,89,89,3dd77c68f3f29601b59d09853a70977bfab15f3fba3edeca6737f75ef9d7bcc0,9f7ee99454374db02824b5c9d52e2da89fca30232bc291ddb1f48ef6db84b6c0,2ee46c732cbd9a2d9496fe9e4763efb9a1ab85568c9ae6e0d0e121bc4adb4265,164142652bf5b3032f4e1a8ee54fe2817a3f3b5130635cf04fb641a6e819211d
2026-09-30,THEME,THEME:880633,sector_rs1,-0.00585116491201404,ACCEPTED,-0.00585116491201404,134,0,3dd77c68f3f29601b59d09853a70977bfab15f3fba3edeca6737f75ef9d7bcc0,9f7ee99454374db02824b5c9d52e2da89fca30232bc291ddb1f48ef6db84b6c0,2ee46c732cbd9a2d9496fe9e4763efb9a1ab85568c9ae6e0d0e121bc4adb4265,164142652bf5b3032f4e1a8ee54fe2817a3f3b5130635cf04fb641a6e819211d
2026-09-30,THEME,THEME:880633,sector_rs5,-0.02411144194279019,ACCEPTED,-0.02411144194279019,134,0,3dd77c68f3f29601b59d09853a70977bfab15f3fba3edeca6737f75ef9d7bcc0,9f7ee99454374db02824b5c9d52e2da89fca30232bc291ddb1f48ef6db84b6c0,2ee46c732cbd9a2d9496fe9e4763efb9a1ab85568c9ae6e0d0e121bc4adb4265,164142652bf5b3032f4e1a8ee54fe2817a3f3b5130635cf04fb641a6e819211d
2026-09-30,THEME,THEME:880633,sector_rs20,-0.028880157170923404,ACCEPTED,-0.028880157170923404,134,0,3dd77c68f3f29601b59d09853a70977bfab15f3fba3edeca6737f75ef9d7bcc0,9f7ee99454374db02824b5c9d52e2da89fca30232bc291ddb1f48ef6db84b6c0,2ee46c732cbd9a2d9496fe9e4763efb9a1ab85568c9ae6e0d0e121bc4adb4265,164142652bf5b3032f4e1a8ee54fe2817a3f3b5130635cf04fb641a6e819211d
2026-09-30,THEME,THEME:880633,breadth_ret1,0.3805970149253731,ACCEPTED,0.3805970149253731,134,134,3dd77c68f3f29601b59d09853a70977bfab15f3fba3edeca6737f75ef9d7bcc0,9f7ee99454374db02824b5c9d52e2da89fca30232bc291ddb1f48ef6db84b6c0,2ee46c732cbd9a2d9496fe9e4763efb9a1ab85568c9ae6e0d0e121bc4adb4265,164142652bf5b3032f4e1a8ee54fe2817a3f3b5130635cf04fb641a6e819211d
2026-09-30,THEME,THEME:880633,breadth_ret5,0.21641791044776118,ACCEPTED,0.21641791044776118,134,134,3dd77c68f3f29601b59d09853a70977bfab15f3fba3edeca6737f75ef9d7bcc0,9f7ee99454374db02824b5c9d52e2da89fca30232bc291ddb1f48ef6db84b6c0,2ee46c732cbd9a2d9496fe9e4763efb9a1ab85568c9ae6e0d0e121bc4adb4265,164142652bf5b3032f4e1a8ee54fe2817a3f3b5130635cf04fb641a6e819211d
2026-09-30,THEME,THEME:880633,breadth_ret20,0.3082706766917293,ACCEPTED,0.3082706766917293,134,133,3dd77c68f3f29601b59d09853a70977bfab15f3fba3edeca6737f75ef9d7bcc0,9f7ee99454374db02824b5c9d52e2da89fca30232bc291ddb1f48ef6db84b6c0,2ee46c732cbd9a2d9496fe9e4763efb9a1ab85568c9ae6e0d0e121bc4adb4265,164142652bf5b3032f4e1a8ee54fe2817a3f3b5130635cf04fb641a6e819211d
2026-09-30,THEME,THEME:880633,ma20_width,0.3082706766917293,ACCEPTED,0.3082706766917293,134,133,3dd77c68f3f29601b59d09853a70977bfab15f3fba3edeca6737f75ef9d7bcc0,9f7ee99454374db02824b5c9d52e2da89fca30232bc291ddb1f48ef6db84b6c0,2ee46c732cbd9a2d9496fe9e4763efb9a1ab85568c9ae6e0d0e121bc4adb4265,164142652bf5b3032f4e1a8ee54fe2817a3f3b5130635cf04fb641a6e819211d
2026-09-30,THEME,THEME:880634,sector_rs1,0.009781790820165615,ACCEPTED,0.009781790820165615,23,0,3dd77c68f3f29601b59d09853a70977bfab15f3fba3edeca6737f75ef9d7bcc0,9f7ee99454374db02824b5c9d52e2da89fca30232bc291ddb1f48ef6db84b6c0,2ee46c732cbd9a2d9496fe9e4763efb9a1ab85568c9ae6e0d0e121bc4adb4265,164142652bf5b3032f4e1a8ee54fe2817a3f3b5130635cf04fb641a6e819211d
2026-09-30,THEME,THEME:880634,sector_rs5,-0.023961661341852958,ACCEPTED,-0.023961661341852958,23,0,3dd77c68f3f29601b59d09853a70977bfab15f3fba3edeca6737f75ef9d7bcc0,9f7ee99454374db02824b5c9d52e2da89fca30232bc291ddb1f48ef6db84b6c0,2ee46c732cbd9a2d9496fe9e4763efb9a1ab85568c9ae6e0d0e121bc4adb4265,164142652bf5b3032f4e1a8ee54fe2817a3f3b5130635cf04fb641a6e819211d
2026-09-30,THEME,THEME:880634,sector_rs20,-0.04403131115459891,ACCEPTED,-0.04403131115459891,23,0,3dd77c68f3f29601b59d09853a70977bfab15f3fba3edeca6737f75ef9d7bcc0,9f7ee99454374db02824b5c9d52e2da89fca30232bc291ddb1f48ef6db84b6c0,2ee46c732cbd9a2d9496fe9e4763efb9a1ab85568c9ae6e0d0e121bc4adb4265,164142652bf5b3032f4e1a8ee54fe2817a3f3b5130635cf04fb641a6e819211d
2026-09-30,THEME,THEME:880634,breadth_ret1,0.782608695652174,ACCEPTED,0.782608695652174,23,23,3dd77c68f3f29601b59d09853a70977bfab15f3fba3edeca6737f75ef9d7bcc0,9f7ee99454374db02824b5c9d52e2da89fca30232bc291ddb1f48ef6db84b6c0,2ee46c732cbd9a2d9496fe9e4763efb9a1ab85568c9ae6e0d0e121bc4adb4265,164142652bf5b3032f4e1a8ee54fe2817a3f3b5130635cf04fb641a6e819211d
2026-09-30,THEME,THEME:880634,breadth_ret5,0.34782608695652173,ACCEPTED,0.34782608695652173,23,23,3dd77c68f3f29601b59d09853a70977bfab15f3fba3edeca6737f75ef9d7bcc0,9f7ee99454374db02824b5c9d52e2da89fca30232bc291ddb1f48ef6db84b6c0,2ee46c732cbd9a2d9496fe9e4763efb9a1ab85568c9ae6e0d0e121bc4adb4265,164142652bf5b3032f4e1a8ee54fe2817a3f3b5130635cf04fb641a6e819211d
2026-09-30,THEME,THEME:880634,breadth_ret20,0.30434782608695654,ACCEPTED,0.30434782608695654,23,23,3dd77c68f3f29601b59d09853a70977bfab15f3fba3edeca6737f75ef9d7bcc0,9f7ee99454374db02824b5c9d52e2da89fca30232bc291ddb1f48ef6db84b6c0,2ee46c732cbd9a2d9496fe9e4763efb9a1ab85568c9ae6e0d0e121bc4adb4265,164142652bf5b3032f4e1a8ee54fe2817a3f3b5130635cf04fb641a6e819211d
2026-09-30,THEME,THEME:880634,ma20_width,0.43478260869565216,ACCEPTED,0.43478260869565216,23,23,3dd77c68f3f29601b59d09853a70977bfab15f3fba3edeca6737f75ef9d7bcc0,9f7ee99454374db02824b5c9d52e2da89fca30232bc291ddb1f48ef6db84b6c0,2ee46c732cbd9a2d9496fe9e4763efb9a1ab85568c9ae6e0d0e121bc4adb4265,164142652bf5b3032f4e1a8ee54fe2817a3f3b5130635cf04fb641a6e819211d
2026-09-30,THEME,THEME:880635,sector_rs1,-0.02553206793654883,ACCEPTED,-0.02553206793654883,196,0,3dd77c68f3f29601b59d09853a70977bfab15f3fba3edeca6737f75ef9d7bcc0,9f7ee99454374db02824b5c9d52e2da89fca30232bc291ddb1f48ef6db84b6c0,2ee46c732cbd9a2d9496fe9e4763efb9a1ab85568c9ae6e0d0e121bc4adb4265,164142652bf5b3032f4e1a8ee54fe2817a3f3b5130635cf04fb641a6e819211d
2026-09-30,THEME,THEME:880635,sector_rs5,-0.0818318668962989,ACCEPTED,-0.0818318668962989,196,0,3dd77c68f3f29601b59d09853a70977bfab15f3fba3edeca6737f75ef9d7bcc0,9f7ee99454374db02824b5c9d52e2da89fca30232bc291ddb1f48ef6db84b6c0,2ee46c732cbd9a2d9496fe9e4763efb9a1ab85568c9ae6e0d0e121bc4adb4265,164142652bf5b3032f4e1a8ee54fe2817a3f3b5130635cf04fb641a6e819211d
2026-09-30,THEME,THEME:880635,sector_rs20,-0.04612010879559103,ACCEPTED,-0.04612010879559103,196,0,3dd77c68f3f29601b59d09853a70977bfab15f3fba3edeca6737f75ef9d7bcc0,9f7ee99454374db02824b5c9d52e2da89fca30232bc291ddb1f48ef6db84b6c0,2ee46c732cbd9a2d9496fe9e4763efb9a1ab85568c9ae6e0d0e121bc4adb4265,164142652bf5b3032f4e1a8ee54fe2817a3f3b5130635cf04fb641a6e819211d
2026-09-30,THEME,THEME:880635,breadth_ret1,0.11224489795918367,ACCEPTED,0.11224489795918367,196,196,3dd77c68f3f29601b59d09853a70977bfab15f3fba3edeca6737f75ef9d7bcc0,9f7ee99454374db02824b5c9d52e2da89fca30232bc291ddb1f48ef6db84b6c0,2ee46c732cbd9a2d9496fe9e4763efb9a1ab85568c9ae6e0d0e121bc4adb4265,164142652bf5b3032f4e1a8ee54fe2817a3f3b5130635cf04fb641a6e819211d
2026-09-30,THEME,THEME:880635,breadth_ret5,0.03571428571428571,ACCEPTED,0.03571428571428571,196,196,3dd77c68f3f29601b59d09853a70977bfab15f3fba3edeca6737f75ef9d7bcc0,9f7ee99454374db02824b5c9d52e2da89fca30232bc291ddb1f48ef6db84b6c0,2ee46c732cbd9a2d9496fe9e4763efb9a1ab85568c9ae6e0d0e121bc4adb4265,164142652bf5b3032f4e1a8ee54fe2817a3f3b5130635cf04fb641a6e819211d
2026-09-30,THEME,THEME:880635,breadth_ret20,0.23469387755102042,ACCEPTED,0.23469387755102042,196,196,3dd77c68f3f29601b59d09853a70977bfab15f3fba3edeca6737f75ef9d7bcc0,9f7ee99454374db02824b5c9d52e2da89fca30232bc291ddb1f48ef6db84b6c0,2ee46c732cbd9a2d9496fe9e4763efb9a1ab85568c9ae6e0d0e121bc4adb4265,164142652bf5b3032f4e1a8ee54fe2817a3f3b5130635cf04fb641a6e819211d
2026-09-30,THEME,THEME:880635,ma20_width,0.1683673469387755,ACCEPTED,0.1683673469387755,196,196,3dd77c68f3f29601b59d09853a70977bfab15f3fba3edeca6737f75ef9d7bcc0,9f7ee99454374db02824b5c9d52e2da89fca30232bc291ddb1f48ef6db84b6c0,2ee46c732cbd9a2d9496fe9e4763efb9a1ab85568c9ae6e0d0e121bc4adb4265,164142652bf5b3032f4e1a8ee54fe2817a3f3b5130635cf04fb641a6e819211d
2026-09-30,THEME,THEME:880636,sector_rs1,-0.006024096385542244,ACCEPTED,-0.006024096385542244,49,0,3dd77c68f3f29601b59d09853a70977bfab15f3fba3edeca6737f75ef9d7bcc0,9f7ee99454374db02824b5c9d52e2da89fca30232bc291ddb1f48ef6db84b6c0,2ee46c732cbd9a2d9496fe9e4763efb9a1ab85568c9ae6e0d0e121bc4adb4265,164142652bf5b3032f4e1a8ee54fe2817a3f3b5130635cf04fb641a6e819211d
2026-09-30,THEME,THEME:880636,sector_rs5,-0.02037351443123936,ACCEPTED,-0.02037351443123936,49,0,3dd77c68f3f29601b59d09853a70977bfab15f3fba3edeca6737f75ef9d7bcc0,9f7ee99454374db02824b5c9d52e2da89fca30232bc291ddb1f48ef6db84b6c0,2ee46c732cbd9a2d9496fe9e4763efb9a1ab85568c9ae6e0d0e121bc4adb4265,164142652bf5b3032f4e1a8ee54fe2817a3f3b5130635cf04fb641a6e819211d
2026-09-30,THEME,THEME:880636,sector_rs20,-0.015296367112810683,ACCEPTED,-0.015296367112810683,49,0,3dd77c68f3f29601b59d09853a70977bfab15f3fba3edeca6737f75ef9d7bcc0,9f7ee99454374db02824b5c9d52e2da89fca30232bc291ddb1f48ef6db84b6c0,2ee46c732cbd9a2d9496fe9e4763efb9a1ab85568c9ae6e0d0e121bc4adb4265,164142652bf5b3032f4e1a8ee54fe2817a3f3b5130635cf04fb641a6e819211d
2026-09-30,THEME,THEME:880636,breadth_ret1,0.32653061224489793,ACCEPTED,0.32653061224489793,49,49,3dd77c68f3f29601b59d09853a70977bfab15f3fba3edeca6737f75ef9d7bcc0,9f7ee99454374db02824b5c9d52e2da89fca30232bc291ddb1f48ef6db84b6c0,2ee46c732cbd9a2d9496fe9e4763efb9a1ab85568c9ae6e0d0e121bc4adb4265,164142652bf5b3032f4e1a8ee54fe2817a3f3b5130635cf04fb641a6e819211d
2026-09-30,THEME,THEME:880636,breadth_ret5,0.30612244897959184,ACCEPTED,0.30612244897959184,49,49,3dd77c68f3f29601b59d09853a70977bfab15f3fba3edeca6737f75ef9d7bcc0,9f7ee99454374db02824b5c9d52e2da89fca30232bc291ddb1f48ef6db84b6c0,2ee46c732cbd9a2d9496fe9e4763efb9a1ab85568c9ae6e0d0e121bc4adb4265,164142652bf5b3032f4e1a8ee54fe2817a3f3b5130635cf04fb641a6e819211d
2026-09-30,THEME,THEME:880636,breadth_ret20,0.32653061224489793,ACCEPTED,0.32653061224489793,49,49,3dd77c68f3f29601b59d09853a70977bfab15f3fba3edeca6737f75ef9d7bcc0,9f7ee99454374db02824b5c9d52e2da89fca30232bc291ddb1f48ef6db84b6c0,2ee46c732cbd9a2d9496fe9e4763efb9a1ab85568c9ae6e0d0e121bc4adb4265,164142652bf5b3032f4e1a8ee54fe2817a3f3b5130635cf04fb641a6e819211d
2026-09-30,THEME,THEME:880636,ma20_width,0.2857142857142857,ACCEPTED,0.2857142857142857,49,49,3dd77c68f3f29601b59d09853a70977bfab15f3fba3edeca6737f75ef9d7bcc0,9f7ee99454374db02824b5c9d52e2da89fca30232bc291ddb1f48ef6db84b6c0,2ee46c732cbd9a2d9496fe9e4763efb9a1ab85568c9ae6e0d0e121bc4adb4265,164142652bf5b3032f4e1a8ee54fe2817a3f3b5130635cf04fb641a6e819211d
2026-09-30,THEME,THEME:880637,sector_rs1,-0.017828200972447417,ACCEPTED,-0.017828200972447417,17,0,3dd77c68f3f29601b59d09853a70977bfab15f3fba3edeca6737f75ef9d7bcc0,9f7ee99454374db02824b5c9d52e2da89fca30232bc291ddb1f48ef6db84b6c0,2ee46c732cbd9a2d9496fe9e4763efb9a1ab85568c9ae6e0d0e121bc4adb4265,164142652bf5b3032f4e1a8ee54fe2817a3f3b5130635cf04fb641a6e819211d
2026-09-30,THEME,THEME:880637,sector_rs5,-0.058008658008657954,ACCEPTED,-0.058008658008657954,17,0,3dd77c68f3f29601b59d09853a70977bfab15f3fba3edeca6737f75ef9d7bcc0,9f7ee99454374db02824b5c9d52e2da89fca30232bc291ddb1f48ef6db84b6c0,2ee46c732cbd9a2d9496fe9e4763efb9a1ab85568c9ae6e0d0e121bc4adb4265,164142652bf5b3032f4e1a8ee54fe2817a3f3b5130635cf04fb641a6e819211d
2026-09-30,THEME,THEME:880637,sector_rs20,-0.06087936865839905,ACCEPTED,-0.06087936865839905,17,0,3dd77c68f3f29601b59d09853a70977bfab15f3fba3edeca6737f75ef9d7bcc0,9f7ee99454374db02824b5c9d52e2da89fca30232bc291ddb1f48ef6db84b6c0,2ee46c732cbd9a2d9496fe9e4763efb9a1ab85568c9ae6e0d0e121bc4adb4265,164142652bf5b3032f4e1a8ee54fe2817a3f3b5130635cf04fb641a6e819211d
2026-09-30,THEME,THEME:880637,breadth_ret1,0.17647058823529413,ACCEPTED,0.17647058823529413,17,17,3dd77c68f3f29601b59d09853a70977bfab15f3fba3edeca6737f75ef9d7bcc0,9f7ee99454374db02824b5c9d52e2da89fca30232bc291ddb1f48ef6db84b6c0,2ee46c732cbd9a2d9496fe9e4763efb9a1ab85568c9ae6e0d0e121bc4adb4265,164142652bf5b3032f4e1a8ee54fe2817a3f3b5130635cf04fb641a6e819211d
2026-09-30,THEME,THEME:880637,breadth_ret5,0.23529411764705882,ACCEPTED,0.23529411764705882,17,17,3dd77c68f3f29601b59d09853a70977bfab15f3fba3edeca6737f75ef9d7bcc0,9f7ee99454374db02824b5c9d52e2da89fca30232bc291ddb1f48ef6db84b6c0,2ee46c732cbd9a2d9496fe9e4763efb9a1ab85568c9ae6e0d0e121bc4adb4265,164142652bf5b3032f4e1a8ee54fe2817a3f3b5130635cf04fb641a6e819211d
2026-09-30,THEME,THEME:880637,breadth_ret20,0.11764705882352941,ACCEPTED,0.11764705882352941,17,17,3dd77c68f3f29601b59d09853a70977bfab15f3fba3edeca6737f75ef9d7bcc0,9f7ee99454374db02824b5c9d52e2da89fca30232bc291ddb1f48ef6db84b6c0,2ee46c732cbd9a2d9496fe9e4763efb9a1ab85568c9ae6e0d0e121bc4adb4265,164142652bf5b3032f4e1a8ee54fe2817a3f3b5130635cf04fb641a6e819211d
2026-09-30,THEME,THEME:880637,ma20_width,0.23529411764705882,ACCEPTED,0.23529411764705882,17,17,3dd77c68f3f29601b59d09853a70977bfab15f3fba3edeca6737f75ef9d7bcc0,9f7ee99454374db02824b5c9d52e2da89fca30232bc291ddb1f48ef6db84b6c0,2ee46c732cbd9a2d9496fe9e4763efb9a1ab85568c9ae6e0d0e121bc4adb4265,164142652bf5b3032f4e1a8ee54fe2817a3f3b5130635cf04fb641a6e819211d
2026-09-30,THEME,THEME:880638,sector_rs1,-0.0038966365873666087,ACCEPTED,-0.0038966365873666087,65,0,3dd77c68f3f29601b59d09853a70977bfab15f3fba3edeca6737f75ef9d7bcc0,9f7ee99454374db02824b5c9d52e2da89fca30232bc291ddb1f48ef6db84b6c0,2ee46c732cbd9a2d9496fe9e4763efb9a1ab85568c9ae6e0d0e121bc4adb4265,164142652bf5b3032f4e1a8ee54fe2817a3f3b5130635cf04fb641a6e819211d
2026-09-30,THEME,THEME:880638,sector_rs5,-0.04694280975210752,ACCEPTED,-0.04694280975210752,65,0,3dd77c68f3f29601b59d09853a70977bfab15f3fba3edeca6737f75ef9d7bcc0,9f7ee99454374db02824b5c9d52e2da89fca30232bc291ddb1f48ef6db84b6c0,2ee46c732cbd9a2d9496fe9e4763efb9a1ab85568c9ae6e0d0e121bc4adb4265,164142652bf5b3032f4e1a8ee54fe2817a3f3b5130635cf04fb641a6e819211d
2026-09-30,THEME,THEME:880638,sector_rs20,-0.05155555555555558,ACCEPTED,-0.05155555555555558,65,0,3dd77c68f3f29601b59d09853a70977bfab15f3fba3edeca6737f75ef9d7bcc0,9f7ee99454374db02824b5c9d52e2da89fca30232bc291ddb1f48ef6db84b6c0,2ee46c732cbd9a2d9496fe9e4763efb9a1ab85568c9ae6e0d0e121bc4adb4265,164142652bf5b3032f4e1a8ee54fe2817a3f3b5130635cf04fb641a6e819211d
2026-09-30,THEME,THEME:880638,breadth_ret1,0.36507936507936506,ACCEPTED,0.36507936507936506,65,63,3dd77c68f3f29601b59d09853a70977bfab15f3fba3edeca6737f75ef9d7bcc0,9f7ee99454374db02824b5c9d52e2da89fca30232bc291ddb1f48ef6db84b6c0,2ee46c732cbd9a2d9496fe9e4763efb9a1ab85568c9ae6e0d0e121bc4adb4265,164142652bf5b3032f4e1a8ee54fe2817a3f3b5130635cf04fb641a6e819211d
2026-09-30,THEME,THEME:880638,breadth_ret5,0.1746031746031746,ACCEPTED,0.1746031746031746,65,63,3dd77c68f3f29601b59d09853a70977bfab15f3fba3edeca6737f75ef9d7bcc0,9f7ee99454374db02824b5c9d52e2da89fca30232bc291ddb1f48ef6db84b6c0,2ee46c732cbd9a2d9496fe9e4763efb9a1ab85568c9ae6e0d0e121bc4adb4265,164142652bf5b3032f4e1a8ee54fe2817a3f3b5130635cf04fb641a6e819211d
2026-09-30,THEME,THEME:880638,breadth_ret20,0.20634920634920634,ACCEPTED,0.20634920634920634,65,63,3dd77c68f3f29601b59d09853a70977bfab15f3fba3edeca6737f75ef9d7bcc0,9f7ee99454374db02824b5c9d52e2da89fca30232bc291ddb1f48ef6db84b6c0,2ee46c732cbd9a2d9496fe9e4763efb9a1ab85568c9ae6e0d0e121bc4adb4265,164142652bf5b3032f4e1a8ee54fe2817a3f3b5130635cf04fb641a6e819211d
2026-09-30,THEME,THEME:880638,ma20_width,0.2222222222222222,ACCEPTED,0.2222222222222222,65,63,3dd77c68f3f29601b59d09853a70977bfab15f3fba3edeca6737f75ef9d7bcc0,9f7ee99454374db02824b5c9d52e2da89fca30232bc291ddb1f48ef6db84b6c0,2ee46c732cbd9a2d9496fe9e4763efb9a1ab85568c9ae6e0d0e121bc4adb4265,164142652bf5b3032f4e1a8ee54fe2817a3f3b5130635cf04fb641a6e819211d
2026-09-30,THEME,THEME:880639,sector_rs1,0.0015059015059015746,ACCEPTED,0.0015059015059015746,43,0,3dd77c68f3f29601b59d09853a70977bfab15f3fba3edeca6737f75ef9d7bcc0,9f7ee99454374db02824b5c9d52e2da89fca30232bc291ddb1f48ef6db84b6c0,2ee46c732cbd9a2d9496fe9e4763efb9a1ab85568c9ae6e0d0e121bc4adb4265,164142652bf5b3032f4e1a8ee54fe2817a3f3b5130635cf04fb641a6e819211d
2026-09-30,THEME,THEME:880639,sector_rs5,-0.027580255017078115,ACCEPTED,-0.027580255017078115,43,0,3dd77c68f3f29601b59d09853a70977bfab15f3fba3edeca6737f75ef9d7bcc0,9f7ee99454374db02824b5c9d52e2da89fca30232bc291ddb1f48ef6db84b6c0,2ee46c732cbd9a2d9496fe9e4763efb9a1ab85568c9ae6e0d0e121bc4adb4265,164142652bf5b3032f4e1a8ee54fe2817a3f3b5130635cf04fb641a6e819211d
2026-09-30,THEME,THEME:880639,sector_rs20,-0.03215237475140187,ACCEPTED,-0.03215237475140187,43,0,3dd77c68f3f29601b59d09853a70977bfab15f3fba3edeca6737f75ef9d7bcc0,9f7ee99454374db02824b5c9d52e2da89fca30232bc291ddb1f48ef6db84b6c0,2ee46c732cbd9a2d9496fe9e4763efb9a1ab85568c9ae6e0d0e121bc4adb4265,164142652bf5b3032f4e1a8ee54fe2817a3f3b5130635cf04fb641a6e819211d
2026-09-30,THEME,THEME:880639,breadth_ret1,0.5238095238095238,ACCEPTED,0.5238095238095238,43,42,3dd77c68f3f29601b59d09853a70977bfab15f3fba3edeca6737f75ef9d7bcc0,9f7ee99454374db02824b5c9d52e2da89fca30232bc291ddb1f48ef6db84b6c0,2ee46c732cbd9a2d9496fe9e4763efb9a1ab85568c9ae6e0d0e121bc4adb4265,164142652bf5b3032f4e1a8ee54fe2817a3f3b5130635cf04fb641a6e819211d
2026-09-30,THEME,THEME:880639,breadth_ret5,0.19047619047619047,ACCEPTED,0.19047619047619047,43,42,3dd77c68f3f29601b59d09853a70977bfab15f3fba3edeca6737f75ef9d7bcc0,9f7ee99454374db02824b5c9d52e2da89fca30232bc291ddb1f48ef6db84b6c0,2ee46c732cbd9a2d9496fe9e4763efb9a1ab85568c9ae6e0d0e121bc4adb4265,164142652bf5b3032f4e1a8ee54fe2817a3f3b5130635cf04fb641a6e819211d
2026-09-30,THEME,THEME:880639,breadth_ret20,0.19047619047619047,ACCEPTED,0.19047619047619047,43,42,3dd77c68f3f29601b59d09853a70977bfab15f3fba3edeca6737f75ef9d7bcc0,9f7ee99454374db02824b5c9d52e2da89fca30232bc291ddb1f48ef6db84b6c0,2ee46c732cbd9a2d9496fe9e4763efb9a1ab85568c9ae6e0d0e121bc4adb4265,164142652bf5b3032f4e1a8ee54fe2817a3f3b5130635cf04fb641a6e819211d
2026-09-30,THEME,THEME:880639,ma20_width,0.2619047619047619,ACCEPTED,0.2619047619047619,43,42,3dd77c68f3f29601b59d09853a70977bfab15f3fba3edeca6737f75ef9d7bcc0,9f7ee99454374db02824b5c9d52e2da89fca30232bc291ddb1f48ef6db84b6c0,2ee46c732cbd9a2d9496fe9e4763efb9a1ab85568c9ae6e0d0e121bc4adb4265,164142652bf5b3032f4e1a8ee54fe2817a3f3b5130635cf04fb641a6e819211d
2026-09-30,THEME,THEME:880642,sector_rs1,0.0030674846625766694,ACCEPTED,0.0030674846625766694,19,0,3dd77c68f3f29601b59d09853a70977bfab15f3fba3edeca6737f75ef9d7bcc0,9f7ee99454374db02824b5c9d52e2da89fca30232bc291ddb1f48ef6db84b6c0,2ee46c732cbd9a2d9496fe9e4763efb9a1ab85568c9ae6e0d0e121bc4adb4265,164142652bf5b3032f4e1a8ee54fe2817a3f3b5130635cf04fb641a6e819211d
2026-09-30,THEME,THEME:880642,sector_rs5,-0.03274021352313172,ACCEPTED,-0.03274021352313172,19,0,3dd77c68f3f29601b59d09853a70977bfab15f3fba3edeca6737f75ef9d7bcc0,9f7ee99454374db02824b5c9d52e2da89fca30232bc291ddb1f48ef6db84b6c0,2ee46c732cbd9a2d9496fe9e4763efb9a1ab85568c9ae6e0d0e121bc4adb4265,164142652bf5b3032f4e1a8ee54fe2817a3f3b5130635cf04fb641a6e819211d
2026-09-30,THEME,THEME:880642,sector_rs20,-0.04884004884004878,ACCEPTED,-0.04884004884004878,19,0,3dd77c68f3f29601b59d09853a70977bfab15f3fba3edeca6737f75ef9d7bcc0,9f7ee99454374db02824b5c9d52e2da89fca30232bc291ddb1f48ef6db84b6c0,2ee46c732cbd9a2d9496fe9e4763efb9a1ab85568c9ae6e0d0e121bc4adb4265,164142652bf5b3032f4e1a8ee54fe2817a3f3b5130635cf04fb641a6e819211d
2026-09-30,THEME,THEME:880642,breadth_ret1,0.5263157894736842,ACCEPTED,0.5263157894736842,19,19,3dd77c68f3f29601b59d09853a70977bfab15f3fba3edeca6737f75ef9d7bcc0,9f7ee99454374db02824b5c9d52e2da89fca30232bc291ddb1f48ef6db84b6c0,2ee46c732cbd9a2d9496fe9e4763efb9a1ab85568c9ae6e0d0e121bc4adb4265,164142652bf5b3032f4e1a8ee54fe2817a3f3b5130635cf04fb641a6e819211d
2026-09-30,THEME,THEME:880642,breadth_ret5,0.15789473684210525,ACCEPTED,0.15789473684210525,19,19,3dd77c68f3f29601b59d09853a70977bfab15f3fba3edeca6737f75ef9d7bcc0,9f7ee99454374db02824b5c9d52e2da89fca30232bc291ddb1f48ef6db84b6c0,2ee46c732cbd9a2d9496fe9e4763efb9a1ab85568c9ae6e0d0e121bc4adb4265,164142652bf5b3032f4e1a8ee54fe2817a3f3b5130635cf04fb641a6e819211d
2026-09-30,THEME,THEME:880642,breadth_ret20,0.15789473684210525,ACCEPTED,0.15789473684210525,19,19,3dd77c68f3f29601b59d09853a70977bfab15f3fba3edeca6737f75ef9d7bcc0,9f7ee99454374db02824b5c9d52e2da89fca30232bc291ddb1f48ef6db84b6c0,2ee46c732cbd9a2d9496fe9e4763efb9a1ab85568c9ae6e0d0e121bc4adb4265,164142652bf5b3032f4e1a8ee54fe2817a3f3b5130635cf04fb641a6e819211d
2026-09-30,THEME,THEME:880642,ma20_width,0.10526315789473684,ACCEPTED,0.10526315789473684,19,19,3dd77c68f3f29601b59d09853a70977bfab15f3fba3edeca6737f75ef9d7bcc0,9f7ee99454374db02824b5c9d52e2da89fca30232bc291ddb1f48ef6db84b6c0,2ee46c732cbd9a2d9496fe9e4763efb9a1ab85568c9ae6e0d0e121bc4adb4265,164142652bf5b3032f4e1a8ee54fe2817a3f3b5130635cf04fb641a6e819211d
2026-09-30,THEME,THEME:880643,sector_rs1,-0.014384808426410323,ACCEPTED,-0.014384808426410323,66,0,3dd77c68f3f29601b59d09853a70977bfab15f3fba3edeca6737f75ef9d7bcc0,9f7ee99454374db02824b5c9d52e2da89fca30232bc291ddb1f48ef6db84b6c0,2ee46c732cbd9a2d9496fe9e4763efb9a1ab85568c9ae6e0d0e121bc4adb4265,164142652bf5b3032f4e1a8ee54fe2817a3f3b5130635cf04fb641a6e819211d
2026-09-30,THEME,THEME:880643,sector_rs5,-0.05555051695991292,ACCEPTED,-0.05555051695991292,66,0,3dd77c68f3f29601b59d09853a70977bfab15f3fba3edeca6737f75ef9d7bcc0,9f7ee99454374db02824b5c9d52e2da89fca30232bc291ddb1f48ef6db84b6c0,2ee46c732cbd9a2d9496fe9e4763efb9a1ab85568c9ae6e0d0e121bc4adb4265,164142652bf5b3032f4e1a8ee54fe2817a3f3b5130635cf04fb641a6e819211d
2026-09-30,THEME,THEME:880643,sector_rs20,-0.08326523650839474,ACCEPTED,-0.08326523650839474,66,0,3dd77c68f3f29601b59d09853a70977bfab15f3fba3edeca6737f75ef9d7bcc0,9f7ee99454374db02824b5c9d52e2da89fca30232bc291ddb1f48ef6db84b6c0,2ee46c732cbd9a2d9496fe9e4763efb9a1ab85568c9ae6e0d0e121bc4adb4265,164142652bf5b3032f4e1a8ee54fe2817a3f3b5130635cf04fb641a6e819211d
2026-09-30,THEME,THEME:880643,breadth_ret1,0.09090909090909091,ACCEPTED,0.09090909090909091,66,66,3dd77c68f3f29601b59d09853a70977bfab15f3fba3edeca6737f75ef9d7bcc0,9f7ee99454374db02824b5c9d52e2da89fca30232bc291ddb1f48ef6db84b6c0,2ee46c732cbd9a2d9496fe9e4763efb9a1ab85568c9ae6e0d0e121bc4adb4265,164142652bf5b3032f4e1a8ee54fe2817a3f3b5130635cf04fb641a6e819211d
2026-09-30,THEME,THEME:880643,breadth_ret5,0.030303030303030304,ACCEPTED,0.030303030303030304,66,66,3dd77c68f3f29601b59d09853a70977bfab15f3fba3edeca6737f75ef9d7bcc0,9f7ee99454374db02824b5c9d52e2da89fca30232bc291ddb1f48ef6db84b6c0,2ee46c732cbd9a2d9496fe9e4763efb9a1ab85568c9ae6e0d0e121bc4adb4265,164142652bf5b3032f4e1a8ee54fe2817a3f3b5130635cf04fb641a6e819211d
2026-09-30,THEME,THEME:880643,breadth_ret20,0.13636363636363635,ACCEPTED,0.13636363636363635,66,66,3dd77c68f3f29601b59d09853a70977bfab15f3fba3edeca6737f75ef9d7bcc0,9f7ee99454374db02824b5c9d52e2da89fca30232bc291ddb1f48ef6db84b6c0,2ee46c732cbd9a2d9496fe9e4763efb9a1ab85568c9ae6e0d0e121bc4adb4265,164142652bf5b3032f4e1a8ee54fe2817a3f3b5130635cf04fb641a6e819211d
2026-09-30,THEME,THEME:880643,ma20_width,0.15151515151515152,ACCEPTED,0.15151515151515152,66,66,3dd77c68f3f29601b59d09853a70977bfab15f3fba3edeca6737f75ef9d7bcc0,9f7ee99454374db02824b5c9d52e2da89fca30232bc291ddb1f48ef6db84b6c0,2ee46c732cbd9a2d9496fe9e4763efb9a1ab85568c9ae6e0d0e121bc4adb4265,164142652bf5b3032f4e1a8ee54fe2817a3f3b5130635cf04fb641a6e819211d
2026-09-30,THEME,THEME:880644,sector_rs1,-0.00393700787401563,ACCEPTED,-0.00393700787401563,21,0,3dd77c68f3f29601b59d09853a70977bfab15f3fba3edeca6737f75ef9d7bcc0,9f7ee99454374db02824b5c9d52e2da89fca30232bc291ddb1f48ef6db84b6c0,2ee46c732cbd9a2d9496fe9e4763efb9a1ab85568c9ae6e0d0e121bc4adb4265,164142652bf5b3032f4e1a8ee54fe2817a3f3b5130635cf04fb641a6e819211d
2026-09-30,THEME,THEME:880644,sector_rs5,-0.02944785276073625,ACCEPTED,-0.02944785276073625,21,0,3dd77c68f3f29601b59d09853a70977bfab15f3fba3edeca6737f75ef9d7bcc0,9f7ee99454374db02824b5c9d52e2da89fca30232bc291ddb1f48ef6db84b6c0,2ee46c732cbd9a2d9496fe9e4763efb9a1ab85568c9ae6e0d0e121bc4adb4265,164142652bf5b3032f4e1a8ee54fe2817a3f3b5130635cf04fb641a6e819211d
2026-09-30,THEME,THEME:880644,sector_rs20,-0.05067567567567566,ACCEPTED,-0.05067567567567566,21,0,3dd77c68f3f29601b59d09853a70977bfab15f3fba3edeca6737f75ef9d7bcc0,9f7ee99454374db02824b5c9d52e2da89fca30232bc291ddb1f48ef6db84b6c0,2ee46c732cbd9a2d9496fe9e4763efb9a1ab85568c9ae6e0d0e121bc4adb4265,164142652bf5b3032f4e1a8ee54fe2817a3f3b5130635cf04fb641a6e819211d
2026-09-30,THEME,THEME:880644,breadth_ret1,0.3333333333333333,ACCEPTED,0.3333333333333333,21,21,3dd77c68f3f29601b59d09853a70977bfab15f3fba3edeca6737f75ef9d7bcc0,9f7ee99454374db02824b5c9d52e2da89fca30232bc291ddb1f48ef6db84b6c0,2ee46c732cbd9a2d9496fe9e4763efb9a1ab85568c9ae6e0d0e121bc4adb4265,164142652bf5b3032f4e1a8ee54fe2817a3f3b5130635cf04fb641a6e819211d
2026-09-30,THEME,THEME:880644,breadth_ret5,0.09523809523809523,ACCEPTED,0.09523809523809523,21,21,3dd77c68f3f29601b59d09853a70977bfab15f3fba3edeca6737f75ef9d7bcc0,9f7ee99454374db02824b5c9d52e2da89fca30232bc291ddb1f48ef6db84b6c0,2ee46c732cbd9a2d9496fe9e4763efb9a1ab85568c9ae6e0d0e121bc4adb4265,164142652bf5b3032f4e1a8ee54fe2817a3f3b5130635cf04fb641a6e819211d
2026-09-30,THEME,THEME:880644,breadth_ret20,0.09523809523809523,ACCEPTED,0.09523809523809523,21,21,3dd77c68f3f29601b59d09853a70977bfab15f3fba3edeca6737f75ef9d7bcc0,9f7ee99454374db02824b5c9d52e2da89fca30232bc291ddb1f48ef6db84b6c0,2ee46c732cbd9a2d9496fe9e4763efb9a1ab85568c9ae6e0d0e121bc4adb4265,164142652bf5b3032f4e1a8ee54fe2817a3f3b5130635cf04fb641a6e819211d
2026-09-30,THEME,THEME:880644,ma20_width,0.38095238095238093,ACCEPTED,0.38095238095238093,21,21,3dd77c68f3f29601b59d09853a70977bfab15f3fba3edeca6737f75ef9d7bcc0,9f7ee99454374db02824b5c9d52e2da89fca30232bc291ddb1f48ef6db84b6c0,2ee46c732cbd9a2d9496fe9e4763efb9a1ab85568c9ae6e0d0e121bc4adb4265,164142652bf5b3032f4e1a8ee54fe2817a3f3b5130635cf04fb641a6e819211d
2026-09-30,THEME,THEME:880645,sector_rs1,-0.011663286004056861,ACCEPTED,-0.011663286004056861,280,0,3dd77c68f3f29601b59d09853a70977bfab15f3fba3edeca6737f75ef9d7bcc0,9f7ee99454374db02824b5c9d52e2da89fca30232bc291ddb1f48ef6db84b6c0,2ee46c732cbd9a2d9496fe9e4763efb9a1ab85568c9ae6e0d0e121bc4adb4265,164142652bf5b3032f4e1a8ee54fe2817a3f3b5130635cf04fb641a6e819211d
2026-09-30,THEME,THEME:880645,sector_rs5,-0.04251968503936998,ACCEPTED,-0.04251968503936998,280,0,3dd77c68f3f29601b59d09853a70977bfab15f3fba3edeca6737f75ef9d7bcc0,9f7ee99454374db02824b5c9d52e2da89fca30232bc291ddb1f48ef6db84b6c0,2ee46c732cbd9a2d9496fe9e4763efb9a1ab85568c9ae6e0d0e121bc4adb4265,164142652bf5b3032f4e1a8ee54fe2817a3f3b5130635cf04fb641a6e819211d
2026-09-30,THEME,THEME:880645,sector_rs20,-0.054630246502331836,ACCEPTED,-0.054630246502331836,280,0,3dd77c68f3f29601b59d09853a70977bfab15f3fba3edeca6737f75ef9d7bcc0,9f7ee99454374db02824b5c9d52e2da89fca30232bc291ddb1f48ef6db84b6c0,2ee46c732cbd9a2d9496fe9e4763efb9a1ab85568c9ae6e0d0e121bc4adb4265,164142652bf5b3032f4e1a8ee54fe2817a3f3b5130635cf04fb641a6e819211d
2026-09-30,THEME,THEME:880645,breadth_ret1,0.24014336917562723,ACCEPTED,0.24014336917562723,280,279,3dd77c68f3f29601b59d09853a70977bfab15f3fba3edeca6737f75ef9d7bcc0,9f7ee99454374db02824b5c9d52e2da89fca30232bc291ddb1f48ef6db84b6c0,2ee46c732cbd9a2d9496fe9e4763efb9a1ab85568c9ae6e0d0e121bc4adb4265,164142652bf5b3032f4e1a8ee54fe2817a3f3b5130635cf04fb641a6e819211d
2026-09-30,THEME,THEME:880645,breadth_ret5,0.11827956989247312,ACCEPTED,0.11827956989247312,280,279,3dd77c68f3f29601b59d09853a70977bfab15f3fba3edeca6737f75ef9d7bcc0,9f7ee99454374db02824b5c9d52e2da89fca30232bc291ddb1f48ef6db84b6c0,2ee46c732cbd9a2d9496fe9e4763efb9a1ab85568c9ae6e0d0e121bc4adb4265,164142652bf5b3032f4e1a8ee54fe2817a3f3b5130635cf04fb641a6e819211d
2026-09-30,THEME,THEME:880645,breadth_ret20,0.2007168458781362,ACCEPTED,0.2007168458781362,280,279,3dd77c68f3f29601b59d09853a70977bfab15f3fba3edeca6737f75ef9d7bcc0,9f7ee99454374db02824b5c9d52e2da89fca30232bc291ddb1f48ef6db84b6c0,2ee46c732cbd9a2d9496fe9e4763efb9a1ab85568c9ae6e0d0e121bc4adb4265,164142652bf5b3032f4e1a8ee54fe2817a3f3b5130635cf04fb641a6e819211d
2026-09-30,THEME,THEME:880645,ma20_width,0.27956989247311825,ACCEPTED,0.27956989247311825,280,279,3dd77c68f3f29601b59d09853a70977bfab15f3fba3edeca6737f75ef9d7bcc0,9f7ee99454374db02824b5c9d52e2da89fca30232bc291ddb1f48ef6db84b6c0,2ee46c732cbd9a2d9496fe9e4763efb9a1ab85568c9ae6e0d0e121bc4adb4265,164142652bf5b3032f4e1a8ee54fe2817a3f3b5130635cf04fb641a6e819211d
2026-09-30,THEME,THEME:880646,sector_rs1,-0.02630806845965772,ACCEPTED,-0.02630806845965772,47,0,3dd77c68f3f29601b59d09853a70977bfab15f3fba3edeca6737f75ef9d7bcc0,9f7ee99454374db02824b5c9d52e2da89fca30232bc291ddb1f48ef6db84b6c0,2ee46c732cbd9a2d9496fe9e4763efb9a1ab85568c9ae6e0d0e121bc4adb4265,164142652bf5b3032f4e1a8ee54fe2817a3f3b5130635cf04fb641a6e819211d
2026-09-30,THEME,THEME:880646,sector_rs5,-0.07429449030524105,ACCEPTED,-0.07429449030524105,47,0,3dd77c68f3f29601b59d09853a70977bfab15f3fba3edeca6737f75ef9d7bcc0,9f7ee99454374db02824b5c9d52e2da89fca30232bc291ddb1f48ef6db84b6c0,2ee46c732cbd9a2d9496fe9e4763efb9a1ab85568c9ae6e0d0e121bc4adb4265,164142652bf5b3032f4e1a8ee54fe2817a3f3b5130635cf04fb641a6e819211d
2026-09-30,THEME,THEME:880646,sector_rs20,-0.03339350180505418,ACCEPTED,-0.03339350180505418,47,0,3dd77c68f3f29601b59d09853a70977bfab15f3fba3edeca6737f75ef9d7bcc0,9f7ee99454374db02824b5c9d52e2da89fca30232bc291ddb1f48ef6db84b6c0,2ee46c732cbd9a2d9496fe9e4763efb9a1ab85568c9ae6e0d0e121bc4adb4265,164142652bf5b3032f4e1a8ee54fe2817a3f3b5130635cf04fb641a6e819211d
2026-09-30,THEME,THEME:880646,breadth_ret1,0.0851063829787234,ACCEPTED,0.0851063829787234,47,47,3dd77c68f3f29601b59d09853a70977bfab15f3fba3edeca6737f75ef9d7bcc0,9f7ee99454374db02824b5c9d52e2da89fca30232bc291ddb1f48ef6db84b6c0,2ee46c732cbd9a2d9496fe9e4763efb9a1ab85568c9ae6e0d0e121bc4adb4265,164142652bf5b3032f4e1a8ee54fe2817a3f3b5130635cf04fb641a6e819211d
2026-09-30,THEME,THEME:880646,breadth_ret5,0.0425531914893617,ACCEPTED,0.0425531914893617,47,47,3dd77c68f3f29601b59d09853a70977bfab15f3fba3edeca6737f75ef9d7bcc0,9f7ee99454374db02824b5c9d52e2da89fca30232bc291ddb1f48ef6db84b6c0,2ee46c732cbd9a2d9496fe9e4763efb9a1ab85568c9ae6e0d0e121bc4adb4265,164142652bf5b3032f4e1a8ee54fe2817a3f3b5130635cf04fb641a6e819211d
2026-09-30,THEME,THEME:880646,breadth_ret20,0.3404255319148936,ACCEPTED,0.3404255319148936,47,47,3dd77c68f3f29601b59d09853a70977bfab15f3fba3edeca6737f75ef9d7bcc0,9f7ee99454374db02824b5c9d52e2da89fca30232bc291ddb1f48ef6db84b6c0,2ee46c732cbd9a2d9496fe9e4763efb9a1ab85568c9ae6e0d0e121bc4adb4265,164142652bf5b3032f4e1a8ee54fe2817a3f3b5130635cf04fb641a6e819211d
2026-09-30,THEME,THEME:880646,ma20_width,0.1276595744680851,ACCEPTED,0.1276595744680851,47,47,3dd77c68f3f29601b59d09853a70977bfab15f3fba3edeca6737f75ef9d7bcc0,9f7ee99454374db02824b5c9d52e2da89fca30232bc291ddb1f48ef6db84b6c0,2ee46c732cbd9a2d9496fe9e4763efb9a1ab85568c9ae6e0d0e121bc4adb4265,164142652bf5b3032f4e1a8ee54fe2817a3f3b5130635cf04fb641a6e819211d
2026-09-30,THEME,THEME:880647,sector_rs1,-0.011456646356950373,ACCEPTED,-0.011456646356950373,66,0,3dd77c68f3f29601b59d09853a70977bfab15f3fba3edeca6737f75ef9d7bcc0,9f7ee99454374db02824b5c9d52e2da89fca30232bc291ddb1f48ef6db84b6c0,2ee46c732cbd9a2d9496fe9e4763efb9a1ab85568c9ae6e0d0e121bc4adb4265,164142652bf5b3032f4e1a8ee54fe2817a3f3b5130635cf04fb641a6e819211d
2026-09-30,THEME,THEME:880647,sector_rs5,-0.04338841911528113,ACCEPTED,-0.04338841911528113,66,0,3dd77c68f3f29601b59d09853a70977bfab15f3fba3edeca6737f75ef9d7bcc0,9f7ee99454374db02824b5c9d52e2da89fca30232bc291ddb1f48ef6db84b6c0,2ee46c732cbd9a2d9496fe9e4763efb9a1ab85568c9ae6e0d0e121bc4adb4265,164142652bf5b3032f4e1a8ee54fe2817a3f3b5130635cf04fb641a6e819211d
2026-09-30,THEME,THEME:880647,sector_rs20,-0.044526290777012145,ACCEPTED,-0.044526290777012145,66,0,3dd77c68f3f29601b59d09853a70977bfab15f3fba3edeca6737f75ef9d7bcc0,9f7ee99454374db02824b5c9d52e2da89fca30232bc291ddb1f48ef6db84b6c0,2ee46c732cbd9a2d9496fe9e4763efb9a1ab85568c9ae6e0d0e121bc4adb4265,164142652bf5b3032f4e1a8ee54fe2817a3f3b5130635cf04fb641a6e819211d
2026-09-30,THEME,THEME:880647,breadth_ret1,0.12121212121212122,ACCEPTED,0.12121212121212122,66,66,3dd77c68f3f29601b59d09853a70977bfab15f3fba3edeca6737f75ef9d7bcc0,9f7ee99454374db02824b5c9d52e2da89fca30232bc291ddb1f48ef6db84b6c0,2ee46c732cbd9a2d9496fe9e4763efb9a1ab85568c9ae6e0d0e121bc4adb4265,164142652bf5b3032f4e1a8ee54fe2817a3f3b5130635cf04fb641a6e819211d
2026-09-30,THEME,THEME:880647,breadth_ret5,0.12121212121212122,ACCEPTED,0.12121212121212122,66,66,3dd77c68f3f29601b59d09853a70977bfab15f3fba3edeca6737f75ef9d7bcc0,9f7ee99454374db02824b5c9d52e2da89fca30232bc291ddb1f48ef6db84b6c0,2ee46c732cbd9a2d9496fe9e4763efb9a1ab85568c9ae6e0d0e121bc4adb4265,164142652bf5b3032f4e1a8ee54fe2817a3f3b5130635cf04fb641a6e819211d
2026-09-30,THEME,THEME:880647,breadth_ret20,0.22727272727272727,ACCEPTED,0.22727272727272727,66,66,3dd77c68f3f29601b59d09853a70977bfab15f3fba3edeca6737f75ef9d7bcc0,9f7ee99454374db02824b5c9d52e2da89fca30232bc291ddb1f48ef6db84b6c0,2ee46c732cbd9a2d9496fe9e4763efb9a1ab85568c9ae6e0d0e121bc4adb4265,164142652bf5b3032f4e1a8ee54fe2817a3f3b5130635cf04fb641a6e819211d
2026-09-30,THEME,THEME:880647,ma20_width,0.2727272727272727,ACCEPTED,0.2727272727272727,66,66,3dd77c68f3f29601b59d09853a70977bfab15f3fba3edeca6737f75ef9d7bcc0,9f7ee99454374db02824b5c9d52e2da89fca30232bc291ddb1f48ef6db84b6c0,2ee46c732cbd9a2d9496fe9e4763efb9a1ab85568c9ae6e0d0e121bc4adb4265,164142652bf5b3032f4e1a8ee54fe2817a3f3b5130635cf04fb641a6e819211d
2026-09-30,THEME,THEME:880649,sector_rs1,0.001754155923800016,ACCEPTED,0.001754155923800016,28,0,3dd77c68f3f29601b59d09853a70977bfab15f3fba3edeca6737f75ef9d7bcc0,9f7ee99454374db02824b5c9d52e2da89fca30232bc291ddb1f48ef6db84b6c0,2ee46c732cbd9a2d9496fe9e4763efb9a1ab85568c9ae6e0d0e121bc4adb4265,164142652bf5b3032f4e1a8ee54fe2817a3f3b5130635cf04fb641a6e819211d
2026-09-30,THEME,THEME:880649,sector_rs5,-0.03548573088501966,ACCEPTED,-0.03548573088501966,28,0,3dd77c68f3f29601b59d09853a70977bfab15f3fba3edeca6737f75ef9d7bcc0,9f7ee99454374db02824b5c9d52e2da89fca30232bc291ddb1f48ef6db84b6c0,2ee46c732cbd9a2d9496fe9e4763efb9a1ab85568c9ae6e0d0e121bc4adb4265,164142652bf5b3032f4e1a8ee54fe2817a3f3b5130635cf04fb641a6e819211d
2026-09-30,THEME,THEME:880649,sector_rs20,-0.02567720520290867,ACCEPTED,-0.02567720520290867,28,0,3dd77c68f3f29601b59d09853a70977bfab15f3fba3edeca6737f75ef9d7bcc0,9f7ee99454374db02824b5c9d52e2da89fca30232bc291ddb1f48ef6db84b6c0,2ee46c732cbd9a2d9496fe9e4763efb9a1ab85568c9ae6e0d0e121bc4adb4265,164142652bf5b3032f4e1a8ee54fe2817a3f3b5130635cf04fb641a6e819211d
2026-09-30,THEME,THEME:880649,breadth_ret1,0.5714285714285714,ACCEPTED,0.5714285714285714,28,28,3dd77c68f3f29601b59d09853a70977bfab15f3fba3edeca6737f75ef9d7bcc0,9f7ee99454374db02824b5c9d52e2da89fca30232bc291ddb1f48ef6db84b6c0,2ee46c732cbd9a2d9496fe9e4763efb9a1ab85568c9ae6e0d0e121bc4adb4265,164142652bf5b3032f4e1a8ee54fe2817a3f3b5130635cf04fb641a6e819211d
2026-09-30,THEME,THEME:880649,breadth_ret5,0.2857142857142857,ACCEPTED,0.2857142857142857,28,28,3dd77c68f3f29601b59d09853a70977bfab15f3fba3edeca6737f75ef9d7bcc0,9f7ee99454374db02824b5c9d52e2da89fca30232bc291ddb1f48ef6db84b6c0,2ee46c732cbd9a2d9496fe9e4763efb9a1ab85568c9ae6e0d0e121bc4adb4265,164142652bf5b3032f4e1a8ee54fe2817a3f3b5130635cf04fb641a6e819211d
2026-09-30,THEME,THEME:880649,breadth_ret20,0.25,ACCEPTED,0.25,28,28,3dd77c68f3f29601b59d09853a70977bfab15f3fba3edeca6737f75ef9d7bcc0,9f7ee99454374db02824b5c9d52e2da89fca30232bc291ddb1f48ef6db84b6c0,2ee46c732cbd9a2d9496fe9e4763efb9a1ab85568c9ae6e0d0e121bc4adb4265,164142652bf5b3032f4e1a8ee54fe2817a3f3b5130635cf04fb641a6e819211d
2026-09-30,THEME,THEME:880649,ma20_width,0.39285714285714285,ACCEPTED,0.39285714285714285,28,28,3dd77c68f3f29601b59d09853a70977bfab15f3fba3edeca6737f75ef9d7bcc0,9f7ee99454374db02824b5c9d52e2da89fca30232bc291ddb1f48ef6db84b6c0,2ee46c732cbd9a2d9496fe9e4763efb9a1ab85568c9ae6e0d0e121bc4adb4265,164142652bf5b3032f4e1a8ee54fe2817a3f3b5130635cf04fb641a6e819211d
2026-09-30,THEME,THEME:880650,sector_rs1,-0.010362694300518172,ACCEPTED,-0.010362694300518172,29,0,3dd77c68f3f29601b59d09853a70977bfab15f3fba3edeca6737f75ef9d7bcc0,9f7ee99454374db02824b5c9d52e2da89fca30232bc291ddb1f48ef6db84b6c0,2ee46c732cbd9a2d9496fe9e4763efb9a1ab85568c9ae6e0d0e121bc4adb4265,164142652bf5b3032f4e1a8ee54fe2817a3f3b5130635cf04fb641a6e819211d
2026-09-30,THEME,THEME:880650,sector_rs5,-0.039751552795031064,ACCEPTED,-0.039751552795031064,29,0,3dd77c68f3f29601b59d09853a70977bfab15f3fba3edeca6737f75ef9d7bcc0,9f7ee99454374db02824b5c9d52e2da89fca30232bc291ddb1f48ef6db84b6c0,2ee46c732cbd9a2d9496fe9e4763efb9a1ab85568c9ae6e0d0e121bc4adb4265,164142652bf5b3032f4e1a8ee54fe2817a3f3b5130635cf04fb641a6e819211d
2026-09-30,THEME,THEME:880650,sector_rs20,-0.021510959303822463,ACCEPTED,-0.021510959303822463,29,0,3dd77c68f3f29601b59d09853a70977bfab15f3fba3edeca6737f75ef9d7bcc0,9f7ee99454374db02824b5c9d52e2da89fca30232bc291ddb1f48ef6db84b6c0,2ee46c732cbd9a2d9496fe9e4763efb9a1ab85568c9ae6e0d0e121bc4adb4265,164142652bf5b3032f4e1a8ee54fe2817a3f3b5130635cf04fb641a6e819211d
2026-09-30,THEME,THEME:880650,breadth_ret1,0.4827586206896552,ACCEPTED,0.4827586206896552,29,29,3dd77c68f3f29601b59d09853a70977bfab15f3fba3edeca6737f75ef9d7bcc0,9f7ee99454374db02824b5c9d52e2da89fca30232bc291ddb1f48ef6db84b6c0,2ee46c732cbd9a2d9496fe9e4763efb9a1ab85568c9ae6e0d0e121bc4adb4265,164142652bf5b3032f4e1a8ee54fe2817a3f3b5130635cf04fb641a6e819211d
2026-09-30,THEME,THEME:880650,breadth_ret5,0.13793103448275862,ACCEPTED,0.13793103448275862,29,29,3dd77c68f3f29601b59d09853a70977bfab15f3fba3edeca6737f75ef9d7bcc0,9f7ee99454374db02824b5c9d52e2da89fca30232bc291ddb1f48ef6db84b6c0,2ee46c732cbd9a2d9496fe9e4763efb9a1ab85568c9ae6e0d0e121bc4adb4265,164142652bf5b3032f4e1a8ee54fe2817a3f3b5130635cf04fb641a6e819211d
2026-09-30,THEME,THEME:880650,breadth_ret20,0.2857142857142857,ACCEPTED,0.2857142857142857,29,28,3dd77c68f3f29601b59d09853a70977bfab15f3fba3edeca6737f75ef9d7bcc0,9f7ee99454374db02824b5c9d52e2da89fca30232bc291ddb1f48ef6db84b6c0,2ee46c732cbd9a2d9496fe9e4763efb9a1ab85568c9ae6e0d0e121bc4adb4265,164142652bf5b3032f4e1a8ee54fe2817a3f3b5130635cf04fb641a6e819211d
2026-09-30,THEME,THEME:880650,ma20_width,0.4827586206896552,ACCEPTED,0.4827586206896552,29,29,3dd77c68f3f29601b59d09853a70977bfab15f3fba3edeca6737f75ef9d7bcc0,9f7ee99454374db02824b5c9d52e2da89fca30232bc291ddb1f48ef6db84b6c0,2ee46c732cbd9a2d9496fe9e4763efb9a1ab85568c9ae6e0d0e121bc4adb4265,164142652bf5b3032f4e1a8ee54fe2817a3f3b5130635cf04fb641a6e819211d
2026-09-30,THEME,THEME:880651,sector_rs1,0.0,ACCEPTED,0.0,150,0,3dd77c68f3f29601b59d09853a70977bfab15f3fba3edeca6737f75ef9d7bcc0,9f7ee99454374db02824b5c9d52e2da89fca30232bc291ddb1f48ef6db84b6c0,2ee46c732cbd9a2d9496fe9e4763efb9a1ab85568c9ae6e0d0e121bc4adb4265,164142652bf5b3032f4e1a8ee54fe2817a3f3b5130635cf04fb641a6e819211d
2026-09-30,THEME,THEME:880651,sector_rs5,-0.02747844827586199,ACCEPTED,-0.02747844827586199,150,0,3dd77c68f3f29601b59d09853a70977bfab15f3fba3edeca6737f75ef9d7bcc0,9f7ee99454374db02824b5c9d52e2da89fca30232bc291ddb1f48ef6db84b6c0,2ee46c732cbd9a2d9496fe9e4763efb9a1ab85568c9ae6e0d0e121bc4adb4265,164142652bf5b3032f4e1a8ee54fe2817a3f3b5130635cf04fb641a6e819211d
2026-09-30,THEME,THEME:880651,sector_rs20,-0.03934217903195664,ACCEPTED,-0.03934217903195664,150,0,3dd77c68f3f29601b59d09853a70977bfab15f3fba3edeca6737f75ef9d7bcc0,9f7ee99454374db02824b5c9d52e2da89fca30232bc291ddb1f48ef6db84b6c0,2ee46c732cbd9a2d9496fe9e4763efb9a1ab85568c9ae6e0d0e121bc4adb4265,164142652bf5b3032f4e1a8ee54fe2817a3f3b5130635cf04fb641a6e819211d
2026-09-30,THEME,THEME:880651,breadth_ret1,0.47297297297297297,ACCEPTED,0.47297297297297297,150,148,3dd77c68f3f29601b59d09853a70977bfab15f3fba3edeca6737f75ef9d7bcc0,9f7ee99454374db02824b5c9d52e2da89fca30232bc291ddb1f48ef6db84b6c0,2ee46c732cbd9a2d9496fe9e4763efb9a1ab85568c9ae6e0d0e121bc4adb4265,164142652bf5b3032f4e1a8ee54fe2817a3f3b5130635cf04fb641a6e819211d
2026-09-30,THEME,THEME:880651,breadth_ret5,0.24489795918367346,ACCEPTED,0.24489795918367346,150,147,3dd77c68f3f29601b59d09853a70977bfab15f3fba3edeca6737f75ef9d7bcc0,9f7ee99454374db02824b5c9d52e2da89fca30232bc291ddb1f48ef6db84b6c0,2ee46c732cbd9a2d9496fe9e4763efb9a1ab85568c9ae6e0d0e121bc4adb4265,164142652bf5b3032f4e1a8ee54fe2817a3f3b5130635cf04fb641a6e819211d
2026-09-30,THEME,THEME:880651,breadth_ret20,0.28378378378378377,ACCEPTED,0.28378378378378377,150,148,3dd77c68f3f29601b59d09853a70977bfab15f3fba3edeca6737f75ef9d7bcc0,9f7ee99454374db02824b5c9d52e2da89fca30232bc291ddb1f48ef6db84b6c0,2ee46c732cbd9a2d9496fe9e4763efb9a1ab85568c9ae6e0d0e121bc4adb4265,164142652bf5b3032f4e1a8ee54fe2817a3f3b5130635cf04fb641a6e819211d
2026-09-30,THEME,THEME:880651,ma20_width,0.30405405405405406,ACCEPTED,0.30405405405405406,150,148,3dd77c68f3f29601b59d09853a70977bfab15f3fba3edeca6737f75ef9d7bcc0,9f7ee99454374db02824b5c9d52e2da89fca30232bc291ddb1f48ef6db84b6c0,2ee46c732cbd9a2d9496fe9e4763efb9a1ab85568c9ae6e0d0e121bc4adb4265,164142652bf5b3032f4e1a8ee54fe2817a3f3b5130635cf04fb641a6e819211d
2026-09-30,THEME,THEME:880652,sector_rs1,0.019032713513070565,ACCEPTED,0.019032713513070565,271,0,3dd77c68f3f29601b59d09853a70977bfab15f3fba3edeca6737f75ef9d7bcc0,9f7ee99454374db02824b5c9d52e2da89fca30232bc291ddb1f48ef6db84b6c0,2ee46c732cbd9a2d9496fe9e4763efb9a1ab85568c9ae6e0d0e121bc4adb4265,164142652bf5b3032f4e1a8ee54fe2817a3f3b5130635cf04fb641a6e819211d
2026-09-30,THEME,THEME:880652,sector_rs5,-0.008289652568695904,ACCEPTED,-0.008289652568695904,271,0,3dd77c68f3f29601b59d09853a70977bfab15f3fba3edeca6737f75ef9d7bcc0,9f7ee99454374db02824b5c9d52e2da89fca30232bc291ddb1f48ef6db84b6c0,2ee46c732cbd9a2d9496fe9e4763efb9a1ab85568c9ae6e0d0e121bc4adb4265,164142652bf5b3032f4e1a8ee54fe2817a3f3b5130635cf04fb641a6e819211d
2026-09-30,THEME,THEME:880652,sector_rs20,-0.010106248500917236,ACCEPTED,-0.010106248500917236,271,0,3dd77c68f3f29601b59d09853a70977bfab15f3fba3edeca6737f75ef9d7bcc0,9f7ee99454374db02824b5c9d52e2da89fca30232bc291ddb1f48ef6db84b6c0,2ee46c732cbd9a2d9496fe9e4763efb9a1ab85568c9ae6e0d0e121bc4adb4265,164142652bf5b3032f4e1a8ee54fe2817a3f3b5130635cf04fb641a6e819211d
2026-09-30,THEME,THEME:880652,breadth_ret1,0.9,ACCEPTED,0.9,271,270,3dd77c68f3f29601b59d09853a70977bfab15f3fba3edeca6737f75ef9d7bcc0,9f7ee99454374db02824b5c9d52e2da89fca30232bc291ddb1f48ef6db84b6c0,2ee46c732cbd9a2d9496fe9e4763efb9a1ab85568c9ae6e0d0e121bc4adb4265,164142652bf5b3032f4e1a8ee54fe2817a3f3b5130635cf04fb641a6e819211d
2026-09-30,THEME,THEME:880652,breadth_ret5,0.36666666666666664,ACCEPTED,0.36666666666666664,271,270,3dd77c68f3f29601b59d09853a70977bfab15f3fba3edeca6737f75ef9d7bcc0,9f7ee99454374db02824b5c9d52e2da89fca30232bc291ddb1f48ef6db84b6c0,2ee46c732cbd9a2d9496fe9e4763efb9a1ab85568c9ae6e0d0e121bc4adb4265,164142652bf5b3032f4e1a8ee54fe2817a3f3b5130635cf04fb641a6e819211d
2026-09-30,THEME,THEME:880652,breadth_ret20,0.43703703703703706,ACCEPTED,0.43703703703703706,271,270,3dd77c68f3f29601b59d09853a70977bfab15f3fba3edeca6737f75ef9d7bcc0,9f7ee99454374db02824b5c9d52e2da89fca30232bc291ddb1f48ef6db84b6c0,2ee46c732cbd9a2d9496fe9e4763efb9a1ab85568c9ae6e0d0e121bc4adb4265,164142652bf5b3032f4e1a8ee54fe2817a3f3b5130635cf04fb641a6e819211d
2026-09-30,THEME,THEME:880652,ma20_width,0.6444444444444445,ACCEPTED,0.6444444444444445,271,270,3dd77c68f3f29601b59d09853a70977bfab15f3fba3edeca6737f75ef9d7bcc0,9f7ee99454374db02824b5c9d52e2da89fca30232bc291ddb1f48ef6db84b6c0,2ee46c732cbd9a2d9496fe9e4763efb9a1ab85568c9ae6e0d0e121bc4adb4265,164142652bf5b3032f4e1a8ee54fe2817a3f3b5130635cf04fb641a6e819211d
2026-09-30,THEME,THEME:880654,sector_rs1,-0.012918282676847359,ACCEPTED,-0.012918282676847359,136,0,3dd77c68f3f29601b59d09853a70977bfab15f3fba3edeca6737f75ef9d7bcc0,9f7ee99454374db02824b5c9d52e2da89fca30232bc291ddb1f48ef6db84b6c0,2ee46c732cbd9a2d9496fe9e4763efb9a1ab85568c9ae6e0d0e121bc4adb4265,164142652bf5b3032f4e1a8ee54fe2817a3f3b5130635cf04fb641a6e819211d
2026-09-30,THEME,THEME:880654,sector_rs5,-0.04662218373826377,ACCEPTED,-0.04662218373826377,136,0,3dd77c68f3f29601b59d09853a70977bfab15f3fba3edeca6737f75ef9d7bcc0,9f7ee99454374db02824b5c9d52e2da89fca30232bc291ddb1f48ef6db84b6c0,2ee46c732cbd9a2d9496fe9e4763efb9a1ab85568c9ae6e0d0e121bc4adb4265,164142652bf5b3032f4e1a8ee54fe2817a3f3b5130635cf04fb641a6e819211d
2026-09-30,THEME,THEME:880654,sector_rs20,-0.060015598480223364,ACCEPTED,-0.060015598480223364,136,0,3dd77c68f3f29601b59d09853a70977bfab15f3fba3edeca6737f75ef9d7bcc0,9f7ee99454374db02824b5c9d52e2da89fca30232bc291ddb1f48ef6db84b6c0,2ee46c732cbd9a2d9496fe9e4763efb9a1ab85568c9ae6e0d0e121bc4adb4265,164142652bf5b3032f4e1a8ee54fe2817a3f3b5130635cf04fb641a6e819211d
2026-09-30,THEME,THEME:880654,breadth_ret1,0.17647058823529413,ACCEPTED,0.17647058823529413,136,136,3dd77c68f3f29601b59d09853a70977bfab15f3fba3edeca6737f75ef9d7bcc0,9f7ee99454374db02824b5c9d52e2da89fca30232bc291ddb1f48ef6db84b6c0,2ee46c732cbd9a2d9496fe9e4763efb9a1ab85568c9ae6e0d0e121bc4adb4265,164142652bf5b3032f4e1a8ee54fe2817a3f3b5130635cf04fb641a6e819211d
2026-09-30,THEME,THEME:880654,breadth_ret5,0.11029411764705882,ACCEPTED,0.11029411764705882,136,136,3dd77c68f3f29601b59d09853a70977bfab15f3fba3edeca6737f75ef9d7bcc0,9f7ee99454374db02824b5c9d52e2da89fca30232bc291ddb1f48ef6db84b6c0,2ee46c732cbd9a2d9496fe9e4763efb9a1ab85568c9ae6e0d0e121bc4adb4265,164142652bf5b3032f4e1a8ee54fe2817a3f3b5130635cf04fb641a6e819211d
2026-09-30,THEME,THEME:880654,breadth_ret20,0.20588235294117646,ACCEPTED,0.20588235294117646,136,136,3dd77c68f3f29601b59d09853a70977bfab15f3fba3edeca6737f75ef9d7bcc0,9f7ee99454374db02824b5c9d52e2da89fca30232bc291ddb1f48ef6db84b6c0,2ee46c732cbd9a2d9496fe9e4763efb9a1ab85568c9ae6e0d0e121bc4adb4265,164142652bf5b3032f4e1a8ee54fe2817a3f3b5130635cf04fb641a6e819211d
2026-09-30,THEME,THEME:880654,ma20_width,0.27941176470588236,ACCEPTED,0.27941176470588236,136,136,3dd77c68f3f29601b59d09853a70977bfab15f3fba3edeca6737f75ef9d7bcc0,9f7ee99454374db02824b5c9d52e2da89fca30232bc291ddb1f48ef6db84b6c0,2ee46c732cbd9a2d9496fe9e4763efb9a1ab85568c9ae6e0d0e121bc4adb4265,164142652bf5b3032f4e1a8ee54fe2817a3f3b5130635cf04fb641a6e819211d
2026-09-30,THEME,THEME:880655,sector_rs1,-0.008731692976517158,ACCEPTED,-0.008731692976517158,91,0,3dd77c68f3f29601b59d09853a70977bfab15f3fba3edeca6737f75ef9d7bcc0,9f7ee99454374db02824b5c9d52e2da89fca30232bc291ddb1f48ef6db84b6c0,2ee46c732cbd9a2d9496fe9e4763efb9a1ab85568c9ae6e0d0e121bc4adb4265,164142652bf5b3032f4e1a8ee54fe2817a3f3b5130635cf04fb641a6e819211d
2026-09-30,THEME,THEME:880655,sector_rs5,-0.046666666666666745,ACCEPTED,-0.046666666666666745,91,0,3dd77c68f3f29601b59d09853a70977bfab15f3fba3edeca6737f75ef9d7bcc0,9f7ee99454374db02824b5c9d52e2da89fca30232bc291ddb1f48ef6db84b6c0,2ee46c732cbd9a2d9496fe9e4763efb9a1ab85568c9ae6e0d0e121bc4adb4265,164142652bf5b3032f4e1a8ee54fe2817a3f3b5130635cf04fb641a6e819211d
2026-09-30,THEME,THEME:880655,sector_rs20,-0.04221581919682277,ACCEPTED,-0.04221581919682277,91,0,3dd77c68f3f29601b59d09853a70977bfab15f3fba3edeca6737f75ef9d7bcc0,9f7ee99454374db02824b5c9d52e2da89fca30232bc291ddb1f48ef6db84b6c0,2ee46c732cbd9a2d9496fe9e4763efb9a1ab85568c9ae6e0d0e121bc4adb4265,164142652bf5b3032f4e1a8ee54fe2817a3f3b5130635cf04fb641a6e819211d
2026-09-30,THEME,THEME:880655,breadth_ret1,0.34444444444444444,ACCEPTED,0.34444444444444444,91,90,3dd77c68f3f29601b59d09853a70977bfab15f3fba3edeca6737f75ef9d7bcc0,9f7ee99454374db02824b5c9d52e2da89fca30232bc291ddb1f48ef6db84b6c0,2ee46c732cbd9a2d9496fe9e4763efb9a1ab85568c9ae6e0d0e121bc4adb4265,164142652bf5b3032f4e1a8ee54fe2817a3f3b5130635cf04fb641a6e819211d
2026-09-30,THEME,THEME:880655,breadth_ret5,0.15730337078651685,ACCEPTED,0.15730337078651685,91,89,3dd77c68f3f29601b59d09853a70977bfab15f3fba3edeca6737f75ef9d7bcc0,9f7ee99454374db02824b5c9d52e2da89fca30232bc291ddb1f48ef6db84b6c0,2ee46c732cbd9a2d9496fe9e4763efb9a1ab85568c9ae6e0d0e121bc4adb4265,164142652bf5b3032f4e1a8ee54fe2817a3f3b5130635cf04fb641a6e819211d
2026-09-30,THEME,THEME:880655,breadth_ret20,0.24444444444444444,ACCEPTED,0.24444444444444444,91,90,3dd77c68f3f29601b59d09853a70977bfab15f3fba3edeca6737f75ef9d7bcc0,9f7ee99454374db02824b5c9d52e2da89fca30232bc291ddb1f48ef6db84b6c0,2ee46c732cbd9a2d9496fe9e4763efb9a1ab85568c9ae6e0d0e121bc4adb4265,164142652bf5b3032f4e1a8ee54fe2817a3f3b5130635cf04fb641a6e819211d
2026-09-30,THEME,THEME:880655,ma20_width,0.2777777777777778,ACCEPTED,0.2777777777777778,91,90,3dd77c68f3f29601b59d09853a70977bfab15f3fba3edeca6737f75ef9d7bcc0,9f7ee99454374db02824b5c9d52e2da89fca30232bc291ddb1f48ef6db84b6c0,2ee46c732cbd9a2d9496fe9e4763efb9a1ab85568c9ae6e0d0e121bc4adb4265,164142652bf5b3032f4e1a8ee54fe2817a3f3b5130635cf04fb641a6e819211d
2026-09-30,THEME,THEME:880656,sector_rs1,-0.019751434034416815,ACCEPTED,-0.019751434034416815,206,0,3dd77c68f3f29601b59d09853a70977bfab15f3fba3edeca6737f75ef9d7bcc0,9f7ee99454374db02824b5c9d52e2da89fca30232bc291ddb1f48ef6db84b6c0,2ee46c732cbd9a2d9496fe9e4763efb9a1ab85568c9ae6e0d0e121bc4adb4265,164142652bf5b3032f4e1a8ee54fe2817a3f3b5130635cf04fb641a6e819211d
2026-09-30,THEME,THEME:880656,sector_rs5,-0.09548032940122758,ACCEPTED,-0.09548032940122758,206,0,3dd77c68f3f29601b59d09853a70977bfab15f3fba3edeca6737f75ef9d7bcc0,9f7ee99454374db02824b5c9d52e2da89fca30232bc291ddb1f48ef6db84b6c0,2ee46c732cbd9a2d9496fe9e4763efb9a1ab85568c9ae6e0d0e121bc4adb4265,164142652bf5b3032f4e1a8ee54fe2817a3f3b5130635cf04fb641a6e819211d
2026-09-30,THEME,THEME:880656,sector_rs20,-0.04872460669008705,ACCEPTED,-0.04872460669008705,206,0,3dd77c68f3f29601b59d09853a70977bfab15f3fba3edeca6737f75ef9d7bcc0,9f7ee99454374db02824b5c9d52e2da89fca30232bc291ddb1f48ef6db84b6c0,2ee46c732cbd9a2d9496fe9e4763efb9a1ab85568c9ae6e0d0e121bc4adb4265,164142652bf5b3032f4e1a8ee54fe2817a3f3b5130635cf04fb641a6e819211d
2026-09-30,THEME,THEME:880656,breadth_ret1,0.16019417475728157,ACCEPTED,0.16019417475728157,206,206,3dd77c68f3f29601b59d09853a70977bfab15f3fba3edeca6737f75ef9d7bcc0,9f7ee99454374db02824b5c9d52e2da89fca30232bc291ddb1f48ef6db84b6c0,2ee46c732cbd9a2d9496fe9e4763efb9a1ab85568c9ae6e0d0e121bc4adb4265,164142652bf5b3032f4e1a8ee54fe2817a3f3b5130635cf04fb641a6e819211d
2026-09-30,THEME,THEME:880656,breadth_ret5,0.038834951456310676,ACCEPTED,0.038834951456310676,206,206,3dd77c68f3f29601b59d09853a70977bfab15f3fba3edeca6737f75ef9d7bcc0,9f7ee99454374db02824b5c9d52e2da89fca30232bc291ddb1f48ef6db84b6c0,2ee46c732cbd9a2d9496fe9e4763efb9a1ab85568c9ae6e0d0e121bc4adb4265,164142652bf5b3032f4e1a8ee54fe2817a3f3b5130635cf04fb641a6e819211d
2026-09-30,THEME,THEME:880656,breadth_ret20,0.3170731707317073,ACCEPTED,0.3170731707317073,206,205,3dd77c68f3f29601b59d09853a70977bfab15f3fba3edeca6737f75ef9d7bcc0,9f7ee99454374db02824b5c9d52e2da89fca30232bc291ddb1f48ef6db84b6c0,2ee46c732cbd9a2d9496fe9e4763efb9a1ab85568c9ae6e0d0e121bc4adb4265,164142652bf5b3032f4e1a8ee54fe2817a3f3b5130635cf04fb641a6e819211d
2026-09-30,THEME,THEME:880656,ma20_width,0.1951219512195122,ACCEPTED,0.1951219512195122,206,205,3dd77c68f3f29601b59d09853a70977bfab15f3fba3edeca6737f75ef9d7bcc0,9f7ee99454374db02824b5c9d52e2da89fca30232bc291ddb1f48ef6db84b6c0,2ee46c732cbd9a2d9496fe9e4763efb9a1ab85568c9ae6e0d0e121bc4adb4265,164142652bf5b3032f4e1a8ee54fe2817a3f3b5130635cf04fb641a6e819211d
2026-09-30,THEME,THEME:880657,sector_rs1,-0.017006802721088343,ACCEPTED,-0.017006802721088343,31,0,3dd77c68f3f29601b59d09853a70977bfab15f3fba3edeca6737f75ef9d7bcc0,9f7ee99454374db02824b5c9d52e2da89fca30232bc291ddb1f48ef6db84b6c0,2ee46c732cbd9a2d9496fe9e4763efb9a1ab85568c9ae6e0d0e121bc4adb4265,164142652bf5b3032f4e1a8ee54fe2817a3f3b5130635cf04fb641a6e819211d
2026-09-30,THEME,THEME:880657,sector_rs5,-0.036792452830188616,ACCEPTED,-0.036792452830188616,31,0,3dd77c68f3f29601b59d09853a70977bfab15f3fba3edeca6737f75ef9d7bcc0,9f7ee99454374db02824b5c9d52e2da89fca30232bc291ddb1f48ef6db84b6c0,2ee46c732cbd9a2d9496fe9e4763efb9a1ab85568c9ae6e0d0e121bc4adb4265,164142652bf5b3032f4e1a8ee54fe2817a3f3b5130635cf04fb641a6e819211d
2026-09-30,THEME,THEME:880657,sector_rs20,-0.04463814051769677,ACCEPTED,-0.04463814051769677,31,0,3dd77c68f3f29601b59d09853a70977bfab15f3fba3edeca6737f75ef9d7bcc0,9f7ee99454374db02824b5c9d52e2da89fca30232bc291ddb1f48ef6db84b6c0,2ee46c732cbd9a2d9496fe9e4763efb9a1ab85568c9ae6e0d0e121bc4adb4265,164142652bf5b3032f4e1a8ee54fe2817a3f3b5130635cf04fb641a6e819211d
2026-09-30,THEME,THEME:880657,breadth_ret1,0.06451612903225806,ACCEPTED,0.06451612903225806,31,31,3dd77c68f3f29601b59d09853a70977bfab15f3fba3edeca6737f75ef9d7bcc0,9f7ee99454374db02824b5c9d52e2da89fca30232bc291ddb1f48ef6db84b6c0,2ee46c732cbd9a2d9496fe9e4763efb9a1ab85568c9ae6e0d0e121bc4adb4265,164142652bf5b3032f4e1a8ee54fe2817a3f3b5130635cf04fb641a6e819211d
2026-09-30,THEME,THEME:880657,breadth_ret5,0.0967741935483871,ACCEPTED,0.0967741935483871,31,31,3dd77c68f3f29601b59d09853a70977bfab15f3fba3edeca6737f75ef9d7bcc0,9f7ee99454374db02824b5c9d52e2da89fca30232bc291ddb1f48ef6db84b6c0,2ee46c732cbd9a2d9496fe9e4763efb9a1ab85568c9ae6e0d0e121bc4adb4265,164142652bf5b3032f4e1a8ee54fe2817a3f3b5130635cf04fb641a6e819211d
2026-09-30,THEME,THEME:880657,breadth_ret20,0.2903225806451613,ACCEPTED,0.2903225806451613,31,31,3dd77c68f3f29601b59d09853a70977bfab15f3fba3edeca6737f75ef9d7bcc0,9f7ee99454374db02824b5c9d52e2da89fca30232bc291ddb1f48ef6db84b6c0,2ee46c732cbd9a2d9496fe9e4763efb9a1ab85568c9ae6e0d0e121bc4adb4265,164142652bf5b3032f4e1a8ee54fe2817a3f3b5130635cf04fb641a6e819211d
2026-09-30,THEME,THEME:880657,ma20_width,0.3548387096774194,ACCEPTED,0.3548387096774194,31,31,3dd77c68f3f29601b59d09853a70977bfab15f3fba3edeca6737f75ef9d7bcc0,9f7ee99454374db02824b5c9d52e2da89fca30232bc291ddb1f48ef6db84b6c0,2ee46c732cbd9a2d9496fe9e4763efb9a1ab85568c9ae6e0d0e121bc4adb4265,164142652bf5b3032f4e1a8ee54fe2817a3f3b5130635cf04fb641a6e819211d
2026-09-30,THEME,THEME:880658,sector_rs1,-0.011410788381742809,ACCEPTED,-0.011410788381742809,111,0,3dd77c68f3f29601b59d09853a70977bfab15f3fba3edeca6737f75ef9d7bcc0,9f7ee99454374db02824b5c9d52e2da89fca30232bc291ddb1f48ef6db84b6c0,2ee46c732cbd9a2d9496fe9e4763efb9a1ab85568c9ae6e0d0e121bc4adb4265,164142652bf5b3032f4e1a8ee54fe2817a3f3b5130635cf04fb641a6e819211d
2026-09-30,THEME,THEME:880658,sector_rs5,-0.04909747292418776,ACCEPTED,-0.04909747292418776,111,0,3dd77c68f3f29601b59d09853a70977bfab15f3fba3edeca6737f75ef9d7bcc0,9f7ee99454374db02824b5c9d52e2da89fca30232bc291ddb1f48ef6db84b6c0,2ee46c732cbd9a2d9496fe9e4763efb9a1ab85568c9ae6e0d0e121bc4adb4265,164142652bf5b3032f4e1a8ee54fe2817a3f3b5130635cf04fb641a6e819211d
2026-09-30,THEME,THEME:880658,sector_rs20,-0.05477974436373084,ACCEPTED,-0.05477974436373084,111,0,3dd77c68f3f29601b59d09853a70977bfab15f3fba3edeca6737f75ef9d7bcc0,9f7ee99454374db02824b5c9d52e2da89fca30232bc291ddb1f48ef6db84b6c0,2ee46c732cbd9a2d9496fe9e4763efb9a1ab85568c9ae6e0d0e121bc4adb4265,164142652bf5b3032f4e1a8ee54fe2817a3f3b5130635cf04fb641a6e819211d
2026-09-30,THEME,THEME:880658,breadth_ret1,0.2882882882882883,ACCEPTED,0.2882882882882883,111,111,3dd77c68f3f29601b59d09853a70977bfab15f3fba3edeca6737f75ef9d7bcc0,9f7ee99454374db02824b5c9d52e2da89fca30232bc291ddb1f48ef6db84b6c0,2ee46c732cbd9a2d9496fe9e4763efb9a1ab85568c9ae6e0d0e121bc4adb4265,164142652bf5b3032f4e1a8ee54fe2817a3f3b5130635cf04fb641a6e819211d
2026-09-30,THEME,THEME:880658,breadth_ret5,0.0990990990990991,ACCEPTED,0.0990990990990991,111,111,3dd77c68f3f29601b59d09853a70977bfab15f3fba3edeca6737f75ef9d7bcc0,9f7ee99454374db02824b5c9d52e2da89fca30232bc291ddb1f48ef6db84b6c0,2ee46c732cbd9a2d9496fe9e4763efb9a1ab85568c9ae6e0d0e121bc4adb4265,164142652bf5b3032f4e1a8ee54fe2817a3f3b5130635cf04fb641a6e819211d
2026-09-30,THEME,THEME:880658,breadth_ret20,0.2,ACCEPTED,0.2,111,110,3dd77c68f3f29601b59d09853a70977bfab15f3fba3edeca6737f75ef9d7bcc0,9f7ee99454374db02824b5c9d52e2da89fca30232bc291ddb1f48ef6db84b6c0,2ee46c732cbd9a2d9496fe9e4763efb9a1ab85568c9ae6e0d0e121bc4adb4265,164142652bf5b3032f4e1a8ee54fe2817a3f3b5130635cf04fb641a6e819211d
2026-09-30,THEME,THEME:880658,ma20_width,0.18018018018018017,ACCEPTED,0.18018018018018017,111,111,3dd77c68f3f29601b59d09853a70977bfab15f3fba3edeca6737f75ef9d7bcc0,9f7ee99454374db02824b5c9d52e2da89fca30232bc291ddb1f48ef6db84b6c0,2ee46c732cbd9a2d9496fe9e4763efb9a1ab85568c9ae6e0d0e121bc4adb4265,164142652bf5b3032f4e1a8ee54fe2817a3f3b5130635cf04fb641a6e819211d
2026-09-30,THEME,THEME:880659,sector_rs1,-0.013855709507883396,ACCEPTED,-0.013855709507883396,119,0,3dd77c68f3f29601b59d09853a70977bfab15f3fba3edeca6737f75ef9d7bcc0,9f7ee99454374db02824b5c9d52e2da89fca30232bc291ddb1f48ef6db84b6c0,2ee46c732cbd9a2d9496fe9e4763efb9a1ab85568c9ae6e0d0e121bc4adb4265,164142652bf5b3032f4e1a8ee54fe2817a3f3b5130635cf04fb641a6e819211d
2026-09-30,THEME,THEME:880659,sector_rs5,-0.06590114827758364,ACCEPTED,-0.06590114827758364,119,0,3dd77c68f3f29601b59d09853a70977bfab15f3fba3edeca6737f75ef9d7bcc0,9f7ee99454374db02824b5c9d52e2da89fca30232bc291ddb1f48ef6db84b6c0,2ee46c732cbd9a2d9496fe9e4763efb9a1ab85568c9ae6e0d0e121bc4adb4265,164142652bf5b3032f4e1a8ee54fe2817a3f3b5130635cf04fb641a6e819211d
2026-09-30,THEME,THEME:880659,sector_rs20,-0.047311827956989405,ACCEPTED,-0.047311827956989405,119,0,3dd77c68f3f29601b59d09853a70977bfab15f3fba3edeca6737f75ef9d7bcc0,9f7ee99454374db02824b5c9d52e2da89fca30232bc291ddb1f48ef6db84b6c0,2ee46c732cbd9a2d9496fe9e4763efb9a1ab85568c9ae6e0d0e121bc4adb4265,164142652bf5b3032f4e1a8ee54fe2817a3f3b5130635cf04fb641a6e819211d
2026-09-30,THEME,THEME:880659,breadth_ret1,0.23529411764705882,ACCEPTED,0.23529411764705882,119,119,3dd77c68f3f29601b59d09853a70977bfab15f3fba3edeca6737f75ef9d7bcc0,9f7ee99454374db02824b5c9d52e2da89fca30232bc291ddb1f48ef6db84b6c0,2ee46c732cbd9a2d9496fe9e4763efb9a1ab85568c9ae6e0d0e121bc4adb4265,164142652bf5b3032f4e1a8ee54fe2817a3f3b5130635cf04fb641a6e819211d
2026-09-30,THEME,THEME:880659,breadth_ret5,0.1092436974789916,ACCEPTED,0.1092436974789916,119,119,3dd77c68f3f29601b59d09853a70977bfab15f3fba3edeca6737f75ef9d7bcc0,9f7ee99454374db02824b5c9d52e2da89fca30232bc291ddb1f48ef6db84b6c0,2ee46c732cbd9a2d9496fe9e4763efb9a1ab85568c9ae6e0d0e121bc4adb4265,164142652bf5b3032f4e1a8ee54fe2817a3f3b5130635cf04fb641a6e819211d
2026-09-30,THEME,THEME:880659,breadth_ret20,0.29411764705882354,ACCEPTED,0.29411764705882354,119,119,3dd77c68f3f29601b59d09853a70977bfab15f3fba3edeca6737f75ef9d7bcc0,9f7ee99454374db02824b5c9d52e2da89fca30232bc291ddb1f48ef6db84b6c0,2ee46c732cbd9a2d9496fe9e4763efb9a1ab85568c9ae6e0d0e121bc4adb4265,164142652bf5b3032f4e1a8ee54fe2817a3f3b5130635cf04fb641a6e819211d
2026-09-30,THEME,THEME:880659,ma20_width,0.2689075630252101,ACCEPTED,0.2689075630252101,119,119,3dd77c68f3f29601b59d09853a70977bfab15f3fba3edeca6737f75ef9d7bcc0,9f7ee99454374db02824b5c9d52e2da89fca30232bc291ddb1f48ef6db84b6c0,2ee46c732cbd9a2d9496fe9e4763efb9a1ab85568c9ae6e0d0e121bc4adb4265,164142652bf5b3032f4e1a8ee54fe2817a3f3b5130635cf04fb641a6e819211d
2026-09-30,THEME,THEME:880660,sector_rs1,-0.011841326228537508,ACCEPTED,-0.011841326228537508,35,0,3dd77c68f3f29601b59d09853a70977bfab15f3fba3edeca6737f75ef9d7bcc0,9f7ee99454374db02824b5c9d52e2da89fca30232bc291ddb1f48ef6db84b6c0,2ee46c732cbd9a2d9496fe9e4763efb9a1ab85568c9ae6e0d0e121bc4adb4265,164142652bf5b3032f4e1a8ee54fe2817a3f3b5130635cf04fb641a6e819211d
2026-09-30,THEME,THEME:880660,sector_rs5,-0.039777983348751156,ACCEPTED,-0.039777983348751156,35,0,3dd77c68f3f29601b59d09853a70977bfab15f3fba3edeca6737f75ef9d7bcc0,9f7ee99454374db02824b5c9d52e2da89fca30232bc291ddb1f48ef6db84b6c0,2ee46c732cbd9a2d9496fe9e4763efb9a1ab85568c9ae6e0d0e121bc4adb4265,164142652bf5b3032f4e1a8ee54fe2817a3f3b5130635cf04fb641a6e819211d
2026-09-30,THEME,THEME:880660,sector_rs20,-0.04853387259858444,ACCEPTED,-0.04853387259858444,35,0,3dd77c68f3f29601b59d09853a70977bfab15f3fba3edeca6737f75ef9d7bcc0,9f7ee99454374db02824b5c9d52e2da89fca30232bc291ddb1f48ef6db84b6c0,2ee46c732cbd9a2d9496fe9e4763efb9a1ab85568c9ae6e0d0e121bc4adb4265,164142652bf5b3032f4e1a8ee54fe2817a3f3b5130635cf04fb641a6e819211d
2026-09-30,THEME,THEME:880660,breadth_ret1,0.22857142857142856,ACCEPTED,0.22857142857142856,35,35,3dd77c68f3f29601b59d09853a70977bfab15f3fba3edeca6737f75ef9d7bcc0,9f7ee99454374db02824b5c9d52e2da89fca30232bc291ddb1f48ef6db84b6c0,2ee46c732cbd9a2d9496fe9e4763efb9a1ab85568c9ae6e0d0e121bc4adb4265,164142652bf5b3032f4e1a8ee54fe2817a3f3b5130635cf04fb641a6e819211d
2026-09-30,THEME,THEME:880660,breadth_ret5,0.17142857142857143,ACCEPTED,0.17142857142857143,35,35,3dd77c68f3f29601b59d09853a70977bfab15f3fba3edeca6737f75ef9d7bcc0,9f7ee99454374db02824b5c9d52e2da89fca30232bc291ddb1f48ef6db84b6c0,2ee46c732cbd9a2d9496fe9e4763efb9a1ab85568c9ae6e0d0e121bc4adb4265,164142652bf5b3032f4e1a8ee54fe2817a3f3b5130635cf04fb641a6e819211d
2026-09-30,THEME,THEME:880660,breadth_ret20,0.2571428571428571,ACCEPTED,0.2571428571428571,35,35,3dd77c68f3f29601b59d09853a70977bfab15f3fba3edeca6737f75ef9d7bcc0,9f7ee99454374db02824b5c9d52e2da89fca30232bc291ddb1f48ef6db84b6c0,2ee46c732cbd9a2d9496fe9e4763efb9a1ab85568c9ae6e0d0e121bc4adb4265,164142652bf5b3032f4e1a8ee54fe2817a3f3b5130635cf04fb641a6e819211d
2026-09-30,THEME,THEME:880660,ma20_width,0.37142857142857144,ACCEPTED,0.37142857142857144,35,35,3dd77c68f3f29601b59d09853a70977bfab15f3fba3edeca6737f75ef9d7bcc0,9f7ee99454374db02824b5c9d52e2da89fca30232bc291ddb1f48ef6db84b6c0,2ee46c732cbd9a2d9496fe9e4763efb9a1ab85568c9ae6e0d0e121bc4adb4265,164142652bf5b3032f4e1a8ee54fe2817a3f3b5130635cf04fb641a6e819211d
2026-09-30,THEME,THEME:880661,sector_rs1,-0.01588812162711073,ACCEPTED,-0.01588812162711073,96,0,3dd77c68f3f29601b59d09853a70977bfab15f3fba3edeca6737f75ef9d7bcc0,9f7ee99454374db02824b5c9d52e2da89fca30232bc291ddb1f48ef6db84b6c0,2ee46c732cbd9a2d9496fe9e4763efb9a1ab85568c9ae6e0d0e121bc4adb4265,164142652bf5b3032f4e1a8ee54fe2817a3f3b5130635cf04fb641a6e819211d
2026-09-30,THEME,THEME:880661,sector_rs5,-0.08013790205926208,ACCEPTED,-0.08013790205926208,96,0,3dd77c68f3f29601b59d09853a70977bfab15f3fba3edeca6737f75ef9d7bcc0,9f7ee99454374db02824b5c9d52e2da89fca30232bc291ddb1f48ef6db84b6c0,2ee46c732cbd9a2d9496fe9e4763efb9a1ab85568c9ae6e0d0e121bc4adb4265,164142652bf5b3032f4e1a8ee54fe2817a3f3b5130635cf04fb641a6e819211d
2026-09-30,THEME,THEME:880661,sector_rs20,-0.07134637514384345,ACCEPTED,-0.07134637514384345,96,0,3dd77c68f3f29601b59d09853a70977bfab15f3fba3edeca6737f75ef9d7bcc0,9f7ee99454374db02824b5c9d52e2da89fca30232bc291ddb1f48ef6db84b6c0,2ee46c732cbd9a2d9496fe9e4763efb9a1ab85568c9ae6e0d0e121bc4adb4265,164142652bf5b3032f4e1a8ee54fe2817a3f3b5130635cf04fb641a6e819211d
2026-09-30,THEME,THEME:880661,breadth_ret1,0.1875,ACCEPTED,0.1875,96,96,3dd77c68f3f29601b59d09853a70977bfab15f3fba3edeca6737f75ef9d7bcc0,9f7ee99454374db02824b5c9d52e2da89fca30232bc291ddb1f48ef6db84b6c0,2ee46c732cbd9a2d9496fe9e4763efb9a1ab85568c9ae6e0d0e121bc4adb4265,164142652bf5b3032f4e1a8ee54fe2817a3f3b5130635cf04fb641a6e819211d
2026-09-30,THEME,THEME:880661,breadth_ret5,0.11458333333333333,ACCEPTED,0.11458333333333333,96,96,3dd77c68f3f29601b59d09853a70977bfab15f3fba3edeca6737f75ef9d7bcc0,9f7ee99454374db02824b5c9d52e2da89fca30232bc291ddb1f48ef6db84b6c0,2ee46c732cbd9a2d9496fe9e4763efb9a1ab85568c9ae6e0d0e121bc4adb4265,164142652bf5b3032f4e1a8ee54fe2817a3f3b5130635cf04fb641a6e819211d
2026-09-30,THEME,THEME:880661,breadth_ret20,0.25263157894736843,ACCEPTED,0.25263157894736843,96,95,3dd77c68f3f29601b59d09853a70977bfab15f3fba3edeca6737f75ef9d7bcc0,9f7ee99454374db02824b5c9d52e2da89fca30232bc291ddb1f48ef6db84b6c0,2ee46c732cbd9a2d9496fe9e4763efb9a1ab85568c9ae6e0d0e121bc4adb4265,164142652bf5b3032f4e1a8ee54fe2817a3f3b5130635cf04fb641a6e819211d
2026-09-30,THEME,THEME:880661,ma20_width,0.21052631578947367,ACCEPTED,0.21052631578947367,96,95,3dd77c68f3f29601b59d09853a70977bfab15f3fba3edeca6737f75ef9d7bcc0,9f7ee99454374db02824b5c9d52e2da89fca30232bc291ddb1f48ef6db84b6c0,2ee46c732cbd9a2d9496fe9e4763efb9a1ab85568c9ae6e0d0e121bc4adb4265,164142652bf5b3032f4e1a8ee54fe2817a3f3b5130635cf04fb641a6e819211d
2026-09-30,THEME,THEME:880662,sector_rs1,-0.013157894736842146,ACCEPTED,-0.013157894736842146,53,0,3dd77c68f3f29601b59d09853a70977bfab15f3fba3edeca6737f75ef9d7bcc0,9f7ee99454374db02824b5c9d52e2da89fca30232bc291ddb1f48ef6db84b6c0,2ee46c732cbd9a2d9496fe9e4763efb9a1ab85568c9ae6e0d0e121bc4adb4265,164142652bf5b3032f4e1a8ee54fe2817a3f3b5130635cf04fb641a6e819211d
2026-09-30,THEME,THEME:880662,sector_rs5,-0.045064377682403456,ACCEPTED,-0.045064377682403456,53,0,3dd77c68f3f29601b59d09853a70977bfab15f3fba3edeca6737f75ef9d7bcc0,9f7ee99454374db02824b5c9d52e2da89fca30232bc291ddb1f48ef6db84b6c0,2ee46c732cbd9a2d9496fe9e4763efb9a1ab85568c9ae6e0d0e121bc4adb4265,164142652bf5b3032f4e1a8ee54fe2817a3f3b5130635cf04fb641a6e819211d
2026-09-30,THEME,THEME:880662,sector_rs20,-0.05896805896805901,ACCEPTED,-0.05896805896805901,53,0,3dd77c68f3f29601b59d09853a70977bfab15f3fba3edeca6737f75ef9d7bcc0,9f7ee99454374db02824b5c9d52e2da89fca30232bc291ddb1f48ef6db84b6c0,2ee46c732cbd9a2d9496fe9e4763efb9a1ab85568c9ae6e0d0e121bc4adb4265,164142652bf5b3032f4e1a8ee54fe2817a3f3b5130635cf04fb641a6e819211d
2026-09-30,THEME,THEME:880662,breadth_ret1,0.1509433962264151,ACCEPTED,0.1509433962264151,53,53,3dd77c68f3f29601b59d09853a70977bfab15f3fba3edeca6737f75ef9d7bcc0,9f7ee99454374db02824b5c9d52e2da89fca30232bc291ddb1f48ef6db84b6c0,2ee46c732cbd9a2d9496fe9e4763efb9a1ab85568c9ae6e0d0e121bc4adb4265,164142652bf5b3032f4e1a8ee54fe2817a3f3b5130635cf04fb641a6e819211d
2026-09-30,THEME,THEME:880662,breadth_ret5,0.11320754716981132,ACCEPTED,0.11320754716981132,53,53,3dd77c68f3f29601b59d09853a70977bfab15f3fba3edeca6737f75ef9d7bcc0,9f7ee99454374db02824b5c9d52e2da89fca30232bc291ddb1f48ef6db84b6c0,2ee46c732cbd9a2d9496fe9e4763efb9a1ab85568c9ae6e0d0e121bc4adb4265,164142652bf5b3032f4e1a8ee54fe2817a3f3b5130635cf04fb641a6e819211d
2026-09-30,THEME,THEME:880662,breadth_ret20,0.20754716981132076,ACCEPTED,0.20754716981132076,53,53,3dd77c68f3f29601b59d09853a70977bfab15f3fba3edeca6737f75ef9d7bcc0,9f7ee99454374db02824b5c9d52e2da89fca30232bc291ddb1f48ef6db84b6c0,2ee46c732cbd9a2d9496fe9e4763efb9a1ab85568c9ae6e0d0e121bc4adb4265,164142652bf5b3032f4e1a8ee54fe2817a3f3b5130635cf04fb641a6e819211d
2026-09-30,THEME,THEME:880662,ma20_width,0.24528301886792453,ACCEPTED,0.24528301886792453,53,53,3dd77c68f3f29601b59d09853a70977bfab15f3fba3edeca6737f75ef9d7bcc0,9f7ee99454374db02824b5c9d52e2da89fca30232bc291ddb1f48ef6db84b6c0,2ee46c732cbd9a2d9496fe9e4763efb9a1ab85568c9ae6e0d0e121bc4adb4265,164142652bf5b3032f4e1a8ee54fe2817a3f3b5130635cf04fb641a6e819211d
2026-09-30,THEME,THEME:880664,sector_rs1,-0.01010967966065568,ACCEPTED,-0.01010967966065568,238,0,3dd77c68f3f29601b59d09853a70977bfab15f3fba3edeca6737f75ef9d7bcc0,9f7ee99454374db02824b5c9d52e2da89fca30232bc291ddb1f48ef6db84b6c0,2ee46c732cbd9a2d9496fe9e4763efb9a1ab85568c9ae6e0d0e121bc4adb4265,164142652bf5b3032f4e1a8ee54fe2817a3f3b5130635cf04fb641a6e819211d
2026-09-30,THEME,THEME:880664,sector_rs5,-0.04383338148891486,ACCEPTED,-0.04383338148891486,238,0,3dd77c68f3f29601b59d09853a70977bfab15f3fba3edeca6737f75ef9d7bcc0,9f7ee99454374db02824b5c9d52e2da89fca30232bc291ddb1f48ef6db84b6c0,2ee46c732cbd9a2d9496fe9e4763efb9a1ab85568c9ae6e0d0e121bc4adb4265,164142652bf5b3032f4e1a8ee54fe2817a3f3b5130635cf04fb641a6e819211d
2026-09-30,THEME,THEME:880664,sector_rs20,-0.04733535105068387,ACCEPTED,-0.04733535105068387,238,0,3dd77c68f3f29601b59d09853a70977bfab15f3fba3edeca6737f75ef9d7bcc0,9f7ee99454374db02824b5c9d52e2da89fca30232bc291ddb1f48ef6db84b6c0,2ee46c732cbd9a2d9496fe9e4763efb9a1ab85568c9ae6e0d0e121bc4adb4265,164142652bf5b3032f4e1a8ee54fe2817a3f3b5130635cf04fb641a6e819211d
2026-09-30,THEME,THEME:880664,breadth_ret1,0.24369747899159663,ACCEPTED,0.24369747899159663,238,238,3dd77c68f3f29601b59d09853a70977bfab15f3fba3edeca6737f75ef9d7bcc0,9f7ee99454374db02824b5c9d52e2da89fca30232bc291ddb1f48ef6db84b6c0,2ee46c732cbd9a2d9496fe9e4763efb9a1ab85568c9ae6e0d0e121bc4adb4265,164142652bf5b3032f4e1a8ee54fe2817a3f3b5130635cf04fb641a6e819211d
2026-09-30,THEME,THEME:880664,breadth_ret5,0.1134453781512605,ACCEPTED,0.1134453781512605,238,238,3dd77c68f3f29601b59d09853a70977bfab15f3fba3edeca6737f75ef9d7bcc0,9f7ee99454374db02824b5c9d52e2da89fca30232bc291ddb1f48ef6db84b6c0,2ee46c732cbd9a2d9496fe9e4763efb9a1ab85568c9ae6e0d0e121bc4adb4265,164142652bf5b3032f4e1a8ee54fe2817a3f3b5130635cf04fb641a6e819211d
2026-09-30,THEME,THEME:880664,breadth_ret20,0.25630252100840334,ACCEPTED,0.25630252100840334,238,238,3dd77c68f3f29601b59d09853a70977bfab15f3fba3edeca6737f75ef9d7bcc0,9f7ee99454374db02824b5c9d52e2da89fca30232bc291ddb1f48ef6db84b6c0,2ee46c732cbd9a2d9496fe9e4763efb9a1ab85568c9ae6e0d0e121bc4adb4265,164142652bf5b3032f4e1a8ee54fe2817a3f3b5130635cf04fb641a6e819211d
2026-09-30,THEME,THEME:880664,ma20_width,0.29831932773109243,ACCEPTED,0.29831932773109243,238,238,3dd77c68f3f29601b59d09853a70977bfab15f3fba3edeca6737f75ef9d7bcc0,9f7ee99454374db02824b5c9d52e2da89fca30232bc291ddb1f48ef6db84b6c0,2ee46c732cbd9a2d9496fe9e4763efb9a1ab85568c9ae6e0d0e121bc4adb4265,164142652bf5b3032f4e1a8ee54fe2817a3f3b5130635cf04fb641a6e819211d
2026-09-30,THEME,THEME:880666,sector_rs1,-0.0021276595744680327,ACCEPTED,-0.0021276595744680327,115,0,3dd77c68f3f29601b59d09853a70977bfab15f3fba3edeca6737f75ef9d7bcc0,9f7ee99454374db02824b5c9d52e2da89fca30232bc291ddb1f48ef6db84b6c0,2ee46c732cbd9a2d9496fe9e4763efb9a1ab85568c9ae6e0d0e121bc4adb4265,164142652bf5b3032f4e1a8ee54fe2817a3f3b5130635cf04fb641a6e819211d
2026-09-30,THEME,THEME:880666,sector_rs5,-0.04877504009644673,ACCEPTED,-0.04877504009644673,115,0,3dd77c68f3f29601b59d09853a70977bfab15f3fba3edeca6737f75ef9d7bcc0,9f7ee99454374db02824b5c9d52e2da89fca30232bc291ddb1f48ef6db84b6c0,2ee46c732cbd9a2d9496fe9e4763efb9a1ab85568c9ae6e0d0e121bc4adb4265,164142652bf5b3032f4e1a8ee54fe2817a3f3b5130635cf04fb641a6e819211d
2026-09-30,THEME,THEME:880666,sector_rs20,-0.05833831366398007,ACCEPTED,-0.05833831366398007,115,0,3dd77c68f3f29601b59d09853a70977bfab15f3fba3edeca6737f75ef9d7bcc0,9f7ee99454374db02824b5c9d52e2da89fca30232bc291ddb1f48ef6db84b6c0,2ee46c732cbd9a2d9496fe9e4763efb9a1ab85568c9ae6e0d0e121bc4adb4265,164142652bf5b3032f4e1a8ee54fe2817a3f3b5130635cf04fb641a6e819211d
2026-09-30,THEME,THEME:880666,breadth_ret1,0.415929203539823,ACCEPTED,0.415929203539823,115,113,3dd77c68f3f29601b59d09853a70977bfab15f3fba3edeca6737f75ef9d7bcc0,9f7ee99454374db02824b5c9d52e2da89fca30232bc291ddb1f48ef6db84b6c0,2ee46c732cbd9a2d9496fe9e4763efb9a1ab85568c9ae6e0d0e121bc4adb4265,164142652bf5b3032f4e1a8ee54fe2817a3f3b5130635cf04fb641a6e819211d
2026-09-30,THEME,THEME:880666,breadth_ret5,0.09649122807017543,ACCEPTED,0.09649122807017543,115,114,3dd77c68f3f29601b59d09853a70977bfab15f3fba3edeca6737f75ef9d7bcc0,9f7ee99454374db02824b5c9d52e2da89fca30232bc291ddb1f48ef6db84b6c0,2ee46c732cbd9a2d9496fe9e4763efb9a1ab85568c9ae6e0d0e121bc4adb4265,164142652bf5b3032f4e1a8ee54fe2817a3f3b5130635cf04fb641a6e819211d
2026-09-30,THEME,THEME:880666,breadth_ret20,0.17543859649122806,ACCEPTED,0.17543859649122806,115,114,3dd77c68f3f29601b59d09853a70977bfab15f3fba3edeca6737f75ef9d7bcc0,9f7ee99454374db02824b5c9d52e2da89fca30232bc291ddb1f48ef6db84b6c0,2ee46c732cbd9a2d9496fe9e4763efb9a1ab85568c9ae6e0d0e121bc4adb4265,164142652bf5b3032f4e1a8ee54fe2817a3f3b5130635cf04fb641a6e819211d
2026-09-30,THEME,THEME:880666,ma20_width,0.16666666666666666,ACCEPTED,0.16666666666666666,115,114,3dd77c68f3f29601b59d09853a70977bfab15f3fba3edeca6737f75ef9d7bcc0,9f7ee99454374db02824b5c9d52e2da89fca30232bc291ddb1f48ef6db84b6c0,2ee46c732cbd9a2d9496fe9e4763efb9a1ab85568c9ae6e0d0e121bc4adb4265,164142652bf5b3032f4e1a8ee54fe2817a3f3b5130635cf04fb641a6e819211d
2026-09-30,THEME,THEME:880667,sector_rs1,-0.010091224100134355,ACCEPTED,-0.010091224100134355,383,0,3dd77c68f3f29601b59d09853a70977bfab15f3fba3edeca6737f75ef9d7bcc0,9f7ee99454374db02824b5c9d52e2da89fca30232bc291ddb1f48ef6db84b6c0,2ee46c732cbd9a2d9496fe9e4763efb9a1ab85568c9ae6e0d0e121bc4adb4265,164142652bf5b3032f4e1a8ee54fe2817a3f3b5130635cf04fb641a6e819211d
2026-09-30,THEME,THEME:880667,sector_rs5,-0.03806328871838355,ACCEPTED,-0.03806328871838355,383,0,3dd77c68f3f29601b59d09853a70977bfab15f3fba3edeca6737f75ef9d7bcc0,9f7ee99454374db02824b5c9d52e2da89fca30232bc291ddb1f48ef6db84b6c0,2ee46c732cbd9a2d9496fe9e4763efb9a1ab85568c9ae6e0d0e121bc4adb4265,164142652bf5b3032f4e1a8ee54fe2817a3f3b5130635cf04fb641a6e819211d
2026-09-30,THEME,THEME:880667,sector_rs20,-0.047249380403177055,ACCEPTED,-0.047249380403177055,383,0,3dd77c68f3f29601b59d09853a70977bfab15f3fba3edeca6737f75ef9d7bcc0,9f7ee99454374db02824b5c9d52e2da89fca30232bc291ddb1f48ef6db84b6c0,2ee46c732cbd9a2d9496fe9e4763efb9a1ab85568c9ae6e0d0e121bc4adb4265,164142652bf5b3032f4e1a8ee54fe2817a3f3b5130635cf04fb641a6e819211d
2026-09-30,THEME,THEME:880667,breadth_ret1,0.27225130890052357,ACCEPTED,0.27225130890052357,383,382,3dd77c68f3f29601b59d09853a70977bfab15f3fba3edeca6737f75ef9d7bcc0,9f7ee99454374db02824b5c9d52e2da89fca30232bc291ddb1f48ef6db84b6c0,2ee46c732cbd9a2d9496fe9e4763efb9a1ab85568c9ae6e0d0e121bc4adb4265,164142652bf5b3032f4e1a8ee54fe2817a3f3b5130635cf04fb641a6e819211d
2026-09-30,THEME,THEME:880667,breadth_ret5,0.17015706806282724,ACCEPTED,0.17015706806282724,383,382,3dd77c68f3f29601b59d09853a70977bfab15f3fba3edeca6737f75ef9d7bcc0,9f7ee99454374db02824b5c9d52e2da89fca30232bc291ddb1f48ef6db84b6c0,2ee46c732cbd9a2d9496fe9e4763efb9a1ab85568c9ae6e0d0e121bc4adb4265,164142652bf5b3032f4e1a8ee54fe2817a3f3b5130635cf04fb641a6e819211d
2026-09-30,THEME,THEME:880667,breadth_ret20,0.24083769633507854,ACCEPTED,0.24083769633507854,383,382,3dd77c68f3f29601b59d09853a70977bfab15f3fba3edeca6737f75ef9d7bcc0,9f7ee99454374db02824b5c9d52e2da89fca30232bc291ddb1f48ef6db84b6c0,2ee46c732cbd9a2d9496fe9e4763efb9a1ab85568c9ae6e0d0e121bc4adb4265,164142652bf5b3032f4e1a8ee54fe2817a3f3b5130635cf04fb641a6e819211d
2026-09-30,THEME,THEME:880667,ma20_width,0.30809399477806787,ACCEPTED,0.30809399477806787,383,383,3dd77c68f3f29601b59d09853a70977bfab15f3fba3edeca6737f75ef9d7bcc0,9f7ee99454374db02824b5c9d52e2da89fca30232bc291ddb1f48ef6db84b6c0,2ee46c732cbd9a2d9496fe9e4763efb9a1ab85568c9ae6e0d0e121bc4adb4265,164142652bf5b3032f4e1a8ee54fe2817a3f3b5130635cf04fb641a6e819211d
2026-09-30,THEME,THEME:880668,sector_rs1,-0.0039063350327179225,ACCEPTED,-0.0039063350327179225,22,0,3dd77c68f3f29601b59d09853a70977bfab15f3fba3edeca6737f75ef9d7bcc0,9f7ee99454374db02824b5c9d52e2da89fca30232bc291ddb1f48ef6db84b6c0,2ee46c732cbd9a2d9496fe9e4763efb9a1ab85568c9ae6e0d0e121bc4adb4265,164142652bf5b3032f4e1a8ee54fe2817a3f3b5130635cf04fb641a6e819211d
2026-09-30,THEME,THEME:880668,sector_rs5,-0.033001054672881336,ACCEPTED,-0.033001054672881336,22,0,3dd77c68f3f29601b59d09853a70977bfab15f3fba3edeca6737f75ef9d7bcc0,9f7ee99454374db02824b5c9d52e2da89fca30232bc291ddb1f48ef6db84b6c0,2ee46c732cbd9a2d9496fe9e4763efb9a1ab85568c9ae6e0d0e121bc4adb4265,164142652bf5b3032f4e1a8ee54fe2817a3f3b5130635cf04fb641a6e819211d
2026-09-30,THEME,THEME:880668,sector_rs20,0.006415383795003171,ACCEPTED,0.006415383795003171,22,0,3dd77c68f3f29601b59d09853a70977bfab15f3fba3edeca6737f75ef9d7bcc0,9f7ee99454374db02824b5c9d52e2da89fca30232bc291ddb1f48ef6db84b6c0,2ee46c732cbd9a2d9496fe9e4763efb9a1ab85568c9ae6e0d0e121bc4adb4265,164142652bf5b3032f4e1a8ee54fe2817a3f3b5130635cf04fb641a6e819211d
2026-09-30,THEME,THEME:880668,breadth_ret1,0.4090909090909091,ACCEPTED,0.4090909090909091,22,22,3dd77c68f3f29601b59d09853a70977bfab15f3fba3edeca6737f75ef9d7bcc0,9f7ee99454374db02824b5c9d52e2da89fca30232bc291ddb1f48ef6db84b6c0,2ee46c732cbd9a2d9496fe9e4763efb9a1ab85568c9ae6e0d0e121bc4adb4265,164142652bf5b3032f4e1a8ee54fe2817a3f3b5130635cf04fb641a6e819211d
2026-09-30,THEME,THEME:880668,breadth_ret5,0.13636363636363635,ACCEPTED,0.13636363636363635,22,22,3dd77c68f3f29601b59d09853a70977bfab15f3fba3edeca6737f75ef9d7bcc0,9f7ee99454374db02824b5c9d52e2da89fca30232bc291ddb1f48ef6db84b6c0,2ee46c732cbd9a2d9496fe9e4763efb9a1ab85568c9ae6e0d0e121bc4adb4265,164142652bf5b3032f4e1a8ee54fe2817a3f3b5130635cf04fb641a6e819211d
2026-09-30,THEME,THEME:880668,breadth_ret20,0.5454545454545454,ACCEPTED,0.5454545454545454,22,22,3dd77c68f3f29601b59d09853a70977bfab15f3fba3edeca6737f75ef9d7bcc0,9f7ee99454374db02824b5c9d52e2da89fca30232bc291ddb1f48ef6db84b6c0,2ee46c732cbd9a2d9496fe9e4763efb9a1ab85568c9ae6e0d0e121bc4adb4265,164142652bf5b3032f4e1a8ee54fe2817a3f3b5130635cf04fb641a6e819211d
2026-09-30,THEME,THEME:880668,ma20_width,0.45454545454545453,ACCEPTED,0.45454545454545453,22,22,3dd77c68f3f29601b59d09853a70977bfab15f3fba3edeca6737f75ef9d7bcc0,9f7ee99454374db02824b5c9d52e2da89fca30232bc291ddb1f48ef6db84b6c0,2ee46c732cbd9a2d9496fe9e4763efb9a1ab85568c9ae6e0d0e121bc4adb4265,164142652bf5b3032f4e1a8ee54fe2817a3f3b5130635cf04fb641a6e819211d
2026-09-30,THEME,THEME:880669,sector_rs1,-0.011513675595977546,ACCEPTED,-0.011513675595977546,212,0,3dd77c68f3f29601b59d09853a70977bfab15f3fba3edeca6737f75ef9d7bcc0,9f7ee99454374db02824b5c9d52e2da89fca30232bc291ddb1f48ef6db84b6c0,2ee46c732cbd9a2d9496fe9e4763efb9a1ab85568c9ae6e0d0e121bc4adb4265,164142652bf5b3032f4e1a8ee54fe2817a3f3b5130635cf04fb641a6e819211d
2026-09-30,THEME,THEME:880669,sector_rs5,-0.05692829597423704,ACCEPTED,-0.05692829597423704,212,0,3dd77c68f3f29601b59d09853a70977bfab15f3fba3edeca6737f75ef9d7bcc0,9f7ee99454374db02824b5c9d52e2da89fca30232bc291ddb1f48ef6db84b6c0,2ee46c732cbd9a2d9496fe9e4763efb9a1ab85568c9ae6e0d0e121bc4adb4265,164142652bf5b3032f4e1a8ee54fe2817a3f3b5130635cf04fb641a6e819211d
2026-09-30,THEME,THEME:880669,sector_rs20,-0.06431330723783552,ACCEPTED,-0.06431330723783552,212,0,3dd77c68f3f29601b59d09853a70977bfab15f3fba3edeca6737f75ef9d7bcc0,9f7ee99454374db02824b5c9d52e2da89fca30232bc291ddb1f48ef6db84b6c0,2ee46c732cbd9a2d9496fe9e4763efb9a1ab85568c9ae6e0d0e121bc4adb4265,164142652bf5b3032f4e1a8ee54fe2817a3f3b5130635cf04fb641a6e819211d
2026-09-30,THEME,THEME:880669,breadth_ret1,0.2403846153846154,ACCEPTED,0.2403846153846154,212,208,3dd77c68f3f29601b59d09853a70977bfab15f3fba3edeca6737f75ef9d7bcc0,9f7ee99454374db02824b5c9d52e2da89fca30232bc291ddb1f48ef6db84b6c0,2ee46c732cbd9a2d9496fe9e4763efb9a1ab85568c9ae6e0d0e121bc4adb4265,164142652bf5b3032f4e1a8ee54fe2817a3f3b5130635cf04fb641a6e819211d
2026-09-30,THEME,THEME:880669,breadth_ret5,0.09615384615384616,ACCEPTED,0.09615384615384616,212,208,3dd77c68f3f29601b59d09853a70977bfab15f3fba3edeca6737f75ef9d7bcc0,9f7ee99454374db02824b5c9d52e2da89fca30232bc291ddb1f48ef6db84b6c0,2ee46c732cbd9a2d9496fe9e4763efb9a1ab85568c9ae6e0d0e121bc4adb4265,164142652bf5b3032f4e1a8ee54fe2817a3f3b5130635cf04fb641a6e819211d
2026-09-30,THEME,THEME:880669,breadth_ret20,0.13942307692307693,ACCEPTED,0.13942307692307693,212,208,3dd77c68f3f29601b59d09853a70977bfab15f3fba3edeca6737f75ef9d7bcc0,9f7ee99454374db02824b5c9d52e2da89fca30232bc291ddb1f48ef6db84b6c0,2ee46c732cbd9a2d9496fe9e4763efb9a1ab85568c9ae6e0d0e121bc4adb4265,164142652bf5b3032f4e1a8ee54fe2817a3f3b5130635cf04fb641a6e819211d
2026-09-30,THEME,THEME:880669,ma20_width,0.18660287081339713,ACCEPTED,0.18660287081339713,212,209,3dd77c68f3f29601b59d09853a70977bfab15f3fba3edeca6737f75ef9d7bcc0,9f7ee99454374db02824b5c9d52e2da89fca30232bc291ddb1f48ef6db84b6c0,2ee46c732cbd9a2d9496fe9e4763efb9a1ab85568c9ae6e0d0e121bc4adb4265,164142652bf5b3032f4e1a8ee54fe2817a3f3b5130635cf04fb641a6e819211d
2026-09-30,THEME,THEME:880670,sector_rs1,-0.012803069871555661,ACCEPTED,-0.012803069871555661,149,0,3dd77c68f3f29601b59d09853a70977bfab15f3fba3edeca6737f75ef9d7bcc0,9f7ee99454374db02824b5c9d52e2da89fca30232bc291ddb1f48ef6db84b6c0,2ee46c732cbd9a2d9496fe9e4763efb9a1ab85568c9ae6e0d0e121bc4adb4265,164142652bf5b3032f4e1a8ee54fe2817a3f3b5130635cf04fb641a6e819211d
2026-09-30,THEME,THEME:880670,sector_rs5,-0.08467161484061453,ACCEPTED,-0.08467161484061453,149,0,3dd77c68f3f29601b59d09853a70977bfab15f3fba3edeca6737f75ef9d7bcc0,9f7ee99454374db02824b5c9d52e2da89fca30232bc291ddb1f48ef6db84b6c0,2ee46c732cbd9a2d9496fe9e4763efb9a1ab85568c9ae6e0d0e121bc4adb4265,164142652bf5b3032f4e1a8ee54fe2817a3f3b5130635cf04fb641a6e819211d
2026-09-30,THEME,THEME:880670,sector_rs20,-0.046040515653775316,ACCEPTED,-0.046040515653775316,149,0,3dd77c68f3f29601b59d09853a70977bfab15f3fba3edeca6737f75ef9d7bcc0,9f7ee99454374db02824b5c9d52e2da89fca30232bc291ddb1f48ef6db84b6c0,2ee46c732cbd9a2d9496fe9e4763efb9a1ab85568c9ae6e0d0e121bc4adb4265,164142652bf5b3032f4e1a8ee54fe2817a3f3b5130635cf04fb641a6e819211d
2026-09-30,THEME,THEME:880670,breadth_ret1,0.2972972972972973,ACCEPTED,0.2972972972972973,149,148,3dd77c68f3f29601b59d09853a70977bfab15f3fba3edeca6737f75ef9d7bcc0,9f7ee99454374db02824b5c9d52e2da89fca30232bc291ddb1f48ef6db84b6c0,2ee46c732cbd9a2d9496fe9e4763efb9a1ab85568c9ae6e0d0e121bc4adb4265,164142652bf5b3032f4e1a8ee54fe2817a3f3b5130635cf04fb641a6e819211d
2026-09-30,THEME,THEME:880670,breadth_ret5,0.033783783783783786,ACCEPTED,0.033783783783783786,149,148,3dd77c68f3f29601b59d09853a70977bfab15f3fba3edeca6737f75ef9d7bcc0,9f7ee99454374db02824b5c9d52e2da89fca30232bc291ddb1f48ef6db84b6c0,2ee46c732cbd9a2d9496fe9e4763efb9a1ab85568c9ae6e0d0e121bc4adb4265,164142652bf5b3032f4e1a8ee54fe2817a3f3b5130635cf04fb641a6e819211d
2026-09-30,THEME,THEME:880670,breadth_ret20,0.23129251700680273,ACCEPTED,0.23129251700680273,149,147,3dd77c68f3f29601b59d09853a70977bfab15f3fba3edeca6737f75ef9d7bcc0,9f7ee99454374db02824b5c9d52e2da89fca30232bc291ddb1f48ef6db84b6c0,2ee46c732cbd9a2d9496fe9e4763efb9a1ab85568c9ae6e0d0e121bc4adb4265,164142652bf5b3032f4e1a8ee54fe2817a3f3b5130635cf04fb641a6e819211d
2026-09-30,THEME,THEME:880670,ma20_width,0.1564625850340136,ACCEPTED,0.1564625850340136,149,147,3dd77c68f3f29601b59d09853a70977bfab15f3fba3edeca6737f75ef9d7bcc0,9f7ee99454374db02824b5c9d52e2da89fca30232bc291ddb1f48ef6db84b6c0,2ee46c732cbd9a2d9496fe9e4763efb9a1ab85568c9ae6e0d0e121bc4adb4265,164142652bf5b3032f4e1a8ee54fe2817a3f3b5130635cf04fb641a6e819211d
2026-09-30,THEME,THEME:880671,sector_rs1,0.009398795116866587,ACCEPTED,0.009398795116866587,98,0,3dd77c68f3f29601b59d09853a70977bfab15f3fba3edeca6737f75ef9d7bcc0,9f7ee99454374db02824b5c9d52e2da89fca30232bc291ddb1f48ef6db84b6c0,2ee46c732cbd9a2d9496fe9e4763efb9a1ab85568c9ae6e0d0e121bc4adb4265,164142652bf5b3032f4e1a8ee54fe2817a3f3b5130635cf04fb641a6e819211d
2026-09-30,THEME,THEME:880671,sector_rs5,-0.004081632653061273,ACCEPTED,-0.004081632653061273,98,0,3dd77c68f3f29601b59d09853a70977bfab15f3fba3edeca6737f75ef9d7bcc0,9f7ee99454374db02824b5c9d52e2da89fca30232bc291ddb1f48ef6db84b6c0,2ee46c732cbd9a2d9496fe9e4763efb9a1ab85568c9ae6e0d0e121bc4adb4265,164142652bf5b3032f4e1a8ee54fe2817a3f3b5130635cf04fb641a6e819211d
2026-09-30,THEME,THEME:880671,sector_rs20,-0.024506004665946435,ACCEPTED,-0.024506004665946435,98,0,3dd77c68f3f29601b59d09853a70977bfab15f3fba3edeca6737f75ef9d7bcc0,9f7ee99454374db02824b5c9d52e2da89fca30232bc291ddb1f48ef6db84b6c0,2ee46c732cbd9a2d9496fe9e4763efb9a1ab85568c9ae6e0d0e121bc4adb4265,164142652bf5b3032f4e1a8ee54fe2817a3f3b5130635cf04fb641a6e819211d
2026-09-30,THEME,THEME:880671,breadth_ret1,0.8367346938775511,ACCEPTED,0.8367346938775511,98,98,3dd77c68f3f29601b59d09853a70977bfab15f3fba3edeca6737f75ef9d7bcc0,9f7ee99454374db02824b5c9d52e2da89fca30232bc291ddb1f48ef6db84b6c0,2ee46c732cbd9a2d9496fe9e4763efb9a1ab85568c9ae6e0d0e121bc4adb4265,164142652bf5b3032f4e1a8ee54fe2817a3f3b5130635cf04fb641a6e819211d
2026-09-30,THEME,THEME:880671,breadth_ret5,0.4536082474226804,ACCEPTED,0.4536082474226804,98,97,3dd77c68f3f29601b59d09853a70977bfab15f3fba3edeca6737f75ef9d7bcc0,9f7ee99454374db02824b5c9d52e2da89fca30232bc291ddb1f48ef6db84b6c0,2ee46c732cbd9a2d9496fe9e4763efb9a1ab85568c9ae6e0d0e121bc4adb4265,164142652bf5b3032f4e1a8ee54fe2817a3f3b5130635cf04fb641a6e819211d
2026-09-30,THEME,THEME:880671,breadth_ret20,0.24489795918367346,ACCEPTED,0.24489795918367346,98,98,3dd77c68f3f29601b59d09853a70977bfab15f3fba3edeca6737f75ef9d7bcc0,9f7ee99454374db02824b5c9d52e2da89fca30232bc291ddb1f48ef6db84b6c0,2ee46c732cbd9a2d9496fe9e4763efb9a1ab85568c9ae6e0d0e121bc4adb4265,164142652bf5b3032f4e1a8ee54fe2817a3f3b5130635cf04fb641a6e819211d
2026-09-30,THEME,THEME:880671,ma20_width,0.42857142857142855,ACCEPTED,0.42857142857142855,98,98,3dd77c68f3f29601b59d09853a70977bfab15f3fba3edeca6737f75ef9d7bcc0,9f7ee99454374db02824b5c9d52e2da89fca30232bc291ddb1f48ef6db84b6c0,2ee46c732cbd9a2d9496fe9e4763efb9a1ab85568c9ae6e0d0e121bc4adb4265,164142652bf5b3032f4e1a8ee54fe2817a3f3b5130635cf04fb641a6e819211d
2026-09-30,THEME,THEME:880672,sector_rs1,-0.028847755755867066,ACCEPTED,-0.028847755755867066,199,0,3dd77c68f3f29601b59d09853a70977bfab15f3fba3edeca6737f75ef9d7bcc0,9f7ee99454374db02824b5c9d52e2da89fca30232bc291ddb1f48ef6db84b6c0,2ee46c732cbd9a2d9496fe9e4763efb9a1ab85568c9ae6e0d0e121bc4adb4265,164142652bf5b3032f4e1a8ee54fe2817a3f3b5130635cf04fb641a6e819211d
2026-09-30,THEME,THEME:880672,sector_rs5,-0.09198813056379829,ACCEPTED,-0.09198813056379829,199,0,3dd77c68f3f29601b59d09853a70977bfab15f3fba3edeca6737f75ef9d7bcc0,9f7ee99454374db02824b5c9d52e2da89fca30232bc291ddb1f48ef6db84b6c0,2ee46c732cbd9a2d9496fe9e4763efb9a1ab85568c9ae6e0d0e121bc4adb4265,164142652bf5b3032f4e1a8ee54fe2817a3f3b5130635cf04fb641a6e819211d
2026-09-30,THEME,THEME:880672,sector_rs20,-0.06489041684572405,ACCEPTED,-0.06489041684572405,199,0,3dd77c68f3f29601b59d09853a70977bfab15f3fba3edeca6737f75ef9d7bcc0,9f7ee99454374db02824b5c9d52e2da89fca30232bc291ddb1f48ef6db84b6c0,2ee46c732cbd9a2d9496fe9e4763efb9a1ab85568c9ae6e0d0e121bc4adb4265,164142652bf5b3032f4e1a8ee54fe2817a3f3b5130635cf04fb641a6e819211d
2026-09-30,THEME,THEME:880672,breadth_ret1,0.08585858585858586,ACCEPTED,0.08585858585858586,199,198,3dd77c68f3f29601b59d09853a70977bfab15f3fba3edeca6737f75ef9d7bcc0,9f7ee99454374db02824b5c9d52e2da89fca30232bc291ddb1f48ef6db84b6c0,2ee46c732cbd9a2d9496fe9e4763efb9a1ab85568c9ae6e0d0e121bc4adb4265,164142652bf5b3032f4e1a8ee54fe2817a3f3b5130635cf04fb641a6e819211d
2026-09-30,THEME,THEME:880672,breadth_ret5,0.050761421319796954,ACCEPTED,0.050761421319796954,199,197,3dd77c68f3f29601b59d09853a70977bfab15f3fba3edeca6737f75ef9d7bcc0,9f7ee99454374db02824b5c9d52e2da89fca30232bc291ddb1f48ef6db84b6c0,2ee46c732cbd9a2d9496fe9e4763efb9a1ab85568c9ae6e0d0e121bc4adb4265,164142652bf5b3032f4e1a8ee54fe2817a3f3b5130635cf04fb641a6e819211d
2026-09-30,THEME,THEME:880672,breadth_ret20,0.23857868020304568,ACCEPTED,0.23857868020304568,199,197,3dd77c68f3f29601b59d09853a70977bfab15f3fba3edeca6737f75ef9d7bcc0,9f7ee99454374db02824b5c9d52e2da89fca30232bc291ddb1f48ef6db84b6c0,2ee46c732cbd9a2d9496fe9e4763efb9a1ab85568c9ae6e0d0e121bc4adb4265,164142652bf5b3032f4e1a8ee54fe2817a3f3b5130635cf04fb641a6e819211d
2026-09-30,THEME,THEME:880672,ma20_width,0.16161616161616163,ACCEPTED,0.16161616161616163,199,198,3dd77c68f3f29601b59d09853a70977bfab15f3fba3edeca6737f75ef9d7bcc0,9f7ee99454374db02824b5c9d52e2da89fca30232bc291ddb1f48ef6db84b6c0,2ee46c732cbd9a2d9496fe9e4763efb9a1ab85568c9ae6e0d0e121bc4adb4265,164142652bf5b3032f4e1a8ee54fe2817a3f3b5130635cf04fb641a6e819211d
2026-09-30,THEME,THEME:880673,sector_rs1,-0.010983918950413285,ACCEPTED,-0.010983918950413285,60,0,3dd77c68f3f29601b59d09853a70977bfab15f3fba3edeca6737f75ef9d7bcc0,9f7ee99454374db02824b5c9d52e2da89fca30232bc291ddb1f48ef6db84b6c0,2ee46c732cbd9a2d9496fe9e4763efb9a1ab85568c9ae6e0d0e121bc4adb4265,164142652bf5b3032f4e1a8ee54fe2817a3f3b5130635cf04fb641a6e819211d
2026-09-30,THEME,THEME:880673,sector_rs5,-0.061016988097608804,ACCEPTED,-0.061016988097608804,60,0,3dd77c68f3f29601b59d09853a70977bfab15f3fba3edeca6737f75ef9d7bcc0,9f7ee99454374db02824b5c9d52e2da89fca30232bc291ddb1f48ef6db84b6c0,2ee46c732cbd9a2d9496fe9e4763efb9a1ab85568c9ae6e0d0e121bc4adb4265,164142652bf5b3032f4e1a8ee54fe2817a3f3b5130635cf04fb641a6e819211d
2026-09-30,THEME,THEME:880673,sector_rs20,-0.06864330559745596,ACCEPTED,-0.06864330559745596,60,0,3dd77c68f3f29601b59d09853a70977bfab15f3fba3edeca6737f75ef9d7bcc0,9f7ee99454374db02824b5c9d52e2da89fca30232bc291ddb1f48ef6db84b6c0,2ee46c732cbd9a2d9496fe9e4763efb9a1ab85568c9ae6e0d0e121bc4adb4265,164142652bf5b3032f4e1a8ee54fe2817a3f3b5130635cf04fb641a6e819211d
2026-09-30,THEME,THEME:880673,breadth_ret1,0.25,ACCEPTED,0.25,60,60,3dd77c68f3f29601b59d09853a70977bfab15f3fba3edeca6737f75ef9d7bcc0,9f7ee99454374db02824b5c9d52e2da89fca30232bc291ddb1f48ef6db84b6c0,2ee46c732cbd9a2d9496fe9e4763efb9a1ab85568c9ae6e0d0e121bc4adb4265,164142652bf5b3032f4e1a8ee54fe2817a3f3b5130635cf04fb641a6e819211d
2026-09-30,THEME,THEME:880673,breadth_ret5,0.05,ACCEPTED,0.05,60,60,3dd77c68f3f29601b59d09853a70977bfab15f3fba3edeca6737f75ef9d7bcc0,9f7ee99454374db02824b5c9d52e2da89fca30232bc291ddb1f48ef6db84b6c0,2ee46c732cbd9a2d9496fe9e4763efb9a1ab85568c9ae6e0d0e121bc4adb4265,164142652bf5b3032f4e1a8ee54fe2817a3f3b5130635cf04fb641a6e819211d
2026-09-30,THEME,THEME:880673,breadth_ret20,0.21666666666666667,ACCEPTED,0.21666666666666667,60,60,3dd77c68f3f29601b59d09853a70977bfab15f3fba3edeca6737f75ef9d7bcc0,9f7ee99454374db02824b5c9d52e2da89fca30232bc291ddb1f48ef6db84b6c0,2ee46c732cbd9a2d9496fe9e4763efb9a1ab85568c9ae6e0d0e121bc4adb4265,164142652bf5b3032f4e1a8ee54fe2817a3f3b5130635cf04fb641a6e819211d
2026-09-30,THEME,THEME:880673,ma20_width,0.18333333333333332,ACCEPTED,0.18333333333333332,60,60,3dd77c68f3f29601b59d09853a70977bfab15f3fba3edeca6737f75ef9d7bcc0,9f7ee99454374db02824b5c9d52e2da89fca30232bc291ddb1f48ef6db84b6c0,2ee46c732cbd9a2d9496fe9e4763efb9a1ab85568c9ae6e0d0e121bc4adb4265,164142652bf5b3032f4e1a8ee54fe2817a3f3b5130635cf04fb641a6e819211d
2026-09-30,THEME,THEME:880674,sector_rs1,-0.010831509846827236,ACCEPTED,-0.010831509846827236,93,0,3dd77c68f3f29601b59d09853a70977bfab15f3fba3edeca6737f75ef9d7bcc0,9f7ee99454374db02824b5c9d52e2da89fca30232bc291ddb1f48ef6db84b6c0,2ee46c732cbd9a2d9496fe9e4763efb9a1ab85568c9ae6e0d0e121bc4adb4265,164142652bf5b3032f4e1a8ee54fe2817a3f3b5130635cf04fb641a6e819211d
2026-09-30,THEME,THEME:880674,sector_rs5,-0.06640246490340129,ACCEPTED,-0.06640246490340129,93,0,3dd77c68f3f29601b59d09853a70977bfab15f3fba3edeca6737f75ef9d7bcc0,9f7ee99454374db02824b5c9d52e2da89fca30232bc291ddb1f48ef6db84b6c0,2ee46c732cbd9a2d9496fe9e4763efb9a1ab85568c9ae6e0d0e121bc4adb4265,164142652bf5b3032f4e1a8ee54fe2817a3f3b5130635cf04fb641a6e819211d
2026-09-30,THEME,THEME:880674,sector_rs20,-0.06872686302913256,ACCEPTED,-0.06872686302913256,93,0,3dd77c68f3f29601b59d09853a70977bfab15f3fba3edeca6737f75ef9d7bcc0,9f7ee99454374db02824b5c9d52e2da89fca30232bc291ddb1f48ef6db84b6c0,2ee46c732cbd9a2d9496fe9e4763efb9a1ab85568c9ae6e0d0e121bc4adb4265,164142652bf5b3032f4e1a8ee54fe2817a3f3b5130635cf04fb641a6e819211d
2026-09-30,THEME,THEME:880674,breadth_ret1,0.26881720430107525,ACCEPTED,0.26881720430107525,93,93,3dd77c68f3f29601b59d09853a70977bfab15f3fba3edeca6737f75ef9d7bcc0,9f7ee99454374db02824b5c9d52e2da89fca30232bc291ddb1f48ef6db84b6c0,2ee46c732cbd9a2d9496fe9e4763efb9a1ab85568c9ae6e0d0e121bc4adb4265,164142652bf5b3032f4e1a8ee54fe2817a3f3b5130635cf04fb641a6e819211d
2026-09-30,THEME,THEME:880674,breadth_ret5,0.05434782608695652,ACCEPTED,0.05434782608695652,93,92,3dd77c68f3f29601b59d09853a70977bfab15f3fba3edeca6737f75ef9d7bcc0,9f7ee99454374db02824b5c9d52e2da89fca30232bc291ddb1f48ef6db84b6c0,2ee46c732cbd9a2d9496fe9e4763efb9a1ab85568c9ae6e0d0e121bc4adb4265,164142652bf5b3032f4e1a8ee54fe2817a3f3b5130635cf04fb641a6e819211d
2026-09-30,THEME,THEME:880674,breadth_ret20,0.1935483870967742,ACCEPTED,0.1935483870967742,93,93,3dd77c68f3f29601b59d09853a70977bfab15f3fba3edeca6737f75ef9d7bcc0,9f7ee99454374db02824b5c9d52e2da89fca30232bc291ddb1f48ef6db84b6c0,2ee46c732cbd9a2d9496fe9e4763efb9a1ab85568c9ae6e0d0e121bc4adb4265,164142652bf5b3032f4e1a8ee54fe2817a3f3b5130635cf04fb641a6e819211d
2026-09-30,THEME,THEME:880674,ma20_width,0.1827956989247312,ACCEPTED,0.1827956989247312,93,93,3dd77c68f3f29601b59d09853a70977bfab15f3fba3edeca6737f75ef9d7bcc0,9f7ee99454374db02824b5c9d52e2da89fca30232bc291ddb1f48ef6db84b6c0,2ee46c732cbd9a2d9496fe9e4763efb9a1ab85568c9ae6e0d0e121bc4adb4265,164142652bf5b3032f4e1a8ee54fe2817a3f3b5130635cf04fb641a6e819211d
2026-09-30,THEME,THEME:880675,sector_rs1,-0.00437474889834133,ACCEPTED,-0.00437474889834133,128,0,3dd77c68f3f29601b59d09853a70977bfab15f3fba3edeca6737f75ef9d7bcc0,9f7ee99454374db02824b5c9d52e2da89fca30232bc291ddb1f48ef6db84b6c0,2ee46c732cbd9a2d9496fe9e4763efb9a1ab85568c9ae6e0d0e121bc4adb4265,164142652bf5b3032f4e1a8ee54fe2817a3f3b5130635cf04fb641a6e819211d
2026-09-30,THEME,THEME:880675,sector_rs5,-0.022617124394184285,ACCEPTED,-0.022617124394184285,128,0,3dd77c68f3f29601b59d09853a70977bfab15f3fba3edeca6737f75ef9d7bcc0,9f7ee99454374db02824b5c9d52e2da89fca30232bc291ddb1f48ef6db84b6c0,2ee46c732cbd9a2d9496fe9e4763efb9a1ab85568c9ae6e0d0e121bc4adb4265,164142652bf5b3032f4e1a8ee54fe2817a3f3b5130635cf04fb641a6e819211d
2026-09-30,THEME,THEME:880675,sector_rs20,-0.036257240011653036,ACCEPTED,-0.036257240011653036,128,0,3dd77c68f3f29601b59d09853a70977bfab15f3fba3edeca6737f75ef9d7bcc0,9f7ee99454374db02824b5c9d52e2da89fca30232bc291ddb1f48ef6db84b6c0,2ee46c732cbd9a2d9496fe9e4763efb9a1ab85568c9ae6e0d0e121bc4adb4265,164142652bf5b3032f4e1a8ee54fe2817a3f3b5130635cf04fb641a6e819211d
2026-09-30,THEME,THEME:880675,breadth_ret1,0.375,ACCEPTED,0.375,128,128,3dd77c68f3f29601b59d09853a70977bfab15f3fba3edeca6737f75ef9d7bcc0,9f7ee99454374db02824b5c9d52e2da89fca30232bc291ddb1f48ef6db84b6c0,2ee46c732cbd9a2d9496fe9e4763efb9a1ab85568c9ae6e0d0e121bc4adb4265,164142652bf5b3032f4e1a8ee54fe2817a3f3b5130635cf04fb641a6e819211d
2026-09-30,THEME,THEME:880675,breadth_ret5,0.2755905511811024,ACCEPTED,0.2755905511811024,128,127,3dd77c68f3f29601b59d09853a70977bfab15f3fba3edeca6737f75ef9d7bcc0,9f7ee99454374db02824b5c9d52e2da89fca30232bc291ddb1f48ef6db84b6c0,2ee46c732cbd9a2d9496fe9e4763efb9a1ab85568c9ae6e0d0e121bc4adb4265,164142652bf5b3032f4e1a8ee54fe2817a3f3b5130635cf04fb641a6e819211d
2026-09-30,THEME,THEME:880675,breadth_ret20,0.328125,ACCEPTED,0.328125,128,128,3dd77c68f3f29601b59d09853a70977bfab15f3fba3edeca6737f75ef9d7bcc0,9f7ee99454374db02824b5c9d52e2da89fca30232bc291ddb1f48ef6db84b6c0,2ee46c732cbd9a2d9496fe9e4763efb9a1ab85568c9ae6e0d0e121bc4adb4265,164142652bf5b3032f4e1a8ee54fe2817a3f3b5130635cf04fb641a6e819211d
2026-09-30,THEME,THEME:880675,ma20_width,0.4140625,ACCEPTED,0.4140625,128,128,3dd77c68f3f29601b59d09853a70977bfab15f3fba3edeca6737f75ef9d7bcc0,9f7ee99454374db02824b5c9d52e2da89fca30232bc291ddb1f48ef6db84b6c0,2ee46c732cbd9a2d9496fe9e4763efb9a1ab85568c9ae6e0d0e121bc4adb4265,164142652bf5b3032f4e1a8ee54fe2817a3f3b5130635cf04fb641a6e819211d
2026-09-30,THEME,THEME:880681,sector_rs1,0.0237055906757091,ACCEPTED,0.0237055906757091,63,0,3dd77c68f3f29601b59d09853a70977bfab15f3fba3edeca6737f75ef9d7bcc0,9f7ee99454374db02824b5c9d52e2da89fca30232bc291ddb1f48ef6db84b6c0,2ee46c732cbd9a2d9496fe9e4763efb9a1ab85568c9ae6e0d0e121bc4adb4265,164142652bf5b3032f4e1a8ee54fe2817a3f3b5130635cf04fb641a6e819211d
2026-09-30,THEME,THEME:880681,sector_rs5,-0.008364443340248051,ACCEPTED,-0.008364443340248051,63,0,3dd77c68f3f29601b59d09853a70977bfab15f3fba3edeca6737f75ef9d7bcc0,9f7ee99454374db02824b5c9d52e2da89fca30232bc291ddb1f48ef6db84b6c0,2ee46c732cbd9a2d9496fe9e4763efb9a1ab85568c9ae6e0d0e121bc4adb4265,164142652bf5b3032f4e1a8ee54fe2817a3f3b5130635cf04fb641a6e819211d
2026-09-30,THEME,THEME:880681,sector_rs20,0.003600851646350156,ACCEPTED,0.003600851646350156,63,0,3dd77c68f3f29601b59d09853a70977bfab15f3fba3edeca6737f75ef9d7bcc0,9f7ee99454374db02824b5c9d52e2da89fca30232bc291ddb1f48ef6db84b6c0,2ee46c732cbd9a2d9496fe9e4763efb9a1ab85568c9ae6e0d0e121bc4adb4265,164142652bf5b3032f4e1a8ee54fe2817a3f3b5130635cf04fb641a6e819211d
2026-09-30,THEME,THEME:880681,breadth_ret1,0.9032258064516129,ACCEPTED,0.9032258064516129,63,62,3dd77c68f3f29601b59d09853a70977bfab15f3fba3edeca6737f75ef9d7bcc0,9f7ee99454374db02824b5c9d52e2da89fca30232bc291ddb1f48ef6db84b6c0,2ee46c732cbd9a2d9496fe9e4763efb9a1ab85568c9ae6e0d0e121bc4adb4265,164142652bf5b3032f4e1a8ee54fe2817a3f3b5130635cf04fb641a6e819211d
2026-09-30,THEME,THEME:880681,breadth_ret5,0.4032258064516129,ACCEPTED,0.4032258064516129,63,62,3dd77c68f3f29601b59d09853a70977bfab15f3fba3edeca6737f75ef9d7bcc0,9f7ee99454374db02824b5c9d52e2da89fca30232bc291ddb1f48ef6db84b6c0,2ee46c732cbd9a2d9496fe9e4763efb9a1ab85568c9ae6e0d0e121bc4adb4265,164142652bf5b3032f4e1a8ee54fe2817a3f3b5130635cf04fb641a6e819211d
2026-09-30,THEME,THEME:880681,breadth_ret20,0.5,ACCEPTED,0.5,63,62,3dd77c68f3f29601b59d09853a70977bfab15f3fba3edeca6737f75ef9d7bcc0,9f7ee99454374db02824b5c9d52e2da89fca30232bc291ddb1f48ef6db84b6c0,2ee46c732cbd9a2d9496fe9e4763efb9a1ab85568c9ae6e0d0e121bc4adb4265,164142652bf5b3032f4e1a8ee54fe2817a3f3b5130635cf04fb641a6e819211d
2026-09-30,THEME,THEME:880681,ma20_width,0.6774193548387096,ACCEPTED,0.6774193548387096,63,62,3dd77c68f3f29601b59d09853a70977bfab15f3fba3edeca6737f75ef9d7bcc0,9f7ee99454374db02824b5c9d52e2da89fca30232bc291ddb1f48ef6db84b6c0,2ee46c732cbd9a2d9496fe9e4763efb9a1ab85568c9ae6e0d0e121bc4adb4265,164142652bf5b3032f4e1a8ee54fe2817a3f3b5130635cf04fb641a6e819211d
2026-09-30,THEME,THEME:880682,sector_rs1,-0.016656186231173764,ACCEPTED,-0.016656186231173764,60,0,3dd77c68f3f29601b59d09853a70977bfab15f3fba3edeca6737f75ef9d7bcc0,9f7ee99454374db02824b5c9d52e2da89fca30232bc291ddb1f48ef6db84b6c0,2ee46c732cbd9a2d9496fe9e4763efb9a1ab85568c9ae6e0d0e121bc4adb4265,164142652bf5b3032f4e1a8ee54fe2817a3f3b5130635cf04fb641a6e819211d
2026-09-30,THEME,THEME:880682,sector_rs5,-0.06574121252365983,ACCEPTED,-0.06574121252365983,60,0,3dd77c68f3f29601b59d09853a70977bfab15f3fba3edeca6737f75ef9d7bcc0,9f7ee99454374db02824b5c9d52e2da89fca30232bc291ddb1f48ef6db84b6c0,2ee46c732cbd9a2d9496fe9e4763efb9a1ab85568c9ae6e0d0e121bc4adb4265,164142652bf5b3032f4e1a8ee54fe2817a3f3b5130635cf04fb641a6e819211d
2026-09-30,THEME,THEME:880682,sector_rs20,-0.07382782655172876,ACCEPTED,-0.07382782655172876,60,0,3dd77c68f3f29601b59d09853a70977bfab15f3fba3edeca6737f75ef9d7bcc0,9f7ee99454374db02824b5c9d52e2da89fca30232bc291ddb1f48ef6db84b6c0,2ee46c732cbd9a2d9496fe9e4763efb9a1ab85568c9ae6e0d0e121bc4adb4265,164142652bf5b3032f4e1a8ee54fe2817a3f3b5130635cf04fb641a6e819211d
2026-09-30,THEME,THEME:880682,breadth_ret1,0.16666666666666666,ACCEPTED,0.16666666666666666,60,60,3dd77c68f3f29601b59d09853a70977bfab15f3fba3edeca6737f75ef9d7bcc0,9f7ee99454374db02824b5c9d52e2da89fca30232bc291ddb1f48ef6db84b6c0,2ee46c732cbd9a2d9496fe9e4763efb9a1ab85568c9ae6e0d0e121bc4adb4265,164142652bf5b3032f4e1a8ee54fe2817a3f3b5130635cf04fb641a6e819211d
2026-09-30,THEME,THEME:880682,breadth_ret5,0.06666666666666667,ACCEPTED,0.06666666666666667,60,60,3dd77c68f3f29601b59d09853a70977bfab15f3fba3edeca6737f75ef9d7bcc0,9f7ee99454374db02824b5c9d52e2da89fca30232bc291ddb1f48ef6db84b6c0,2ee46c732cbd9a2d9496fe9e4763efb9a1ab85568c9ae6e0d0e121bc4adb4265,164142652bf5b3032f4e1a8ee54fe2817a3f3b5130635cf04fb641a6e819211d
2026-09-30,THEME,THEME:880682,breadth_ret20,0.18333333333333332,ACCEPTED,0.18333333333333332,60,60,3dd77c68f3f29601b59d09853a70977bfab15f3fba3edeca6737f75ef9d7bcc0,9f7ee99454374db02824b5c9d52e2da89fca30232bc291ddb1f48ef6db84b6c0,2ee46c732cbd9a2d9496fe9e4763efb9a1ab85568c9ae6e0d0e121bc4adb4265,164142652bf5b3032f4e1a8ee54fe2817a3f3b5130635cf04fb641a6e819211d
2026-09-30,THEME,THEME:880682,ma20_width,0.16666666666666666,ACCEPTED,0.16666666666666666,60,60,3dd77c68f3f29601b59d09853a70977bfab15f3fba3edeca6737f75ef9d7bcc0,9f7ee99454374db02824b5c9d52e2da89fca30232bc291ddb1f48ef6db84b6c0,2ee46c732cbd9a2d9496fe9e4763efb9a1ab85568c9ae6e0d0e121bc4adb4265,164142652bf5b3032f4e1a8ee54fe2817a3f3b5130635cf04fb641a6e819211d
2026-09-30,THEME,THEME:880683,sector_rs1,-0.01099952175992347,ACCEPTED,-0.01099952175992347,65,0,3dd77c68f3f29601b59d09853a70977bfab15f3fba3edeca6737f75ef9d7bcc0,9f7ee99454374db02824b5c9d52e2da89fca30232bc291ddb1f48ef6db84b6c0,2ee46c732cbd9a2d9496fe9e4763efb9a1ab85568c9ae6e0d0e121bc4adb4265,164142652bf5b3032f4e1a8ee54fe2817a3f3b5130635cf04fb641a6e819211d
2026-09-30,THEME,THEME:880683,sector_rs5,-0.054195804195804165,ACCEPTED,-0.054195804195804165,65,0,3dd77c68f3f29601b59d09853a70977bfab15f3fba3edeca6737f75ef9d7bcc0,9f7ee99454374db02824b5c9d52e2da89fca30232bc291ddb1f48ef6db84b6c0,2ee46c732cbd9a2d9496fe9e4763efb9a1ab85568c9ae6e0d0e121bc4adb4265,164142652bf5b3032f4e1a8ee54fe2817a3f3b5130635cf04fb641a6e819211d
2026-09-30,THEME,THEME:880683,sector_rs20,-0.04763894692854165,ACCEPTED,-0.04763894692854165,65,0,3dd77c68f3f29601b59d09853a70977bfab15f3fba3edeca6737f75ef9d7bcc0,9f7ee99454374db02824b5c9d52e2da89fca30232bc291ddb1f48ef6db84b6c0,2ee46c732cbd9a2d9496fe9e4763efb9a1ab85568c9ae6e0d0e121bc4adb4265,164142652bf5b3032f4e1a8ee54fe2817a3f3b5130635cf04fb641a6e819211d
2026-09-30,THEME,THEME:880683,breadth_ret1,0.15873015873015872,ACCEPTED,0.15873015873015872,65,63,3dd77c68f3f29601b59d09853a70977bfab15f3fba3edeca6737f75ef9d7bcc0,9f7ee99454374db02824b5c9d52e2da89fca30232bc291ddb1f48ef6db84b6c0,2ee46c732cbd9a2d9496fe9e4763efb9a1ab85568c9ae6e0d0e121bc4adb4265,164142652bf5b3032f4e1a8ee54fe2817a3f3b5130635cf04fb641a6e819211d
2026-09-30,THEME,THEME:880683,breadth_ret5,0.031746031746031744,ACCEPTED,0.031746031746031744,65,63,3dd77c68f3f29601b59d09853a70977bfab15f3fba3edeca6737f75ef9d7bcc0,9f7ee99454374db02824b5c9d52e2da89fca30232bc291ddb1f48ef6db84b6c0,2ee46c732cbd9a2d9496fe9e4763efb9a1ab85568c9ae6e0d0e121bc4adb4265,164142652bf5b3032f4e1a8ee54fe2817a3f3b5130635cf04fb641a6e819211d
2026-09-30,THEME,THEME:880683,breadth_ret20,0.2222222222222222,ACCEPTED,0.2222222222222222,65,63,3dd77c68f3f29601b59d09853a70977bfab15f3fba3edeca6737f75ef9d7bcc0,9f7ee99454374db02824b5c9d52e2da89fca30232bc291ddb1f48ef6db84b6c0,2ee46c732cbd9a2d9496fe9e4763efb9a1ab85568c9ae6e0d0e121bc4adb4265,164142652bf5b3032f4e1a8ee54fe2817a3f3b5130635cf04fb641a6e819211d
2026-09-30,THEME,THEME:880683,ma20_width,0.31746031746031744,ACCEPTED,0.31746031746031744,65,63,3dd77c68f3f29601b59d09853a70977bfab15f3fba3edeca6737f75ef9d7bcc0,9f7ee99454374db02824b5c9d52e2da89fca30232bc291ddb1f48ef6db84b6c0,2ee46c732cbd9a2d9496fe9e4763efb9a1ab85568c9ae6e0d0e121bc4adb4265,164142652bf5b3032f4e1a8ee54fe2817a3f3b5130635cf04fb641a6e819211d
2026-09-30,THEME,THEME:880684,sector_rs1,-0.00218065324066552,ACCEPTED,-0.00218065324066552,48,0,3dd77c68f3f29601b59d09853a70977bfab15f3fba3edeca6737f75ef9d7bcc0,9f7ee99454374db02824b5c9d52e2da89fca30232bc291ddb1f48ef6db84b6c0,2ee46c732cbd9a2d9496fe9e4763efb9a1ab85568c9ae6e0d0e121bc4adb4265,164142652bf5b3032f4e1a8ee54fe2817a3f3b5130635cf04fb641a6e819211d
2026-09-30,THEME,THEME:880684,sector_rs5,-0.043420299303352894,ACCEPTED,-0.043420299303352894,48,0,3dd77c68f3f29601b59d09853a70977bfab15f3fba3edeca6737f75ef9d7bcc0,9f7ee99454374db02824b5c9d52e2da89fca30232bc291ddb1f48ef6db84b6c0,2ee46c732cbd9a2d9496fe9e4763efb9a1ab85568c9ae6e0d0e121bc4adb4265,164142652bf5b3032f4e1a8ee54fe2817a3f3b5130635cf04fb641a6e819211d
2026-09-30,THEME,THEME:880684,sector_rs20,-0.03388278388278376,ACCEPTED,-0.03388278388278376,48,0,3dd77c68f3f29601b59d09853a70977bfab15f3fba3edeca6737f75ef9d7bcc0,9f7ee99454374db02824b5c9d52e2da89fca30232bc291ddb1f48ef6db84b6c0,2ee46c732cbd9a2d9496fe9e4763efb9a1ab85568c9ae6e0d0e121bc4adb4265,164142652bf5b3032f4e1a8ee54fe2817a3f3b5130635cf04fb641a6e819211d
2026-09-30,THEME,THEME:880684,breadth_ret1,0.375,ACCEPTED,0.375,48,48,3dd77c68f3f29601b59d09853a70977bfab15f3fba3edeca6737f75ef9d7bcc0,9f7ee99454374db02824b5c9d52e2da89fca30232bc291ddb1f48ef6db84b6c0,2ee46c732cbd9a2d9496fe9e4763efb9a1ab85568c9ae6e0d0e121bc4adb4265,164142652bf5b3032f4e1a8ee54fe2817a3f3b5130635cf04fb641a6e819211d
2026-09-30,THEME,THEME:880684,breadth_ret5,0.14583333333333334,ACCEPTED,0.14583333333333334,48,48,3dd77c68f3f29601b59d09853a70977bfab15f3fba3edeca6737f75ef9d7bcc0,9f7ee99454374db02824b5c9d52e2da89fca30232bc291ddb1f48ef6db84b6c0,2ee46c732cbd9a2d9496fe9e4763efb9a1ab85568c9ae6e0d0e121bc4adb4265,164142652bf5b3032f4e1a8ee54fe2817a3f3b5130635cf04fb641a6e819211d
2026-09-30,THEME,THEME:880684,breadth_ret20,0.23404255319148937,ACCEPTED,0.23404255319148937,48,47,3dd77c68f3f29601b59d09853a70977bfab15f3fba3edeca6737f75ef9d7bcc0,9f7ee99454374db02824b5c9d52e2da89fca30232bc291ddb1f48ef6db84b6c0,2ee46c732cbd9a2d9496fe9e4763efb9a1ab85568c9ae6e0d0e121bc4adb4265,164142652bf5b3032f4e1a8ee54fe2817a3f3b5130635cf04fb641a6e819211d
2026-09-30,THEME,THEME:880684,ma20_width,0.3125,ACCEPTED,0.3125,48,48,3dd77c68f3f29601b59d09853a70977bfab15f3fba3edeca6737f75ef9d7bcc0,9f7ee99454374db02824b5c9d52e2da89fca30232bc291ddb1f48ef6db84b6c0,2ee46c732cbd9a2d9496fe9e4763efb9a1ab85568c9ae6e0d0e121bc4adb4265,164142652bf5b3032f4e1a8ee54fe2817a3f3b5130635cf04fb641a6e819211d
2026-09-30,THEME,THEME:880685,sector_rs1,-0.013765434947904442,ACCEPTED,-0.013765434947904442,224,0,3dd77c68f3f29601b59d09853a70977bfab15f3fba3edeca6737f75ef9d7bcc0,9f7ee99454374db02824b5c9d52e2da89fca30232bc291ddb1f48ef6db84b6c0,2ee46c732cbd9a2d9496fe9e4763efb9a1ab85568c9ae6e0d0e121bc4adb4265,164142652bf5b3032f4e1a8ee54fe2817a3f3b5130635cf04fb641a6e819211d
2026-09-30,THEME,THEME:880685,sector_rs5,-0.07428632070465885,ACCEPTED,-0.07428632070465885,224,0,3dd77c68f3f29601b59d09853a70977bfab15f3fba3edeca6737f75ef9d7bcc0,9f7ee99454374db02824b5c9d52e2da89fca30232bc291ddb1f48ef6db84b6c0,2ee46c732cbd9a2d9496fe9e4763efb9a1ab85568c9ae6e0d0e121bc4adb4265,164142652bf5b3032f4e1a8ee54fe2817a3f3b5130635cf04fb641a6e819211d
2026-09-30,THEME,THEME:880685,sector_rs20,-0.06334736628540988,ACCEPTED,-0.06334736628540988,224,0,3dd77c68f3f29601b59d09853a70977bfab15f3fba3edeca6737f75ef9d7bcc0,9f7ee99454374db02824b5c9d52e2da89fca30232bc291ddb1f48ef6db84b6c0,2ee46c732cbd9a2d9496fe9e4763efb9a1ab85568c9ae6e0d0e121bc4adb4265,164142652bf5b3032f4e1a8ee54fe2817a3f3b5130635cf04fb641a6e819211d
2026-09-30,THEME,THEME:880685,breadth_ret1,0.23660714285714285,ACCEPTED,0.23660714285714285,224,224,3dd77c68f3f29601b59d09853a70977bfab15f3fba3edeca6737f75ef9d7bcc0,9f7ee99454374db02824b5c9d52e2da89fca30232bc291ddb1f48ef6db84b6c0,2ee46c732cbd9a2d9496fe9e4763efb9a1ab85568c9ae6e0d0e121bc4adb4265,164142652bf5b3032f4e1a8ee54fe2817a3f3b5130635cf04fb641a6e819211d
2026-09-30,THEME,THEME:880685,breadth_ret5,0.07589285714285714,ACCEPTED,0.07589285714285714,224,224,3dd77c68f3f29601b59d09853a70977bfab15f3fba3edeca6737f75ef9d7bcc0,9f7ee99454374db02824b5c9d52e2da89fca30232bc291ddb1f48ef6db84b6c0,2ee46c732cbd9a2d9496fe9e4763efb9a1ab85568c9ae6e0d0e121bc4adb4265,164142652bf5b3032f4e1a8ee54fe2817a3f3b5130635cf04fb641a6e819211d
2026-09-30,THEME,THEME:880685,breadth_ret20,0.21428571428571427,ACCEPTED,0.21428571428571427,224,224,3dd77c68f3f29601b59d09853a70977bfab15f3fba3edeca6737f75ef9d7bcc0,9f7ee99454374db02824b5c9d52e2da89fca30232bc291ddb1f48ef6db84b6c0,2ee46c732cbd9a2d9496fe9e4763efb9a1ab85568c9ae6e0d0e121bc4adb4265,164142652bf5b3032f4e1a8ee54fe2817a3f3b5130635cf04fb641a6e819211d
2026-09-30,THEME,THEME:880685,ma20_width,0.13392857142857142,ACCEPTED,0.13392857142857142,224,224,3dd77c68f3f29601b59d09853a70977bfab15f3fba3edeca6737f75ef9d7bcc0,9f7ee99454374db02824b5c9d52e2da89fca30232bc291ddb1f48ef6db84b6c0,2ee46c732cbd9a2d9496fe9e4763efb9a1ab85568c9ae6e0d0e121bc4adb4265,164142652bf5b3032f4e1a8ee54fe2817a3f3b5130635cf04fb641a6e819211d
2026-09-30,THEME,THEME:880686,sector_rs1,-0.0039525691699605625,ACCEPTED,-0.0039525691699605625,173,0,3dd77c68f3f29601b59d09853a70977bfab15f3fba3edeca6737f75ef9d7bcc0,9f7ee99454374db02824b5c9d52e2da89fca30232bc291ddb1f48ef6db84b6c0,2ee46c732cbd9a2d9496fe9e4763efb9a1ab85568c9ae6e0d0e121bc4adb4265,164142652bf5b3032f4e1a8ee54fe2817a3f3b5130635cf04fb641a6e819211d
2026-09-30,THEME,THEME:880686,sector_rs5,-0.02963553102063854,ACCEPTED,-0.02963553102063854,173,0,3dd77c68f3f29601b59d09853a70977bfab15f3fba3edeca6737f75ef9d7bcc0,9f7ee99454374db02824b5c9d52e2da89fca30232bc291ddb1f48ef6db84b6c0,2ee46c732cbd9a2d9496fe9e4763efb9a1ab85568c9ae6e0d0e121bc4adb4265,164142652bf5b3032f4e1a8ee54fe2817a3f3b5130635cf04fb641a6e819211d
2026-09-30,THEME,THEME:880686,sector_rs20,-0.04397163120567371,ACCEPTED,-0.04397163120567371,173,0,3dd77c68f3f29601b59d09853a70977bfab15f3fba3edeca6737f75ef9d7bcc0,9f7ee99454374db02824b5c9d52e2da89fca30232bc291ddb1f48ef6db84b6c0,2ee46c732cbd9a2d9496fe9e4763efb9a1ab85568c9ae6e0d0e121bc4adb4265,164142652bf5b3032f4e1a8ee54fe2817a3f3b5130635cf04fb641a6e819211d
2026-09-30,THEME,THEME:880686,breadth_ret1,0.3815028901734104,ACCEPTED,0.3815028901734104,173,173,3dd77c68f3f29601b59d09853a70977bfab15f3fba3edeca6737f75ef9d7bcc0,9f7ee99454374db02824b5c9d52e2da89fca30232bc291ddb1f48ef6db84b6c0,2ee46c732cbd9a2d9496fe9e4763efb9a1ab85568c9ae6e0d0e121bc4adb4265,164142652bf5b3032f4e1a8ee54fe2817a3f3b5130635cf04fb641a6e819211d
2026-09-30,THEME,THEME:880686,breadth_ret5,0.21511627906976744,ACCEPTED,0.21511627906976744,173,172,3dd77c68f3f29601b59d09853a70977bfab15f3fba3edeca6737f75ef9d7bcc0,9f7ee99454374db02824b5c9d52e2da89fca30232bc291ddb1f48ef6db84b6c0,2ee46c732cbd9a2d9496fe9e4763efb9a1ab85568c9ae6e0d0e121bc4adb4265,164142652bf5b3032f4e1a8ee54fe2817a3f3b5130635cf04fb641a6e819211d
2026-09-30,THEME,THEME:880686,breadth_ret20,0.23121387283236994,ACCEPTED,0.23121387283236994,173,173,3dd77c68f3f29601b59d09853a70977bfab15f3fba3edeca6737f75ef9d7bcc0,9f7ee99454374db02824b5c9d52e2da89fca30232bc291ddb1f48ef6db84b6c0,2ee46c732cbd9a2d9496fe9e4763efb9a1ab85568c9ae6e0d0e121bc4adb4265,164142652bf5b3032f4e1a8ee54fe2817a3f3b5130635cf04fb641a6e819211d
2026-09-30,THEME,THEME:880686,ma20_width,0.2947976878612717,ACCEPTED,0.2947976878612717,173,173,3dd77c68f3f29601b59d09853a70977bfab15f3fba3edeca6737f75ef9d7bcc0,9f7ee99454374db02824b5c9d52e2da89fca30232bc291ddb1f48ef6db84b6c0,2ee46c732cbd9a2d9496fe9e4763efb9a1ab85568c9ae6e0d0e121bc4adb4265,164142652bf5b3032f4e1a8ee54fe2817a3f3b5130635cf04fb641a6e819211d
2026-09-30,THEME,THEME:880688,sector_rs1,-0.009387410862080892,ACCEPTED,-0.009387410862080892,281,0,3dd77c68f3f29601b59d09853a70977bfab15f3fba3edeca6737f75ef9d7bcc0,9f7ee99454374db02824b5c9d52e2da89fca30232bc291ddb1f48ef6db84b6c0,2ee46c732cbd9a2d9496fe9e4763efb9a1ab85568c9ae6e0d0e121bc4adb4265,164142652bf5b3032f4e1a8ee54fe2817a3f3b5130635cf04fb641a6e819211d
2026-09-30,THEME,THEME:880688,sector_rs5,-0.033519553072625774,ACCEPTED,-0.033519553072625774,281,0,3dd77c68f3f29601b59d09853a70977bfab15f3fba3edeca6737f75ef9d7bcc0,9f7ee99454374db02824b5c9d52e2da89fca30232bc291ddb1f48ef6db84b6c0,2ee46c732cbd9a2d9496fe9e4763efb9a1ab85568c9ae6e0d0e121bc4adb4265,164142652bf5b3032f4e1a8ee54fe2817a3f3b5130635cf04fb641a6e819211d
2026-09-30,THEME,THEME:880688,sector_rs20,-0.04683648315529998,ACCEPTED,-0.04683648315529998,281,0,3dd77c68f3f29601b59d09853a70977bfab15f3fba3edeca6737f75ef9d7bcc0,9f7ee99454374db02824b5c9d52e2da89fca30232bc291ddb1f48ef6db84b6c0,2ee46c732cbd9a2d9496fe9e4763efb9a1ab85568c9ae6e0d0e121bc4adb4265,164142652bf5b3032f4e1a8ee54fe2817a3f3b5130635cf04fb641a6e819211d
2026-09-30,THEME,THEME:880688,breadth_ret1,0.25,ACCEPTED,0.25,281,280,3dd77c68f3f29601b59d09853a70977bfab15f3fba3edeca6737f75ef9d7bcc0,9f7ee99454374db02824b5c9d52e2da89fca30232bc291ddb1f48ef6db84b6c0,2ee46c732cbd9a2d9496fe9e4763efb9a1ab85568c9ae6e0d0e121bc4adb4265,164142652bf5b3032f4e1a8ee54fe2817a3f3b5130635cf04fb641a6e819211d
2026-09-30,THEME,THEME:880688,breadth_ret5,0.13523131672597866,ACCEPTED,0.13523131672597866,281,281,3dd77c68f3f29601b59d09853a70977bfab15f3fba3edeca6737f75ef9d7bcc0,9f7ee99454374db02824b5c9d52e2da89fca30232bc291ddb1f48ef6db84b6c0,2ee46c732cbd9a2d9496fe9e4763efb9a1ab85568c9ae6e0d0e121bc4adb4265,164142652bf5b3032f4e1a8ee54fe2817a3f3b5130635cf04fb641a6e819211d
2026-09-30,THEME,THEME:880688,breadth_ret20,0.2099644128113879,ACCEPTED,0.2099644128113879,281,281,3dd77c68f3f29601b59d09853a70977bfab15f3fba3edeca6737f75ef9d7bcc0,9f7ee99454374db02824b5c9d52e2da89fca30232bc291ddb1f48ef6db84b6c0,2ee46c732cbd9a2d9496fe9e4763efb9a1ab85568c9ae6e0d0e121bc4adb4265,164142652bf5b3032f4e1a8ee54fe2817a3f3b5130635cf04fb641a6e819211d
2026-09-30,THEME,THEME:880688,ma20_width,0.28825622775800713,ACCEPTED,0.28825622775800713,281,281,3dd77c68f3f29601b59d09853a70977bfab15f3fba3edeca6737f75ef9d7bcc0,9f7ee99454374db02824b5c9d52e2da89fca30232bc291ddb1f48ef6db84b6c0,2ee46c732cbd9a2d9496fe9e4763efb9a1ab85568c9ae6e0d0e121bc4adb4265,164142652bf5b3032f4e1a8ee54fe2817a3f3b5130635cf04fb641a6e819211d
2026-09-30,THEME,THEME:880689,sector_rs1,-0.012955465587044523,ACCEPTED,-0.012955465587044523,115,0,3dd77c68f3f29601b59d09853a70977bfab15f3fba3edeca6737f75ef9d7bcc0,9f7ee99454374db02824b5c9d52e2da89fca30232bc291ddb1f48ef6db84b6c0,2ee46c732cbd9a2d9496fe9e4763efb9a1ab85568c9ae6e0d0e121bc4adb4265,164142652bf5b3032f4e1a8ee54fe2817a3f3b5130635cf04fb641a6e819211d
2026-09-30,THEME,THEME:880689,sector_rs5,-0.049239681390296886,ACCEPTED,-0.049239681390296886,115,0,3dd77c68f3f29601b59d09853a70977bfab15f3fba3edeca6737f75ef9d7bcc0,9f7ee99454374db02824b5c9d52e2da89fca30232bc291ddb1f48ef6db84b6c0,2ee46c732cbd9a2d9496fe9e4763efb9a1ab85568c9ae6e0d0e121bc4adb4265,164142652bf5b3032f4e1a8ee54fe2817a3f3b5130635cf04fb641a6e819211d
2026-09-30,THEME,THEME:880689,sector_rs20,-0.06883604505632035,ACCEPTED,-0.06883604505632035,115,0,3dd77c68f3f29601b59d09853a70977bfab15f3fba3edeca6737f75ef9d7bcc0,9f7ee99454374db02824b5c9d52e2da89fca30232bc291ddb1f48ef6db84b6c0,2ee46c732cbd9a2d9496fe9e4763efb9a1ab85568c9ae6e0d0e121bc4adb4265,164142652bf5b3032f4e1a8ee54fe2817a3f3b5130635cf04fb641a6e819211d
2026-09-30,THEME,THEME:880689,breadth_ret1,0.2,ACCEPTED,0.2,115,115,3dd77c68f3f29601b59d09853a70977bfab15f3fba3edeca6737f75ef9d7bcc0,9f7ee99454374db02824b5c9d52e2da89fca30232bc291ddb1f48ef6db84b6c0,2ee46c732cbd9a2d9496fe9e4763efb9a1ab85568c9ae6e0d0e121bc4adb4265,164142652bf5b3032f4e1a8ee54fe2817a3f3b5130635cf04fb641a6e819211d
2026-09-30,THEME,THEME:880689,breadth_ret5,0.08695652173913043,ACCEPTED,0.08695652173913043,115,115,3dd77c68f3f29601b59d09853a70977bfab15f3fba3edeca6737f75ef9d7bcc0,9f7ee99454374db02824b5c9d52e2da89fca30232bc291ddb1f48ef6db84b6c0,2ee46c732cbd9a2d9496fe9e4763efb9a1ab85568c9ae6e0d0e121bc4adb4265,164142652bf5b3032f4e1a8ee54fe2817a3f3b5130635cf04fb641a6e819211d
2026-09-30,THEME,THEME:880689,breadth_ret20,0.19130434782608696,ACCEPTED,0.19130434782608696,115,115,3dd77c68f3f29601b59d09853a70977bfab15f3fba3edeca6737f75ef9d7bcc0,9f7ee99454374db02824b5c9d52e2da89fca30232bc291ddb1f48ef6db84b6c0,2ee46c732cbd9a2d9496fe9e4763efb9a1ab85568c9ae6e0d0e121bc4adb4265,164142652bf5b3032f4e1a8ee54fe2817a3f3b5130635cf04fb641a6e819211d
2026-09-30,THEME,THEME:880689,ma20_width,0.25217391304347825,ACCEPTED,0.25217391304347825,115,115,3dd77c68f3f29601b59d09853a70977bfab15f3fba3edeca6737f75ef9d7bcc0,9f7ee99454374db02824b5c9d52e2da89fca30232bc291ddb1f48ef6db84b6c0,2ee46c732cbd9a2d9496fe9e4763efb9a1ab85568c9ae6e0d0e121bc4adb4265,164142652bf5b3032f4e1a8ee54fe2817a3f3b5130635cf04fb641a6e819211d
2026-09-30,THEME,THEME:880692,sector_rs1,-0.011421118063056568,ACCEPTED,-0.011421118063056568,90,0,3dd77c68f3f29601b59d09853a70977bfab15f3fba3edeca6737f75ef9d7bcc0,9f7ee99454374db02824b5c9d52e2da89fca30232bc291ddb1f48ef6db84b6c0,2ee46c732cbd9a2d9496fe9e4763efb9a1ab85568c9ae6e0d0e121bc4adb4265,164142652bf5b3032f4e1a8ee54fe2817a3f3b5130635cf04fb641a6e819211d
2026-09-30,THEME,THEME:880692,sector_rs5,-0.0412523801751809,ACCEPTED,-0.0412523801751809,90,0,3dd77c68f3f29601b59d09853a70977bfab15f3fba3edeca6737f75ef9d7bcc0,9f7ee99454374db02824b5c9d52e2da89fca30232bc291ddb1f48ef6db84b6c0,2ee46c732cbd9a2d9496fe9e4763efb9a1ab85568c9ae6e0d0e121bc4adb4265,164142652bf5b3032f4e1a8ee54fe2817a3f3b5130635cf04fb641a6e819211d
2026-09-30,THEME,THEME:880692,sector_rs20,-0.045836396093667964,ACCEPTED,-0.045836396093667964,90,0,3dd77c68f3f29601b59d09853a70977bfab15f3fba3edeca6737f75ef9d7bcc0,9f7ee99454374db02824b5c9d52e2da89fca30232bc291ddb1f48ef6db84b6c0,2ee46c732cbd9a2d9496fe9e4763efb9a1ab85568c9ae6e0d0e121bc4adb4265,164142652bf5b3032f4e1a8ee54fe2817a3f3b5130635cf04fb641a6e819211d
2026-09-30,THEME,THEME:880692,breadth_ret1,0.2,ACCEPTED,0.2,90,90,3dd77c68f3f29601b59d09853a70977bfab15f3fba3edeca6737f75ef9d7bcc0,9f7ee99454374db02824b5c9d52e2da89fca30232bc291ddb1f48ef6db84b6c0,2ee46c732cbd9a2d9496fe9e4763efb9a1ab85568c9ae6e0d0e121bc4adb4265,164142652bf5b3032f4e1a8ee54fe2817a3f3b5130635cf04fb641a6e819211d
2026-09-30,THEME,THEME:880692,breadth_ret5,0.12222222222222222,ACCEPTED,0.12222222222222222,90,90,3dd77c68f3f29601b59d09853a70977bfab15f3fba3edeca6737f75ef9d7bcc0,9f7ee99454374db02824b5c9d52e2da89fca30232bc291ddb1f48ef6db84b6c0,2ee46c732cbd9a2d9496fe9e4763efb9a1ab85568c9ae6e0d0e121bc4adb4265,164142652bf5b3032f4e1a8ee54fe2817a3f3b5130635cf04fb641a6e819211d
2026-09-30,THEME,THEME:880692,breadth_ret20,0.2,ACCEPTED,0.2,90,90,3dd77c68f3f29601b59d09853a70977bfab15f3fba3edeca6737f75ef9d7bcc0,9f7ee99454374db02824b5c9d52e2da89fca30232bc291ddb1f48ef6db84b6c0,2ee46c732cbd9a2d9496fe9e4763efb9a1ab85568c9ae6e0d0e121bc4adb4265,164142652bf5b3032f4e1a8ee54fe2817a3f3b5130635cf04fb641a6e819211d
2026-09-30,THEME,THEME:880692,ma20_width,0.25555555555555554,ACCEPTED,0.25555555555555554,90,90,3dd77c68f3f29601b59d09853a70977bfab15f3fba3edeca6737f75ef9d7bcc0,9f7ee99454374db02824b5c9d52e2da89fca30232bc291ddb1f48ef6db84b6c0,2ee46c732cbd9a2d9496fe9e4763efb9a1ab85568c9ae6e0d0e121bc4adb4265,164142652bf5b3032f4e1a8ee54fe2817a3f3b5130635cf04fb641a6e819211d
2026-09-30,THEME,THEME:880693,sector_rs1,-0.011331444759206666,ACCEPTED,-0.011331444759206666,148,0,3dd77c68f3f29601b59d09853a70977bfab15f3fba3edeca6737f75ef9d7bcc0,9f7ee99454374db02824b5c9d52e2da89fca30232bc291ddb1f48ef6db84b6c0,2ee46c732cbd9a2d9496fe9e4763efb9a1ab85568c9ae6e0d0e121bc4adb4265,164142652bf5b3032f4e1a8ee54fe2817a3f3b5130635cf04fb641a6e819211d
2026-09-30,THEME,THEME:880693,sector_rs5,-0.04435678904428908,ACCEPTED,-0.04435678904428908,148,0,3dd77c68f3f29601b59d09853a70977bfab15f3fba3edeca6737f75ef9d7bcc0,9f7ee99454374db02824b5c9d52e2da89fca30232bc291ddb1f48ef6db84b6c0,2ee46c732cbd9a2d9496fe9e4763efb9a1ab85568c9ae6e0d0e121bc4adb4265,164142652bf5b3032f4e1a8ee54fe2817a3f3b5130635cf04fb641a6e819211d
2026-09-30,THEME,THEME:880693,sector_rs20,-0.06365039195614769,ACCEPTED,-0.06365039195614769,148,0,3dd77c68f3f29601b59d09853a70977bfab15f3fba3edeca6737f75ef9d7bcc0,9f7ee99454374db02824b5c9d52e2da89fca30232bc291ddb1f48ef6db84b6c0,2ee46c732cbd9a2d9496fe9e4763efb9a1ab85568c9ae6e0d0e121bc4adb4265,164142652bf5b3032f4e1a8ee54fe2817a3f3b5130635cf04fb641a6e819211d
2026-09-30,THEME,THEME:880693,breadth_ret1,0.24324324324324326,ACCEPTED,0.24324324324324326,148,148,3dd77c68f3f29601b59d09853a70977bfab15f3fba3edeca6737f75ef9d7bcc0,9f7ee99454374db02824b5c9d52e2da89fca30232bc291ddb1f48ef6db84b6c0,2ee46c732cbd9a2d9496fe9e4763efb9a1ab85568c9ae6e0d0e121bc4adb4265,164142652bf5b3032f4e1a8ee54fe2817a3f3b5130635cf04fb641a6e819211d
2026-09-30,THEME,THEME:880693,breadth_ret5,0.08783783783783784,ACCEPTED,0.08783783783783784,148,148,3dd77c68f3f29601b59d09853a70977bfab15f3fba3edeca6737f75ef9d7bcc0,9f7ee99454374db02824b5c9d52e2da89fca30232bc291ddb1f48ef6db84b6c0,2ee46c732cbd9a2d9496fe9e4763efb9a1ab85568c9ae6e0d0e121bc4adb4265,164142652bf5b3032f4e1a8ee54fe2817a3f3b5130635cf04fb641a6e819211d
2026-09-30,THEME,THEME:880693,breadth_ret20,0.20270270270270271,ACCEPTED,0.20270270270270271,148,148,3dd77c68f3f29601b59d09853a70977bfab15f3fba3edeca6737f75ef9d7bcc0,9f7ee99454374db02824b5c9d52e2da89fca30232bc291ddb1f48ef6db84b6c0,2ee46c732cbd9a2d9496fe9e4763efb9a1ab85568c9ae6e0d0e121bc4adb4265,164142652bf5b3032f4e1a8ee54fe2817a3f3b5130635cf04fb641a6e819211d
2026-09-30,THEME,THEME:880693,ma20_width,0.25675675675675674,ACCEPTED,0.25675675675675674,148,148,3dd77c68f3f29601b59d09853a70977bfab15f3fba3edeca6737f75ef9d7bcc0,9f7ee99454374db02824b5c9d52e2da89fca30232bc291ddb1f48ef6db84b6c0,2ee46c732cbd9a2d9496fe9e4763efb9a1ab85568c9ae6e0d0e121bc4adb4265,164142652bf5b3032f4e1a8ee54fe2817a3f3b5130635cf04fb641a6e819211d
2026-09-30,THEME,THEME:880695,sector_rs1,-0.004457652303120341,ACCEPTED,-0.004457652303120341,49,0,3dd77c68f3f29601b59d09853a70977bfab15f3fba3edeca6737f75ef9d7bcc0,9f7ee99454374db02824b5c9d52e2da89fca30232bc291ddb1f48ef6db84b6c0,2ee46c732cbd9a2d9496fe9e4763efb9a1ab85568c9ae6e0d0e121bc4adb4265,164142652bf5b3032f4e1a8ee54fe2817a3f3b5130635cf04fb641a6e819211d
2026-09-30,THEME,THEME:880695,sector_rs5,-0.04743935309973035,ACCEPTED,-0.04743935309973035,49,0,3dd77c68f3f29601b59d09853a70977bfab15f3fba3edeca6737f75ef9d7bcc0,9f7ee99454374db02824b5c9d52e2da89fca30232bc291ddb1f48ef6db84b6c0,2ee46c732cbd9a2d9496fe9e4763efb9a1ab85568c9ae6e0d0e121bc4adb4265,164142652bf5b3032f4e1a8ee54fe2817a3f3b5130635cf04fb641a6e819211d
2026-09-30,THEME,THEME:880695,sector_rs20,-0.05894962486602362,ACCEPTED,-0.05894962486602362,49,0,3dd77c68f3f29601b59d09853a70977bfab15f3fba3edeca6737f75ef9d7bcc0,9f7ee99454374db02824b5c9d52e2da89fca30232bc291ddb1f48ef6db84b6c0,2ee46c732cbd9a2d9496fe9e4763efb9a1ab85568c9ae6e0d0e121bc4adb4265,164142652bf5b3032f4e1a8ee54fe2817a3f3b5130635cf04fb641a6e819211d
2026-09-30,THEME,THEME:880695,breadth_ret1,0.4489795918367347,ACCEPTED,0.4489795918367347,49,49,3dd77c68f3f29601b59d09853a70977bfab15f3fba3edeca6737f75ef9d7bcc0,9f7ee99454374db02824b5c9d52e2da89fca30232bc291ddb1f48ef6db84b6c0,2ee46c732cbd9a2d9496fe9e4763efb9a1ab85568c9ae6e0d0e121bc4adb4265,164142652bf5b3032f4e1a8ee54fe2817a3f3b5130635cf04fb641a6e819211d
2026-09-30,THEME,THEME:880695,breadth_ret5,0.10204081632653061,ACCEPTED,0.10204081632653061,49,49,3dd77c68f3f29601b59d09853a70977bfab15f3fba3edeca6737f75ef9d7bcc0,9f7ee99454374db02824b5c9d52e2da89fca30232bc291ddb1f48ef6db84b6c0,2ee46c732cbd9a2d9496fe9e4763efb9a1ab85568c9ae6e0d0e121bc4adb4265,164142652bf5b3032f4e1a8ee54fe2817a3f3b5130635cf04fb641a6e819211d
2026-09-30,THEME,THEME:880695,breadth_ret20,0.12244897959183673,ACCEPTED,0.12244897959183673,49,49,3dd77c68f3f29601b59d09853a70977bfab15f3fba3edeca6737f75ef9d7bcc0,9f7ee99454374db02824b5c9d52e2da89fca30232bc291ddb1f48ef6db84b6c0,2ee46c732cbd9a2d9496fe9e4763efb9a1ab85568c9ae6e0d0e121bc4adb4265,164142652bf5b3032f4e1a8ee54fe2817a3f3b5130635cf04fb641a6e819211d
2026-09-30,THEME,THEME:880695,ma20_width,0.24489795918367346,ACCEPTED,0.24489795918367346,49,49,3dd77c68f3f29601b59d09853a70977bfab15f3fba3edeca6737f75ef9d7bcc0,9f7ee99454374db02824b5c9d52e2da89fca30232bc291ddb1f48ef6db84b6c0,2ee46c732cbd9a2d9496fe9e4763efb9a1ab85568c9ae6e0d0e121bc4adb4265,164142652bf5b3032f4e1a8ee54fe2817a3f3b5130635cf04fb641a6e819211d
2026-09-30,THEME,THEME:880696,sector_rs1,-0.0035655558911372176,ACCEPTED,-0.0035655558911372176,130,0,3dd77c68f3f29601b59d09853a70977bfab15f3fba3edeca6737f75ef9d7bcc0,9f7ee99454374db02824b5c9d52e2da89fca30232bc291ddb1f48ef6db84b6c0,2ee46c732cbd9a2d9496fe9e4763efb9a1ab85568c9ae6e0d0e121bc4adb4265,164142652bf5b3032f4e1a8ee54fe2817a3f3b5130635cf04fb641a6e819211d
2026-09-30,THEME,THEME:880696,sector_rs5,-0.03631840796019903,ACCEPTED,-0.03631840796019903,130,0,3dd77c68f3f29601b59d09853a70977bfab15f3fba3edeca6737f75ef9d7bcc0,9f7ee99454374db02824b5c9d52e2da89fca30232bc291ddb1f48ef6db84b6c0,2ee46c732cbd9a2d9496fe9e4763efb9a1ab85568c9ae6e0d0e121bc4adb4265,164142652bf5b3032f4e1a8ee54fe2817a3f3b5130635cf04fb641a6e819211d
2026-09-30,THEME,THEME:880696,sector_rs20,-0.05870882997350518,ACCEPTED,-0.05870882997350518,130,0,3dd77c68f3f29601b59d09853a70977bfab15f3fba3edeca6737f75ef9d7bcc0,9f7ee99454374db02824b5c9d52e2da89fca30232bc291ddb1f48ef6db84b6c0,2ee46c732cbd9a2d9496fe9e4763efb9a1ab85568c9ae6e0d0e121bc4adb4265,164142652bf5b3032f4e1a8ee54fe2817a3f3b5130635cf04fb641a6e819211d
2026-09-30,THEME,THEME:880696,breadth_ret1,0.3769230769230769,ACCEPTED,0.3769230769230769,130,130,3dd77c68f3f29601b59d09853a70977bfab15f3fba3edeca6737f75ef9d7bcc0,9f7ee99454374db02824b5c9d52e2da89fca30232bc291ddb1f48ef6db84b6c0,2ee46c732cbd9a2d9496fe9e4763efb9a1ab85568c9ae6e0d0e121bc4adb4265,164142652bf5b3032f4e1a8ee54fe2817a3f3b5130635cf04fb641a6e819211d
2026-09-30,THEME,THEME:880696,breadth_ret5,0.18604651162790697,ACCEPTED,0.18604651162790697,130,129,3dd77c68f3f29601b59d09853a70977bfab15f3fba3edeca6737f75ef9d7bcc0,9f7ee99454374db02824b5c9d52e2da89fca30232bc291ddb1f48ef6db84b6c0,2ee46c732cbd9a2d9496fe9e4763efb9a1ab85568c9ae6e0d0e121bc4adb4265,164142652bf5b3032f4e1a8ee54fe2817a3f3b5130635cf04fb641a6e819211d
2026-09-30,THEME,THEME:880696,breadth_ret20,0.2076923076923077,ACCEPTED,0.2076923076923077,130,130,3dd77c68f3f29601b59d09853a70977bfab15f3fba3edeca6737f75ef9d7bcc0,9f7ee99454374db02824b5c9d52e2da89fca30232bc291ddb1f48ef6db84b6c0,2ee46c732cbd9a2d9496fe9e4763efb9a1ab85568c9ae6e0d0e121bc4adb4265,164142652bf5b3032f4e1a8ee54fe2817a3f3b5130635cf04fb641a6e819211d
2026-09-30,THEME,THEME:880696,ma20_width,0.2692307692307692,ACCEPTED,0.2692307692307692,130,130,3dd77c68f3f29601b59d09853a70977bfab15f3fba3edeca6737f75ef9d7bcc0,9f7ee99454374db02824b5c9d52e2da89fca30232bc291ddb1f48ef6db84b6c0,2ee46c732cbd9a2d9496fe9e4763efb9a1ab85568c9ae6e0d0e121bc4adb4265,164142652bf5b3032f4e1a8ee54fe2817a3f3b5130635cf04fb641a6e819211d
2026-09-30,THEME,THEME:880697,sector_rs1,-0.005099150141643083,ACCEPTED,-0.005099150141643083,127,0,3dd77c68f3f29601b59d09853a70977bfab15f3fba3edeca6737f75ef9d7bcc0,9f7ee99454374db02824b5c9d52e2da89fca30232bc291ddb1f48ef6db84b6c0,2ee46c732cbd9a2d9496fe9e4763efb9a1ab85568c9ae6e0d0e121bc4adb4265,164142652bf5b3032f4e1a8ee54fe2817a3f3b5130635cf04fb641a6e819211d
2026-09-30,THEME,THEME:880697,sector_rs5,-0.030845196667721175,ACCEPTED,-0.030845196667721175,127,0,3dd77c68f3f29601b59d09853a70977bfab15f3fba3edeca6737f75ef9d7bcc0,9f7ee99454374db02824b5c9d52e2da89fca30232bc291ddb1f48ef6db84b6c0,2ee46c732cbd9a2d9496fe9e4763efb9a1ab85568c9ae6e0d0e121bc4adb4265,164142652bf5b3032f4e1a8ee54fe2817a3f3b5130635cf04fb641a6e819211d
2026-09-30,THEME,THEME:880697,sector_rs20,-0.04922863221849255,ACCEPTED,-0.04922863221849255,127,0,3dd77c68f3f29601b59d09853a70977bfab15f3fba3edeca6737f75ef9d7bcc0,9f7ee99454374db02824b5c9d52e2da89fca30232bc291ddb1f48ef6db84b6c0,2ee46c732cbd9a2d9496fe9e4763efb9a1ab85568c9ae6e0d0e121bc4adb4265,164142652bf5b3032f4e1a8ee54fe2817a3f3b5130635cf04fb641a6e819211d
2026-09-30,THEME,THEME:880697,breadth_ret1,0.3779527559055118,ACCEPTED,0.3779527559055118,127,127,3dd77c68f3f29601b59d09853a70977bfab15f3fba3edeca6737f75ef9d7bcc0,9f7ee99454374db02824b5c9d52e2da89fca30232bc291ddb1f48ef6db84b6c0,2ee46c732cbd9a2d9496fe9e4763efb9a1ab85568c9ae6e0d0e121bc4adb4265,164142652bf5b3032f4e1a8ee54fe2817a3f3b5130635cf04fb641a6e819211d
2026-09-30,THEME,THEME:880697,breadth_ret5,0.1746031746031746,ACCEPTED,0.1746031746031746,127,126,3dd77c68f3f29601b59d09853a70977bfab15f3fba3edeca6737f75ef9d7bcc0,9f7ee99454374db02824b5c9d52e2da89fca30232bc291ddb1f48ef6db84b6c0,2ee46c732cbd9a2d9496fe9e4763efb9a1ab85568c9ae6e0d0e121bc4adb4265,164142652bf5b3032f4e1a8ee54fe2817a3f3b5130635cf04fb641a6e819211d
2026-09-30,THEME,THEME:880697,breadth_ret20,0.23809523809523808,ACCEPTED,0.23809523809523808,127,126,3dd77c68f3f29601b59d09853a70977bfab15f3fba3edeca6737f75ef9d7bcc0,9f7ee99454374db02824b5c9d52e2da89fca30232bc291ddb1f48ef6db84b6c0,2ee46c732cbd9a2d9496fe9e4763efb9a1ab85568c9ae6e0d0e121bc4adb4265,164142652bf5b3032f4e1a8ee54fe2817a3f3b5130635cf04fb641a6e819211d
2026-09-30,THEME,THEME:880697,ma20_width,0.28346456692913385,ACCEPTED,0.28346456692913385,127,127,3dd77c68f3f29601b59d09853a70977bfab15f3fba3edeca6737f75ef9d7bcc0,9f7ee99454374db02824b5c9d52e2da89fca30232bc291ddb1f48ef6db84b6c0,2ee46c732cbd9a2d9496fe9e4763efb9a1ab85568c9ae6e0d0e121bc4adb4265,164142652bf5b3032f4e1a8ee54fe2817a3f3b5130635cf04fb641a6e819211d
2026-09-30,THEME,THEME:880703,sector_rs1,-0.007072850430902888,ACCEPTED,-0.007072850430902888,446,0,3dd77c68f3f29601b59d09853a70977bfab15f3fba3edeca6737f75ef9d7bcc0,9f7ee99454374db02824b5c9d52e2da89fca30232bc291ddb1f48ef6db84b6c0,2ee46c732cbd9a2d9496fe9e4763efb9a1ab85568c9ae6e0d0e121bc4adb4265,164142652bf5b3032f4e1a8ee54fe2817a3f3b5130635cf04fb641a6e819211d
2026-09-30,THEME,THEME:880703,sector_rs5,-0.04004576659038894,ACCEPTED,-0.04004576659038894,446,0,3dd77c68f3f29601b59d09853a70977bfab15f3fba3edeca6737f75ef9d7bcc0,9f7ee99454374db02824b5c9d52e2da89fca30232bc291ddb1f48ef6db84b6c0,2ee46c732cbd9a2d9496fe9e4763efb9a1ab85568c9ae6e0d0e121bc4adb4265,164142652bf5b3032f4e1a8ee54fe2817a3f3b5130635cf04fb641a6e819211d
2026-09-30,THEME,THEME:880703,sector_rs20,-0.049515608180839554,ACCEPTED,-0.049515608180839554,446,0,3dd77c68f3f29601b59d09853a70977bfab15f3fba3edeca6737f75ef9d7bcc0,9f7ee99454374db02824b5c9d52e2da89fca30232bc291ddb1f48ef6db84b6c0,2ee46c732cbd9a2d9496fe9e4763efb9a1ab85568c9ae6e0d0e121bc4adb4265,164142652bf5b3032f4e1a8ee54fe2817a3f3b5130635cf04fb641a6e819211d
2026-09-30,THEME,THEME:880703,breadth_ret1,0.3295964125560538,ACCEPTED,0.3295964125560538,446,446,3dd77c68f3f29601b59d09853a70977bfab15f3fba3edeca6737f75ef9d7bcc0,9f7ee99454374db02824b5c9d52e2da89fca30232bc291ddb1f48ef6db84b6c0,2ee46c732cbd9a2d9496fe9e4763efb9a1ab85568c9ae6e0d0e121bc4adb4265,164142652bf5b3032f4e1a8ee54fe2817a3f3b5130635cf04fb641a6e819211d
2026-09-30,THEME,THEME:880703,breadth_ret5,0.1348314606741573,ACCEPTED,0.1348314606741573,446,445,3dd77c68f3f29601b59d09853a70977bfab15f3fba3edeca6737f75ef9d7bcc0,9f7ee99454374db02824b5c9d52e2da89fca30232bc291ddb1f48ef6db84b6c0,2ee46c732cbd9a2d9496fe9e4763efb9a1ab85568c9ae6e0d0e121bc4adb4265,164142652bf5b3032f4e1a8ee54fe2817a3f3b5130635cf04fb641a6e819211d
2026-09-30,THEME,THEME:880703,breadth_ret20,0.25617977528089886,ACCEPTED,0.25617977528089886,446,445,3dd77c68f3f29601b59d09853a70977bfab15f3fba3edeca6737f75ef9d7bcc0,9f7ee99454374db02824b5c9d52e2da89fca30232bc291ddb1f48ef6db84b6c0,2ee46c732cbd9a2d9496fe9e4763efb9a1ab85568c9ae6e0d0e121bc4adb4265,164142652bf5b3032f4e1a8ee54fe2817a3f3b5130635cf04fb641a6e819211d
2026-09-30,THEME,THEME:880703,ma20_width,0.27802690582959644,ACCEPTED,0.27802690582959644,446,446,3dd77c68f3f29601b59d09853a70977bfab15f3fba3edeca6737f75ef9d7bcc0,9f7ee99454374db02824b5c9d52e2da89fca30232bc291ddb1f48ef6db84b6c0,2ee46c732cbd9a2d9496fe9e4763efb9a1ab85568c9ae6e0d0e121bc4adb4265,164142652bf5b3032f4e1a8ee54fe2817a3f3b5130635cf04fb641a6e819211d
2026-09-30,THEME,THEME:880704,sector_rs1,0.006759146237123481,ACCEPTED,0.006759146237123481,53,0,3dd77c68f3f29601b59d09853a70977bfab15f3fba3edeca6737f75ef9d7bcc0,9f7ee99454374db02824b5c9d52e2da89fca30232bc291ddb1f48ef6db84b6c0,2ee46c732cbd9a2d9496fe9e4763efb9a1ab85568c9ae6e0d0e121bc4adb4265,164142652bf5b3032f4e1a8ee54fe2817a3f3b5130635cf04fb641a6e819211d
2026-09-30,THEME,THEME:880704,sector_rs5,-0.021177532279497813,ACCEPTED,-0.021177532279497813,53,0,3dd77c68f3f29601b59d09853a70977bfab15f3fba3edeca6737f75ef9d7bcc0,9f7ee99454374db02824b5c9d52e2da89fca30232bc291ddb1f48ef6db84b6c0,2ee46c732cbd9a2d9496fe9e4763efb9a1ab85568c9ae6e0d0e121bc4adb4265,164142652bf5b3032f4e1a8ee54fe2817a3f3b5130635cf04fb641a6e819211d
2026-09-30,THEME,THEME:880704,sector_rs20,-0.04433800049127978,ACCEPTED,-0.04433800049127978,53,0,3dd77c68f3f29601b59d09853a70977bfab15f3fba3edeca6737f75ef9d7bcc0,9f7ee99454374db02824b5c9d52e2da89fca30232bc291ddb1f48ef6db84b6c0,2ee46c732cbd9a2d9496fe9e4763efb9a1ab85568c9ae6e0d0e121bc4adb4265,164142652bf5b3032f4e1a8ee54fe2817a3f3b5130635cf04fb641a6e819211d
2026-09-30,THEME,THEME:880704,breadth_ret1,0.6730769230769231,ACCEPTED,0.6730769230769231,53,52,3dd77c68f3f29601b59d09853a70977bfab15f3fba3edeca6737f75ef9d7bcc0,9f7ee99454374db02824b5c9d52e2da89fca30232bc291ddb1f48ef6db84b6c0,2ee46c732cbd9a2d9496fe9e4763efb9a1ab85568c9ae6e0d0e121bc4adb4265,164142652bf5b3032f4e1a8ee54fe2817a3f3b5130635cf04fb641a6e819211d
2026-09-30,THEME,THEME:880704,breadth_ret5,0.19230769230769232,ACCEPTED,0.19230769230769232,53,52,3dd77c68f3f29601b59d09853a70977bfab15f3fba3edeca6737f75ef9d7bcc0,9f7ee99454374db02824b5c9d52e2da89fca30232bc291ddb1f48ef6db84b6c0,2ee46c732cbd9a2d9496fe9e4763efb9a1ab85568c9ae6e0d0e121bc4adb4265,164142652bf5b3032f4e1a8ee54fe2817a3f3b5130635cf04fb641a6e819211d
2026-09-30,THEME,THEME:880704,breadth_ret20,0.21153846153846154,ACCEPTED,0.21153846153846154,53,52,3dd77c68f3f29601b59d09853a70977bfab15f3fba3edeca6737f75ef9d7bcc0,9f7ee99454374db02824b5c9d52e2da89fca30232bc291ddb1f48ef6db84b6c0,2ee46c732cbd9a2d9496fe9e4763efb9a1ab85568c9ae6e0d0e121bc4adb4265,164142652bf5b3032f4e1a8ee54fe2817a3f3b5130635cf04fb641a6e819211d
2026-09-30,THEME,THEME:880704,ma20_width,0.34615384615384615,ACCEPTED,0.34615384615384615,53,52,3dd77c68f3f29601b59d09853a70977bfab15f3fba3edeca6737f75ef9d7bcc0,9f7ee99454374db02824b5c9d52e2da89fca30232bc291ddb1f48ef6db84b6c0,2ee46c732cbd9a2d9496fe9e4763efb9a1ab85568c9ae6e0d0e121bc4adb4265,164142652bf5b3032f4e1a8ee54fe2817a3f3b5130635cf04fb641a6e819211d
2026-09-30,THEME,THEME:880705,sector_rs1,0.001242236024844745,ACCEPTED,0.001242236024844745,400,0,3dd77c68f3f29601b59d09853a70977bfab15f3fba3edeca6737f75ef9d7bcc0,9f7ee99454374db02824b5c9d52e2da89fca30232bc291ddb1f48ef6db84b6c0,2ee46c732cbd9a2d9496fe9e4763efb9a1ab85568c9ae6e0d0e121bc4adb4265,164142652bf5b3032f4e1a8ee54fe2817a3f3b5130635cf04fb641a6e819211d
2026-09-30,THEME,THEME:880705,sector_rs5,-0.029011809884531392,ACCEPTED,-0.029011809884531392,400,0,3dd77c68f3f29601b59d09853a70977bfab15f3fba3edeca6737f75ef9d7bcc0,9f7ee99454374db02824b5c9d52e2da89fca30232bc291ddb1f48ef6db84b6c0,2ee46c732cbd9a2d9496fe9e4763efb9a1ab85568c9ae6e0d0e121bc4adb4265,164142652bf5b3032f4e1a8ee54fe2817a3f3b5130635cf04fb641a6e819211d
2026-09-30,THEME,THEME:880705,sector_rs20,-0.04399999999999993,ACCEPTED,-0.04399999999999993,400,0,3dd77c68f3f29601b59d09853a70977bfab15f3fba3edeca6737f75ef9d7bcc0,9f7ee99454374db02824b5c9d52e2da89fca30232bc291ddb1f48ef6db84b6c0,2ee46c732cbd9a2d9496fe9e4763efb9a1ab85568c9ae6e0d0e121bc4adb4265,164142652bf5b3032f4e1a8ee54fe2817a3f3b5130635cf04fb641a6e819211d
2026-09-30,THEME,THEME:880705,breadth_ret1,0.5087719298245614,ACCEPTED,0.5087719298245614,400,399,3dd77c68f3f29601b59d09853a70977bfab15f3fba3edeca6737f75ef9d7bcc0,9f7ee99454374db02824b5c9d52e2da89fca30232bc291ddb1f48ef6db84b6c0,2ee46c732cbd9a2d9496fe9e4763efb9a1ab85568c9ae6e0d0e121bc4adb4265,164142652bf5b3032f4e1a8ee54fe2817a3f3b5130635cf04fb641a6e819211d
2026-09-30,THEME,THEME:880705,breadth_ret5,0.23618090452261306,ACCEPTED,0.23618090452261306,400,398,3dd77c68f3f29601b59d09853a70977bfab15f3fba3edeca6737f75ef9d7bcc0,9f7ee99454374db02824b5c9d52e2da89fca30232bc291ddb1f48ef6db84b6c0,2ee46c732cbd9a2d9496fe9e4763efb9a1ab85568c9ae6e0d0e121bc4adb4265,164142652bf5b3032f4e1a8ee54fe2817a3f3b5130635cf04fb641a6e819211d
2026-09-30,THEME,THEME:880705,breadth_ret20,0.2141057934508816,ACCEPTED,0.2141057934508816,400,397,3dd77c68f3f29601b59d09853a70977bfab15f3fba3edeca6737f75ef9d7bcc0,9f7ee99454374db02824b5c9d52e2da89fca30232bc291ddb1f48ef6db84b6c0,2ee46c732cbd9a2d9496fe9e4763efb9a1ab85568c9ae6e0d0e121bc4adb4265,164142652bf5b3032f4e1a8ee54fe2817a3f3b5130635cf04fb641a6e819211d
2026-09-30,THEME,THEME:880705,ma20_width,0.27889447236180903,ACCEPTED,0.27889447236180903,400,398,3dd77c68f3f29601b59d09853a70977bfab15f3fba3edeca6737f75ef9d7bcc0,9f7ee99454374db02824b5c9d52e2da89fca30232bc291ddb1f48ef6db84b6c0,2ee46c732cbd9a2d9496fe9e4763efb9a1ab85568c9ae6e0d0e121bc4adb4265,164142652bf5b3032f4e1a8ee54fe2817a3f3b5130635cf04fb641a6e819211d
2026-09-30,THEME,THEME:880706,sector_rs1,0.020785219399538146,ACCEPTED,0.020785219399538146,19,0,3dd77c68f3f29601b59d09853a70977bfab15f3fba3edeca6737f75ef9d7bcc0,9f7ee99454374db02824b5c9d52e2da89fca30232bc291ddb1f48ef6db84b6c0,2ee46c732cbd9a2d9496fe9e4763efb9a1ab85568c9ae6e0d0e121bc4adb4265,164142652bf5b3032f4e1a8ee54fe2817a3f3b5130635cf04fb641a6e819211d
2026-09-30,THEME,THEME:880706,sector_rs5,0.0060422960725075026,ACCEPTED,0.0060422960725075026,19,0,3dd77c68f3f29601b59d09853a70977bfab15f3fba3edeca6737f75ef9d7bcc0,9f7ee99454374db02824b5c9d52e2da89fca30232bc291ddb1f48ef6db84b6c0,2ee46c732cbd9a2d9496fe9e4763efb9a1ab85568c9ae6e0d0e121bc4adb4265,164142652bf5b3032f4e1a8ee54fe2817a3f3b5130635cf04fb641a6e819211d
2026-09-30,THEME,THEME:880706,sector_rs20,-0.015637216575449475,ACCEPTED,-0.015637216575449475,19,0,3dd77c68f3f29601b59d09853a70977bfab15f3fba3edeca6737f75ef9d7bcc0,9f7ee99454374db02824b5c9d52e2da89fca30232bc291ddb1f48ef6db84b6c0,2ee46c732cbd9a2d9496fe9e4763efb9a1ab85568c9ae6e0d0e121bc4adb4265,164142652bf5b3032f4e1a8ee54fe2817a3f3b5130635cf04fb641a6e819211d
2026-09-30,THEME,THEME:880706,breadth_ret1,0.8421052631578947,ACCEPTED,0.8421052631578947,19,19,3dd77c68f3f29601b59d09853a70977bfab15f3fba3edeca6737f75ef9d7bcc0,9f7ee99454374db02824b5c9d52e2da89fca30232bc291ddb1f48ef6db84b6c0,2ee46c732cbd9a2d9496fe9e4763efb9a1ab85568c9ae6e0d0e121bc4adb4265,164142652bf5b3032f4e1a8ee54fe2817a3f3b5130635cf04fb641a6e819211d
2026-09-30,THEME,THEME:880706,breadth_ret5,0.5789473684210527,ACCEPTED,0.5789473684210527,19,19,3dd77c68f3f29601b59d09853a70977bfab15f3fba3edeca6737f75ef9d7bcc0,9f7ee99454374db02824b5c9d52e2da89fca30232bc291ddb1f48ef6db84b6c0,2ee46c732cbd9a2d9496fe9e4763efb9a1ab85568c9ae6e0d0e121bc4adb4265,164142652bf5b3032f4e1a8ee54fe2817a3f3b5130635cf04fb641a6e819211d
2026-09-30,THEME,THEME:880706,breadth_ret20,0.47368421052631576,ACCEPTED,0.47368421052631576,19,19,3dd77c68f3f29601b59d09853a70977bfab15f3fba3edeca6737f75ef9d7bcc0,9f7ee99454374db02824b5c9d52e2da89fca30232bc291ddb1f48ef6db84b6c0,2ee46c732cbd9a2d9496fe9e4763efb9a1ab85568c9ae6e0d0e121bc4adb4265,164142652bf5b3032f4e1a8ee54fe2817a3f3b5130635cf04fb641a6e819211d
2026-09-30,THEME,THEME:880706,ma20_width,0.7894736842105263,ACCEPTED,0.7894736842105263,19,19,3dd77c68f3f29601b59d09853a70977bfab15f3fba3edeca6737f75ef9d7bcc0,9f7ee99454374db02824b5c9d52e2da89fca30232bc291ddb1f48ef6db84b6c0,2ee46c732cbd9a2d9496fe9e4763efb9a1ab85568c9ae6e0d0e121bc4adb4265,164142652bf5b3032f4e1a8ee54fe2817a3f3b5130635cf04fb641a6e819211d
2026-09-30,THEME,THEME:880707,sector_rs1,0.006619075040083189,ACCEPTED,0.006619075040083189,120,0,3dd77c68f3f29601b59d09853a70977bfab15f3fba3edeca6737f75ef9d7bcc0,9f7ee99454374db02824b5c9d52e2da89fca30232bc291ddb1f48ef6db84b6c0,2ee46c732cbd9a2d9496fe9e4763efb9a1ab85568c9ae6e0d0e121bc4adb4265,164142652bf5b3032f4e1a8ee54fe2817a3f3b5130635cf04fb641a6e819211d
2026-09-30,THEME,THEME:880707,sector_rs5,-0.010004445826640562,ACCEPTED,-0.010004445826640562,120,0,3dd77c68f3f29601b59d09853a70977bfab15f3fba3edeca6737f75ef9d7bcc0,9f7ee99454374db02824b5c9d52e2da89fca30232bc291ddb1f48ef6db84b6c0,2ee46c732cbd9a2d9496fe9e4763efb9a1ab85568c9ae6e0d0e121bc4adb4265,164142652bf5b3032f4e1a8ee54fe2817a3f3b5130635cf04fb641a6e819211d
2026-09-30,THEME,THEME:880707,sector_rs20,-0.01673150719292149,ACCEPTED,-0.01673150719292149,120,0,3dd77c68f3f29601b59d09853a70977bfab15f3fba3edeca6737f75ef9d7bcc0,9f7ee99454374db02824b5c9d52e2da89fca30232bc291ddb1f48ef6db84b6c0,2ee46c732cbd9a2d9496fe9e4763efb9a1ab85568c9ae6e0d0e121bc4adb4265,164142652bf5b3032f4e1a8ee54fe2817a3f3b5130635cf04fb641a6e819211d
2026-09-30,THEME,THEME:880707,breadth_ret1,0.6416666666666667,ACCEPTED,0.6416666666666667,120,120,3dd77c68f3f29601b59d09853a70977bfab15f3fba3edeca6737f75ef9d7bcc0,9f7ee99454374db02824b5c9d52e2da89fca30232bc291ddb1f48ef6db84b6c0,2ee46c732cbd9a2d9496fe9e4763efb9a1ab85568c9ae6e0d0e121bc4adb4265,164142652bf5b3032f4e1a8ee54fe2817a3f3b5130635cf04fb641a6e819211d
2026-09-30,THEME,THEME:880707,breadth_ret5,0.3,ACCEPTED,0.3,120,120,3dd77c68f3f29601b59d09853a70977bfab15f3fba3edeca6737f75ef9d7bcc0,9f7ee99454374db02824b5c9d52e2da89fca30232bc291ddb1f48ef6db84b6c0,2ee46c732cbd9a2d9496fe9e4763efb9a1ab85568c9ae6e0d0e121bc4adb4265,164142652bf5b3032f4e1a8ee54fe2817a3f3b5130635cf04fb641a6e819211d
2026-09-30,THEME,THEME:880707,breadth_ret20,0.38333333333333336,ACCEPTED,0.38333333333333336,120,120,3dd77c68f3f29601b59d09853a70977bfab15f3fba3edeca6737f75ef9d7bcc0,9f7ee99454374db02824b5c9d52e2da89fca30232bc291ddb1f48ef6db84b6c0,2ee46c732cbd9a2d9496fe9e4763efb9a1ab85568c9ae6e0d0e121bc4adb4265,164142652bf5b3032f4e1a8ee54fe2817a3f3b5130635cf04fb641a6e819211d
2026-09-30,THEME,THEME:880707,ma20_width,0.5416666666666666,ACCEPTED,0.5416666666666666,120,120,3dd77c68f3f29601b59d09853a70977bfab15f3fba3edeca6737f75ef9d7bcc0,9f7ee99454374db02824b5c9d52e2da89fca30232bc291ddb1f48ef6db84b6c0,2ee46c732cbd9a2d9496fe9e4763efb9a1ab85568c9ae6e0d0e121bc4adb4265,164142652bf5b3032f4e1a8ee54fe2817a3f3b5130635cf04fb641a6e819211d
2026-09-30,THEME,THEME:880709,sector_rs1,0.007380073800737907,ACCEPTED,0.007380073800737907,21,0,3dd77c68f3f29601b59d09853a70977bfab15f3fba3edeca6737f75ef9d7bcc0,9f7ee99454374db02824b5c9d52e2da89fca30232bc291ddb1f48ef6db84b6c0,2ee46c732cbd9a2d9496fe9e4763efb9a1ab85568c9ae6e0d0e121bc4adb4265,164142652bf5b3032f4e1a8ee54fe2817a3f3b5130635cf04fb641a6e819211d
2026-09-30,THEME,THEME:880709,sector_rs5,-0.047667342799188495,ACCEPTED,-0.047667342799188495,21,0,3dd77c68f3f29601b59d09853a70977bfab15f3fba3edeca6737f75ef9d7bcc0,9f7ee99454374db02824b5c9d52e2da89fca30232bc291ddb1f48ef6db84b6c0,2ee46c732cbd9a2d9496fe9e4763efb9a1ab85568c9ae6e0d0e121bc4adb4265,164142652bf5b3032f4e1a8ee54fe2817a3f3b5130635cf04fb641a6e819211d
2026-09-30,THEME,THEME:880709,sector_rs20,-0.016522988505747183,ACCEPTED,-0.016522988505747183,21,0,3dd77c68f3f29601b59d09853a70977bfab15f3fba3edeca6737f75ef9d7bcc0,9f7ee99454374db02824b5c9d52e2da89fca30232bc291ddb1f48ef6db84b6c0,2ee46c732cbd9a2d9496fe9e4763efb9a1ab85568c9ae6e0d0e121bc4adb4265,164142652bf5b3032f4e1a8ee54fe2817a3f3b5130635cf04fb641a6e819211d
2026-09-30,THEME,THEME:880709,breadth_ret1,0.7142857142857143,ACCEPTED,0.7142857142857143,21,21,3dd77c68f3f29601b59d09853a70977bfab15f3fba3edeca6737f75ef9d7bcc0,9f7ee99454374db02824b5c9d52e2da89fca30232bc291ddb1f48ef6db84b6c0,2ee46c732cbd9a2d9496fe9e4763efb9a1ab85568c9ae6e0d0e121bc4adb4265,164142652bf5b3032f4e1a8ee54fe2817a3f3b5130635cf04fb641a6e819211d
2026-09-30,THEME,THEME:880709,breadth_ret5,0.23809523809523808,ACCEPTED,0.23809523809523808,21,21,3dd77c68f3f29601b59d09853a70977bfab15f3fba3edeca6737f75ef9d7bcc0,9f7ee99454374db02824b5c9d52e2da89fca30232bc291ddb1f48ef6db84b6c0,2ee46c732cbd9a2d9496fe9e4763efb9a1ab85568c9ae6e0d0e121bc4adb4265,164142652bf5b3032f4e1a8ee54fe2817a3f3b5130635cf04fb641a6e819211d
2026-09-30,THEME,THEME:880709,breadth_ret20,0.38095238095238093,ACCEPTED,0.38095238095238093,21,21,3dd77c68f3f29601b59d09853a70977bfab15f3fba3edeca6737f75ef9d7bcc0,9f7ee99454374db02824b5c9d52e2da89fca30232bc291ddb1f48ef6db84b6c0,2ee46c732cbd9a2d9496fe9e4763efb9a1ab85568c9ae6e0d0e121bc4adb4265,164142652bf5b3032f4e1a8ee54fe2817a3f3b5130635cf04fb641a6e819211d
2026-09-30,THEME,THEME:880709,ma20_width,0.42857142857142855,ACCEPTED,0.42857142857142855,21,21,3dd77c68f3f29601b59d09853a70977bfab15f3fba3edeca6737f75ef9d7bcc0,9f7ee99454374db02824b5c9d52e2da89fca30232bc291ddb1f48ef6db84b6c0,2ee46c732cbd9a2d9496fe9e4763efb9a1ab85568c9ae6e0d0e121bc4adb4265,164142652bf5b3032f4e1a8ee54fe2817a3f3b5130635cf04fb641a6e819211d
2026-09-30,THEME,THEME:880710,sector_rs1,0.03484115893998785,ACCEPTED,0.03484115893998785,10,0,3dd77c68f3f29601b59d09853a70977bfab15f3fba3edeca6737f75ef9d7bcc0,9f7ee99454374db02824b5c9d52e2da89fca30232bc291ddb1f48ef6db84b6c0,2ee46c732cbd9a2d9496fe9e4763efb9a1ab85568c9ae6e0d0e121bc4adb4265,164142652bf5b3032f4e1a8ee54fe2817a3f3b5130635cf04fb641a6e819211d
2026-09-30,THEME,THEME:880710,sector_rs5,-0.06741952158056458,ACCEPTED,-0.06741952158056458,10,0,3dd77c68f3f29601b59d09853a70977bfab15f3fba3edeca6737f75ef9d7bcc0,9f7ee99454374db02824b5c9d52e2da89fca30232bc291ddb1f48ef6db84b6c0,2ee46c732cbd9a2d9496fe9e4763efb9a1ab85568c9ae6e0d0e121bc4adb4265,164142652bf5b3032f4e1a8ee54fe2817a3f3b5130635cf04fb641a6e819211d
2026-09-30,THEME,THEME:880710,sector_rs20,-0.11973004499250123,ACCEPTED,-0.11973004499250123,10,0,3dd77c68f3f29601b59d09853a70977bfab15f3fba3edeca6737f75ef9d7bcc0,9f7ee99454374db02824b5c9d52e2da89fca30232bc291ddb1f48ef6db84b6c0,2ee46c732cbd9a2d9496fe9e4763efb9a1ab85568c9ae6e0d0e121bc4adb4265,164142652bf5b3032f4e1a8ee54fe2817a3f3b5130635cf04fb641a6e819211d
2026-09-30,THEME,THEME:880710,breadth_ret1,1.0,ACCEPTED,1.0,10,10,3dd77c68f3f29601b59d09853a70977bfab15f3fba3edeca6737f75ef9d7bcc0,9f7ee99454374db02824b5c9d52e2da89fca30232bc291ddb1f48ef6db84b6c0,2ee46c732cbd9a2d9496fe9e4763efb9a1ab85568c9ae6e0d0e121bc4adb4265,164142652bf5b3032f4e1a8ee54fe2817a3f3b5130635cf04fb641a6e819211d
2026-09-30,THEME,THEME:880710,breadth_ret5,0.0,ACCEPTED,0.0,10,10,3dd77c68f3f29601b59d09853a70977bfab15f3fba3edeca6737f75ef9d7bcc0,9f7ee99454374db02824b5c9d52e2da89fca30232bc291ddb1f48ef6db84b6c0,2ee46c732cbd9a2d9496fe9e4763efb9a1ab85568c9ae6e0d0e121bc4adb4265,164142652bf5b3032f4e1a8ee54fe2817a3f3b5130635cf04fb641a6e819211d
2026-09-30,THEME,THEME:880710,breadth_ret20,0.1,ACCEPTED,0.1,10,10,3dd77c68f3f29601b59d09853a70977bfab15f3fba3edeca6737f75ef9d7bcc0,9f7ee99454374db02824b5c9d52e2da89fca30232bc291ddb1f48ef6db84b6c0,2ee46c732cbd9a2d9496fe9e4763efb9a1ab85568c9ae6e0d0e121bc4adb4265,164142652bf5b3032f4e1a8ee54fe2817a3f3b5130635cf04fb641a6e819211d
2026-09-30,THEME,THEME:880710,ma20_width,0.0,ACCEPTED,0.0,10,10,3dd77c68f3f29601b59d09853a70977bfab15f3fba3edeca6737f75ef9d7bcc0,9f7ee99454374db02824b5c9d52e2da89fca30232bc291ddb1f48ef6db84b6c0,2ee46c732cbd9a2d9496fe9e4763efb9a1ab85568c9ae6e0d0e121bc4adb4265,164142652bf5b3032f4e1a8ee54fe2817a3f3b5130635cf04fb641a6e819211d
2026-09-30,THEME,THEME:880711,sector_rs1,-0.010987411233053523,ACCEPTED,-0.010987411233053523,56,0,3dd77c68f3f29601b59d09853a70977bfab15f3fba3edeca6737f75ef9d7bcc0,9f7ee99454374db02824b5c9d52e2da89fca30232bc291ddb1f48ef6db84b6c0,2ee46c732cbd9a2d9496fe9e4763efb9a1ab85568c9ae6e0d0e121bc4adb4265,164142652bf5b3032f4e1a8ee54fe2817a3f3b5130635cf04fb641a6e819211d
2026-09-30,THEME,THEME:880711,sector_rs5,-0.05352855401890472,ACCEPTED,-0.05352855401890472,56,0,3dd77c68f3f29601b59d09853a70977bfab15f3fba3edeca6737f75ef9d7bcc0,9f7ee99454374db02824b5c9d52e2da89fca30232bc291ddb1f48ef6db84b6c0,2ee46c732cbd9a2d9496fe9e4763efb9a1ab85568c9ae6e0d0e121bc4adb4265,164142652bf5b3032f4e1a8ee54fe2817a3f3b5130635cf04fb641a6e819211d
2026-09-30,THEME,THEME:880711,sector_rs20,-0.0682970624095155,ACCEPTED,-0.0682970624095155,56,0,3dd77c68f3f29601b59d09853a70977bfab15f3fba3edeca6737f75ef9d7bcc0,9f7ee99454374db02824b5c9d52e2da89fca30232bc291ddb1f48ef6db84b6c0,2ee46c732cbd9a2d9496fe9e4763efb9a1ab85568c9ae6e0d0e121bc4adb4265,164142652bf5b3032f4e1a8ee54fe2817a3f3b5130635cf04fb641a6e819211d
2026-09-30,THEME,THEME:880711,breadth_ret1,0.23214285714285715,ACCEPTED,0.23214285714285715,56,56,3dd77c68f3f29601b59d09853a70977bfab15f3fba3edeca6737f75ef9d7bcc0,9f7ee99454374db02824b5c9d52e2da89fca30232bc291ddb1f48ef6db84b6c0,2ee46c732cbd9a2d9496fe9e4763efb9a1ab85568c9ae6e0d0e121bc4adb4265,164142652bf5b3032f4e1a8ee54fe2817a3f3b5130635cf04fb641a6e819211d
2026-09-30,THEME,THEME:880711,breadth_ret5,0.16071428571428573,ACCEPTED,0.16071428571428573,56,56,3dd77c68f3f29601b59d09853a70977bfab15f3fba3edeca6737f75ef9d7bcc0,9f7ee99454374db02824b5c9d52e2da89fca30232bc291ddb1f48ef6db84b6c0,2ee46c732cbd9a2d9496fe9e4763efb9a1ab85568c9ae6e0d0e121bc4adb4265,164142652bf5b3032f4e1a8ee54fe2817a3f3b5130635cf04fb641a6e819211d
2026-09-30,THEME,THEME:880711,breadth_ret20,0.19642857142857142,ACCEPTED,0.19642857142857142,56,56,3dd77c68f3f29601b59d09853a70977bfab15f3fba3edeca6737f75ef9d7bcc0,9f7ee99454374db02824b5c9d52e2da89fca30232bc291ddb1f48ef6db84b6c0,2ee46c732cbd9a2d9496fe9e4763efb9a1ab85568c9ae6e0d0e121bc4adb4265,164142652bf5b3032f4e1a8ee54fe2817a3f3b5130635cf04fb641a6e819211d
2026-09-30,THEME,THEME:880711,ma20_width,0.25,ACCEPTED,0.25,56,56,3dd77c68f3f29601b59d09853a70977bfab15f3fba3edeca6737f75ef9d7bcc0,9f7ee99454374db02824b5c9d52e2da89fca30232bc291ddb1f48ef6db84b6c0,2ee46c732cbd9a2d9496fe9e4763efb9a1ab85568c9ae6e0d0e121bc4adb4265,164142652bf5b3032f4e1a8ee54fe2817a3f3b5130635cf04fb641a6e819211d
2026-09-30,THEME,THEME:880713,sector_rs1,-0.0025169449105453823,ACCEPTED,-0.0025169449105453823,43,0,3dd77c68f3f29601b59d09853a70977bfab15f3fba3edeca6737f75ef9d7bcc0,9f7ee99454374db02824b5c9d52e2da89fca30232bc291ddb1f48ef6db84b6c0,2ee46c732cbd9a2d9496fe9e4763efb9a1ab85568c9ae6e0d0e121bc4adb4265,164142652bf5b3032f4e1a8ee54fe2817a3f3b5130635cf04fb641a6e819211d
2026-09-30,THEME,THEME:880713,sector_rs5,-0.03602072633200065,ACCEPTED,-0.03602072633200065,43,0,3dd77c68f3f29601b59d09853a70977bfab15f3fba3edeca6737f75ef9d7bcc0,9f7ee99454374db02824b5c9d52e2da89fca30232bc291ddb1f48ef6db84b6c0,2ee46c732cbd9a2d9496fe9e4763efb9a1ab85568c9ae6e0d0e121bc4adb4265,164142652bf5b3032f4e1a8ee54fe2817a3f3b5130635cf04fb641a6e819211d
2026-09-30,THEME,THEME:880713,sector_rs20,-0.04945578979913745,ACCEPTED,-0.04945578979913745,43,0,3dd77c68f3f29601b59d09853a70977bfab15f3fba3edeca6737f75ef9d7bcc0,9f7ee99454374db02824b5c9d52e2da89fca30232bc291ddb1f48ef6db84b6c0,2ee46c732cbd9a2d9496fe9e4763efb9a1ab85568c9ae6e0d0e121bc4adb4265,164142652bf5b3032f4e1a8ee54fe2817a3f3b5130635cf04fb641a6e819211d
2026-09-30,THEME,THEME:880713,breadth_ret1,0.40476190476190477,ACCEPTED,0.40476190476190477,43,42,3dd77c68f3f29601b59d09853a70977bfab15f3fba3edeca6737f75ef9d7bcc0,9f7ee99454374db02824b5c9d52e2da89fca30232bc291ddb1f48ef6db84b6c0,2ee46c732cbd9a2d9496fe9e4763efb9a1ab85568c9ae6e0d0e121bc4adb4265,164142652bf5b3032f4e1a8ee54fe2817a3f3b5130635cf04fb641a6e819211d
2026-09-30,THEME,THEME:880713,breadth_ret5,0.16666666666666666,ACCEPTED,0.16666666666666666,43,42,3dd77c68f3f29601b59d09853a70977bfab15f3fba3edeca6737f75ef9d7bcc0,9f7ee99454374db02824b5c9d52e2da89fca30232bc291ddb1f48ef6db84b6c0,2ee46c732cbd9a2d9496fe9e4763efb9a1ab85568c9ae6e0d0e121bc4adb4265,164142652bf5b3032f4e1a8ee54fe2817a3f3b5130635cf04fb641a6e819211d
2026-09-30,THEME,THEME:880713,breadth_ret20,0.2619047619047619,ACCEPTED,0.2619047619047619,43,42,3dd77c68f3f29601b59d09853a70977bfab15f3fba3edeca6737f75ef9d7bcc0,9f7ee99454374db02824b5c9d52e2da89fca30232bc291ddb1f48ef6db84b6c0,2ee46c732cbd9a2d9496fe9e4763efb9a1ab85568c9ae6e0d0e121bc4adb4265,164142652bf5b3032f4e1a8ee54fe2817a3f3b5130635cf04fb641a6e819211d
2026-09-30,THEME,THEME:880713,ma20_width,0.2857142857142857,ACCEPTED,0.2857142857142857,43,42,3dd77c68f3f29601b59d09853a70977bfab15f3fba3edeca6737f75ef9d7bcc0,9f7ee99454374db02824b5c9d52e2da89fca30232bc291ddb1f48ef6db84b6c0,2ee46c732cbd9a2d9496fe9e4763efb9a1ab85568c9ae6e0d0e121bc4adb4265,164142652bf5b3032f4e1a8ee54fe2817a3f3b5130635cf04fb641a6e819211d
2026-09-30,THEME,THEME:880714,sector_rs1,0.0016313213703098572,ACCEPTED,0.0016313213703098572,67,0,3dd77c68f3f29601b59d09853a70977bfab15f3fba3edeca6737f75ef9d7bcc0,9f7ee99454374db02824b5c9d52e2da89fca30232bc291ddb1f48ef6db84b6c0,2ee46c732cbd9a2d9496fe9e4763efb9a1ab85568c9ae6e0d0e121bc4adb4265,164142652bf5b3032f4e1a8ee54fe2817a3f3b5130635cf04fb641a6e819211d
2026-09-30,THEME,THEME:880714,sector_rs5,-0.05092592592592604,ACCEPTED,-0.05092592592592604,67,0,3dd77c68f3f29601b59d09853a70977bfab15f3fba3edeca6737f75ef9d7bcc0,9f7ee99454374db02824b5c9d52e2da89fca30232bc291ddb1f48ef6db84b6c0,2ee46c732cbd9a2d9496fe9e4763efb9a1ab85568c9ae6e0d0e121bc4adb4265,164142652bf5b3032f4e1a8ee54fe2817a3f3b5130635cf04fb641a6e819211d
2026-09-30,THEME,THEME:880714,sector_rs20,-0.07846715328467158,ACCEPTED,-0.07846715328467158,67,0,3dd77c68f3f29601b59d09853a70977bfab15f3fba3edeca6737f75ef9d7bcc0,9f7ee99454374db02824b5c9d52e2da89fca30232bc291ddb1f48ef6db84b6c0,2ee46c732cbd9a2d9496fe9e4763efb9a1ab85568c9ae6e0d0e121bc4adb4265,164142652bf5b3032f4e1a8ee54fe2817a3f3b5130635cf04fb641a6e819211d
2026-09-30,THEME,THEME:880714,breadth_ret1,0.5373134328358209,ACCEPTED,0.5373134328358209,67,67,3dd77c68f3f29601b59d09853a70977bfab15f3fba3edeca6737f75ef9d7bcc0,9f7ee99454374db02824b5c9d52e2da89fca30232bc291ddb1f48ef6db84b6c0,2ee46c732cbd9a2d9496fe9e4763efb9a1ab85568c9ae6e0d0e121bc4adb4265,164142652bf5b3032f4e1a8ee54fe2817a3f3b5130635cf04fb641a6e819211d
2026-09-30,THEME,THEME:880714,breadth_ret5,0.11940298507462686,ACCEPTED,0.11940298507462686,67,67,3dd77c68f3f29601b59d09853a70977bfab15f3fba3edeca6737f75ef9d7bcc0,9f7ee99454374db02824b5c9d52e2da89fca30232bc291ddb1f48ef6db84b6c0,2ee46c732cbd9a2d9496fe9e4763efb9a1ab85568c9ae6e0d0e121bc4adb4265,164142652bf5b3032f4e1a8ee54fe2817a3f3b5130635cf04fb641a6e819211d
2026-09-30,THEME,THEME:880714,breadth_ret20,0.14925373134328357,ACCEPTED,0.14925373134328357,67,67,3dd77c68f3f29601b59d09853a70977bfab15f3fba3edeca6737f75ef9d7bcc0,9f7ee99454374db02824b5c9d52e2da89fca30232bc291ddb1f48ef6db84b6c0,2ee46c732cbd9a2d9496fe9e4763efb9a1ab85568c9ae6e0d0e121bc4adb4265,164142652bf5b3032f4e1a8ee54fe2817a3f3b5130635cf04fb641a6e819211d
2026-09-30,THEME,THEME:880714,ma20_width,0.16417910447761194,ACCEPTED,0.16417910447761194,67,67,3dd77c68f3f29601b59d09853a70977bfab15f3fba3edeca6737f75ef9d7bcc0,9f7ee99454374db02824b5c9d52e2da89fca30232bc291ddb1f48ef6db84b6c0,2ee46c732cbd9a2d9496fe9e4763efb9a1ab85568c9ae6e0d0e121bc4adb4265,164142652bf5b3032f4e1a8ee54fe2817a3f3b5130635cf04fb641a6e819211d
2026-09-30,THEME,THEME:880715,sector_rs1,0.004694835680751019,ACCEPTED,0.004694835680751019,58,0,3dd77c68f3f29601b59d09853a70977bfab15f3fba3edeca6737f75ef9d7bcc0,9f7ee99454374db02824b5c9d52e2da89fca30232bc291ddb1f48ef6db84b6c0,2ee46c732cbd9a2d9496fe9e4763efb9a1ab85568c9ae6e0d0e121bc4adb4265,164142652bf5b3032f4e1a8ee54fe2817a3f3b5130635cf04fb641a6e819211d
2026-09-30,THEME,THEME:880715,sector_rs5,-0.04226618705035956,ACCEPTED,-0.04226618705035956,58,0,3dd77c68f3f29601b59d09853a70977bfab15f3fba3edeca6737f75ef9d7bcc0,9f7ee99454374db02824b5c9d52e2da89fca30232bc291ddb1f48ef6db84b6c0,2ee46c732cbd9a2d9496fe9e4763efb9a1ab85568c9ae6e0d0e121bc4adb4265,164142652bf5b3032f4e1a8ee54fe2817a3f3b5130635cf04fb641a6e819211d
2026-09-30,THEME,THEME:880715,sector_rs20,-0.0966921119592874,ACCEPTED,-0.0966921119592874,58,0,3dd77c68f3f29601b59d09853a70977bfab15f3fba3edeca6737f75ef9d7bcc0,9f7ee99454374db02824b5c9d52e2da89fca30232bc291ddb1f48ef6db84b6c0,2ee46c732cbd9a2d9496fe9e4763efb9a1ab85568c9ae6e0d0e121bc4adb4265,164142652bf5b3032f4e1a8ee54fe2817a3f3b5130635cf04fb641a6e819211d
2026-09-30,THEME,THEME:880715,breadth_ret1,0.6491228070175439,ACCEPTED,0.6491228070175439,58,57,3dd77c68f3f29601b59d09853a70977bfab15f3fba3edeca6737f75ef9d7bcc0,9f7ee99454374db02824b5c9d52e2da89fca30232bc291ddb1f48ef6db84b6c0,2ee46c732cbd9a2d9496fe9e4763efb9a1ab85568c9ae6e0d0e121bc4adb4265,164142652bf5b3032f4e1a8ee54fe2817a3f3b5130635cf04fb641a6e819211d
2026-09-30,THEME,THEME:880715,breadth_ret5,0.08771929824561403,ACCEPTED,0.08771929824561403,58,57,3dd77c68f3f29601b59d09853a70977bfab15f3fba3edeca6737f75ef9d7bcc0,9f7ee99454374db02824b5c9d52e2da89fca30232bc291ddb1f48ef6db84b6c0,2ee46c732cbd9a2d9496fe9e4763efb9a1ab85568c9ae6e0d0e121bc4adb4265,164142652bf5b3032f4e1a8ee54fe2817a3f3b5130635cf04fb641a6e819211d
2026-09-30,THEME,THEME:880715,breadth_ret20,0.07017543859649122,ACCEPTED,0.07017543859649122,58,57,3dd77c68f3f29601b59d09853a70977bfab15f3fba3edeca6737f75ef9d7bcc0,9f7ee99454374db02824b5c9d52e2da89fca30232bc291ddb1f48ef6db84b6c0,2ee46c732cbd9a2d9496fe9e4763efb9a1ab85568c9ae6e0d0e121bc4adb4265,164142652bf5b3032f4e1a8ee54fe2817a3f3b5130635cf04fb641a6e819211d
2026-09-30,THEME,THEME:880715,ma20_width,0.12280701754385964,ACCEPTED,0.12280701754385964,58,57,3dd77c68f3f29601b59d09853a70977bfab15f3fba3edeca6737f75ef9d7bcc0,9f7ee99454374db02824b5c9d52e2da89fca30232bc291ddb1f48ef6db84b6c0,2ee46c732cbd9a2d9496fe9e4763efb9a1ab85568c9ae6e0d0e121bc4adb4265,164142652bf5b3032f4e1a8ee54fe2817a3f3b5130635cf04fb641a6e819211d
2026-09-30,THEME,THEME:880716,sector_rs1,-0.015027375218228112,ACCEPTED,-0.015027375218228112,124,0,3dd77c68f3f29601b59d09853a70977bfab15f3fba3edeca6737f75ef9d7bcc0,9f7ee99454374db02824b5c9d52e2da89fca30232bc291ddb1f48ef6db84b6c0,2ee46c732cbd9a2d9496fe9e4763efb9a1ab85568c9ae6e0d0e121bc4adb4265,164142652bf5b3032f4e1a8ee54fe2817a3f3b5130635cf04fb641a6e819211d
2026-09-30,THEME,THEME:880716,sector_rs5,-0.06997378947471367,ACCEPTED,-0.06997378947471367,124,0,3dd77c68f3f29601b59d09853a70977bfab15f3fba3edeca6737f75ef9d7bcc0,9f7ee99454374db02824b5c9d52e2da89fca30232bc291ddb1f48ef6db84b6c0,2ee46c732cbd9a2d9496fe9e4763efb9a1ab85568c9ae6e0d0e121bc4adb4265,164142652bf5b3032f4e1a8ee54fe2817a3f3b5130635cf04fb641a6e819211d
2026-09-30,THEME,THEME:880716,sector_rs20,-0.061225986668951515,ACCEPTED,-0.061225986668951515,124,0,3dd77c68f3f29601b59d09853a70977bfab15f3fba3edeca6737f75ef9d7bcc0,9f7ee99454374db02824b5c9d52e2da89fca30232bc291ddb1f48ef6db84b6c0,2ee46c732cbd9a2d9496fe9e4763efb9a1ab85568c9ae6e0d0e121bc4adb4265,164142652bf5b3032f4e1a8ee54fe2817a3f3b5130635cf04fb641a6e819211d
2026-09-30,THEME,THEME:880716,breadth_ret1,0.1935483870967742,ACCEPTED,0.1935483870967742,124,124,3dd77c68f3f29601b59d09853a70977bfab15f3fba3edeca6737f75ef9d7bcc0,9f7ee99454374db02824b5c9d52e2da89fca30232bc291ddb1f48ef6db84b6c0,2ee46c732cbd9a2d9496fe9e4763efb9a1ab85568c9ae6e0d0e121bc4adb4265,164142652bf5b3032f4e1a8ee54fe2817a3f3b5130635cf04fb641a6e819211d
2026-09-30,THEME,THEME:880716,breadth_ret5,0.04838709677419355,ACCEPTED,0.04838709677419355,124,124,3dd77c68f3f29601b59d09853a70977bfab15f3fba3edeca6737f75ef9d7bcc0,9f7ee99454374db02824b5c9d52e2da89fca30232bc291ddb1f48ef6db84b6c0,2ee46c732cbd9a2d9496fe9e4763efb9a1ab85568c9ae6e0d0e121bc4adb4265,164142652bf5b3032f4e1a8ee54fe2817a3f3b5130635cf04fb641a6e819211d
2026-09-30,THEME,THEME:880716,breadth_ret20,0.20967741935483872,ACCEPTED,0.20967741935483872,124,124,3dd77c68f3f29601b59d09853a70977bfab15f3fba3edeca6737f75ef9d7bcc0,9f7ee99454374db02824b5c9d52e2da89fca30232bc291ddb1f48ef6db84b6c0,2ee46c732cbd9a2d9496fe9e4763efb9a1ab85568c9ae6e0d0e121bc4adb4265,164142652bf5b3032f4e1a8ee54fe2817a3f3b5130635cf04fb641a6e819211d
2026-09-30,THEME,THEME:880716,ma20_width,0.20967741935483872,ACCEPTED,0.20967741935483872,124,124,3dd77c68f3f29601b59d09853a70977bfab15f3fba3edeca6737f75ef9d7bcc0,9f7ee99454374db02824b5c9d52e2da89fca30232bc291ddb1f48ef6db84b6c0,2ee46c732cbd9a2d9496fe9e4763efb9a1ab85568c9ae6e0d0e121bc4adb4265,164142652bf5b3032f4e1a8ee54fe2817a3f3b5130635cf04fb641a6e819211d
2026-09-30,THEME,THEME:880717,sector_rs1,-0.009100101112234582,ACCEPTED,-0.009100101112234582,37,0,3dd77c68f3f29601b59d09853a70977bfab15f3fba3edeca6737f75ef9d7bcc0,9f7ee99454374db02824b5c9d52e2da89fca30232bc291ddb1f48ef6db84b6c0,2ee46c732cbd9a2d9496fe9e4763efb9a1ab85568c9ae6e0d0e121bc4adb4265,164142652bf5b3032f4e1a8ee54fe2817a3f3b5130635cf04fb641a6e819211d
2026-09-30,THEME,THEME:880717,sector_rs5,-0.03257650542941759,ACCEPTED,-0.03257650542941759,37,0,3dd77c68f3f29601b59d09853a70977bfab15f3fba3edeca6737f75ef9d7bcc0,9f7ee99454374db02824b5c9d52e2da89fca30232bc291ddb1f48ef6db84b6c0,2ee46c732cbd9a2d9496fe9e4763efb9a1ab85568c9ae6e0d0e121bc4adb4265,164142652bf5b3032f4e1a8ee54fe2817a3f3b5130635cf04fb641a6e819211d
2026-09-30,THEME,THEME:880717,sector_rs20,-0.04414587332053732,ACCEPTED,-0.04414587332053732,37,0,3dd77c68f3f29601b59d09853a70977bfab15f3fba3edeca6737f75ef9d7bcc0,9f7ee99454374db02824b5c9d52e2da89fca30232bc291ddb1f48ef6db84b6c0,2ee46c732cbd9a2d9496fe9e4763efb9a1ab85568c9ae6e0d0e121bc4adb4265,164142652bf5b3032f4e1a8ee54fe2817a3f3b5130635cf04fb641a6e819211d
2026-09-30,THEME,THEME:880717,breadth_ret1,0.2702702702702703,ACCEPTED,0.2702702702702703,37,37,3dd77c68f3f29601b59d09853a70977bfab15f3fba3edeca6737f75ef9d7bcc0,9f7ee99454374db02824b5c9d52e2da89fca30232bc291ddb1f48ef6db84b6c0,2ee46c732cbd9a2d9496fe9e4763efb9a1ab85568c9ae6e0d0e121bc4adb4265,164142652bf5b3032f4e1a8ee54fe2817a3f3b5130635cf04fb641a6e819211d
2026-09-30,THEME,THEME:880717,breadth_ret5,0.21621621621621623,ACCEPTED,0.21621621621621623,37,37,3dd77c68f3f29601b59d09853a70977bfab15f3fba3edeca6737f75ef9d7bcc0,9f7ee99454374db02824b5c9d52e2da89fca30232bc291ddb1f48ef6db84b6c0,2ee46c732cbd9a2d9496fe9e4763efb9a1ab85568c9ae6e0d0e121bc4adb4265,164142652bf5b3032f4e1a8ee54fe2817a3f3b5130635cf04fb641a6e819211d
2026-09-30,THEME,THEME:880717,breadth_ret20,0.1891891891891892,ACCEPTED,0.1891891891891892,37,37,3dd77c68f3f29601b59d09853a70977bfab15f3fba3edeca6737f75ef9d7bcc0,9f7ee99454374db02824b5c9d52e2da89fca30232bc291ddb1f48ef6db84b6c0,2ee46c732cbd9a2d9496fe9e4763efb9a1ab85568c9ae6e0d0e121bc4adb4265,164142652bf5b3032f4e1a8ee54fe2817a3f3b5130635cf04fb641a6e819211d
2026-09-30,THEME,THEME:880717,ma20_width,0.2702702702702703,ACCEPTED,0.2702702702702703,37,37,3dd77c68f3f29601b59d09853a70977bfab15f3fba3edeca6737f75ef9d7bcc0,9f7ee99454374db02824b5c9d52e2da89fca30232bc291ddb1f48ef6db84b6c0,2ee46c732cbd9a2d9496fe9e4763efb9a1ab85568c9ae6e0d0e121bc4adb4265,164142652bf5b3032f4e1a8ee54fe2817a3f3b5130635cf04fb641a6e819211d
2026-09-30,THEME,THEME:880718,sector_rs1,-0.012871287128712772,ACCEPTED,-0.012871287128712772,77,0,3dd77c68f3f29601b59d09853a70977bfab15f3fba3edeca6737f75ef9d7bcc0,9f7ee99454374db02824b5c9d52e2da89fca30232bc291ddb1f48ef6db84b6c0,2ee46c732cbd9a2d9496fe9e4763efb9a1ab85568c9ae6e0d0e121bc4adb4265,164142652bf5b3032f4e1a8ee54fe2817a3f3b5130635cf04fb641a6e819211d
2026-09-30,THEME,THEME:880718,sector_rs5,-0.04414650098103334,ACCEPTED,-0.04414650098103334,77,0,3dd77c68f3f29601b59d09853a70977bfab15f3fba3edeca6737f75ef9d7bcc0,9f7ee99454374db02824b5c9d52e2da89fca30232bc291ddb1f48ef6db84b6c0,2ee46c732cbd9a2d9496fe9e4763efb9a1ab85568c9ae6e0d0e121bc4adb4265,164142652bf5b3032f4e1a8ee54fe2817a3f3b5130635cf04fb641a6e819211d
2026-09-30,THEME,THEME:880718,sector_rs20,-0.061974324922532076,ACCEPTED,-0.061974324922532076,77,0,3dd77c68f3f29601b59d09853a70977bfab15f3fba3edeca6737f75ef9d7bcc0,9f7ee99454374db02824b5c9d52e2da89fca30232bc291ddb1f48ef6db84b6c0,2ee46c732cbd9a2d9496fe9e4763efb9a1ab85568c9ae6e0d0e121bc4adb4265,164142652bf5b3032f4e1a8ee54fe2817a3f3b5130635cf04fb641a6e819211d
2026-09-30,THEME,THEME:880718,breadth_ret1,0.23376623376623376,ACCEPTED,0.23376623376623376,77,77,3dd77c68f3f29601b59d09853a70977bfab15f3fba3edeca6737f75ef9d7bcc0,9f7ee99454374db02824b5c9d52e2da89fca30232bc291ddb1f48ef6db84b6c0,2ee46c732cbd9a2d9496fe9e4763efb9a1ab85568c9ae6e0d0e121bc4adb4265,164142652bf5b3032f4e1a8ee54fe2817a3f3b5130635cf04fb641a6e819211d
2026-09-30,THEME,THEME:880718,breadth_ret5,0.14285714285714285,ACCEPTED,0.14285714285714285,77,77,3dd77c68f3f29601b59d09853a70977bfab15f3fba3edeca6737f75ef9d7bcc0,9f7ee99454374db02824b5c9d52e2da89fca30232bc291ddb1f48ef6db84b6c0,2ee46c732cbd9a2d9496fe9e4763efb9a1ab85568c9ae6e0d0e121bc4adb4265,164142652bf5b3032f4e1a8ee54fe2817a3f3b5130635cf04fb641a6e819211d
2026-09-30,THEME,THEME:880718,breadth_ret20,0.23376623376623376,ACCEPTED,0.23376623376623376,77,77,3dd77c68f3f29601b59d09853a70977bfab15f3fba3edeca6737f75ef9d7bcc0,9f7ee99454374db02824b5c9d52e2da89fca30232bc291ddb1f48ef6db84b6c0,2ee46c732cbd9a2d9496fe9e4763efb9a1ab85568c9ae6e0d0e121bc4adb4265,164142652bf5b3032f4e1a8ee54fe2817a3f3b5130635cf04fb641a6e819211d
2026-09-30,THEME,THEME:880718,ma20_width,0.2727272727272727,ACCEPTED,0.2727272727272727,77,77,3dd77c68f3f29601b59d09853a70977bfab15f3fba3edeca6737f75ef9d7bcc0,9f7ee99454374db02824b5c9d52e2da89fca30232bc291ddb1f48ef6db84b6c0,2ee46c732cbd9a2d9496fe9e4763efb9a1ab85568c9ae6e0d0e121bc4adb4265,164142652bf5b3032f4e1a8ee54fe2817a3f3b5130635cf04fb641a6e819211d
2026-09-30,THEME,THEME:880720,sector_rs1,-0.011177987962166847,ACCEPTED,-0.011177987962166847,240,0,3dd77c68f3f29601b59d09853a70977bfab15f3fba3edeca6737f75ef9d7bcc0,9f7ee99454374db02824b5c9d52e2da89fca30232bc291ddb1f48ef6db84b6c0,2ee46c732cbd9a2d9496fe9e4763efb9a1ab85568c9ae6e0d0e121bc4adb4265,164142652bf5b3032f4e1a8ee54fe2817a3f3b5130635cf04fb641a6e819211d
2026-09-30,THEME,THEME:880720,sector_rs5,-0.04989604989604979,ACCEPTED,-0.04989604989604979,240,0,3dd77c68f3f29601b59d09853a70977bfab15f3fba3edeca6737f75ef9d7bcc0,9f7ee99454374db02824b5c9d52e2da89fca30232bc291ddb1f48ef6db84b6c0,2ee46c732cbd9a2d9496fe9e4763efb9a1ab85568c9ae6e0d0e121bc4adb4265,164142652bf5b3032f4e1a8ee54fe2817a3f3b5130635cf04fb641a6e819211d
2026-09-30,THEME,THEME:880720,sector_rs20,-0.05226480836236924,ACCEPTED,-0.05226480836236924,240,0,3dd77c68f3f29601b59d09853a70977bfab15f3fba3edeca6737f75ef9d7bcc0,9f7ee99454374db02824b5c9d52e2da89fca30232bc291ddb1f48ef6db84b6c0,2ee46c732cbd9a2d9496fe9e4763efb9a1ab85568c9ae6e0d0e121bc4adb4265,164142652bf5b3032f4e1a8ee54fe2817a3f3b5130635cf04fb641a6e819211d
2026-09-30,THEME,THEME:880720,breadth_ret1,0.2510460251046025,ACCEPTED,0.2510460251046025,240,239,3dd77c68f3f29601b59d09853a70977bfab15f3fba3edeca6737f75ef9d7bcc0,9f7ee99454374db02824b5c9d52e2da89fca30232bc291ddb1f48ef6db84b6c0,2ee46c732cbd9a2d9496fe9e4763efb9a1ab85568c9ae6e0d0e121bc4adb4265,164142652bf5b3032f4e1a8ee54fe2817a3f3b5130635cf04fb641a6e819211d
2026-09-30,THEME,THEME:880720,breadth_ret5,0.12552301255230125,ACCEPTED,0.12552301255230125,240,239,3dd77c68f3f29601b59d09853a70977bfab15f3fba3edeca6737f75ef9d7bcc0,9f7ee99454374db02824b5c9d52e2da89fca30232bc291ddb1f48ef6db84b6c0,2ee46c732cbd9a2d9496fe9e4763efb9a1ab85568c9ae6e0d0e121bc4adb4265,164142652bf5b3032f4e1a8ee54fe2817a3f3b5130635cf04fb641a6e819211d
2026-09-30,THEME,THEME:880720,breadth_ret20,0.20502092050209206,ACCEPTED,0.20502092050209206,240,239,3dd77c68f3f29601b59d09853a70977bfab15f3fba3edeca6737f75ef9d7bcc0,9f7ee99454374db02824b5c9d52e2da89fca30232bc291ddb1f48ef6db84b6c0,2ee46c732cbd9a2d9496fe9e4763efb9a1ab85568c9ae6e0d0e121bc4adb4265,164142652bf5b3032f4e1a8ee54fe2817a3f3b5130635cf04fb641a6e819211d
2026-09-30,THEME,THEME:880720,ma20_width,0.2510460251046025,ACCEPTED,0.2510460251046025,240,239,3dd77c68f3f29601b59d09853a70977bfab15f3fba3edeca6737f75ef9d7bcc0,9f7ee99454374db02824b5c9d52e2da89fca30232bc291ddb1f48ef6db84b6c0,2ee46c732cbd9a2d9496fe9e4763efb9a1ab85568c9ae6e0d0e121bc4adb4265,164142652bf5b3032f4e1a8ee54fe2817a3f3b5130635cf04fb641a6e819211d
2026-09-30,THEME,THEME:880722,sector_rs1,-0.010393258426966367,ACCEPTED,-0.010393258426966367,252,0,3dd77c68f3f29601b59d09853a70977bfab15f3fba3edeca6737f75ef9d7bcc0,9f7ee99454374db02824b5c9d52e2da89fca30232bc291ddb1f48ef6db84b6c0,2ee46c732cbd9a2d9496fe9e4763efb9a1ab85568c9ae6e0d0e121bc4adb4265,164142652bf5b3032f4e1a8ee54fe2817a3f3b5130635cf04fb641a6e819211d
2026-09-30,THEME,THEME:880722,sector_rs5,-0.04214559386973171,ACCEPTED,-0.04214559386973171,252,0,3dd77c68f3f29601b59d09853a70977bfab15f3fba3edeca6737f75ef9d7bcc0,9f7ee99454374db02824b5c9d52e2da89fca30232bc291ddb1f48ef6db84b6c0,2ee46c732cbd9a2d9496fe9e4763efb9a1ab85568c9ae6e0d0e121bc4adb4265,164142652bf5b3032f4e1a8ee54fe2817a3f3b5130635cf04fb641a6e819211d
2026-09-30,THEME,THEME:880722,sector_rs20,-0.05896805896805901,ACCEPTED,-0.05896805896805901,252,0,3dd77c68f3f29601b59d09853a70977bfab15f3fba3edeca6737f75ef9d7bcc0,9f7ee99454374db02824b5c9d52e2da89fca30232bc291ddb1f48ef6db84b6c0,2ee46c732cbd9a2d9496fe9e4763efb9a1ab85568c9ae6e0d0e121bc4adb4265,164142652bf5b3032f4e1a8ee54fe2817a3f3b5130635cf04fb641a6e819211d
2026-09-30,THEME,THEME:880722,breadth_ret1,0.21912350597609562,ACCEPTED,0.21912350597609562,252,251,3dd77c68f3f29601b59d09853a70977bfab15f3fba3edeca6737f75ef9d7bcc0,9f7ee99454374db02824b5c9d52e2da89fca30232bc291ddb1f48ef6db84b6c0,2ee46c732cbd9a2d9496fe9e4763efb9a1ab85568c9ae6e0d0e121bc4adb4265,164142652bf5b3032f4e1a8ee54fe2817a3f3b5130635cf04fb641a6e819211d
2026-09-30,THEME,THEME:880722,breadth_ret5,0.10756972111553785,ACCEPTED,0.10756972111553785,252,251,3dd77c68f3f29601b59d09853a70977bfab15f3fba3edeca6737f75ef9d7bcc0,9f7ee99454374db02824b5c9d52e2da89fca30232bc291ddb1f48ef6db84b6c0,2ee46c732cbd9a2d9496fe9e4763efb9a1ab85568c9ae6e0d0e121bc4adb4265,164142652bf5b3032f4e1a8ee54fe2817a3f3b5130635cf04fb641a6e819211d
2026-09-30,THEME,THEME:880722,breadth_ret20,0.19123505976095617,ACCEPTED,0.19123505976095617,252,251,3dd77c68f3f29601b59d09853a70977bfab15f3fba3edeca6737f75ef9d7bcc0,9f7ee99454374db02824b5c9d52e2da89fca30232bc291ddb1f48ef6db84b6c0,2ee46c732cbd9a2d9496fe9e4763efb9a1ab85568c9ae6e0d0e121bc4adb4265,164142652bf5b3032f4e1a8ee54fe2817a3f3b5130635cf04fb641a6e819211d
2026-09-30,THEME,THEME:880722,ma20_width,0.2868525896414343,ACCEPTED,0.2868525896414343,252,251,3dd77c68f3f29601b59d09853a70977bfab15f3fba3edeca6737f75ef9d7bcc0,9f7ee99454374db02824b5c9d52e2da89fca30232bc291ddb1f48ef6db84b6c0,2ee46c732cbd9a2d9496fe9e4763efb9a1ab85568c9ae6e0d0e121bc4adb4265,164142652bf5b3032f4e1a8ee54fe2817a3f3b5130635cf04fb641a6e819211d
2026-09-30,THEME,THEME:880724,sector_rs1,0.0022573363431153126,ACCEPTED,0.0022573363431153126,103,0,3dd77c68f3f29601b59d09853a70977bfab15f3fba3edeca6737f75ef9d7bcc0,9f7ee99454374db02824b5c9d52e2da89fca30232bc291ddb1f48ef6db84b6c0,2ee46c732cbd9a2d9496fe9e4763efb9a1ab85568c9ae6e0d0e121bc4adb4265,164142652bf5b3032f4e1a8ee54fe2817a3f3b5130635cf04fb641a6e819211d
2026-09-30,THEME,THEME:880724,sector_rs5,-0.009501187648456089,ACCEPTED,-0.009501187648456089,103,0,3dd77c68f3f29601b59d09853a70977bfab15f3fba3edeca6737f75ef9d7bcc0,9f7ee99454374db02824b5c9d52e2da89fca30232bc291ddb1f48ef6db84b6c0,2ee46c732cbd9a2d9496fe9e4763efb9a1ab85568c9ae6e0d0e121bc4adb4265,164142652bf5b3032f4e1a8ee54fe2817a3f3b5130635cf04fb641a6e819211d
2026-09-30,THEME,THEME:880724,sector_rs20,-0.024919614147909885,ACCEPTED,-0.024919614147909885,103,0,3dd77c68f3f29601b59d09853a70977bfab15f3fba3edeca6737f75ef9d7bcc0,9f7ee99454374db02824b5c9d52e2da89fca30232bc291ddb1f48ef6db84b6c0,2ee46c732cbd9a2d9496fe9e4763efb9a1ab85568c9ae6e0d0e121bc4adb4265,164142652bf5b3032f4e1a8ee54fe2817a3f3b5130635cf04fb641a6e819211d
2026-09-30,THEME,THEME:880724,breadth_ret1,0.5533980582524272,ACCEPTED,0.5533980582524272,103,103,3dd77c68f3f29601b59d09853a70977bfab15f3fba3edeca6737f75ef9d7bcc0,9f7ee99454374db02824b5c9d52e2da89fca30232bc291ddb1f48ef6db84b6c0,2ee46c732cbd9a2d9496fe9e4763efb9a1ab85568c9ae6e0d0e121bc4adb4265,164142652bf5b3032f4e1a8ee54fe2817a3f3b5130635cf04fb641a6e819211d
2026-09-30,THEME,THEME:880724,breadth_ret5,0.36893203883495146,ACCEPTED,0.36893203883495146,103,103,3dd77c68f3f29601b59d09853a70977bfab15f3fba3edeca6737f75ef9d7bcc0,9f7ee99454374db02824b5c9d52e2da89fca30232bc291ddb1f48ef6db84b6c0,2ee46c732cbd9a2d9496fe9e4763efb9a1ab85568c9ae6e0d0e121bc4adb4265,164142652bf5b3032f4e1a8ee54fe2817a3f3b5130635cf04fb641a6e819211d
2026-09-30,THEME,THEME:880724,breadth_ret20,0.22330097087378642,ACCEPTED,0.22330097087378642,103,103,3dd77c68f3f29601b59d09853a70977bfab15f3fba3edeca6737f75ef9d7bcc0,9f7ee99454374db02824b5c9d52e2da89fca30232bc291ddb1f48ef6db84b6c0,2ee46c732cbd9a2d9496fe9e4763efb9a1ab85568c9ae6e0d0e121bc4adb4265,164142652bf5b3032f4e1a8ee54fe2817a3f3b5130635cf04fb641a6e819211d
2026-09-30,THEME,THEME:880724,ma20_width,0.36893203883495146,ACCEPTED,0.36893203883495146,103,103,3dd77c68f3f29601b59d09853a70977bfab15f3fba3edeca6737f75ef9d7bcc0,9f7ee99454374db02824b5c9d52e2da89fca30232bc291ddb1f48ef6db84b6c0,2ee46c732cbd9a2d9496fe9e4763efb9a1ab85568c9ae6e0d0e121bc4adb4265,164142652bf5b3032f4e1a8ee54fe2817a3f3b5130635cf04fb641a6e819211d
2026-09-30,THEME,THEME:880725,sector_rs1,-0.016420361247947435,ACCEPTED,-0.016420361247947435,106,0,3dd77c68f3f29601b59d09853a70977bfab15f3fba3edeca6737f75ef9d7bcc0,9f7ee99454374db02824b5c9d52e2da89fca30232bc291ddb1f48ef6db84b6c0,2ee46c732cbd9a2d9496fe9e4763efb9a1ab85568c9ae6e0d0e121bc4adb4265,164142652bf5b3032f4e1a8ee54fe2817a3f3b5130635cf04fb641a6e819211d
2026-09-30,THEME,THEME:880725,sector_rs5,-0.06666666666666665,ACCEPTED,-0.06666666666666665,106,0,3dd77c68f3f29601b59d09853a70977bfab15f3fba3edeca6737f75ef9d7bcc0,9f7ee99454374db02824b5c9d52e2da89fca30232bc291ddb1f48ef6db84b6c0,2ee46c732cbd9a2d9496fe9e4763efb9a1ab85568c9ae6e0d0e121bc4adb4265,164142652bf5b3032f4e1a8ee54fe2817a3f3b5130635cf04fb641a6e819211d
2026-09-30,THEME,THEME:880725,sector_rs20,-0.04200000000000004,ACCEPTED,-0.04200000000000004,106,0,3dd77c68f3f29601b59d09853a70977bfab15f3fba3edeca6737f75ef9d7bcc0,9f7ee99454374db02824b5c9d52e2da89fca30232bc291ddb1f48ef6db84b6c0,2ee46c732cbd9a2d9496fe9e4763efb9a1ab85568c9ae6e0d0e121bc4adb4265,164142652bf5b3032f4e1a8ee54fe2817a3f3b5130635cf04fb641a6e819211d
2026-09-30,THEME,THEME:880725,breadth_ret1,0.19047619047619047,ACCEPTED,0.19047619047619047,106,105,3dd77c68f3f29601b59d09853a70977bfab15f3fba3edeca6737f75ef9d7bcc0,9f7ee99454374db02824b5c9d52e2da89fca30232bc291ddb1f48ef6db84b6c0,2ee46c732cbd9a2d9496fe9e4763efb9a1ab85568c9ae6e0d0e121bc4adb4265,164142652bf5b3032f4e1a8ee54fe2817a3f3b5130635cf04fb641a6e819211d
2026-09-30,THEME,THEME:880725,breadth_ret5,0.05714285714285714,ACCEPTED,0.05714285714285714,106,105,3dd77c68f3f29601b59d09853a70977bfab15f3fba3edeca6737f75ef9d7bcc0,9f7ee99454374db02824b5c9d52e2da89fca30232bc291ddb1f48ef6db84b6c0,2ee46c732cbd9a2d9496fe9e4763efb9a1ab85568c9ae6e0d0e121bc4adb4265,164142652bf5b3032f4e1a8ee54fe2817a3f3b5130635cf04fb641a6e819211d
2026-09-30,THEME,THEME:880725,breadth_ret20,0.2761904761904762,ACCEPTED,0.2761904761904762,106,105,3dd77c68f3f29601b59d09853a70977bfab15f3fba3edeca6737f75ef9d7bcc0,9f7ee99454374db02824b5c9d52e2da89fca30232bc291ddb1f48ef6db84b6c0,2ee46c732cbd9a2d9496fe9e4763efb9a1ab85568c9ae6e0d0e121bc4adb4265,164142652bf5b3032f4e1a8ee54fe2817a3f3b5130635cf04fb641a6e819211d
2026-09-30,THEME,THEME:880725,ma20_width,0.19047619047619047,ACCEPTED,0.19047619047619047,106,105,3dd77c68f3f29601b59d09853a70977bfab15f3fba3edeca6737f75ef9d7bcc0,9f7ee99454374db02824b5c9d52e2da89fca30232bc291ddb1f48ef6db84b6c0,2ee46c732cbd9a2d9496fe9e4763efb9a1ab85568c9ae6e0d0e121bc4adb4265,164142652bf5b3032f4e1a8ee54fe2817a3f3b5130635cf04fb641a6e819211d
2026-09-30,THEME,THEME:880726,sector_rs1,-0.020278229869022668,ACCEPTED,-0.020278229869022668,90,0,3dd77c68f3f29601b59d09853a70977bfab15f3fba3edeca6737f75ef9d7bcc0,9f7ee99454374db02824b5c9d52e2da89fca30232bc291ddb1f48ef6db84b6c0,2ee46c732cbd9a2d9496fe9e4763efb9a1ab85568c9ae6e0d0e121bc4adb4265,164142652bf5b3032f4e1a8ee54fe2817a3f3b5130635cf04fb641a6e819211d
2026-09-30,THEME,THEME:880726,sector_rs5,-0.06501491622123395,ACCEPTED,-0.06501491622123395,90,0,3dd77c68f3f29601b59d09853a70977bfab15f3fba3edeca6737f75ef9d7bcc0,9f7ee99454374db02824b5c9d52e2da89fca30232bc291ddb1f48ef6db84b6c0,2ee46c732cbd9a2d9496fe9e4763efb9a1ab85568c9ae6e0d0e121bc4adb4265,164142652bf5b3032f4e1a8ee54fe2817a3f3b5130635cf04fb641a6e819211d
2026-09-30,THEME,THEME:880726,sector_rs20,-0.046509084229825304,ACCEPTED,-0.046509084229825304,90,0,3dd77c68f3f29601b59d09853a70977bfab15f3fba3edeca6737f75ef9d7bcc0,9f7ee99454374db02824b5c9d52e2da89fca30232bc291ddb1f48ef6db84b6c0,2ee46c732cbd9a2d9496fe9e4763efb9a1ab85568c9ae6e0d0e121bc4adb4265,164142652bf5b3032f4e1a8ee54fe2817a3f3b5130635cf04fb641a6e819211d
2026-09-30,THEME,THEME:880726,breadth_ret1,0.15555555555555556,ACCEPTED,0.15555555555555556,90,90,3dd77c68f3f29601b59d09853a70977bfab15f3fba3edeca6737f75ef9d7bcc0,9f7ee99454374db02824b5c9d52e2da89fca30232bc291ddb1f48ef6db84b6c0,2ee46c732cbd9a2d9496fe9e4763efb9a1ab85568c9ae6e0d0e121bc4adb4265,164142652bf5b3032f4e1a8ee54fe2817a3f3b5130635cf04fb641a6e819211d
2026-09-30,THEME,THEME:880726,breadth_ret5,0.07777777777777778,ACCEPTED,0.07777777777777778,90,90,3dd77c68f3f29601b59d09853a70977bfab15f3fba3edeca6737f75ef9d7bcc0,9f7ee99454374db02824b5c9d52e2da89fca30232bc291ddb1f48ef6db84b6c0,2ee46c732cbd9a2d9496fe9e4763efb9a1ab85568c9ae6e0d0e121bc4adb4265,164142652bf5b3032f4e1a8ee54fe2817a3f3b5130635cf04fb641a6e819211d
2026-09-30,THEME,THEME:880726,breadth_ret20,0.23333333333333334,ACCEPTED,0.23333333333333334,90,90,3dd77c68f3f29601b59d09853a70977bfab15f3fba3edeca6737f75ef9d7bcc0,9f7ee99454374db02824b5c9d52e2da89fca30232bc291ddb1f48ef6db84b6c0,2ee46c732cbd9a2d9496fe9e4763efb9a1ab85568c9ae6e0d0e121bc4adb4265,164142652bf5b3032f4e1a8ee54fe2817a3f3b5130635cf04fb641a6e819211d
2026-09-30,THEME,THEME:880726,ma20_width,0.3111111111111111,ACCEPTED,0.3111111111111111,90,90,3dd77c68f3f29601b59d09853a70977bfab15f3fba3edeca6737f75ef9d7bcc0,9f7ee99454374db02824b5c9d52e2da89fca30232bc291ddb1f48ef6db84b6c0,2ee46c732cbd9a2d9496fe9e4763efb9a1ab85568c9ae6e0d0e121bc4adb4265,164142652bf5b3032f4e1a8ee54fe2817a3f3b5130635cf04fb641a6e819211d
2026-09-30,THEME,THEME:880727,sector_rs1,0.001194921583271169,ACCEPTED,0.001194921583271169,45,0,3dd77c68f3f29601b59d09853a70977bfab15f3fba3edeca6737f75ef9d7bcc0,9f7ee99454374db02824b5c9d52e2da89fca30232bc291ddb1f48ef6db84b6c0,2ee46c732cbd9a2d9496fe9e4763efb9a1ab85568c9ae6e0d0e121bc4adb4265,164142652bf5b3032f4e1a8ee54fe2817a3f3b5130635cf04fb641a6e819211d
2026-09-30,THEME,THEME:880727,sector_rs5,-0.037768537768537724,ACCEPTED,-0.037768537768537724,45,0,3dd77c68f3f29601b59d09853a70977bfab15f3fba3edeca6737f75ef9d7bcc0,9f7ee99454374db02824b5c9d52e2da89fca30232bc291ddb1f48ef6db84b6c0,2ee46c732cbd9a2d9496fe9e4763efb9a1ab85568c9ae6e0d0e121bc4adb4265,164142652bf5b3032f4e1a8ee54fe2817a3f3b5130635cf04fb641a6e819211d
2026-09-30,THEME,THEME:880727,sector_rs20,-0.0627943485086343,ACCEPTED,-0.0627943485086343,45,0,3dd77c68f3f29601b59d09853a70977bfab15f3fba3edeca6737f75ef9d7bcc0,9f7ee99454374db02824b5c9d52e2da89fca30232bc291ddb1f48ef6db84b6c0,2ee46c732cbd9a2d9496fe9e4763efb9a1ab85568c9ae6e0d0e121bc4adb4265,164142652bf5b3032f4e1a8ee54fe2817a3f3b5130635cf04fb641a6e819211d
2026-09-30,THEME,THEME:880727,breadth_ret1,0.5555555555555556,ACCEPTED,0.5555555555555556,45,45,3dd77c68f3f29601b59d09853a70977bfab15f3fba3edeca6737f75ef9d7bcc0,9f7ee99454374db02824b5c9d52e2da89fca30232bc291ddb1f48ef6db84b6c0,2ee46c732cbd9a2d9496fe9e4763efb9a1ab85568c9ae6e0d0e121bc4adb4265,164142652bf5b3032f4e1a8ee54fe2817a3f3b5130635cf04fb641a6e819211d
2026-09-30,THEME,THEME:880727,breadth_ret5,0.17777777777777778,ACCEPTED,0.17777777777777778,45,45,3dd77c68f3f29601b59d09853a70977bfab15f3fba3edeca6737f75ef9d7bcc0,9f7ee99454374db02824b5c9d52e2da89fca30232bc291ddb1f48ef6db84b6c0,2ee46c732cbd9a2d9496fe9e4763efb9a1ab85568c9ae6e0d0e121bc4adb4265,164142652bf5b3032f4e1a8ee54fe2817a3f3b5130635cf04fb641a6e819211d
2026-09-30,THEME,THEME:880727,breadth_ret20,0.2,ACCEPTED,0.2,45,45,3dd77c68f3f29601b59d09853a70977bfab15f3fba3edeca6737f75ef9d7bcc0,9f7ee99454374db02824b5c9d52e2da89fca30232bc291ddb1f48ef6db84b6c0,2ee46c732cbd9a2d9496fe9e4763efb9a1ab85568c9ae6e0d0e121bc4adb4265,164142652bf5b3032f4e1a8ee54fe2817a3f3b5130635cf04fb641a6e819211d
2026-09-30,THEME,THEME:880727,ma20_width,0.26666666666666666,ACCEPTED,0.26666666666666666,45,45,3dd77c68f3f29601b59d09853a70977bfab15f3fba3edeca6737f75ef9d7bcc0,9f7ee99454374db02824b5c9d52e2da89fca30232bc291ddb1f48ef6db84b6c0,2ee46c732cbd9a2d9496fe9e4763efb9a1ab85568c9ae6e0d0e121bc4adb4265,164142652bf5b3032f4e1a8ee54fe2817a3f3b5130635cf04fb641a6e819211d
2026-09-30,THEME,THEME:880728,sector_rs1,0.00365630712979903,ACCEPTED,0.00365630712979903,87,0,3dd77c68f3f29601b59d09853a70977bfab15f3fba3edeca6737f75ef9d7bcc0,9f7ee99454374db02824b5c9d52e2da89fca30232bc291ddb1f48ef6db84b6c0,2ee46c732cbd9a2d9496fe9e4763efb9a1ab85568c9ae6e0d0e121bc4adb4265,164142652bf5b3032f4e1a8ee54fe2817a3f3b5130635cf04fb641a6e819211d
2026-09-30,THEME,THEME:880728,sector_rs5,-0.012121212121212088,ACCEPTED,-0.012121212121212088,87,0,3dd77c68f3f29601b59d09853a70977bfab15f3fba3edeca6737f75ef9d7bcc0,9f7ee99454374db02824b5c9d52e2da89fca30232bc291ddb1f48ef6db84b6c0,2ee46c732cbd9a2d9496fe9e4763efb9a1ab85568c9ae6e0d0e121bc4adb4265,164142652bf5b3032f4e1a8ee54fe2817a3f3b5130635cf04fb641a6e819211d
2026-09-30,THEME,THEME:880728,sector_rs20,-0.02225755166931631,ACCEPTED,-0.02225755166931631,87,0,3dd77c68f3f29601b59d09853a70977bfab15f3fba3edeca6737f75ef9d7bcc0,9f7ee99454374db02824b5c9d52e2da89fca30232bc291ddb1f48ef6db84b6c0,2ee46c732cbd9a2d9496fe9e4763efb9a1ab85568c9ae6e0d0e121bc4adb4265,164142652bf5b3032f4e1a8ee54fe2817a3f3b5130635cf04fb641a6e819211d
2026-09-30,THEME,THEME:880728,breadth_ret1,0.6091954022988506,ACCEPTED,0.6091954022988506,87,87,3dd77c68f3f29601b59d09853a70977bfab15f3fba3edeca6737f75ef9d7bcc0,9f7ee99454374db02824b5c9d52e2da89fca30232bc291ddb1f48ef6db84b6c0,2ee46c732cbd9a2d9496fe9e4763efb9a1ab85568c9ae6e0d0e121bc4adb4265,164142652bf5b3032f4e1a8ee54fe2817a3f3b5130635cf04fb641a6e819211d
2026-09-30,THEME,THEME:880728,breadth_ret5,0.28735632183908044,ACCEPTED,0.28735632183908044,87,87,3dd77c68f3f29601b59d09853a70977bfab15f3fba3edeca6737f75ef9d7bcc0,9f7ee99454374db02824b5c9d52e2da89fca30232bc291ddb1f48ef6db84b6c0,2ee46c732cbd9a2d9496fe9e4763efb9a1ab85568c9ae6e0d0e121bc4adb4265,164142652bf5b3032f4e1a8ee54fe2817a3f3b5130635cf04fb641a6e819211d
2026-09-30,THEME,THEME:880728,breadth_ret20,0.28735632183908044,ACCEPTED,0.28735632183908044,87,87,3dd77c68f3f29601b59d09853a70977bfab15f3fba3edeca6737f75ef9d7bcc0,9f7ee99454374db02824b5c9d52e2da89fca30232bc291ddb1f48ef6db84b6c0,2ee46c732cbd9a2d9496fe9e4763efb9a1ab85568c9ae6e0d0e121bc4adb4265,164142652bf5b3032f4e1a8ee54fe2817a3f3b5130635cf04fb641a6e819211d
2026-09-30,THEME,THEME:880728,ma20_width,0.3218390804597701,ACCEPTED,0.3218390804597701,87,87,3dd77c68f3f29601b59d09853a70977bfab15f3fba3edeca6737f75ef9d7bcc0,9f7ee99454374db02824b5c9d52e2da89fca30232bc291ddb1f48ef6db84b6c0,2ee46c732cbd9a2d9496fe9e4763efb9a1ab85568c9ae6e0d0e121bc4adb4265,164142652bf5b3032f4e1a8ee54fe2817a3f3b5130635cf04fb641a6e819211d
2026-09-30,THEME,THEME:880729,sector_rs1,0.024721248632487258,ACCEPTED,0.024721248632487258,78,0,3dd77c68f3f29601b59d09853a70977bfab15f3fba3edeca6737f75ef9d7bcc0,9f7ee99454374db02824b5c9d52e2da89fca30232bc291ddb1f48ef6db84b6c0,2ee46c732cbd9a2d9496fe9e4763efb9a1ab85568c9ae6e0d0e121bc4adb4265,164142652bf5b3032f4e1a8ee54fe2817a3f3b5130635cf04fb641a6e819211d
2026-09-30,THEME,THEME:880729,sector_rs5,0.0007886435331230235,ACCEPTED,0.0007886435331230235,78,0,3dd77c68f3f29601b59d09853a70977bfab15f3fba3edeca6737f75ef9d7bcc0,9f7ee99454374db02824b5c9d52e2da89fca30232bc291ddb1f48ef6db84b6c0,2ee46c732cbd9a2d9496fe9e4763efb9a1ab85568c9ae6e0d0e121bc4adb4265,164142652bf5b3032f4e1a8ee54fe2817a3f3b5130635cf04fb641a6e819211d
2026-09-30,THEME,THEME:880729,sector_rs20,0.06328716862555739,ACCEPTED,0.06328716862555739,78,0,3dd77c68f3f29601b59d09853a70977bfab15f3fba3edeca6737f75ef9d7bcc0,9f7ee99454374db02824b5c9d52e2da89fca30232bc291ddb1f48ef6db84b6c0,2ee46c732cbd9a2d9496fe9e4763efb9a1ab85568c9ae6e0d0e121bc4adb4265,164142652bf5b3032f4e1a8ee54fe2817a3f3b5130635cf04fb641a6e819211d
2026-09-30,THEME,THEME:880729,breadth_ret1,0.8461538461538461,ACCEPTED,0.8461538461538461,78,78,3dd77c68f3f29601b59d09853a70977bfab15f3fba3edeca6737f75ef9d7bcc0,9f7ee99454374db02824b5c9d52e2da89fca30232bc291ddb1f48ef6db84b6c0,2ee46c732cbd9a2d9496fe9e4763efb9a1ab85568c9ae6e0d0e121bc4adb4265,164142652bf5b3032f4e1a8ee54fe2817a3f3b5130635cf04fb641a6e819211d
2026-09-30,THEME,THEME:880729,breadth_ret5,0.5,ACCEPTED,0.5,78,78,3dd77c68f3f29601b59d09853a70977bfab15f3fba3edeca6737f75ef9d7bcc0,9f7ee99454374db02824b5c9d52e2da89fca30232bc291ddb1f48ef6db84b6c0,2ee46c732cbd9a2d9496fe9e4763efb9a1ab85568c9ae6e0d0e121bc4adb4265,164142652bf5b3032f4e1a8ee54fe2817a3f3b5130635cf04fb641a6e819211d
2026-09-30,THEME,THEME:880729,breadth_ret20,0.6923076923076923,ACCEPTED,0.6923076923076923,78,78,3dd77c68f3f29601b59d09853a70977bfab15f3fba3edeca6737f75ef9d7bcc0,9f7ee99454374db02824b5c9d52e2da89fca30232bc291ddb1f48ef6db84b6c0,2ee46c732cbd9a2d9496fe9e4763efb9a1ab85568c9ae6e0d0e121bc4adb4265,164142652bf5b3032f4e1a8ee54fe2817a3f3b5130635cf04fb641a6e819211d
2026-09-30,THEME,THEME:880729,ma20_width,0.7307692307692307,ACCEPTED,0.7307692307692307,78,78,3dd77c68f3f29601b59d09853a70977bfab15f3fba3edeca6737f75ef9d7bcc0,9f7ee99454374db02824b5c9d52e2da89fca30232bc291ddb1f48ef6db84b6c0,2ee46c732cbd9a2d9496fe9e4763efb9a1ab85568c9ae6e0d0e121bc4adb4265,164142652bf5b3032f4e1a8ee54fe2817a3f3b5130635cf04fb641a6e819211d
2026-09-30,THEME,THEME:880730,sector_rs1,-0.0025188916876575096,ACCEPTED,-0.0025188916876575096,881,0,3dd77c68f3f29601b59d09853a70977bfab15f3fba3edeca6737f75ef9d7bcc0,9f7ee99454374db02824b5c9d52e2da89fca30232bc291ddb1f48ef6db84b6c0,2ee46c732cbd9a2d9496fe9e4763efb9a1ab85568c9ae6e0d0e121bc4adb4265,164142652bf5b3032f4e1a8ee54fe2817a3f3b5130635cf04fb641a6e819211d
2026-09-30,THEME,THEME:880730,sector_rs5,-0.03413873846320303,ACCEPTED,-0.03413873846320303,881,0,3dd77c68f3f29601b59d09853a70977bfab15f3fba3edeca6737f75ef9d7bcc0,9f7ee99454374db02824b5c9d52e2da89fca30232bc291ddb1f48ef6db84b6c0,2ee46c732cbd9a2d9496fe9e4763efb9a1ab85568c9ae6e0d0e121bc4adb4265,164142652bf5b3032f4e1a8ee54fe2817a3f3b5130635cf04fb641a6e819211d
2026-09-30,THEME,THEME:880730,sector_rs20,-0.042216889242578715,ACCEPTED,-0.042216889242578715,881,0,3dd77c68f3f29601b59d09853a70977bfab15f3fba3edeca6737f75ef9d7bcc0,9f7ee99454374db02824b5c9d52e2da89fca30232bc291ddb1f48ef6db84b6c0,2ee46c732cbd9a2d9496fe9e4763efb9a1ab85568c9ae6e0d0e121bc4adb4265,164142652bf5b3032f4e1a8ee54fe2817a3f3b5130635cf04fb641a6e819211d
2026-09-30,THEME,THEME:880730,breadth_ret1,0.4217142857142857,ACCEPTED,0.4217142857142857,881,875,3dd77c68f3f29601b59d09853a70977bfab15f3fba3edeca6737f75ef9d7bcc0,9f7ee99454374db02824b5c9d52e2da89fca30232bc291ddb1f48ef6db84b6c0,2ee46c732cbd9a2d9496fe9e4763efb9a1ab85568c9ae6e0d0e121bc4adb4265,164142652bf5b3032f4e1a8ee54fe2817a3f3b5130635cf04fb641a6e819211d
2026-09-30,THEME,THEME:880730,breadth_ret5,0.17048054919908467,ACCEPTED,0.17048054919908467,881,874,3dd77c68f3f29601b59d09853a70977bfab15f3fba3edeca6737f75ef9d7bcc0,9f7ee99454374db02824b5c9d52e2da89fca30232bc291ddb1f48ef6db84b6c0,2ee46c732cbd9a2d9496fe9e4763efb9a1ab85568c9ae6e0d0e121bc4adb4265,164142652bf5b3032f4e1a8ee54fe2817a3f3b5130635cf04fb641a6e819211d
2026-09-30,THEME,THEME:880730,breadth_ret20,0.22362385321100917,ACCEPTED,0.22362385321100917,881,872,3dd77c68f3f29601b59d09853a70977bfab15f3fba3edeca6737f75ef9d7bcc0,9f7ee99454374db02824b5c9d52e2da89fca30232bc291ddb1f48ef6db84b6c0,2ee46c732cbd9a2d9496fe9e4763efb9a1ab85568c9ae6e0d0e121bc4adb4265,164142652bf5b3032f4e1a8ee54fe2817a3f3b5130635cf04fb641a6e819211d
2026-09-30,THEME,THEME:880730,ma20_width,0.2582857142857143,ACCEPTED,0.2582857142857143,881,875,3dd77c68f3f29601b59d09853a70977bfab15f3fba3edeca6737f75ef9d7bcc0,9f7ee99454374db02824b5c9d52e2da89fca30232bc291ddb1f48ef6db84b6c0,2ee46c732cbd9a2d9496fe9e4763efb9a1ab85568c9ae6e0d0e121bc4adb4265,164142652bf5b3032f4e1a8ee54fe2817a3f3b5130635cf04fb641a6e819211d
2026-09-30,THEME,THEME:880731,sector_rs1,-0.006688963210702448,ACCEPTED,-0.006688963210702448,380,0,3dd77c68f3f29601b59d09853a70977bfab15f3fba3edeca6737f75ef9d7bcc0,9f7ee99454374db02824b5c9d52e2da89fca30232bc291ddb1f48ef6db84b6c0,2ee46c732cbd9a2d9496fe9e4763efb9a1ab85568c9ae6e0d0e121bc4adb4265,164142652bf5b3032f4e1a8ee54fe2817a3f3b5130635cf04fb641a6e819211d
2026-09-30,THEME,THEME:880731,sector_rs5,-0.04529767040552202,ACCEPTED,-0.04529767040552202,380,0,3dd77c68f3f29601b59d09853a70977bfab15f3fba3edeca6737f75ef9d7bcc0,9f7ee99454374db02824b5c9d52e2da89fca30232bc291ddb1f48ef6db84b6c0,2ee46c732cbd9a2d9496fe9e4763efb9a1ab85568c9ae6e0d0e121bc4adb4265,164142652bf5b3032f4e1a8ee54fe2817a3f3b5130635cf04fb641a6e819211d
2026-09-30,THEME,THEME:880731,sector_rs20,-0.04533473906167629,ACCEPTED,-0.04533473906167629,380,0,3dd77c68f3f29601b59d09853a70977bfab15f3fba3edeca6737f75ef9d7bcc0,9f7ee99454374db02824b5c9d52e2da89fca30232bc291ddb1f48ef6db84b6c0,2ee46c732cbd9a2d9496fe9e4763efb9a1ab85568c9ae6e0d0e121bc4adb4265,164142652bf5b3032f4e1a8ee54fe2817a3f3b5130635cf04fb641a6e819211d
2026-09-30,THEME,THEME:880731,breadth_ret1,0.32625994694960214,ACCEPTED,0.32625994694960214,380,377,3dd77c68f3f29601b59d09853a70977bfab15f3fba3edeca6737f75ef9d7bcc0,9f7ee99454374db02824b5c9d52e2da89fca30232bc291ddb1f48ef6db84b6c0,2ee46c732cbd9a2d9496fe9e4763efb9a1ab85568c9ae6e0d0e121bc4adb4265,164142652bf5b3032f4e1a8ee54fe2817a3f3b5130635cf04fb641a6e819211d
2026-09-30,THEME,THEME:880731,breadth_ret5,0.11140583554376658,ACCEPTED,0.11140583554376658,380,377,3dd77c68f3f29601b59d09853a70977bfab15f3fba3edeca6737f75ef9d7bcc0,9f7ee99454374db02824b5c9d52e2da89fca30232bc291ddb1f48ef6db84b6c0,2ee46c732cbd9a2d9496fe9e4763efb9a1ab85568c9ae6e0d0e121bc4adb4265,164142652bf5b3032f4e1a8ee54fe2817a3f3b5130635cf04fb641a6e819211d
2026-09-30,THEME,THEME:880731,breadth_ret20,0.23342175066312998,ACCEPTED,0.23342175066312998,380,377,3dd77c68f3f29601b59d09853a70977bfab15f3fba3edeca6737f75ef9d7bcc0,9f7ee99454374db02824b5c9d52e2da89fca30232bc291ddb1f48ef6db84b6c0,2ee46c732cbd9a2d9496fe9e4763efb9a1ab85568c9ae6e0d0e121bc4adb4265,164142652bf5b3032f4e1a8ee54fe2817a3f3b5130635cf04fb641a6e819211d
2026-09-30,THEME,THEME:880731,ma20_width,0.23076923076923078,ACCEPTED,0.23076923076923078,380,377,3dd77c68f3f29601b59d09853a70977bfab15f3fba3edeca6737f75ef9d7bcc0,9f7ee99454374db02824b5c9d52e2da89fca30232bc291ddb1f48ef6db84b6c0,2ee46c732cbd9a2d9496fe9e4763efb9a1ab85568c9ae6e0d0e121bc4adb4265,164142652bf5b3032f4e1a8ee54fe2817a3f3b5130635cf04fb641a6e819211d
2026-09-30,THEME,THEME:880732,sector_rs1,-0.007666807647422835,ACCEPTED,-0.007666807647422835,452,0,3dd77c68f3f29601b59d09853a70977bfab15f3fba3edeca6737f75ef9d7bcc0,9f7ee99454374db02824b5c9d52e2da89fca30232bc291ddb1f48ef6db84b6c0,2ee46c732cbd9a2d9496fe9e4763efb9a1ab85568c9ae6e0d0e121bc4adb4265,164142652bf5b3032f4e1a8ee54fe2817a3f3b5130635cf04fb641a6e819211d
2026-09-30,THEME,THEME:880732,sector_rs5,-0.04123937071641742,ACCEPTED,-0.04123937071641742,452,0,3dd77c68f3f29601b59d09853a70977bfab15f3fba3edeca6737f75ef9d7bcc0,9f7ee99454374db02824b5c9d52e2da89fca30232bc291ddb1f48ef6db84b6c0,2ee46c732cbd9a2d9496fe9e4763efb9a1ab85568c9ae6e0d0e121bc4adb4265,164142652bf5b3032f4e1a8ee54fe2817a3f3b5130635cf04fb641a6e819211d
2026-09-30,THEME,THEME:880732,sector_rs20,-0.047186932849364704,ACCEPTED,-0.047186932849364704,452,0,3dd77c68f3f29601b59d09853a70977bfab15f3fba3edeca6737f75ef9d7bcc0,9f7ee99454374db02824b5c9d52e2da89fca30232bc291ddb1f48ef6db84b6c0,2ee46c732cbd9a2d9496fe9e4763efb9a1ab85568c9ae6e0d0e121bc4adb4265,164142652bf5b3032f4e1a8ee54fe2817a3f3b5130635cf04fb641a6e819211d
2026-09-30,THEME,THEME:880732,breadth_ret1,0.3274336283185841,ACCEPTED,0.3274336283185841,452,452,3dd77c68f3f29601b59d09853a70977bfab15f3fba3edeca6737f75ef9d7bcc0,9f7ee99454374db02824b5c9d52e2da89fca30232bc291ddb1f48ef6db84b6c0,2ee46c732cbd9a2d9496fe9e4763efb9a1ab85568c9ae6e0d0e121bc4adb4265,164142652bf5b3032f4e1a8ee54fe2817a3f3b5130635cf04fb641a6e819211d
2026-09-30,THEME,THEME:880732,breadth_ret5,0.14823008849557523,ACCEPTED,0.14823008849557523,452,452,3dd77c68f3f29601b59d09853a70977bfab15f3fba3edeca6737f75ef9d7bcc0,9f7ee99454374db02824b5c9d52e2da89fca30232bc291ddb1f48ef6db84b6c0,2ee46c732cbd9a2d9496fe9e4763efb9a1ab85568c9ae6e0d0e121bc4adb4265,164142652bf5b3032f4e1a8ee54fe2817a3f3b5130635cf04fb641a6e819211d
2026-09-30,THEME,THEME:880732,breadth_ret20,0.23059866962305986,ACCEPTED,0.23059866962305986,452,451,3dd77c68f3f29601b59d09853a70977bfab15f3fba3edeca6737f75ef9d7bcc0,9f7ee99454374db02824b5c9d52e2da89fca30232bc291ddb1f48ef6db84b6c0,2ee46c732cbd9a2d9496fe9e4763efb9a1ab85568c9ae6e0d0e121bc4adb4265,164142652bf5b3032f4e1a8ee54fe2817a3f3b5130635cf04fb641a6e819211d
2026-09-30,THEME,THEME:880732,ma20_width,0.336283185840708,ACCEPTED,0.336283185840708,452,452,3dd77c68f3f29601b59d09853a70977bfab15f3fba3edeca6737f75ef9d7bcc0,9f7ee99454374db02824b5c9d52e2da89fca30232bc291ddb1f48ef6db84b6c0,2ee46c732cbd9a2d9496fe9e4763efb9a1ab85568c9ae6e0d0e121bc4adb4265,164142652bf5b3032f4e1a8ee54fe2817a3f3b5130635cf04fb641a6e819211d
2026-09-30,THEME,THEME:880733,sector_rs1,0.0,ACCEPTED,0.0,91,0,3dd77c68f3f29601b59d09853a70977bfab15f3fba3edeca6737f75ef9d7bcc0,9f7ee99454374db02824b5c9d52e2da89fca30232bc291ddb1f48ef6db84b6c0,2ee46c732cbd9a2d9496fe9e4763efb9a1ab85568c9ae6e0d0e121bc4adb4265,164142652bf5b3032f4e1a8ee54fe2817a3f3b5130635cf04fb641a6e819211d
2026-09-30,THEME,THEME:880733,sector_rs5,-0.03679476696647599,ACCEPTED,-0.03679476696647599,91,0,3dd77c68f3f29601b59d09853a70977bfab15f3fba3edeca6737f75ef9d7bcc0,9f7ee99454374db02824b5c9d52e2da89fca30232bc291ddb1f48ef6db84b6c0,2ee46c732cbd9a2d9496fe9e4763efb9a1ab85568c9ae6e0d0e121bc4adb4265,164142652bf5b3032f4e1a8ee54fe2817a3f3b5130635cf04fb641a6e819211d
2026-09-30,THEME,THEME:880733,sector_rs20,-0.02731819930742585,ACCEPTED,-0.02731819930742585,91,0,3dd77c68f3f29601b59d09853a70977bfab15f3fba3edeca6737f75ef9d7bcc0,9f7ee99454374db02824b5c9d52e2da89fca30232bc291ddb1f48ef6db84b6c0,2ee46c732cbd9a2d9496fe9e4763efb9a1ab85568c9ae6e0d0e121bc4adb4265,164142652bf5b3032f4e1a8ee54fe2817a3f3b5130635cf04fb641a6e819211d
2026-09-30,THEME,THEME:880733,breadth_ret1,0.4835164835164835,ACCEPTED,0.4835164835164835,91,91,3dd77c68f3f29601b59d09853a70977bfab15f3fba3edeca6737f75ef9d7bcc0,9f7ee99454374db02824b5c9d52e2da89fca30232bc291ddb1f48ef6db84b6c0,2ee46c732cbd9a2d9496fe9e4763efb9a1ab85568c9ae6e0d0e121bc4adb4265,164142652bf5b3032f4e1a8ee54fe2817a3f3b5130635cf04fb641a6e819211d
2026-09-30,THEME,THEME:880733,breadth_ret5,0.15384615384615385,ACCEPTED,0.15384615384615385,91,91,3dd77c68f3f29601b59d09853a70977bfab15f3fba3edeca6737f75ef9d7bcc0,9f7ee99454374db02824b5c9d52e2da89fca30232bc291ddb1f48ef6db84b6c0,2ee46c732cbd9a2d9496fe9e4763efb9a1ab85568c9ae6e0d0e121bc4adb4265,164142652bf5b3032f4e1a8ee54fe2817a3f3b5130635cf04fb641a6e819211d
2026-09-30,THEME,THEME:880733,breadth_ret20,0.3516483516483517,ACCEPTED,0.3516483516483517,91,91,3dd77c68f3f29601b59d09853a70977bfab15f3fba3edeca6737f75ef9d7bcc0,9f7ee99454374db02824b5c9d52e2da89fca30232bc291ddb1f48ef6db84b6c0,2ee46c732cbd9a2d9496fe9e4763efb9a1ab85568c9ae6e0d0e121bc4adb4265,164142652bf5b3032f4e1a8ee54fe2817a3f3b5130635cf04fb641a6e819211d
2026-09-30,THEME,THEME:880733,ma20_width,0.3956043956043956,ACCEPTED,0.3956043956043956,91,91,3dd77c68f3f29601b59d09853a70977bfab15f3fba3edeca6737f75ef9d7bcc0,9f7ee99454374db02824b5c9d52e2da89fca30232bc291ddb1f48ef6db84b6c0,2ee46c732cbd9a2d9496fe9e4763efb9a1ab85568c9ae6e0d0e121bc4adb4265,164142652bf5b3032f4e1a8ee54fe2817a3f3b5130635cf04fb641a6e819211d
2026-09-30,THEME,THEME:880734,sector_rs1,-0.013173652694610682,ACCEPTED,-0.013173652694610682,28,0,3dd77c68f3f29601b59d09853a70977bfab15f3fba3edeca6737f75ef9d7bcc0,9f7ee99454374db02824b5c9d52e2da89fca30232bc291ddb1f48ef6db84b6c0,2ee46c732cbd9a2d9496fe9e4763efb9a1ab85568c9ae6e0d0e121bc4adb4265,164142652bf5b3032f4e1a8ee54fe2817a3f3b5130635cf04fb641a6e819211d
2026-09-30,THEME,THEME:880734,sector_rs5,-0.06529209621993126,ACCEPTED,-0.06529209621993126,28,0,3dd77c68f3f29601b59d09853a70977bfab15f3fba3edeca6737f75ef9d7bcc0,9f7ee99454374db02824b5c9d52e2da89fca30232bc291ddb1f48ef6db84b6c0,2ee46c732cbd9a2d9496fe9e4763efb9a1ab85568c9ae6e0d0e121bc4adb4265,164142652bf5b3032f4e1a8ee54fe2817a3f3b5130635cf04fb641a6e819211d
2026-09-30,THEME,THEME:880734,sector_rs20,-0.07845695117405882,ACCEPTED,-0.07845695117405882,28,0,3dd77c68f3f29601b59d09853a70977bfab15f3fba3edeca6737f75ef9d7bcc0,9f7ee99454374db02824b5c9d52e2da89fca30232bc291ddb1f48ef6db84b6c0,2ee46c732cbd9a2d9496fe9e4763efb9a1ab85568c9ae6e0d0e121bc4adb4265,164142652bf5b3032f4e1a8ee54fe2817a3f3b5130635cf04fb641a6e819211d
2026-09-30,THEME,THEME:880734,breadth_ret1,0.37037037037037035,ACCEPTED,0.37037037037037035,28,27,3dd77c68f3f29601b59d09853a70977bfab15f3fba3edeca6737f75ef9d7bcc0,9f7ee99454374db02824b5c9d52e2da89fca30232bc291ddb1f48ef6db84b6c0,2ee46c732cbd9a2d9496fe9e4763efb9a1ab85568c9ae6e0d0e121bc4adb4265,164142652bf5b3032f4e1a8ee54fe2817a3f3b5130635cf04fb641a6e819211d
2026-09-30,THEME,THEME:880734,breadth_ret5,0.1111111111111111,ACCEPTED,0.1111111111111111,28,27,3dd77c68f3f29601b59d09853a70977bfab15f3fba3edeca6737f75ef9d7bcc0,9f7ee99454374db02824b5c9d52e2da89fca30232bc291ddb1f48ef6db84b6c0,2ee46c732cbd9a2d9496fe9e4763efb9a1ab85568c9ae6e0d0e121bc4adb4265,164142652bf5b3032f4e1a8ee54fe2817a3f3b5130635cf04fb641a6e819211d
2026-09-30,THEME,THEME:880734,breadth_ret20,0.1111111111111111,ACCEPTED,0.1111111111111111,28,27,3dd77c68f3f29601b59d09853a70977bfab15f3fba3edeca6737f75ef9d7bcc0,9f7ee99454374db02824b5c9d52e2da89fca30232bc291ddb1f48ef6db84b6c0,2ee46c732cbd9a2d9496fe9e4763efb9a1ab85568c9ae6e0d0e121bc4adb4265,164142652bf5b3032f4e1a8ee54fe2817a3f3b5130635cf04fb641a6e819211d
2026-09-30,THEME,THEME:880734,ma20_width,0.1111111111111111,ACCEPTED,0.1111111111111111,28,27,3dd77c68f3f29601b59d09853a70977bfab15f3fba3edeca6737f75ef9d7bcc0,9f7ee99454374db02824b5c9d52e2da89fca30232bc291ddb1f48ef6db84b6c0,2ee46c732cbd9a2d9496fe9e4763efb9a1ab85568c9ae6e0d0e121bc4adb4265,164142652bf5b3032f4e1a8ee54fe2817a3f3b5130635cf04fb641a6e819211d
2026-09-30,THEME,THEME:880736,sector_rs1,-0.009650582362728755,ACCEPTED,-0.009650582362728755,113,0,3dd77c68f3f29601b59d09853a70977bfab15f3fba3edeca6737f75ef9d7bcc0,9f7ee99454374db02824b5c9d52e2da89fca30232bc291ddb1f48ef6db84b6c0,2ee46c732cbd9a2d9496fe9e4763efb9a1ab85568c9ae6e0d0e121bc4adb4265,164142652bf5b3032f4e1a8ee54fe2817a3f3b5130635cf04fb641a6e819211d
2026-09-30,THEME,THEME:880736,sector_rs5,-0.04307116104868902,ACCEPTED,-0.04307116104868902,113,0,3dd77c68f3f29601b59d09853a70977bfab15f3fba3edeca6737f75ef9d7bcc0,9f7ee99454374db02824b5c9d52e2da89fca30232bc291ddb1f48ef6db84b6c0,2ee46c732cbd9a2d9496fe9e4763efb9a1ab85568c9ae6e0d0e121bc4adb4265,164142652bf5b3032f4e1a8ee54fe2817a3f3b5130635cf04fb641a6e819211d
2026-09-30,THEME,THEME:880736,sector_rs20,-0.04878048780487798,ACCEPTED,-0.04878048780487798,113,0,3dd77c68f3f29601b59d09853a70977bfab15f3fba3edeca6737f75ef9d7bcc0,9f7ee99454374db02824b5c9d52e2da89fca30232bc291ddb1f48ef6db84b6c0,2ee46c732cbd9a2d9496fe9e4763efb9a1ab85568c9ae6e0d0e121bc4adb4265,164142652bf5b3032f4e1a8ee54fe2817a3f3b5130635cf04fb641a6e819211d
2026-09-30,THEME,THEME:880736,breadth_ret1,0.22123893805309736,ACCEPTED,0.22123893805309736,113,113,3dd77c68f3f29601b59d09853a70977bfab15f3fba3edeca6737f75ef9d7bcc0,9f7ee99454374db02824b5c9d52e2da89fca30232bc291ddb1f48ef6db84b6c0,2ee46c732cbd9a2d9496fe9e4763efb9a1ab85568c9ae6e0d0e121bc4adb4265,164142652bf5b3032f4e1a8ee54fe2817a3f3b5130635cf04fb641a6e819211d
2026-09-30,THEME,THEME:880736,breadth_ret5,0.13274336283185842,ACCEPTED,0.13274336283185842,113,113,3dd77c68f3f29601b59d09853a70977bfab15f3fba3edeca6737f75ef9d7bcc0,9f7ee99454374db02824b5c9d52e2da89fca30232bc291ddb1f48ef6db84b6c0,2ee46c732cbd9a2d9496fe9e4763efb9a1ab85568c9ae6e0d0e121bc4adb4265,164142652bf5b3032f4e1a8ee54fe2817a3f3b5130635cf04fb641a6e819211d
2026-09-30,THEME,THEME:880736,breadth_ret20,0.20353982300884957,ACCEPTED,0.20353982300884957,113,113,3dd77c68f3f29601b59d09853a70977bfab15f3fba3edeca6737f75ef9d7bcc0,9f7ee99454374db02824b5c9d52e2da89fca30232bc291ddb1f48ef6db84b6c0,2ee46c732cbd9a2d9496fe9e4763efb9a1ab85568c9ae6e0d0e121bc4adb4265,164142652bf5b3032f4e1a8ee54fe2817a3f3b5130635cf04fb641a6e819211d
2026-09-30,THEME,THEME:880736,ma20_width,0.22123893805309736,ACCEPTED,0.22123893805309736,113,113,3dd77c68f3f29601b59d09853a70977bfab15f3fba3edeca6737f75ef9d7bcc0,9f7ee99454374db02824b5c9d52e2da89fca30232bc291ddb1f48ef6db84b6c0,2ee46c732cbd9a2d9496fe9e4763efb9a1ab85568c9ae6e0d0e121bc4adb4265,164142652bf5b3032f4e1a8ee54fe2817a3f3b5130635cf04fb641a6e819211d
2026-09-30,THEME,THEME:880737,sector_rs1,-0.004998011734866636,ACCEPTED,-0.004998011734866636,58,0,3dd77c68f3f29601b59d09853a70977bfab15f3fba3edeca6737f75ef9d7bcc0,9f7ee99454374db02824b5c9d52e2da89fca30232bc291ddb1f48ef6db84b6c0,2ee46c732cbd9a2d9496fe9e4763efb9a1ab85568c9ae6e0d0e121bc4adb4265,164142652bf5b3032f4e1a8ee54fe2817a3f3b5130635cf04fb641a6e819211d
2026-09-30,THEME,THEME:880737,sector_rs5,-0.0397044629086023,ACCEPTED,-0.0397044629086023,58,0,3dd77c68f3f29601b59d09853a70977bfab15f3fba3edeca6737f75ef9d7bcc0,9f7ee99454374db02824b5c9d52e2da89fca30232bc291ddb1f48ef6db84b6c0,2ee46c732cbd9a2d9496fe9e4763efb9a1ab85568c9ae6e0d0e121bc4adb4265,164142652bf5b3032f4e1a8ee54fe2817a3f3b5130635cf04fb641a6e819211d
2026-09-30,THEME,THEME:880737,sector_rs20,-0.05829750644883924,ACCEPTED,-0.05829750644883924,58,0,3dd77c68f3f29601b59d09853a70977bfab15f3fba3edeca6737f75ef9d7bcc0,9f7ee99454374db02824b5c9d52e2da89fca30232bc291ddb1f48ef6db84b6c0,2ee46c732cbd9a2d9496fe9e4763efb9a1ab85568c9ae6e0d0e121bc4adb4265,164142652bf5b3032f4e1a8ee54fe2817a3f3b5130635cf04fb641a6e819211d
2026-09-30,THEME,THEME:880737,breadth_ret1,0.30357142857142855,ACCEPTED,0.30357142857142855,58,56,3dd77c68f3f29601b59d09853a70977bfab15f3fba3edeca6737f75ef9d7bcc0,9f7ee99454374db02824b5c9d52e2da89fca30232bc291ddb1f48ef6db84b6c0,2ee46c732cbd9a2d9496fe9e4763efb9a1ab85568c9ae6e0d0e121bc4adb4265,164142652bf5b3032f4e1a8ee54fe2817a3f3b5130635cf04fb641a6e819211d
2026-09-30,THEME,THEME:880737,breadth_ret5,0.125,ACCEPTED,0.125,58,56,3dd77c68f3f29601b59d09853a70977bfab15f3fba3edeca6737f75ef9d7bcc0,9f7ee99454374db02824b5c9d52e2da89fca30232bc291ddb1f48ef6db84b6c0,2ee46c732cbd9a2d9496fe9e4763efb9a1ab85568c9ae6e0d0e121bc4adb4265,164142652bf5b3032f4e1a8ee54fe2817a3f3b5130635cf04fb641a6e819211d
2026-09-30,THEME,THEME:880737,breadth_ret20,0.16363636363636364,ACCEPTED,0.16363636363636364,58,55,3dd77c68f3f29601b59d09853a70977bfab15f3fba3edeca6737f75ef9d7bcc0,9f7ee99454374db02824b5c9d52e2da89fca30232bc291ddb1f48ef6db84b6c0,2ee46c732cbd9a2d9496fe9e4763efb9a1ab85568c9ae6e0d0e121bc4adb4265,164142652bf5b3032f4e1a8ee54fe2817a3f3b5130635cf04fb641a6e819211d
2026-09-30,THEME,THEME:880737,ma20_width,0.23214285714285715,ACCEPTED,0.23214285714285715,58,56,3dd77c68f3f29601b59d09853a70977bfab15f3fba3edeca6737f75ef9d7bcc0,9f7ee99454374db02824b5c9d52e2da89fca30232bc291ddb1f48ef6db84b6c0,2ee46c732cbd9a2d9496fe9e4763efb9a1ab85568c9ae6e0d0e121bc4adb4265,164142652bf5b3032f4e1a8ee54fe2817a3f3b5130635cf04fb641a6e819211d
2026-09-30,THEME,THEME:880738,sector_rs1,-0.009216717222783999,ACCEPTED,-0.009216717222783999,204,0,3dd77c68f3f29601b59d09853a70977bfab15f3fba3edeca6737f75ef9d7bcc0,9f7ee99454374db02824b5c9d52e2da89fca30232bc291ddb1f48ef6db84b6c0,2ee46c732cbd9a2d9496fe9e4763efb9a1ab85568c9ae6e0d0e121bc4adb4265,164142652bf5b3032f4e1a8ee54fe2817a3f3b5130635cf04fb641a6e819211d
2026-09-30,THEME,THEME:880738,sector_rs5,-0.03526015902156976,ACCEPTED,-0.03526015902156976,204,0,3dd77c68f3f29601b59d09853a70977bfab15f3fba3edeca6737f75ef9d7bcc0,9f7ee99454374db02824b5c9d52e2da89fca30232bc291ddb1f48ef6db84b6c0,2ee46c732cbd9a2d9496fe9e4763efb9a1ab85568c9ae6e0d0e121bc4adb4265,164142652bf5b3032f4e1a8ee54fe2817a3f3b5130635cf04fb641a6e819211d
2026-09-30,THEME,THEME:880738,sector_rs20,-0.0417777777777778,ACCEPTED,-0.0417777777777778,204,0,3dd77c68f3f29601b59d09853a70977bfab15f3fba3edeca6737f75ef9d7bcc0,9f7ee99454374db02824b5c9d52e2da89fca30232bc291ddb1f48ef6db84b6c0,2ee46c732cbd9a2d9496fe9e4763efb9a1ab85568c9ae6e0d0e121bc4adb4265,164142652bf5b3032f4e1a8ee54fe2817a3f3b5130635cf04fb641a6e819211d
2026-09-30,THEME,THEME:880738,breadth_ret1,0.2696078431372549,ACCEPTED,0.2696078431372549,204,204,3dd77c68f3f29601b59d09853a70977bfab15f3fba3edeca6737f75ef9d7bcc0,9f7ee99454374db02824b5c9d52e2da89fca30232bc291ddb1f48ef6db84b6c0,2ee46c732cbd9a2d9496fe9e4763efb9a1ab85568c9ae6e0d0e121bc4adb4265,164142652bf5b3032f4e1a8ee54fe2817a3f3b5130635cf04fb641a6e819211d
2026-09-30,THEME,THEME:880738,breadth_ret5,0.14215686274509803,ACCEPTED,0.14215686274509803,204,204,3dd77c68f3f29601b59d09853a70977bfab15f3fba3edeca6737f75ef9d7bcc0,9f7ee99454374db02824b5c9d52e2da89fca30232bc291ddb1f48ef6db84b6c0,2ee46c732cbd9a2d9496fe9e4763efb9a1ab85568c9ae6e0d0e121bc4adb4265,164142652bf5b3032f4e1a8ee54fe2817a3f3b5130635cf04fb641a6e819211d
2026-09-30,THEME,THEME:880738,breadth_ret20,0.2512315270935961,ACCEPTED,0.2512315270935961,204,203,3dd77c68f3f29601b59d09853a70977bfab15f3fba3edeca6737f75ef9d7bcc0,9f7ee99454374db02824b5c9d52e2da89fca30232bc291ddb1f48ef6db84b6c0,2ee46c732cbd9a2d9496fe9e4763efb9a1ab85568c9ae6e0d0e121bc4adb4265,164142652bf5b3032f4e1a8ee54fe2817a3f3b5130635cf04fb641a6e819211d
2026-09-30,THEME,THEME:880738,ma20_width,0.2955665024630542,ACCEPTED,0.2955665024630542,204,203,3dd77c68f3f29601b59d09853a70977bfab15f3fba3edeca6737f75ef9d7bcc0,9f7ee99454374db02824b5c9d52e2da89fca30232bc291ddb1f48ef6db84b6c0,2ee46c732cbd9a2d9496fe9e4763efb9a1ab85568c9ae6e0d0e121bc4adb4265,164142652bf5b3032f4e1a8ee54fe2817a3f3b5130635cf04fb641a6e819211d
2026-09-30,THEME,THEME:880739,sector_rs1,-0.011138613861386149,ACCEPTED,-0.011138613861386149,149,0,3dd77c68f3f29601b59d09853a70977bfab15f3fba3edeca6737f75ef9d7bcc0,9f7ee99454374db02824b5c9d52e2da89fca30232bc291ddb1f48ef6db84b6c0,2ee46c732cbd9a2d9496fe9e4763efb9a1ab85568c9ae6e0d0e121bc4adb4265,164142652bf5b3032f4e1a8ee54fe2817a3f3b5130635cf04fb641a6e819211d
2026-09-30,THEME,THEME:880739,sector_rs5,-0.04687500000000011,ACCEPTED,-0.04687500000000011,149,0,3dd77c68f3f29601b59d09853a70977bfab15f3fba3edeca6737f75ef9d7bcc0,9f7ee99454374db02824b5c9d52e2da89fca30232bc291ddb1f48ef6db84b6c0,2ee46c732cbd9a2d9496fe9e4763efb9a1ab85568c9ae6e0d0e121bc4adb4265,164142652bf5b3032f4e1a8ee54fe2817a3f3b5130635cf04fb641a6e819211d
2026-09-30,THEME,THEME:880739,sector_rs20,-0.05953278070836465,ACCEPTED,-0.05953278070836465,149,0,3dd77c68f3f29601b59d09853a70977bfab15f3fba3edeca6737f75ef9d7bcc0,9f7ee99454374db02824b5c9d52e2da89fca30232bc291ddb1f48ef6db84b6c0,2ee46c732cbd9a2d9496fe9e4763efb9a1ab85568c9ae6e0d0e121bc4adb4265,164142652bf5b3032f4e1a8ee54fe2817a3f3b5130635cf04fb641a6e819211d
2026-09-30,THEME,THEME:880739,breadth_ret1,0.2108843537414966,ACCEPTED,0.2108843537414966,149,147,3dd77c68f3f29601b59d09853a70977bfab15f3fba3edeca6737f75ef9d7bcc0,9f7ee99454374db02824b5c9d52e2da89fca30232bc291ddb1f48ef6db84b6c0,2ee46c732cbd9a2d9496fe9e4763efb9a1ab85568c9ae6e0d0e121bc4adb4265,164142652bf5b3032f4e1a8ee54fe2817a3f3b5130635cf04fb641a6e819211d
2026-09-30,THEME,THEME:880739,breadth_ret5,0.04081632653061224,ACCEPTED,0.04081632653061224,149,147,3dd77c68f3f29601b59d09853a70977bfab15f3fba3edeca6737f75ef9d7bcc0,9f7ee99454374db02824b5c9d52e2da89fca30232bc291ddb1f48ef6db84b6c0,2ee46c732cbd9a2d9496fe9e4763efb9a1ab85568c9ae6e0d0e121bc4adb4265,164142652bf5b3032f4e1a8ee54fe2817a3f3b5130635cf04fb641a6e819211d
2026-09-30,THEME,THEME:880739,breadth_ret20,0.16326530612244897,ACCEPTED,0.16326530612244897,149,147,3dd77c68f3f29601b59d09853a70977bfab15f3fba3edeca6737f75ef9d7bcc0,9f7ee99454374db02824b5c9d52e2da89fca30232bc291ddb1f48ef6db84b6c0,2ee46c732cbd9a2d9496fe9e4763efb9a1ab85568c9ae6e0d0e121bc4adb4265,164142652bf5b3032f4e1a8ee54fe2817a3f3b5130635cf04fb641a6e819211d
2026-09-30,THEME,THEME:880739,ma20_width,0.19727891156462585,ACCEPTED,0.19727891156462585,149,147,3dd77c68f3f29601b59d09853a70977bfab15f3fba3edeca6737f75ef9d7bcc0,9f7ee99454374db02824b5c9d52e2da89fca30232bc291ddb1f48ef6db84b6c0,2ee46c732cbd9a2d9496fe9e4763efb9a1ab85568c9ae6e0d0e121bc4adb4265,164142652bf5b3032f4e1a8ee54fe2817a3f3b5130635cf04fb641a6e819211d
2026-09-30,THEME,THEME:880740,sector_rs1,-0.0034915322587593667,ACCEPTED,-0.0034915322587593667,57,0,3dd77c68f3f29601b59d09853a70977bfab15f3fba3edeca6737f75ef9d7bcc0,9f7ee99454374db02824b5c9d52e2da89fca30232bc291ddb1f48ef6db84b6c0,2ee46c732cbd9a2d9496fe9e4763efb9a1ab85568c9ae6e0d0e121bc4adb4265,164142652bf5b3032f4e1a8ee54fe2817a3f3b5130635cf04fb641a6e819211d
2026-09-30,THEME,THEME:880740,sector_rs5,-0.05097362060662253,ACCEPTED,-0.05097362060662253,57,0,3dd77c68f3f29601b59d09853a70977bfab15f3fba3edeca6737f75ef9d7bcc0,9f7ee99454374db02824b5c9d52e2da89fca30232bc291ddb1f48ef6db84b6c0,2ee46c732cbd9a2d9496fe9e4763efb9a1ab85568c9ae6e0d0e121bc4adb4265,164142652bf5b3032f4e1a8ee54fe2817a3f3b5130635cf04fb641a6e819211d
2026-09-30,THEME,THEME:880740,sector_rs20,-0.04267330016583748,ACCEPTED,-0.04267330016583748,57,0,3dd77c68f3f29601b59d09853a70977bfab15f3fba3edeca6737f75ef9d7bcc0,9f7ee99454374db02824b5c9d52e2da89fca30232bc291ddb1f48ef6db84b6c0,2ee46c732cbd9a2d9496fe9e4763efb9a1ab85568c9ae6e0d0e121bc4adb4265,164142652bf5b3032f4e1a8ee54fe2817a3f3b5130635cf04fb641a6e819211d
2026-09-30,THEME,THEME:880740,breadth_ret1,0.4107142857142857,ACCEPTED,0.4107142857142857,57,56,3dd77c68f3f29601b59d09853a70977bfab15f3fba3edeca6737f75ef9d7bcc0,9f7ee99454374db02824b5c9d52e2da89fca30232bc291ddb1f48ef6db84b6c0,2ee46c732cbd9a2d9496fe9e4763efb9a1ab85568c9ae6e0d0e121bc4adb4265,164142652bf5b3032f4e1a8ee54fe2817a3f3b5130635cf04fb641a6e819211d
2026-09-30,THEME,THEME:880740,breadth_ret5,0.16071428571428573,ACCEPTED,0.16071428571428573,57,56,3dd77c68f3f29601b59d09853a70977bfab15f3fba3edeca6737f75ef9d7bcc0,9f7ee99454374db02824b5c9d52e2da89fca30232bc291ddb1f48ef6db84b6c0,2ee46c732cbd9a2d9496fe9e4763efb9a1ab85568c9ae6e0d0e121bc4adb4265,164142652bf5b3032f4e1a8ee54fe2817a3f3b5130635cf04fb641a6e819211d
2026-09-30,THEME,THEME:880740,breadth_ret20,0.30357142857142855,ACCEPTED,0.30357142857142855,57,56,3dd77c68f3f29601b59d09853a70977bfab15f3fba3edeca6737f75ef9d7bcc0,9f7ee99454374db02824b5c9d52e2da89fca30232bc291ddb1f48ef6db84b6c0,2ee46c732cbd9a2d9496fe9e4763efb9a1ab85568c9ae6e0d0e121bc4adb4265,164142652bf5b3032f4e1a8ee54fe2817a3f3b5130635cf04fb641a6e819211d
2026-09-30,THEME,THEME:880740,ma20_width,0.3392857142857143,ACCEPTED,0.3392857142857143,57,56,3dd77c68f3f29601b59d09853a70977bfab15f3fba3edeca6737f75ef9d7bcc0,9f7ee99454374db02824b5c9d52e2da89fca30232bc291ddb1f48ef6db84b6c0,2ee46c732cbd9a2d9496fe9e4763efb9a1ab85568c9ae6e0d0e121bc4adb4265,164142652bf5b3032f4e1a8ee54fe2817a3f3b5130635cf04fb641a6e819211d
2026-09-30,THEME,THEME:880741,sector_rs1,0.018330921369995146,ACCEPTED,0.018330921369995146,25,0,3dd77c68f3f29601b59d09853a70977bfab15f3fba3edeca6737f75ef9d7bcc0,9f7ee99454374db02824b5c9d52e2da89fca30232bc291ddb1f48ef6db84b6c0,2ee46c732cbd9a2d9496fe9e4763efb9a1ab85568c9ae6e0d0e121bc4adb4265,164142652bf5b3032f4e1a8ee54fe2817a3f3b5130635cf04fb641a6e819211d
2026-09-30,THEME,THEME:880741,sector_rs5,-0.017958412098298626,ACCEPTED,-0.017958412098298626,25,0,3dd77c68f3f29601b59d09853a70977bfab15f3fba3edeca6737f75ef9d7bcc0,9f7ee99454374db02824b5c9d52e2da89fca30232bc291ddb1f48ef6db84b6c0,2ee46c732cbd9a2d9496fe9e4763efb9a1ab85568c9ae6e0d0e121bc4adb4265,164142652bf5b3032f4e1a8ee54fe2817a3f3b5130635cf04fb641a6e819211d
2026-09-30,THEME,THEME:880741,sector_rs20,-0.04235727440147319,ACCEPTED,-0.04235727440147319,25,0,3dd77c68f3f29601b59d09853a70977bfab15f3fba3edeca6737f75ef9d7bcc0,9f7ee99454374db02824b5c9d52e2da89fca30232bc291ddb1f48ef6db84b6c0,2ee46c732cbd9a2d9496fe9e4763efb9a1ab85568c9ae6e0d0e121bc4adb4265,164142652bf5b3032f4e1a8ee54fe2817a3f3b5130635cf04fb641a6e819211d
2026-09-30,THEME,THEME:880741,breadth_ret1,0.8,ACCEPTED,0.8,25,25,3dd77c68f3f29601b59d09853a70977bfab15f3fba3edeca6737f75ef9d7bcc0,9f7ee99454374db02824b5c9d52e2da89fca30232bc291ddb1f48ef6db84b6c0,2ee46c732cbd9a2d9496fe9e4763efb9a1ab85568c9ae6e0d0e121bc4adb4265,164142652bf5b3032f4e1a8ee54fe2817a3f3b5130635cf04fb641a6e819211d
2026-09-30,THEME,THEME:880741,breadth_ret5,0.28,ACCEPTED,0.28,25,25,3dd77c68f3f29601b59d09853a70977bfab15f3fba3edeca6737f75ef9d7bcc0,9f7ee99454374db02824b5c9d52e2da89fca30232bc291ddb1f48ef6db84b6c0,2ee46c732cbd9a2d9496fe9e4763efb9a1ab85568c9ae6e0d0e121bc4adb4265,164142652bf5b3032f4e1a8ee54fe2817a3f3b5130635cf04fb641a6e819211d
2026-09-30,THEME,THEME:880741,breadth_ret20,0.32,ACCEPTED,0.32,25,25,3dd77c68f3f29601b59d09853a70977bfab15f3fba3edeca6737f75ef9d7bcc0,9f7ee99454374db02824b5c9d52e2da89fca30232bc291ddb1f48ef6db84b6c0,2ee46c732cbd9a2d9496fe9e4763efb9a1ab85568c9ae6e0d0e121bc4adb4265,164142652bf5b3032f4e1a8ee54fe2817a3f3b5130635cf04fb641a6e819211d
2026-09-30,THEME,THEME:880741,ma20_width,0.28,ACCEPTED,0.28,25,25,3dd77c68f3f29601b59d09853a70977bfab15f3fba3edeca6737f75ef9d7bcc0,9f7ee99454374db02824b5c9d52e2da89fca30232bc291ddb1f48ef6db84b6c0,2ee46c732cbd9a2d9496fe9e4763efb9a1ab85568c9ae6e0d0e121bc4adb4265,164142652bf5b3032f4e1a8ee54fe2817a3f3b5130635cf04fb641a6e819211d
2026-09-30,THEME,THEME:880742,sector_rs1,-0.0028913253081057078,ACCEPTED,-0.0028913253081057078,281,0,3dd77c68f3f29601b59d09853a70977bfab15f3fba3edeca6737f75ef9d7bcc0,9f7ee99454374db02824b5c9d52e2da89fca30232bc291ddb1f48ef6db84b6c0,2ee46c732cbd9a2d9496fe9e4763efb9a1ab85568c9ae6e0d0e121bc4adb4265,164142652bf5b3032f4e1a8ee54fe2817a3f3b5130635cf04fb641a6e819211d
2026-09-30,THEME,THEME:880742,sector_rs5,-0.03943044906900339,ACCEPTED,-0.03943044906900339,281,0,3dd77c68f3f29601b59d09853a70977bfab15f3fba3edeca6737f75ef9d7bcc0,9f7ee99454374db02824b5c9d52e2da89fca30232bc291ddb1f48ef6db84b6c0,2ee46c732cbd9a2d9496fe9e4763efb9a1ab85568c9ae6e0d0e121bc4adb4265,164142652bf5b3032f4e1a8ee54fe2817a3f3b5130635cf04fb641a6e819211d
2026-09-30,THEME,THEME:880742,sector_rs20,-0.04706332504304578,ACCEPTED,-0.04706332504304578,281,0,3dd77c68f3f29601b59d09853a70977bfab15f3fba3edeca6737f75ef9d7bcc0,9f7ee99454374db02824b5c9d52e2da89fca30232bc291ddb1f48ef6db84b6c0,2ee46c732cbd9a2d9496fe9e4763efb9a1ab85568c9ae6e0d0e121bc4adb4265,164142652bf5b3032f4e1a8ee54fe2817a3f3b5130635cf04fb641a6e819211d
2026-09-30,THEME,THEME:880742,breadth_ret1,0.4392857142857143,ACCEPTED,0.4392857142857143,281,280,3dd77c68f3f29601b59d09853a70977bfab15f3fba3edeca6737f75ef9d7bcc0,9f7ee99454374db02824b5c9d52e2da89fca30232bc291ddb1f48ef6db84b6c0,2ee46c732cbd9a2d9496fe9e4763efb9a1ab85568c9ae6e0d0e121bc4adb4265,164142652bf5b3032f4e1a8ee54fe2817a3f3b5130635cf04fb641a6e819211d
2026-09-30,THEME,THEME:880742,breadth_ret5,0.18996415770609318,ACCEPTED,0.18996415770609318,281,279,3dd77c68f3f29601b59d09853a70977bfab15f3fba3edeca6737f75ef9d7bcc0,9f7ee99454374db02824b5c9d52e2da89fca30232bc291ddb1f48ef6db84b6c0,2ee46c732cbd9a2d9496fe9e4763efb9a1ab85568c9ae6e0d0e121bc4adb4265,164142652bf5b3032f4e1a8ee54fe2817a3f3b5130635cf04fb641a6e819211d
2026-09-30,THEME,THEME:880742,breadth_ret20,0.24014336917562723,ACCEPTED,0.24014336917562723,281,279,3dd77c68f3f29601b59d09853a70977bfab15f3fba3edeca6737f75ef9d7bcc0,9f7ee99454374db02824b5c9d52e2da89fca30232bc291ddb1f48ef6db84b6c0,2ee46c732cbd9a2d9496fe9e4763efb9a1ab85568c9ae6e0d0e121bc4adb4265,164142652bf5b3032f4e1a8ee54fe2817a3f3b5130635cf04fb641a6e819211d
2026-09-30,THEME,THEME:880742,ma20_width,0.25357142857142856,ACCEPTED,0.25357142857142856,281,280,3dd77c68f3f29601b59d09853a70977bfab15f3fba3edeca6737f75ef9d7bcc0,9f7ee99454374db02824b5c9d52e2da89fca30232bc291ddb1f48ef6db84b6c0,2ee46c732cbd9a2d9496fe9e4763efb9a1ab85568c9ae6e0d0e121bc4adb4265,164142652bf5b3032f4e1a8ee54fe2817a3f3b5130635cf04fb641a6e819211d
2026-09-30,THEME,THEME:880743,sector_rs1,0.0014409221902016434,ACCEPTED,0.0014409221902016434,188,0,3dd77c68f3f29601b59d09853a70977bfab15f3fba3edeca6737f75ef9d7bcc0,9f7ee99454374db02824b5c9d52e2da89fca30232bc291ddb1f48ef6db84b6c0,2ee46c732cbd9a2d9496fe9e4763efb9a1ab85568c9ae6e0d0e121bc4adb4265,164142652bf5b3032f4e1a8ee54fe2817a3f3b5130635cf04fb641a6e819211d
2026-09-30,THEME,THEME:880743,sector_rs5,-0.004405286343612258,ACCEPTED,-0.004405286343612258,188,0,3dd77c68f3f29601b59d09853a70977bfab15f3fba3edeca6737f75ef9d7bcc0,9f7ee99454374db02824b5c9d52e2da89fca30232bc291ddb1f48ef6db84b6c0,2ee46c732cbd9a2d9496fe9e4763efb9a1ab85568c9ae6e0d0e121bc4adb4265,164142652bf5b3032f4e1a8ee54fe2817a3f3b5130635cf04fb641a6e819211d
2026-09-30,THEME,THEME:880743,sector_rs20,-0.00710339384372527,ACCEPTED,-0.00710339384372527,188,0,3dd77c68f3f29601b59d09853a70977bfab15f3fba3edeca6737f75ef9d7bcc0,9f7ee99454374db02824b5c9d52e2da89fca30232bc291ddb1f48ef6db84b6c0,2ee46c732cbd9a2d9496fe9e4763efb9a1ab85568c9ae6e0d0e121bc4adb4265,164142652bf5b3032f4e1a8ee54fe2817a3f3b5130635cf04fb641a6e819211d
2026-09-30,THEME,THEME:880743,breadth_ret1,0.5187165775401069,ACCEPTED,0.5187165775401069,188,187,3dd77c68f3f29601b59d09853a70977bfab15f3fba3edeca6737f75ef9d7bcc0,9f7ee99454374db02824b5c9d52e2da89fca30232bc291ddb1f48ef6db84b6c0,2ee46c732cbd9a2d9496fe9e4763efb9a1ab85568c9ae6e0d0e121bc4adb4265,164142652bf5b3032f4e1a8ee54fe2817a3f3b5130635cf04fb641a6e819211d
2026-09-30,THEME,THEME:880743,breadth_ret5,0.42245989304812837,ACCEPTED,0.42245989304812837,188,187,3dd77c68f3f29601b59d09853a70977bfab15f3fba3edeca6737f75ef9d7bcc0,9f7ee99454374db02824b5c9d52e2da89fca30232bc291ddb1f48ef6db84b6c0,2ee46c732cbd9a2d9496fe9e4763efb9a1ab85568c9ae6e0d0e121bc4adb4265,164142652bf5b3032f4e1a8ee54fe2817a3f3b5130635cf04fb641a6e819211d
2026-09-30,THEME,THEME:880743,breadth_ret20,0.44385026737967914,ACCEPTED,0.44385026737967914,188,187,3dd77c68f3f29601b59d09853a70977bfab15f3fba3edeca6737f75ef9d7bcc0,9f7ee99454374db02824b5c9d52e2da89fca30232bc291ddb1f48ef6db84b6c0,2ee46c732cbd9a2d9496fe9e4763efb9a1ab85568c9ae6e0d0e121bc4adb4265,164142652bf5b3032f4e1a8ee54fe2817a3f3b5130635cf04fb641a6e819211d
2026-09-30,THEME,THEME:880743,ma20_width,0.5240641711229946,ACCEPTED,0.5240641711229946,188,187,3dd77c68f3f29601b59d09853a70977bfab15f3fba3edeca6737f75ef9d7bcc0,9f7ee99454374db02824b5c9d52e2da89fca30232bc291ddb1f48ef6db84b6c0,2ee46c732cbd9a2d9496fe9e4763efb9a1ab85568c9ae6e0d0e121bc4adb4265,164142652bf5b3032f4e1a8ee54fe2817a3f3b5130635cf04fb641a6e819211d
2026-09-30,THEME,THEME:880744,sector_rs1,-0.004155703451478032,ACCEPTED,-0.004155703451478032,24,0,3dd77c68f3f29601b59d09853a70977bfab15f3fba3edeca6737f75ef9d7bcc0,9f7ee99454374db02824b5c9d52e2da89fca30232bc291ddb1f48ef6db84b6c0,2ee46c732cbd9a2d9496fe9e4763efb9a1ab85568c9ae6e0d0e121bc4adb4265,164142652bf5b3032f4e1a8ee54fe2817a3f3b5130635cf04fb641a6e819211d
2026-09-30,THEME,THEME:880744,sector_rs5,-0.02668671302386766,ACCEPTED,-0.02668671302386766,24,0,3dd77c68f3f29601b59d09853a70977bfab15f3fba3edeca6737f75ef9d7bcc0,9f7ee99454374db02824b5c9d52e2da89fca30232bc291ddb1f48ef6db84b6c0,2ee46c732cbd9a2d9496fe9e4763efb9a1ab85568c9ae6e0d0e121bc4adb4265,164142652bf5b3032f4e1a8ee54fe2817a3f3b5130635cf04fb641a6e819211d
2026-09-30,THEME,THEME:880744,sector_rs20,-0.04901612612052714,ACCEPTED,-0.04901612612052714,24,0,3dd77c68f3f29601b59d09853a70977bfab15f3fba3edeca6737f75ef9d7bcc0,9f7ee99454374db02824b5c9d52e2da89fca30232bc291ddb1f48ef6db84b6c0,2ee46c732cbd9a2d9496fe9e4763efb9a1ab85568c9ae6e0d0e121bc4adb4265,164142652bf5b3032f4e1a8ee54fe2817a3f3b5130635cf04fb641a6e819211d
2026-09-30,THEME,THEME:880744,breadth_ret1,0.4166666666666667,ACCEPTED,0.4166666666666667,24,24,3dd77c68f3f29601b59d09853a70977bfab15f3fba3edeca6737f75ef9d7bcc0,9f7ee99454374db02824b5c9d52e2da89fca30232bc291ddb1f48ef6db84b6c0,2ee46c732cbd9a2d9496fe9e4763efb9a1ab85568c9ae6e0d0e121bc4adb4265,164142652bf5b3032f4e1a8ee54fe2817a3f3b5130635cf04fb641a6e819211d
2026-09-30,THEME,THEME:880744,breadth_ret5,0.125,ACCEPTED,0.125,24,24,3dd77c68f3f29601b59d09853a70977bfab15f3fba3edeca6737f75ef9d7bcc0,9f7ee99454374db02824b5c9d52e2da89fca30232bc291ddb1f48ef6db84b6c0,2ee46c732cbd9a2d9496fe9e4763efb9a1ab85568c9ae6e0d0e121bc4adb4265,164142652bf5b3032f4e1a8ee54fe2817a3f3b5130635cf04fb641a6e819211d
2026-09-30,THEME,THEME:880744,breadth_ret20,0.08333333333333333,ACCEPTED,0.08333333333333333,24,24,3dd77c68f3f29601b59d09853a70977bfab15f3fba3edeca6737f75ef9d7bcc0,9f7ee99454374db02824b5c9d52e2da89fca30232bc291ddb1f48ef6db84b6c0,2ee46c732cbd9a2d9496fe9e4763efb9a1ab85568c9ae6e0d0e121bc4adb4265,164142652bf5b3032f4e1a8ee54fe2817a3f3b5130635cf04fb641a6e819211d
2026-09-30,THEME,THEME:880744,ma20_width,0.16666666666666666,ACCEPTED,0.16666666666666666,24,24,3dd77c68f3f29601b59d09853a70977bfab15f3fba3edeca6737f75ef9d7bcc0,9f7ee99454374db02824b5c9d52e2da89fca30232bc291ddb1f48ef6db84b6c0,2ee46c732cbd9a2d9496fe9e4763efb9a1ab85568c9ae6e0d0e121bc4adb4265,164142652bf5b3032f4e1a8ee54fe2817a3f3b5130635cf04fb641a6e819211d
2026-09-30,THEME,THEME:880745,sector_rs1,0.011001100110010986,ACCEPTED,0.011001100110010986,27,0,3dd77c68f3f29601b59d09853a70977bfab15f3fba3edeca6737f75ef9d7bcc0,9f7ee99454374db02824b5c9d52e2da89fca30232bc291ddb1f48ef6db84b6c0,2ee46c732cbd9a2d9496fe9e4763efb9a1ab85568c9ae6e0d0e121bc4adb4265,164142652bf5b3032f4e1a8ee54fe2817a3f3b5130635cf04fb641a6e819211d
2026-09-30,THEME,THEME:880745,sector_rs5,-0.024169184290030232,ACCEPTED,-0.024169184290030232,27,0,3dd77c68f3f29601b59d09853a70977bfab15f3fba3edeca6737f75ef9d7bcc0,9f7ee99454374db02824b5c9d52e2da89fca30232bc291ddb1f48ef6db84b6c0,2ee46c732cbd9a2d9496fe9e4763efb9a1ab85568c9ae6e0d0e121bc4adb4265,164142652bf5b3032f4e1a8ee54fe2817a3f3b5130635cf04fb641a6e819211d
2026-09-30,THEME,THEME:880745,sector_rs20,-0.0383480825958703,ACCEPTED,-0.0383480825958703,27,0,3dd77c68f3f29601b59d09853a70977bfab15f3fba3edeca6737f75ef9d7bcc0,9f7ee99454374db02824b5c9d52e2da89fca30232bc291ddb1f48ef6db84b6c0,2ee46c732cbd9a2d9496fe9e4763efb9a1ab85568c9ae6e0d0e121bc4adb4265,164142652bf5b3032f4e1a8ee54fe2817a3f3b5130635cf04fb641a6e819211d
2026-09-30,THEME,THEME:880745,breadth_ret1,0.8148148148148148,ACCEPTED,0.8148148148148148,27,27,3dd77c68f3f29601b59d09853a70977bfab15f3fba3edeca6737f75ef9d7bcc0,9f7ee99454374db02824b5c9d52e2da89fca30232bc291ddb1f48ef6db84b6c0,2ee46c732cbd9a2d9496fe9e4763efb9a1ab85568c9ae6e0d0e121bc4adb4265,164142652bf5b3032f4e1a8ee54fe2817a3f3b5130635cf04fb641a6e819211d
2026-09-30,THEME,THEME:880745,breadth_ret5,0.18518518518518517,ACCEPTED,0.18518518518518517,27,27,3dd77c68f3f29601b59d09853a70977bfab15f3fba3edeca6737f75ef9d7bcc0,9f7ee99454374db02824b5c9d52e2da89fca30232bc291ddb1f48ef6db84b6c0,2ee46c732cbd9a2d9496fe9e4763efb9a1ab85568c9ae6e0d0e121bc4adb4265,164142652bf5b3032f4e1a8ee54fe2817a3f3b5130635cf04fb641a6e819211d
2026-09-30,THEME,THEME:880745,breadth_ret20,0.18518518518518517,ACCEPTED,0.18518518518518517,27,27,3dd77c68f3f29601b59d09853a70977bfab15f3fba3edeca6737f75ef9d7bcc0,9f7ee99454374db02824b5c9d52e2da89fca30232bc291ddb1f48ef6db84b6c0,2ee46c732cbd9a2d9496fe9e4763efb9a1ab85568c9ae6e0d0e121bc4adb4265,164142652bf5b3032f4e1a8ee54fe2817a3f3b5130635cf04fb641a6e819211d
2026-09-30,THEME,THEME:880745,ma20_width,0.3333333333333333,ACCEPTED,0.3333333333333333,27,27,3dd77c68f3f29601b59d09853a70977bfab15f3fba3edeca6737f75ef9d7bcc0,9f7ee99454374db02824b5c9d52e2da89fca30232bc291ddb1f48ef6db84b6c0,2ee46c732cbd9a2d9496fe9e4763efb9a1ab85568c9ae6e0d0e121bc4adb4265,164142652bf5b3032f4e1a8ee54fe2817a3f3b5130635cf04fb641a6e819211d
2026-09-30,THEME,THEME:880746,sector_rs1,-0.006441223832528209,ACCEPTED,-0.006441223832528209,51,0,3dd77c68f3f29601b59d09853a70977bfab15f3fba3edeca6737f75ef9d7bcc0,9f7ee99454374db02824b5c9d52e2da89fca30232bc291ddb1f48ef6db84b6c0,2ee46c732cbd9a2d9496fe9e4763efb9a1ab85568c9ae6e0d0e121bc4adb4265,164142652bf5b3032f4e1a8ee54fe2817a3f3b5130635cf04fb641a6e819211d
2026-09-30,THEME,THEME:880746,sector_rs5,-0.022727272727272707,ACCEPTED,-0.022727272727272707,51,0,3dd77c68f3f29601b59d09853a70977bfab15f3fba3edeca6737f75ef9d7bcc0,9f7ee99454374db02824b5c9d52e2da89fca30232bc291ddb1f48ef6db84b6c0,2ee46c732cbd9a2d9496fe9e4763efb9a1ab85568c9ae6e0d0e121bc4adb4265,164142652bf5b3032f4e1a8ee54fe2817a3f3b5130635cf04fb641a6e819211d
2026-09-30,THEME,THEME:880746,sector_rs20,-0.03660322108345537,ACCEPTED,-0.03660322108345537,51,0,3dd77c68f3f29601b59d09853a70977bfab15f3fba3edeca6737f75ef9d7bcc0,9f7ee99454374db02824b5c9d52e2da89fca30232bc291ddb1f48ef6db84b6c0,2ee46c732cbd9a2d9496fe9e4763efb9a1ab85568c9ae6e0d0e121bc4adb4265,164142652bf5b3032f4e1a8ee54fe2817a3f3b5130635cf04fb641a6e819211d
2026-09-30,THEME,THEME:880746,breadth_ret1,0.3137254901960784,ACCEPTED,0.3137254901960784,51,51,3dd77c68f3f29601b59d09853a70977bfab15f3fba3edeca6737f75ef9d7bcc0,9f7ee99454374db02824b5c9d52e2da89fca30232bc291ddb1f48ef6db84b6c0,2ee46c732cbd9a2d9496fe9e4763efb9a1ab85568c9ae6e0d0e121bc4adb4265,164142652bf5b3032f4e1a8ee54fe2817a3f3b5130635cf04fb641a6e819211d
2026-09-30,THEME,THEME:880746,breadth_ret5,0.19607843137254902,ACCEPTED,0.19607843137254902,51,51,3dd77c68f3f29601b59d09853a70977bfab15f3fba3edeca6737f75ef9d7bcc0,9f7ee99454374db02824b5c9d52e2da89fca30232bc291ddb1f48ef6db84b6c0,2ee46c732cbd9a2d9496fe9e4763efb9a1ab85568c9ae6e0d0e121bc4adb4265,164142652bf5b3032f4e1a8ee54fe2817a3f3b5130635cf04fb641a6e819211d
2026-09-30,THEME,THEME:880746,breadth_ret20,0.23529411764705882,ACCEPTED,0.23529411764705882,51,51,3dd77c68f3f29601b59d09853a70977bfab15f3fba3edeca6737f75ef9d7bcc0,9f7ee99454374db02824b5c9d52e2da89fca30232bc291ddb1f48ef6db84b6c0,2ee46c732cbd9a2d9496fe9e4763efb9a1ab85568c9ae6e0d0e121bc4adb4265,164142652bf5b3032f4e1a8ee54fe2817a3f3b5130635cf04fb641a6e819211d
2026-09-30,THEME,THEME:880746,ma20_width,0.3333333333333333,ACCEPTED,0.3333333333333333,51,51,3dd77c68f3f29601b59d09853a70977bfab15f3fba3edeca6737f75ef9d7bcc0,9f7ee99454374db02824b5c9d52e2da89fca30232bc291ddb1f48ef6db84b6c0,2ee46c732cbd9a2d9496fe9e4763efb9a1ab85568c9ae6e0d0e121bc4adb4265,164142652bf5b3032f4e1a8ee54fe2817a3f3b5130635cf04fb641a6e819211d
2026-09-30,THEME,THEME:880747,sector_rs1,0.0120705663881151,ACCEPTED,0.0120705663881151,113,0,3dd77c68f3f29601b59d09853a70977bfab15f3fba3edeca6737f75ef9d7bcc0,9f7ee99454374db02824b5c9d52e2da89fca30232bc291ddb1f48ef6db84b6c0,2ee46c732cbd9a2d9496fe9e4763efb9a1ab85568c9ae6e0d0e121bc4adb4265,164142652bf5b3032f4e1a8ee54fe2817a3f3b5130635cf04fb641a6e819211d
2026-09-30,THEME,THEME:880747,sector_rs5,-0.009598603839441666,ACCEPTED,-0.009598603839441666,113,0,3dd77c68f3f29601b59d09853a70977bfab15f3fba3edeca6737f75ef9d7bcc0,9f7ee99454374db02824b5c9d52e2da89fca30232bc291ddb1f48ef6db84b6c0,2ee46c732cbd9a2d9496fe9e4763efb9a1ab85568c9ae6e0d0e121bc4adb4265,164142652bf5b3032f4e1a8ee54fe2817a3f3b5130635cf04fb641a6e819211d
2026-09-30,THEME,THEME:880747,sector_rs20,-0.005578947368421017,ACCEPTED,-0.005578947368421017,113,0,3dd77c68f3f29601b59d09853a70977bfab15f3fba3edeca6737f75ef9d7bcc0,9f7ee99454374db02824b5c9d52e2da89fca30232bc291ddb1f48ef6db84b6c0,2ee46c732cbd9a2d9496fe9e4763efb9a1ab85568c9ae6e0d0e121bc4adb4265,164142652bf5b3032f4e1a8ee54fe2817a3f3b5130635cf04fb641a6e819211d
2026-09-30,THEME,THEME:880747,breadth_ret1,0.6814159292035398,ACCEPTED,0.6814159292035398,113,113,3dd77c68f3f29601b59d09853a70977bfab15f3fba3edeca6737f75ef9d7bcc0,9f7ee99454374db02824b5c9d52e2da89fca30232bc291ddb1f48ef6db84b6c0,2ee46c732cbd9a2d9496fe9e4763efb9a1ab85568c9ae6e0d0e121bc4adb4265,164142652bf5b3032f4e1a8ee54fe2817a3f3b5130635cf04fb641a6e819211d
2026-09-30,THEME,THEME:880747,breadth_ret5,0.3893805309734513,ACCEPTED,0.3893805309734513,113,113,3dd77c68f3f29601b59d09853a70977bfab15f3fba3edeca6737f75ef9d7bcc0,9f7ee99454374db02824b5c9d52e2da89fca30232bc291ddb1f48ef6db84b6c0,2ee46c732cbd9a2d9496fe9e4763efb9a1ab85568c9ae6e0d0e121bc4adb4265,164142652bf5b3032f4e1a8ee54fe2817a3f3b5130635cf04fb641a6e819211d
2026-09-30,THEME,THEME:880747,breadth_ret20,0.46017699115044247,ACCEPTED,0.46017699115044247,113,113,3dd77c68f3f29601b59d09853a70977bfab15f3fba3edeca6737f75ef9d7bcc0,9f7ee99454374db02824b5c9d52e2da89fca30232bc291ddb1f48ef6db84b6c0,2ee46c732cbd9a2d9496fe9e4763efb9a1ab85568c9ae6e0d0e121bc4adb4265,164142652bf5b3032f4e1a8ee54fe2817a3f3b5130635cf04fb641a6e819211d
2026-09-30,THEME,THEME:880747,ma20_width,0.6283185840707964,ACCEPTED,0.6283185840707964,113,113,3dd77c68f3f29601b59d09853a70977bfab15f3fba3edeca6737f75ef9d7bcc0,9f7ee99454374db02824b5c9d52e2da89fca30232bc291ddb1f48ef6db84b6c0,2ee46c732cbd9a2d9496fe9e4763efb9a1ab85568c9ae6e0d0e121bc4adb4265,164142652bf5b3032f4e1a8ee54fe2817a3f3b5130635cf04fb641a6e819211d
2026-09-30,THEME,THEME:880748,sector_rs1,-0.010944632041484825,ACCEPTED,-0.010944632041484825,175,0,3dd77c68f3f29601b59d09853a70977bfab15f3fba3edeca6737f75ef9d7bcc0,9f7ee99454374db02824b5c9d52e2da89fca30232bc291ddb1f48ef6db84b6c0,2ee46c732cbd9a2d9496fe9e4763efb9a1ab85568c9ae6e0d0e121bc4adb4265,164142652bf5b3032f4e1a8ee54fe2817a3f3b5130635cf04fb641a6e819211d
2026-09-30,THEME,THEME:880748,sector_rs5,-0.050648655544216103,ACCEPTED,-0.050648655544216103,175,0,3dd77c68f3f29601b59d09853a70977bfab15f3fba3edeca6737f75ef9d7bcc0,9f7ee99454374db02824b5c9d52e2da89fca30232bc291ddb1f48ef6db84b6c0,2ee46c732cbd9a2d9496fe9e4763efb9a1ab85568c9ae6e0d0e121bc4adb4265,164142652bf5b3032f4e1a8ee54fe2817a3f3b5130635cf04fb641a6e819211d
2026-09-30,THEME,THEME:880748,sector_rs20,-0.07099318178557984,ACCEPTED,-0.07099318178557984,175,0,3dd77c68f3f29601b59d09853a70977bfab15f3fba3edeca6737f75ef9d7bcc0,9f7ee99454374db02824b5c9d52e2da89fca30232bc291ddb1f48ef6db84b6c0,2ee46c732cbd9a2d9496fe9e4763efb9a1ab85568c9ae6e0d0e121bc4adb4265,164142652bf5b3032f4e1a8ee54fe2817a3f3b5130635cf04fb641a6e819211d
2026-09-30,THEME,THEME:880748,breadth_ret1,0.23563218390804597,ACCEPTED,0.23563218390804597,175,174,3dd77c68f3f29601b59d09853a70977bfab15f3fba3edeca6737f75ef9d7bcc0,9f7ee99454374db02824b5c9d52e2da89fca30232bc291ddb1f48ef6db84b6c0,2ee46c732cbd9a2d9496fe9e4763efb9a1ab85568c9ae6e0d0e121bc4adb4265,164142652bf5b3032f4e1a8ee54fe2817a3f3b5130635cf04fb641a6e819211d
2026-09-30,THEME,THEME:880748,breadth_ret5,0.10919540229885058,ACCEPTED,0.10919540229885058,175,174,3dd77c68f3f29601b59d09853a70977bfab15f3fba3edeca6737f75ef9d7bcc0,9f7ee99454374db02824b5c9d52e2da89fca30232bc291ddb1f48ef6db84b6c0,2ee46c732cbd9a2d9496fe9e4763efb9a1ab85568c9ae6e0d0e121bc4adb4265,164142652bf5b3032f4e1a8ee54fe2817a3f3b5130635cf04fb641a6e819211d
2026-09-30,THEME,THEME:880748,breadth_ret20,0.16666666666666666,ACCEPTED,0.16666666666666666,175,174,3dd77c68f3f29601b59d09853a70977bfab15f3fba3edeca6737f75ef9d7bcc0,9f7ee99454374db02824b5c9d52e2da89fca30232bc291ddb1f48ef6db84b6c0,2ee46c732cbd9a2d9496fe9e4763efb9a1ab85568c9ae6e0d0e121bc4adb4265,164142652bf5b3032f4e1a8ee54fe2817a3f3b5130635cf04fb641a6e819211d
2026-09-30,THEME,THEME:880748,ma20_width,0.20689655172413793,ACCEPTED,0.20689655172413793,175,174,3dd77c68f3f29601b59d09853a70977bfab15f3fba3edeca6737f75ef9d7bcc0,9f7ee99454374db02824b5c9d52e2da89fca30232bc291ddb1f48ef6db84b6c0,2ee46c732cbd9a2d9496fe9e4763efb9a1ab85568c9ae6e0d0e121bc4adb4265,164142652bf5b3032f4e1a8ee54fe2817a3f3b5130635cf04fb641a6e819211d
2026-09-30,THEME,THEME:880749,sector_rs1,-0.006795738705256682,ACCEPTED,-0.006795738705256682,26,0,3dd77c68f3f29601b59d09853a70977bfab15f3fba3edeca6737f75ef9d7bcc0,9f7ee99454374db02824b5c9d52e2da89fca30232bc291ddb1f48ef6db84b6c0,2ee46c732cbd9a2d9496fe9e4763efb9a1ab85568c9ae6e0d0e121bc4adb4265,164142652bf5b3032f4e1a8ee54fe2817a3f3b5130635cf04fb641a6e819211d
2026-09-30,THEME,THEME:880749,sector_rs5,-0.045047549600461756,ACCEPTED,-0.045047549600461756,26,0,3dd77c68f3f29601b59d09853a70977bfab15f3fba3edeca6737f75ef9d7bcc0,9f7ee99454374db02824b5c9d52e2da89fca30232bc291ddb1f48ef6db84b6c0,2ee46c732cbd9a2d9496fe9e4763efb9a1ab85568c9ae6e0d0e121bc4adb4265,164142652bf5b3032f4e1a8ee54fe2817a3f3b5130635cf04fb641a6e819211d
2026-09-30,THEME,THEME:880749,sector_rs20,-0.06964674922151665,ACCEPTED,-0.06964674922151665,26,0,3dd77c68f3f29601b59d09853a70977bfab15f3fba3edeca6737f75ef9d7bcc0,9f7ee99454374db02824b5c9d52e2da89fca30232bc291ddb1f48ef6db84b6c0,2ee46c732cbd9a2d9496fe9e4763efb9a1ab85568c9ae6e0d0e121bc4adb4265,164142652bf5b3032f4e1a8ee54fe2817a3f3b5130635cf04fb641a6e819211d
2026-09-30,THEME,THEME:880749,breadth_ret1,0.2692307692307692,ACCEPTED,0.2692307692307692,26,26,3dd77c68f3f29601b59d09853a70977bfab15f3fba3edeca6737f75ef9d7bcc0,9f7ee99454374db02824b5c9d52e2da89fca30232bc291ddb1f48ef6db84b6c0,2ee46c732cbd9a2d9496fe9e4763efb9a1ab85568c9ae6e0d0e121bc4adb4265,164142652bf5b3032f4e1a8ee54fe2817a3f3b5130635cf04fb641a6e819211d
2026-09-30,THEME,THEME:880749,breadth_ret5,0.038461538461538464,ACCEPTED,0.038461538461538464,26,26,3dd77c68f3f29601b59d09853a70977bfab15f3fba3edeca6737f75ef9d7bcc0,9f7ee99454374db02824b5c9d52e2da89fca30232bc291ddb1f48ef6db84b6c0,2ee46c732cbd9a2d9496fe9e4763efb9a1ab85568c9ae6e0d0e121bc4adb4265,164142652bf5b3032f4e1a8ee54fe2817a3f3b5130635cf04fb641a6e819211d
2026-09-30,THEME,THEME:880749,breadth_ret20,0.15384615384615385,ACCEPTED,0.15384615384615385,26,26,3dd77c68f3f29601b59d09853a70977bfab15f3fba3edeca6737f75ef9d7bcc0,9f7ee99454374db02824b5c9d52e2da89fca30232bc291ddb1f48ef6db84b6c0,2ee46c732cbd9a2d9496fe9e4763efb9a1ab85568c9ae6e0d0e121bc4adb4265,164142652bf5b3032f4e1a8ee54fe2817a3f3b5130635cf04fb641a6e819211d
2026-09-30,THEME,THEME:880749,ma20_width,0.038461538461538464,ACCEPTED,0.038461538461538464,26,26,3dd77c68f3f29601b59d09853a70977bfab15f3fba3edeca6737f75ef9d7bcc0,9f7ee99454374db02824b5c9d52e2da89fca30232bc291ddb1f48ef6db84b6c0,2ee46c732cbd9a2d9496fe9e4763efb9a1ab85568c9ae6e0d0e121bc4adb4265,164142652bf5b3032f4e1a8ee54fe2817a3f3b5130635cf04fb641a6e819211d
2026-09-30,THEME,THEME:880750,sector_rs1,0.0034843205574912606,ACCEPTED,0.0034843205574912606,139,0,3dd77c68f3f29601b59d09853a70977bfab15f3fba3edeca6737f75ef9d7bcc0,9f7ee99454374db02824b5c9d52e2da89fca30232bc291ddb1f48ef6db84b6c0,2ee46c732cbd9a2d9496fe9e4763efb9a1ab85568c9ae6e0d0e121bc4adb4265,164142652bf5b3032f4e1a8ee54fe2817a3f3b5130635cf04fb641a6e819211d
2026-09-30,THEME,THEME:880750,sector_rs5,-0.024096385542168752,ACCEPTED,-0.024096385542168752,139,0,3dd77c68f3f29601b59d09853a70977bfab15f3fba3edeca6737f75ef9d7bcc0,9f7ee99454374db02824b5c9d52e2da89fca30232bc291ddb1f48ef6db84b6c0,2ee46c732cbd9a2d9496fe9e4763efb9a1ab85568c9ae6e0d0e121bc4adb4265,164142652bf5b3032f4e1a8ee54fe2817a3f3b5130635cf04fb641a6e819211d
2026-09-30,THEME,THEME:880750,sector_rs20,-0.04005210029306416,ACCEPTED,-0.04005210029306416,139,0,3dd77c68f3f29601b59d09853a70977bfab15f3fba3edeca6737f75ef9d7bcc0,9f7ee99454374db02824b5c9d52e2da89fca30232bc291ddb1f48ef6db84b6c0,2ee46c732cbd9a2d9496fe9e4763efb9a1ab85568c9ae6e0d0e121bc4adb4265,164142652bf5b3032f4e1a8ee54fe2817a3f3b5130635cf04fb641a6e819211d
2026-09-30,THEME,THEME:880750,breadth_ret1,0.5899280575539568,ACCEPTED,0.5899280575539568,139,139,3dd77c68f3f29601b59d09853a70977bfab15f3fba3edeca6737f75ef9d7bcc0,9f7ee99454374db02824b5c9d52e2da89fca30232bc291ddb1f48ef6db84b6c0,2ee46c732cbd9a2d9496fe9e4763efb9a1ab85568c9ae6e0d0e121bc4adb4265,164142652bf5b3032f4e1a8ee54fe2817a3f3b5130635cf04fb641a6e819211d
2026-09-30,THEME,THEME:880750,breadth_ret5,0.23741007194244604,ACCEPTED,0.23741007194244604,139,139,3dd77c68f3f29601b59d09853a70977bfab15f3fba3edeca6737f75ef9d7bcc0,9f7ee99454374db02824b5c9d52e2da89fca30232bc291ddb1f48ef6db84b6c0,2ee46c732cbd9a2d9496fe9e4763efb9a1ab85568c9ae6e0d0e121bc4adb4265,164142652bf5b3032f4e1a8ee54fe2817a3f3b5130635cf04fb641a6e819211d
2026-09-30,THEME,THEME:880750,breadth_ret20,0.17985611510791366,ACCEPTED,0.17985611510791366,139,139,3dd77c68f3f29601b59d09853a70977bfab15f3fba3edeca6737f75ef9d7bcc0,9f7ee99454374db02824b5c9d52e2da89fca30232bc291ddb1f48ef6db84b6c0,2ee46c732cbd9a2d9496fe9e4763efb9a1ab85568c9ae6e0d0e121bc4adb4265,164142652bf5b3032f4e1a8ee54fe2817a3f3b5130635cf04fb641a6e819211d
2026-09-30,THEME,THEME:880750,ma20_width,0.23741007194244604,ACCEPTED,0.23741007194244604,139,139,3dd77c68f3f29601b59d09853a70977bfab15f3fba3edeca6737f75ef9d7bcc0,9f7ee99454374db02824b5c9d52e2da89fca30232bc291ddb1f48ef6db84b6c0,2ee46c732cbd9a2d9496fe9e4763efb9a1ab85568c9ae6e0d0e121bc4adb4265,164142652bf5b3032f4e1a8ee54fe2817a3f3b5130635cf04fb641a6e819211d
2026-09-30,THEME,THEME:880753,sector_rs1,0.003400260002888955,ACCEPTED,0.003400260002888955,416,0,3dd77c68f3f29601b59d09853a70977bfab15f3fba3edeca6737f75ef9d7bcc0,9f7ee99454374db02824b5c9d52e2da89fca30232bc291ddb1f48ef6db84b6c0,2ee46c732cbd9a2d9496fe9e4763efb9a1ab85568c9ae6e0d0e121bc4adb4265,164142652bf5b3032f4e1a8ee54fe2817a3f3b5130635cf04fb641a6e819211d
2026-09-30,THEME,THEME:880753,sector_rs5,-0.020010920194945714,ACCEPTED,-0.020010920194945714,416,0,3dd77c68f3f29601b59d09853a70977bfab15f3fba3edeca6737f75ef9d7bcc0,9f7ee99454374db02824b5c9d52e2da89fca30232bc291ddb1f48ef6db84b6c0,2ee46c732cbd9a2d9496fe9e4763efb9a1ab85568c9ae6e0d0e121bc4adb4265,164142652bf5b3032f4e1a8ee54fe2817a3f3b5130635cf04fb641a6e819211d
2026-09-30,THEME,THEME:880753,sector_rs20,-0.03618421052631571,ACCEPTED,-0.03618421052631571,416,0,3dd77c68f3f29601b59d09853a70977bfab15f3fba3edeca6737f75ef9d7bcc0,9f7ee99454374db02824b5c9d52e2da89fca30232bc291ddb1f48ef6db84b6c0,2ee46c732cbd9a2d9496fe9e4763efb9a1ab85568c9ae6e0d0e121bc4adb4265,164142652bf5b3032f4e1a8ee54fe2817a3f3b5130635cf04fb641a6e819211d
2026-09-30,THEME,THEME:880753,breadth_ret1,0.5679611650485437,ACCEPTED,0.5679611650485437,416,412,3dd77c68f3f29601b59d09853a70977bfab15f3fba3edeca6737f75ef9d7bcc0,9f7ee99454374db02824b5c9d52e2da89fca30232bc291ddb1f48ef6db84b6c0,2ee46c732cbd9a2d9496fe9e4763efb9a1ab85568c9ae6e0d0e121bc4adb4265,164142652bf5b3032f4e1a8ee54fe2817a3f3b5130635cf04fb641a6e819211d
2026-09-30,THEME,THEME:880753,breadth_ret5,0.27184466019417475,ACCEPTED,0.27184466019417475,416,412,3dd77c68f3f29601b59d09853a70977bfab15f3fba3edeca6737f75ef9d7bcc0,9f7ee99454374db02824b5c9d52e2da89fca30232bc291ddb1f48ef6db84b6c0,2ee46c732cbd9a2d9496fe9e4763efb9a1ab85568c9ae6e0d0e121bc4adb4265,164142652bf5b3032f4e1a8ee54fe2817a3f3b5130635cf04fb641a6e819211d
2026-09-30,THEME,THEME:880753,breadth_ret20,0.23114355231143552,ACCEPTED,0.23114355231143552,416,411,3dd77c68f3f29601b59d09853a70977bfab15f3fba3edeca6737f75ef9d7bcc0,9f7ee99454374db02824b5c9d52e2da89fca30232bc291ddb1f48ef6db84b6c0,2ee46c732cbd9a2d9496fe9e4763efb9a1ab85568c9ae6e0d0e121bc4adb4265,164142652bf5b3032f4e1a8ee54fe2817a3f3b5130635cf04fb641a6e819211d
2026-09-30,THEME,THEME:880753,ma20_width,0.2912621359223301,ACCEPTED,0.2912621359223301,416,412,3dd77c68f3f29601b59d09853a70977bfab15f3fba3edeca6737f75ef9d7bcc0,9f7ee99454374db02824b5c9d52e2da89fca30232bc291ddb1f48ef6db84b6c0,2ee46c732cbd9a2d9496fe9e4763efb9a1ab85568c9ae6e0d0e121bc4adb4265,164142652bf5b3032f4e1a8ee54fe2817a3f3b5130635cf04fb641a6e819211d
2026-09-30,THEME,THEME:880754,sector_rs1,-0.01006950958632885,ACCEPTED,-0.01006950958632885,16,0,3dd77c68f3f29601b59d09853a70977bfab15f3fba3edeca6737f75ef9d7bcc0,9f7ee99454374db02824b5c9d52e2da89fca30232bc291ddb1f48ef6db84b6c0,2ee46c732cbd9a2d9496fe9e4763efb9a1ab85568c9ae6e0d0e121bc4adb4265,164142652bf5b3032f4e1a8ee54fe2817a3f3b5130635cf04fb641a6e819211d
2026-09-30,THEME,THEME:880754,sector_rs5,-0.07371434084842243,ACCEPTED,-0.07371434084842243,16,0,3dd77c68f3f29601b59d09853a70977bfab15f3fba3edeca6737f75ef9d7bcc0,9f7ee99454374db02824b5c9d52e2da89fca30232bc291ddb1f48ef6db84b6c0,2ee46c732cbd9a2d9496fe9e4763efb9a1ab85568c9ae6e0d0e121bc4adb4265,164142652bf5b3032f4e1a8ee54fe2817a3f3b5130635cf04fb641a6e819211d
2026-09-30,THEME,THEME:880754,sector_rs20,0.021152641218430746,ACCEPTED,0.021152641218430746,16,0,3dd77c68f3f29601b59d09853a70977bfab15f3fba3edeca6737f75ef9d7bcc0,9f7ee99454374db02824b5c9d52e2da89fca30232bc291ddb1f48ef6db84b6c0,2ee46c732cbd9a2d9496fe9e4763efb9a1ab85568c9ae6e0d0e121bc4adb4265,164142652bf5b3032f4e1a8ee54fe2817a3f3b5130635cf04fb641a6e819211d
2026-09-30,THEME,THEME:880754,breadth_ret1,0.3125,ACCEPTED,0.3125,16,16,3dd77c68f3f29601b59d09853a70977bfab15f3fba3edeca6737f75ef9d7bcc0,9f7ee99454374db02824b5c9d52e2da89fca30232bc291ddb1f48ef6db84b6c0,2ee46c732cbd9a2d9496fe9e4763efb9a1ab85568c9ae6e0d0e121bc4adb4265,164142652bf5b3032f4e1a8ee54fe2817a3f3b5130635cf04fb641a6e819211d
2026-09-30,THEME,THEME:880754,breadth_ret5,0.0625,ACCEPTED,0.0625,16,16,3dd77c68f3f29601b59d09853a70977bfab15f3fba3edeca6737f75ef9d7bcc0,9f7ee99454374db02824b5c9d52e2da89fca30232bc291ddb1f48ef6db84b6c0,2ee46c732cbd9a2d9496fe9e4763efb9a1ab85568c9ae6e0d0e121bc4adb4265,164142652bf5b3032f4e1a8ee54fe2817a3f3b5130635cf04fb641a6e819211d
2026-09-30,THEME,THEME:880754,breadth_ret20,0.5625,ACCEPTED,0.5625,16,16,3dd77c68f3f29601b59d09853a70977bfab15f3fba3edeca6737f75ef9d7bcc0,9f7ee99454374db02824b5c9d52e2da89fca30232bc291ddb1f48ef6db84b6c0,2ee46c732cbd9a2d9496fe9e4763efb9a1ab85568c9ae6e0d0e121bc4adb4265,164142652bf5b3032f4e1a8ee54fe2817a3f3b5130635cf04fb641a6e819211d
2026-09-30,THEME,THEME:880754,ma20_width,0.1875,ACCEPTED,0.1875,16,16,3dd77c68f3f29601b59d09853a70977bfab15f3fba3edeca6737f75ef9d7bcc0,9f7ee99454374db02824b5c9d52e2da89fca30232bc291ddb1f48ef6db84b6c0,2ee46c732cbd9a2d9496fe9e4763efb9a1ab85568c9ae6e0d0e121bc4adb4265,164142652bf5b3032f4e1a8ee54fe2817a3f3b5130635cf04fb641a6e819211d
2026-09-30,THEME,THEME:880755,sector_rs1,0.0023529411764704466,ACCEPTED,0.0023529411764704466,136,0,3dd77c68f3f29601b59d09853a70977bfab15f3fba3edeca6737f75ef9d7bcc0,9f7ee99454374db02824b5c9d52e2da89fca30232bc291ddb1f48ef6db84b6c0,2ee46c732cbd9a2d9496fe9e4763efb9a1ab85568c9ae6e0d0e121bc4adb4265,164142652bf5b3032f4e1a8ee54fe2817a3f3b5130635cf04fb641a6e819211d
2026-09-30,THEME,THEME:880755,sector_rs5,-0.027168234064785746,ACCEPTED,-0.027168234064785746,136,0,3dd77c68f3f29601b59d09853a70977bfab15f3fba3edeca6737f75ef9d7bcc0,9f7ee99454374db02824b5c9d52e2da89fca30232bc291ddb1f48ef6db84b6c0,2ee46c732cbd9a2d9496fe9e4763efb9a1ab85568c9ae6e0d0e121bc4adb4265,164142652bf5b3032f4e1a8ee54fe2817a3f3b5130635cf04fb641a6e819211d
2026-09-30,THEME,THEME:880755,sector_rs20,-0.048682257755649216,ACCEPTED,-0.048682257755649216,136,0,3dd77c68f3f29601b59d09853a70977bfab15f3fba3edeca6737f75ef9d7bcc0,9f7ee99454374db02824b5c9d52e2da89fca30232bc291ddb1f48ef6db84b6c0,2ee46c732cbd9a2d9496fe9e4763efb9a1ab85568c9ae6e0d0e121bc4adb4265,164142652bf5b3032f4e1a8ee54fe2817a3f3b5130635cf04fb641a6e819211d
2026-09-30,THEME,THEME:880755,breadth_ret1,0.5555555555555556,ACCEPTED,0.5555555555555556,136,135,3dd77c68f3f29601b59d09853a70977bfab15f3fba3edeca6737f75ef9d7bcc0,9f7ee99454374db02824b5c9d52e2da89fca30232bc291ddb1f48ef6db84b6c0,2ee46c732cbd9a2d9496fe9e4763efb9a1ab85568c9ae6e0d0e121bc4adb4265,164142652bf5b3032f4e1a8ee54fe2817a3f3b5130635cf04fb641a6e819211d
2026-09-30,THEME,THEME:880755,breadth_ret5,0.2518518518518518,ACCEPTED,0.2518518518518518,136,135,3dd77c68f3f29601b59d09853a70977bfab15f3fba3edeca6737f75ef9d7bcc0,9f7ee99454374db02824b5c9d52e2da89fca30232bc291ddb1f48ef6db84b6c0,2ee46c732cbd9a2d9496fe9e4763efb9a1ab85568c9ae6e0d0e121bc4adb4265,164142652bf5b3032f4e1a8ee54fe2817a3f3b5130635cf04fb641a6e819211d
2026-09-30,THEME,THEME:880755,breadth_ret20,0.20149253731343283,ACCEPTED,0.20149253731343283,136,134,3dd77c68f3f29601b59d09853a70977bfab15f3fba3edeca6737f75ef9d7bcc0,9f7ee99454374db02824b5c9d52e2da89fca30232bc291ddb1f48ef6db84b6c0,2ee46c732cbd9a2d9496fe9e4763efb9a1ab85568c9ae6e0d0e121bc4adb4265,164142652bf5b3032f4e1a8ee54fe2817a3f3b5130635cf04fb641a6e819211d
2026-09-30,THEME,THEME:880755,ma20_width,0.28888888888888886,ACCEPTED,0.28888888888888886,136,135,3dd77c68f3f29601b59d09853a70977bfab15f3fba3edeca6737f75ef9d7bcc0,9f7ee99454374db02824b5c9d52e2da89fca30232bc291ddb1f48ef6db84b6c0,2ee46c732cbd9a2d9496fe9e4763efb9a1ab85568c9ae6e0d0e121bc4adb4265,164142652bf5b3032f4e1a8ee54fe2817a3f3b5130635cf04fb641a6e819211d
2026-09-30,THEME,THEME:880757,sector_rs1,0.004078696812712557,ACCEPTED,0.004078696812712557,144,0,3dd77c68f3f29601b59d09853a70977bfab15f3fba3edeca6737f75ef9d7bcc0,9f7ee99454374db02824b5c9d52e2da89fca30232bc291ddb1f48ef6db84b6c0,2ee46c732cbd9a2d9496fe9e4763efb9a1ab85568c9ae6e0d0e121bc4adb4265,164142652bf5b3032f4e1a8ee54fe2817a3f3b5130635cf04fb641a6e819211d
2026-09-30,THEME,THEME:880757,sector_rs5,-0.0136736219578944,ACCEPTED,-0.0136736219578944,144,0,3dd77c68f3f29601b59d09853a70977bfab15f3fba3edeca6737f75ef9d7bcc0,9f7ee99454374db02824b5c9d52e2da89fca30232bc291ddb1f48ef6db84b6c0,2ee46c732cbd9a2d9496fe9e4763efb9a1ab85568c9ae6e0d0e121bc4adb4265,164142652bf5b3032f4e1a8ee54fe2817a3f3b5130635cf04fb641a6e819211d
2026-09-30,THEME,THEME:880757,sector_rs20,-0.03763489208633092,ACCEPTED,-0.03763489208633092,144,0,3dd77c68f3f29601b59d09853a70977bfab15f3fba3edeca6737f75ef9d7bcc0,9f7ee99454374db02824b5c9d52e2da89fca30232bc291ddb1f48ef6db84b6c0,2ee46c732cbd9a2d9496fe9e4763efb9a1ab85568c9ae6e0d0e121bc4adb4265,164142652bf5b3032f4e1a8ee54fe2817a3f3b5130635cf04fb641a6e819211d
2026-09-30,THEME,THEME:880757,breadth_ret1,0.5972222222222222,ACCEPTED,0.5972222222222222,144,144,3dd77c68f3f29601b59d09853a70977bfab15f3fba3edeca6737f75ef9d7bcc0,9f7ee99454374db02824b5c9d52e2da89fca30232bc291ddb1f48ef6db84b6c0,2ee46c732cbd9a2d9496fe9e4763efb9a1ab85568c9ae6e0d0e121bc4adb4265,164142652bf5b3032f4e1a8ee54fe2817a3f3b5130635cf04fb641a6e819211d
2026-09-30,THEME,THEME:880757,breadth_ret5,0.2777777777777778,ACCEPTED,0.2777777777777778,144,144,3dd77c68f3f29601b59d09853a70977bfab15f3fba3edeca6737f75ef9d7bcc0,9f7ee99454374db02824b5c9d52e2da89fca30232bc291ddb1f48ef6db84b6c0,2ee46c732cbd9a2d9496fe9e4763efb9a1ab85568c9ae6e0d0e121bc4adb4265,164142652bf5b3032f4e1a8ee54fe2817a3f3b5130635cf04fb641a6e819211d
2026-09-30,THEME,THEME:880757,breadth_ret20,0.25,ACCEPTED,0.25,144,144,3dd77c68f3f29601b59d09853a70977bfab15f3fba3edeca6737f75ef9d7bcc0,9f7ee99454374db02824b5c9d52e2da89fca30232bc291ddb1f48ef6db84b6c0,2ee46c732cbd9a2d9496fe9e4763efb9a1ab85568c9ae6e0d0e121bc4adb4265,164142652bf5b3032f4e1a8ee54fe2817a3f3b5130635cf04fb641a6e819211d
2026-09-30,THEME,THEME:880757,ma20_width,0.3333333333333333,ACCEPTED,0.3333333333333333,144,144,3dd77c68f3f29601b59d09853a70977bfab15f3fba3edeca6737f75ef9d7bcc0,9f7ee99454374db02824b5c9d52e2da89fca30232bc291ddb1f48ef6db84b6c0,2ee46c732cbd9a2d9496fe9e4763efb9a1ab85568c9ae6e0d0e121bc4adb4265,164142652bf5b3032f4e1a8ee54fe2817a3f3b5130635cf04fb641a6e819211d
2026-09-30,THEME,THEME:880758,sector_rs1,-0.022960992907801403,ACCEPTED,-0.022960992907801403,119,0,3dd77c68f3f29601b59d09853a70977bfab15f3fba3edeca6737f75ef9d7bcc0,9f7ee99454374db02824b5c9d52e2da89fca30232bc291ddb1f48ef6db84b6c0,2ee46c732cbd9a2d9496fe9e4763efb9a1ab85568c9ae6e0d0e121bc4adb4265,164142652bf5b3032f4e1a8ee54fe2817a3f3b5130635cf04fb641a6e819211d
2026-09-30,THEME,THEME:880758,sector_rs5,-0.07455268389662029,ACCEPTED,-0.07455268389662029,119,0,3dd77c68f3f29601b59d09853a70977bfab15f3fba3edeca6737f75ef9d7bcc0,9f7ee99454374db02824b5c9d52e2da89fca30232bc291ddb1f48ef6db84b6c0,2ee46c732cbd9a2d9496fe9e4763efb9a1ab85568c9ae6e0d0e121bc4adb4265,164142652bf5b3032f4e1a8ee54fe2817a3f3b5130635cf04fb641a6e819211d
2026-09-30,THEME,THEME:880758,sector_rs20,-0.04924323172031542,ACCEPTED,-0.04924323172031542,119,0,3dd77c68f3f29601b59d09853a70977bfab15f3fba3edeca6737f75ef9d7bcc0,9f7ee99454374db02824b5c9d52e2da89fca30232bc291ddb1f48ef6db84b6c0,2ee46c732cbd9a2d9496fe9e4763efb9a1ab85568c9ae6e0d0e121bc4adb4265,164142652bf5b3032f4e1a8ee54fe2817a3f3b5130635cf04fb641a6e819211d
2026-09-30,THEME,THEME:880758,breadth_ret1,0.14285714285714285,ACCEPTED,0.14285714285714285,119,119,3dd77c68f3f29601b59d09853a70977bfab15f3fba3edeca6737f75ef9d7bcc0,9f7ee99454374db02824b5c9d52e2da89fca30232bc291ddb1f48ef6db84b6c0,2ee46c732cbd9a2d9496fe9e4763efb9a1ab85568c9ae6e0d0e121bc4adb4265,164142652bf5b3032f4e1a8ee54fe2817a3f3b5130635cf04fb641a6e819211d
2026-09-30,THEME,THEME:880758,breadth_ret5,0.058823529411764705,ACCEPTED,0.058823529411764705,119,119,3dd77c68f3f29601b59d09853a70977bfab15f3fba3edeca6737f75ef9d7bcc0,9f7ee99454374db02824b5c9d52e2da89fca30232bc291ddb1f48ef6db84b6c0,2ee46c732cbd9a2d9496fe9e4763efb9a1ab85568c9ae6e0d0e121bc4adb4265,164142652bf5b3032f4e1a8ee54fe2817a3f3b5130635cf04fb641a6e819211d
2026-09-30,THEME,THEME:880758,breadth_ret20,0.2773109243697479,ACCEPTED,0.2773109243697479,119,119,3dd77c68f3f29601b59d09853a70977bfab15f3fba3edeca6737f75ef9d7bcc0,9f7ee99454374db02824b5c9d52e2da89fca30232bc291ddb1f48ef6db84b6c0,2ee46c732cbd9a2d9496fe9e4763efb9a1ab85568c9ae6e0d0e121bc4adb4265,164142652bf5b3032f4e1a8ee54fe2817a3f3b5130635cf04fb641a6e819211d
2026-09-30,THEME,THEME:880758,ma20_width,0.2689075630252101,ACCEPTED,0.2689075630252101,119,119,3dd77c68f3f29601b59d09853a70977bfab15f3fba3edeca6737f75ef9d7bcc0,9f7ee99454374db02824b5c9d52e2da89fca30232bc291ddb1f48ef6db84b6c0,2ee46c732cbd9a2d9496fe9e4763efb9a1ab85568c9ae6e0d0e121bc4adb4265,164142652bf5b3032f4e1a8ee54fe2817a3f3b5130635cf04fb641a6e819211d
2026-09-30,THEME,THEME:880759,sector_rs1,-0.0030150753768843908,ACCEPTED,-0.0030150753768843908,91,0,3dd77c68f3f29601b59d09853a70977bfab15f3fba3edeca6737f75ef9d7bcc0,9f7ee99454374db02824b5c9d52e2da89fca30232bc291ddb1f48ef6db84b6c0,2ee46c732cbd9a2d9496fe9e4763efb9a1ab85568c9ae6e0d0e121bc4adb4265,164142652bf5b3032f4e1a8ee54fe2817a3f3b5130635cf04fb641a6e819211d
2026-09-30,THEME,THEME:880759,sector_rs5,-0.026881720430107503,ACCEPTED,-0.026881720430107503,91,0,3dd77c68f3f29601b59d09853a70977bfab15f3fba3edeca6737f75ef9d7bcc0,9f7ee99454374db02824b5c9d52e2da89fca30232bc291ddb1f48ef6db84b6c0,2ee46c732cbd9a2d9496fe9e4763efb9a1ab85568c9ae6e0d0e121bc4adb4265,164142652bf5b3032f4e1a8ee54fe2817a3f3b5130635cf04fb641a6e819211d
2026-09-30,THEME,THEME:880759,sector_rs20,-0.034346103038309206,ACCEPTED,-0.034346103038309206,91,0,3dd77c68f3f29601b59d09853a70977bfab15f3fba3edeca6737f75ef9d7bcc0,9f7ee99454374db02824b5c9d52e2da89fca30232bc291ddb1f48ef6db84b6c0,2ee46c732cbd9a2d9496fe9e4763efb9a1ab85568c9ae6e0d0e121bc4adb4265,164142652bf5b3032f4e1a8ee54fe2817a3f3b5130635cf04fb641a6e819211d
2026-09-30,THEME,THEME:880759,breadth_ret1,0.3956043956043956,ACCEPTED,0.3956043956043956,91,91,3dd77c68f3f29601b59d09853a70977bfab15f3fba3edeca6737f75ef9d7bcc0,9f7ee99454374db02824b5c9d52e2da89fca30232bc291ddb1f48ef6db84b6c0,2ee46c732cbd9a2d9496fe9e4763efb9a1ab85568c9ae6e0d0e121bc4adb4265,164142652bf5b3032f4e1a8ee54fe2817a3f3b5130635cf04fb641a6e819211d
2026-09-30,THEME,THEME:880759,breadth_ret5,0.25274725274725274,ACCEPTED,0.25274725274725274,91,91,3dd77c68f3f29601b59d09853a70977bfab15f3fba3edeca6737f75ef9d7bcc0,9f7ee99454374db02824b5c9d52e2da89fca30232bc291ddb1f48ef6db84b6c0,2ee46c732cbd9a2d9496fe9e4763efb9a1ab85568c9ae6e0d0e121bc4adb4265,164142652bf5b3032f4e1a8ee54fe2817a3f3b5130635cf04fb641a6e819211d
2026-09-30,THEME,THEME:880759,breadth_ret20,0.3076923076923077,ACCEPTED,0.3076923076923077,91,91,3dd77c68f3f29601b59d09853a70977bfab15f3fba3edeca6737f75ef9d7bcc0,9f7ee99454374db02824b5c9d52e2da89fca30232bc291ddb1f48ef6db84b6c0,2ee46c732cbd9a2d9496fe9e4763efb9a1ab85568c9ae6e0d0e121bc4adb4265,164142652bf5b3032f4e1a8ee54fe2817a3f3b5130635cf04fb641a6e819211d
2026-09-30,THEME,THEME:880759,ma20_width,0.32967032967032966,ACCEPTED,0.32967032967032966,91,91,3dd77c68f3f29601b59d09853a70977bfab15f3fba3edeca6737f75ef9d7bcc0,9f7ee99454374db02824b5c9d52e2da89fca30232bc291ddb1f48ef6db84b6c0,2ee46c732cbd9a2d9496fe9e4763efb9a1ab85568c9ae6e0d0e121bc4adb4265,164142652bf5b3032f4e1a8ee54fe2817a3f3b5130635cf04fb641a6e819211d
2026-09-30,THEME,THEME:880760,sector_rs1,0.0063813159484963355,ACCEPTED,0.0063813159484963355,108,0,3dd77c68f3f29601b59d09853a70977bfab15f3fba3edeca6737f75ef9d7bcc0,9f7ee99454374db02824b5c9d52e2da89fca30232bc291ddb1f48ef6db84b6c0,2ee46c732cbd9a2d9496fe9e4763efb9a1ab85568c9ae6e0d0e121bc4adb4265,164142652bf5b3032f4e1a8ee54fe2817a3f3b5130635cf04fb641a6e819211d
2026-09-30,THEME,THEME:880760,sector_rs5,-0.017079431755199714,ACCEPTED,-0.017079431755199714,108,0,3dd77c68f3f29601b59d09853a70977bfab15f3fba3edeca6737f75ef9d7bcc0,9f7ee99454374db02824b5c9d52e2da89fca30232bc291ddb1f48ef6db84b6c0,2ee46c732cbd9a2d9496fe9e4763efb9a1ab85568c9ae6e0d0e121bc4adb4265,164142652bf5b3032f4e1a8ee54fe2817a3f3b5130635cf04fb641a6e819211d
2026-09-30,THEME,THEME:880760,sector_rs20,-0.04486051771801963,ACCEPTED,-0.04486051771801963,108,0,3dd77c68f3f29601b59d09853a70977bfab15f3fba3edeca6737f75ef9d7bcc0,9f7ee99454374db02824b5c9d52e2da89fca30232bc291ddb1f48ef6db84b6c0,2ee46c732cbd9a2d9496fe9e4763efb9a1ab85568c9ae6e0d0e121bc4adb4265,164142652bf5b3032f4e1a8ee54fe2817a3f3b5130635cf04fb641a6e819211d
2026-09-30,THEME,THEME:880760,breadth_ret1,0.7222222222222222,ACCEPTED,0.7222222222222222,108,108,3dd77c68f3f29601b59d09853a70977bfab15f3fba3edeca6737f75ef9d7bcc0,9f7ee99454374db02824b5c9d52e2da89fca30232bc291ddb1f48ef6db84b6c0,2ee46c732cbd9a2d9496fe9e4763efb9a1ab85568c9ae6e0d0e121bc4adb4265,164142652bf5b3032f4e1a8ee54fe2817a3f3b5130635cf04fb641a6e819211d
2026-09-30,THEME,THEME:880760,breadth_ret5,0.3148148148148148,ACCEPTED,0.3148148148148148,108,108,3dd77c68f3f29601b59d09853a70977bfab15f3fba3edeca6737f75ef9d7bcc0,9f7ee99454374db02824b5c9d52e2da89fca30232bc291ddb1f48ef6db84b6c0,2ee46c732cbd9a2d9496fe9e4763efb9a1ab85568c9ae6e0d0e121bc4adb4265,164142652bf5b3032f4e1a8ee54fe2817a3f3b5130635cf04fb641a6e819211d
2026-09-30,THEME,THEME:880760,breadth_ret20,0.18518518518518517,ACCEPTED,0.18518518518518517,108,108,3dd77c68f3f29601b59d09853a70977bfab15f3fba3edeca6737f75ef9d7bcc0,9f7ee99454374db02824b5c9d52e2da89fca30232bc291ddb1f48ef6db84b6c0,2ee46c732cbd9a2d9496fe9e4763efb9a1ab85568c9ae6e0d0e121bc4adb4265,164142652bf5b3032f4e1a8ee54fe2817a3f3b5130635cf04fb641a6e819211d
2026-09-30,THEME,THEME:880760,ma20_width,0.25925925925925924,ACCEPTED,0.25925925925925924,108,108,3dd77c68f3f29601b59d09853a70977bfab15f3fba3edeca6737f75ef9d7bcc0,9f7ee99454374db02824b5c9d52e2da89fca30232bc291ddb1f48ef6db84b6c0,2ee46c732cbd9a2d9496fe9e4763efb9a1ab85568c9ae6e0d0e121bc4adb4265,164142652bf5b3032f4e1a8ee54fe2817a3f3b5130635cf04fb641a6e819211d
2026-09-30,THEME,THEME:880761,sector_rs1,0.005105688450905199,ACCEPTED,0.005105688450905199,51,0,3dd77c68f3f29601b59d09853a70977bfab15f3fba3edeca6737f75ef9d7bcc0,9f7ee99454374db02824b5c9d52e2da89fca30232bc291ddb1f48ef6db84b6c0,2ee46c732cbd9a2d9496fe9e4763efb9a1ab85568c9ae6e0d0e121bc4adb4265,164142652bf5b3032f4e1a8ee54fe2817a3f3b5130635cf04fb641a6e819211d
2026-09-30,THEME,THEME:880761,sector_rs5,-0.04905642846819308,ACCEPTED,-0.04905642846819308,51,0,3dd77c68f3f29601b59d09853a70977bfab15f3fba3edeca6737f75ef9d7bcc0,9f7ee99454374db02824b5c9d52e2da89fca30232bc291ddb1f48ef6db84b6c0,2ee46c732cbd9a2d9496fe9e4763efb9a1ab85568c9ae6e0d0e121bc4adb4265,164142652bf5b3032f4e1a8ee54fe2817a3f3b5130635cf04fb641a6e819211d
2026-09-30,THEME,THEME:880761,sector_rs20,-0.10207863132942485,ACCEPTED,-0.10207863132942485,51,0,3dd77c68f3f29601b59d09853a70977bfab15f3fba3edeca6737f75ef9d7bcc0,9f7ee99454374db02824b5c9d52e2da89fca30232bc291ddb1f48ef6db84b6c0,2ee46c732cbd9a2d9496fe9e4763efb9a1ab85568c9ae6e0d0e121bc4adb4265,164142652bf5b3032f4e1a8ee54fe2817a3f3b5130635cf04fb641a6e819211d
2026-09-30,THEME,THEME:880761,breadth_ret1,0.68,ACCEPTED,0.68,51,50,3dd77c68f3f29601b59d09853a70977bfab15f3fba3edeca6737f75ef9d7bcc0,9f7ee99454374db02824b5c9d52e2da89fca30232bc291ddb1f48ef6db84b6c0,2ee46c732cbd9a2d9496fe9e4763efb9a1ab85568c9ae6e0d0e121bc4adb4265,164142652bf5b3032f4e1a8ee54fe2817a3f3b5130635cf04fb641a6e819211d
2026-09-30,THEME,THEME:880761,breadth_ret5,0.08,ACCEPTED,0.08,51,50,3dd77c68f3f29601b59d09853a70977bfab15f3fba3edeca6737f75ef9d7bcc0,9f7ee99454374db02824b5c9d52e2da89fca30232bc291ddb1f48ef6db84b6c0,2ee46c732cbd9a2d9496fe9e4763efb9a1ab85568c9ae6e0d0e121bc4adb4265,164142652bf5b3032f4e1a8ee54fe2817a3f3b5130635cf04fb641a6e819211d
2026-09-30,THEME,THEME:880761,breadth_ret20,0.1,ACCEPTED,0.1,51,50,3dd77c68f3f29601b59d09853a70977bfab15f3fba3edeca6737f75ef9d7bcc0,9f7ee99454374db02824b5c9d52e2da89fca30232bc291ddb1f48ef6db84b6c0,2ee46c732cbd9a2d9496fe9e4763efb9a1ab85568c9ae6e0d0e121bc4adb4265,164142652bf5b3032f4e1a8ee54fe2817a3f3b5130635cf04fb641a6e819211d
2026-09-30,THEME,THEME:880761,ma20_width,0.12,ACCEPTED,0.12,51,50,3dd77c68f3f29601b59d09853a70977bfab15f3fba3edeca6737f75ef9d7bcc0,9f7ee99454374db02824b5c9d52e2da89fca30232bc291ddb1f48ef6db84b6c0,2ee46c732cbd9a2d9496fe9e4763efb9a1ab85568c9ae6e0d0e121bc4adb4265,164142652bf5b3032f4e1a8ee54fe2817a3f3b5130635cf04fb641a6e819211d
2026-09-30,THEME,THEME:880762,sector_rs1,-0.014009576165986859,ACCEPTED,-0.014009576165986859,276,0,3dd77c68f3f29601b59d09853a70977bfab15f3fba3edeca6737f75ef9d7bcc0,9f7ee99454374db02824b5c9d52e2da89fca30232bc291ddb1f48ef6db84b6c0,2ee46c732cbd9a2d9496fe9e4763efb9a1ab85568c9ae6e0d0e121bc4adb4265,164142652bf5b3032f4e1a8ee54fe2817a3f3b5130635cf04fb641a6e819211d
2026-09-30,THEME,THEME:880762,sector_rs5,-0.04600638977635785,ACCEPTED,-0.04600638977635785,276,0,3dd77c68f3f29601b59d09853a70977bfab15f3fba3edeca6737f75ef9d7bcc0,9f7ee99454374db02824b5c9d52e2da89fca30232bc291ddb1f48ef6db84b6c0,2ee46c732cbd9a2d9496fe9e4763efb9a1ab85568c9ae6e0d0e121bc4adb4265,164142652bf5b3032f4e1a8ee54fe2817a3f3b5130635cf04fb641a6e819211d
2026-09-30,THEME,THEME:880762,sector_rs20,-0.06642232510288065,ACCEPTED,-0.06642232510288065,276,0,3dd77c68f3f29601b59d09853a70977bfab15f3fba3edeca6737f75ef9d7bcc0,9f7ee99454374db02824b5c9d52e2da89fca30232bc291ddb1f48ef6db84b6c0,2ee46c732cbd9a2d9496fe9e4763efb9a1ab85568c9ae6e0d0e121bc4adb4265,164142652bf5b3032f4e1a8ee54fe2817a3f3b5130635cf04fb641a6e819211d
2026-09-30,THEME,THEME:880762,breadth_ret1,0.16,ACCEPTED,0.16,276,275,3dd77c68f3f29601b59d09853a70977bfab15f3fba3edeca6737f75ef9d7bcc0,9f7ee99454374db02824b5c9d52e2da89fca30232bc291ddb1f48ef6db84b6c0,2ee46c732cbd9a2d9496fe9e4763efb9a1ab85568c9ae6e0d0e121bc4adb4265,164142652bf5b3032f4e1a8ee54fe2817a3f3b5130635cf04fb641a6e819211d
2026-09-30,THEME,THEME:880762,breadth_ret5,0.07636363636363637,ACCEPTED,0.07636363636363637,276,275,3dd77c68f3f29601b59d09853a70977bfab15f3fba3edeca6737f75ef9d7bcc0,9f7ee99454374db02824b5c9d52e2da89fca30232bc291ddb1f48ef6db84b6c0,2ee46c732cbd9a2d9496fe9e4763efb9a1ab85568c9ae6e0d0e121bc4adb4265,164142652bf5b3032f4e1a8ee54fe2817a3f3b5130635cf04fb641a6e819211d
2026-09-30,THEME,THEME:880762,breadth_ret20,0.1897810218978102,ACCEPTED,0.1897810218978102,276,274,3dd77c68f3f29601b59d09853a70977bfab15f3fba3edeca6737f75ef9d7bcc0,9f7ee99454374db02824b5c9d52e2da89fca30232bc291ddb1f48ef6db84b6c0,2ee46c732cbd9a2d9496fe9e4763efb9a1ab85568c9ae6e0d0e121bc4adb4265,164142652bf5b3032f4e1a8ee54fe2817a3f3b5130635cf04fb641a6e819211d
2026-09-30,THEME,THEME:880762,ma20_width,0.24727272727272728,ACCEPTED,0.24727272727272728,276,275,3dd77c68f3f29601b59d09853a70977bfab15f3fba3edeca6737f75ef9d7bcc0,9f7ee99454374db02824b5c9d52e2da89fca30232bc291ddb1f48ef6db84b6c0,2ee46c732cbd9a2d9496fe9e4763efb9a1ab85568c9ae6e0d0e121bc4adb4265,164142652bf5b3032f4e1a8ee54fe2817a3f3b5130635cf04fb641a6e819211d
2026-09-30,THEME,THEME:880764,sector_rs1,0.003733084812314491,ACCEPTED,0.003733084812314491,22,0,3dd77c68f3f29601b59d09853a70977bfab15f3fba3edeca6737f75ef9d7bcc0,9f7ee99454374db02824b5c9d52e2da89fca30232bc291ddb1f48ef6db84b6c0,2ee46c732cbd9a2d9496fe9e4763efb9a1ab85568c9ae6e0d0e121bc4adb4265,164142652bf5b3032f4e1a8ee54fe2817a3f3b5130635cf04fb641a6e819211d
2026-09-30,THEME,THEME:880764,sector_rs5,-0.018453331595015277,ACCEPTED,-0.018453331595015277,22,0,3dd77c68f3f29601b59d09853a70977bfab15f3fba3edeca6737f75ef9d7bcc0,9f7ee99454374db02824b5c9d52e2da89fca30232bc291ddb1f48ef6db84b6c0,2ee46c732cbd9a2d9496fe9e4763efb9a1ab85568c9ae6e0d0e121bc4adb4265,164142652bf5b3032f4e1a8ee54fe2817a3f3b5130635cf04fb641a6e819211d
2026-09-30,THEME,THEME:880764,sector_rs20,-0.043306833292820646,ACCEPTED,-0.043306833292820646,22,0,3dd77c68f3f29601b59d09853a70977bfab15f3fba3edeca6737f75ef9d7bcc0,9f7ee99454374db02824b5c9d52e2da89fca30232bc291ddb1f48ef6db84b6c0,2ee46c732cbd9a2d9496fe9e4763efb9a1ab85568c9ae6e0d0e121bc4adb4265,164142652bf5b3032f4e1a8ee54fe2817a3f3b5130635cf04fb641a6e819211d
2026-09-30,THEME,THEME:880764,breadth_ret1,0.6818181818181818,ACCEPTED,0.6818181818181818,22,22,3dd77c68f3f29601b59d09853a70977bfab15f3fba3edeca6737f75ef9d7bcc0,9f7ee99454374db02824b5c9d52e2da89fca30232bc291ddb1f48ef6db84b6c0,2ee46c732cbd9a2d9496fe9e4763efb9a1ab85568c9ae6e0d0e121bc4adb4265,164142652bf5b3032f4e1a8ee54fe2817a3f3b5130635cf04fb641a6e819211d
2026-09-30,THEME,THEME:880764,breadth_ret5,0.2727272727272727,ACCEPTED,0.2727272727272727,22,22,3dd77c68f3f29601b59d09853a70977bfab15f3fba3edeca6737f75ef9d7bcc0,9f7ee99454374db02824b5c9d52e2da89fca30232bc291ddb1f48ef6db84b6c0,2ee46c732cbd9a2d9496fe9e4763efb9a1ab85568c9ae6e0d0e121bc4adb4265,164142652bf5b3032f4e1a8ee54fe2817a3f3b5130635cf04fb641a6e819211d
2026-09-30,THEME,THEME:880764,breadth_ret20,0.13636363636363635,ACCEPTED,0.13636363636363635,22,22,3dd77c68f3f29601b59d09853a70977bfab15f3fba3edeca6737f75ef9d7bcc0,9f7ee99454374db02824b5c9d52e2da89fca30232bc291ddb1f48ef6db84b6c0,2ee46c732cbd9a2d9496fe9e4763efb9a1ab85568c9ae6e0d0e121bc4adb4265,164142652bf5b3032f4e1a8ee54fe2817a3f3b5130635cf04fb641a6e819211d
2026-09-30,THEME,THEME:880764,ma20_width,0.18181818181818182,ACCEPTED,0.18181818181818182,22,22,3dd77c68f3f29601b59d09853a70977bfab15f3fba3edeca6737f75ef9d7bcc0,9f7ee99454374db02824b5c9d52e2da89fca30232bc291ddb1f48ef6db84b6c0,2ee46c732cbd9a2d9496fe9e4763efb9a1ab85568c9ae6e0d0e121bc4adb4265,164142652bf5b3032f4e1a8ee54fe2817a3f3b5130635cf04fb641a6e819211d
2026-09-30,THEME,THEME:880765,sector_rs1,-0.0015174506828528056,ACCEPTED,-0.0015174506828528056,57,0,3dd77c68f3f29601b59d09853a70977bfab15f3fba3edeca6737f75ef9d7bcc0,9f7ee99454374db02824b5c9d52e2da89fca30232bc291ddb1f48ef6db84b6c0,2ee46c732cbd9a2d9496fe9e4763efb9a1ab85568c9ae6e0d0e121bc4adb4265,164142652bf5b3032f4e1a8ee54fe2817a3f3b5130635cf04fb641a6e819211d
2026-09-30,THEME,THEME:880765,sector_rs5,-0.030042918454935785,ACCEPTED,-0.030042918454935785,57,0,3dd77c68f3f29601b59d09853a70977bfab15f3fba3edeca6737f75ef9d7bcc0,9f7ee99454374db02824b5c9d52e2da89fca30232bc291ddb1f48ef6db84b6c0,2ee46c732cbd9a2d9496fe9e4763efb9a1ab85568c9ae6e0d0e121bc4adb4265,164142652bf5b3032f4e1a8ee54fe2817a3f3b5130635cf04fb641a6e819211d
2026-09-30,THEME,THEME:880765,sector_rs20,-0.0241740531829171,ACCEPTED,-0.0241740531829171,57,0,3dd77c68f3f29601b59d09853a70977bfab15f3fba3edeca6737f75ef9d7bcc0,9f7ee99454374db02824b5c9d52e2da89fca30232bc291ddb1f48ef6db84b6c0,2ee46c732cbd9a2d9496fe9e4763efb9a1ab85568c9ae6e0d0e121bc4adb4265,164142652bf5b3032f4e1a8ee54fe2817a3f3b5130635cf04fb641a6e819211d
2026-09-30,THEME,THEME:880765,breadth_ret1,0.42105263157894735,ACCEPTED,0.42105263157894735,57,57,3dd77c68f3f29601b59d09853a70977bfab15f3fba3edeca6737f75ef9d7bcc0,9f7ee99454374db02824b5c9d52e2da89fca30232bc291ddb1f48ef6db84b6c0,2ee46c732cbd9a2d9496fe9e4763efb9a1ab85568c9ae6e0d0e121bc4adb4265,164142652bf5b3032f4e1a8ee54fe2817a3f3b5130635cf04fb641a6e819211d
2026-09-30,THEME,THEME:880765,breadth_ret5,0.17543859649122806,ACCEPTED,0.17543859649122806,57,57,3dd77c68f3f29601b59d09853a70977bfab15f3fba3edeca6737f75ef9d7bcc0,9f7ee99454374db02824b5c9d52e2da89fca30232bc291ddb1f48ef6db84b6c0,2ee46c732cbd9a2d9496fe9e4763efb9a1ab85568c9ae6e0d0e121bc4adb4265,164142652bf5b3032f4e1a8ee54fe2817a3f3b5130635cf04fb641a6e819211d
2026-09-30,THEME,THEME:880765,breadth_ret20,0.2807017543859649,ACCEPTED,0.2807017543859649,57,57,3dd77c68f3f29601b59d09853a70977bfab15f3fba3edeca6737f75ef9d7bcc0,9f7ee99454374db02824b5c9d52e2da89fca30232bc291ddb1f48ef6db84b6c0,2ee46c732cbd9a2d9496fe9e4763efb9a1ab85568c9ae6e0d0e121bc4adb4265,164142652bf5b3032f4e1a8ee54fe2817a3f3b5130635cf04fb641a6e819211d
2026-09-30,THEME,THEME:880765,ma20_width,0.2982456140350877,ACCEPTED,0.2982456140350877,57,57,3dd77c68f3f29601b59d09853a70977bfab15f3fba3edeca6737f75ef9d7bcc0,9f7ee99454374db02824b5c9d52e2da89fca30232bc291ddb1f48ef6db84b6c0,2ee46c732cbd9a2d9496fe9e4763efb9a1ab85568c9ae6e0d0e121bc4adb4265,164142652bf5b3032f4e1a8ee54fe2817a3f3b5130635cf04fb641a6e819211d
2026-09-30,THEME,THEME:880766,sector_rs1,0.017910447761193993,ACCEPTED,0.017910447761193993,74,0,3dd77c68f3f29601b59d09853a70977bfab15f3fba3edeca6737f75ef9d7bcc0,9f7ee99454374db02824b5c9d52e2da89fca30232bc291ddb1f48ef6db84b6c0,2ee46c732cbd9a2d9496fe9e4763efb9a1ab85568c9ae6e0d0e121bc4adb4265,164142652bf5b3032f4e1a8ee54fe2817a3f3b5130635cf04fb641a6e819211d
2026-09-30,THEME,THEME:880766,sector_rs5,-0.008748317631224745,ACCEPTED,-0.008748317631224745,74,0,3dd77c68f3f29601b59d09853a70977bfab15f3fba3edeca6737f75ef9d7bcc0,9f7ee99454374db02824b5c9d52e2da89fca30232bc291ddb1f48ef6db84b6c0,2ee46c732cbd9a2d9496fe9e4763efb9a1ab85568c9ae6e0d0e121bc4adb4265,164142652bf5b3032f4e1a8ee54fe2817a3f3b5130635cf04fb641a6e819211d
2026-09-30,THEME,THEME:880766,sector_rs20,-0.003996003996003861,ACCEPTED,-0.003996003996003861,74,0,3dd77c68f3f29601b59d09853a70977bfab15f3fba3edeca6737f75ef9d7bcc0,9f7ee99454374db02824b5c9d52e2da89fca30232bc291ddb1f48ef6db84b6c0,2ee46c732cbd9a2d9496fe9e4763efb9a1ab85568c9ae6e0d0e121bc4adb4265,164142652bf5b3032f4e1a8ee54fe2817a3f3b5130635cf04fb641a6e819211d
2026-09-30,THEME,THEME:880766,breadth_ret1,0.8493150684931506,ACCEPTED,0.8493150684931506,74,73,3dd77c68f3f29601b59d09853a70977bfab15f3fba3edeca6737f75ef9d7bcc0,9f7ee99454374db02824b5c9d52e2da89fca30232bc291ddb1f48ef6db84b6c0,2ee46c732cbd9a2d9496fe9e4763efb9a1ab85568c9ae6e0d0e121bc4adb4265,164142652bf5b3032f4e1a8ee54fe2817a3f3b5130635cf04fb641a6e819211d
2026-09-30,THEME,THEME:880766,breadth_ret5,0.3287671232876712,ACCEPTED,0.3287671232876712,74,73,3dd77c68f3f29601b59d09853a70977bfab15f3fba3edeca6737f75ef9d7bcc0,9f7ee99454374db02824b5c9d52e2da89fca30232bc291ddb1f48ef6db84b6c0,2ee46c732cbd9a2d9496fe9e4763efb9a1ab85568c9ae6e0d0e121bc4adb4265,164142652bf5b3032f4e1a8ee54fe2817a3f3b5130635cf04fb641a6e819211d
2026-09-30,THEME,THEME:880766,breadth_ret20,0.4931506849315068,ACCEPTED,0.4931506849315068,74,73,3dd77c68f3f29601b59d09853a70977bfab15f3fba3edeca6737f75ef9d7bcc0,9f7ee99454374db02824b5c9d52e2da89fca30232bc291ddb1f48ef6db84b6c0,2ee46c732cbd9a2d9496fe9e4763efb9a1ab85568c9ae6e0d0e121bc4adb4265,164142652bf5b3032f4e1a8ee54fe2817a3f3b5130635cf04fb641a6e819211d
2026-09-30,THEME,THEME:880766,ma20_width,0.7123287671232876,ACCEPTED,0.7123287671232876,74,73,3dd77c68f3f29601b59d09853a70977bfab15f3fba3edeca6737f75ef9d7bcc0,9f7ee99454374db02824b5c9d52e2da89fca30232bc291ddb1f48ef6db84b6c0,2ee46c732cbd9a2d9496fe9e4763efb9a1ab85568c9ae6e0d0e121bc4adb4265,164142652bf5b3032f4e1a8ee54fe2817a3f3b5130635cf04fb641a6e819211d
2026-09-30,THEME,THEME:880767,sector_rs1,-0.00560056005600551,ACCEPTED,-0.00560056005600551,24,0,3dd77c68f3f29601b59d09853a70977bfab15f3fba3edeca6737f75ef9d7bcc0,9f7ee99454374db02824b5c9d52e2da89fca30232bc291ddb1f48ef6db84b6c0,2ee46c732cbd9a2d9496fe9e4763efb9a1ab85568c9ae6e0d0e121bc4adb4265,164142652bf5b3032f4e1a8ee54fe2817a3f3b5130635cf04fb641a6e819211d
2026-09-30,THEME,THEME:880767,sector_rs5,-0.04843304843304841,ACCEPTED,-0.04843304843304841,24,0,3dd77c68f3f29601b59d09853a70977bfab15f3fba3edeca6737f75ef9d7bcc0,9f7ee99454374db02824b5c9d52e2da89fca30232bc291ddb1f48ef6db84b6c0,2ee46c732cbd9a2d9496fe9e4763efb9a1ab85568c9ae6e0d0e121bc4adb4265,164142652bf5b3032f4e1a8ee54fe2817a3f3b5130635cf04fb641a6e819211d
2026-09-30,THEME,THEME:880767,sector_rs20,-0.04200000000000004,ACCEPTED,-0.04200000000000004,24,0,3dd77c68f3f29601b59d09853a70977bfab15f3fba3edeca6737f75ef9d7bcc0,9f7ee99454374db02824b5c9d52e2da89fca30232bc291ddb1f48ef6db84b6c0,2ee46c732cbd9a2d9496fe9e4763efb9a1ab85568c9ae6e0d0e121bc4adb4265,164142652bf5b3032f4e1a8ee54fe2817a3f3b5130635cf04fb641a6e819211d
2026-09-30,THEME,THEME:880767,breadth_ret1,0.30434782608695654,ACCEPTED,0.30434782608695654,24,23,3dd77c68f3f29601b59d09853a70977bfab15f3fba3edeca6737f75ef9d7bcc0,9f7ee99454374db02824b5c9d52e2da89fca30232bc291ddb1f48ef6db84b6c0,2ee46c732cbd9a2d9496fe9e4763efb9a1ab85568c9ae6e0d0e121bc4adb4265,164142652bf5b3032f4e1a8ee54fe2817a3f3b5130635cf04fb641a6e819211d
2026-09-30,THEME,THEME:880767,breadth_ret5,0.043478260869565216,ACCEPTED,0.043478260869565216,24,23,3dd77c68f3f29601b59d09853a70977bfab15f3fba3edeca6737f75ef9d7bcc0,9f7ee99454374db02824b5c9d52e2da89fca30232bc291ddb1f48ef6db84b6c0,2ee46c732cbd9a2d9496fe9e4763efb9a1ab85568c9ae6e0d0e121bc4adb4265,164142652bf5b3032f4e1a8ee54fe2817a3f3b5130635cf04fb641a6e819211d
2026-09-30,THEME,THEME:880767,breadth_ret20,0.2608695652173913,ACCEPTED,0.2608695652173913,24,23,3dd77c68f3f29601b59d09853a70977bfab15f3fba3edeca6737f75ef9d7bcc0,9f7ee99454374db02824b5c9d52e2da89fca30232bc291ddb1f48ef6db84b6c0,2ee46c732cbd9a2d9496fe9e4763efb9a1ab85568c9ae6e0d0e121bc4adb4265,164142652bf5b3032f4e1a8ee54fe2817a3f3b5130635cf04fb641a6e819211d
2026-09-30,THEME,THEME:880767,ma20_width,0.391304347826087,ACCEPTED,0.391304347826087,24,23,3dd77c68f3f29601b59d09853a70977bfab15f3fba3edeca6737f75ef9d7bcc0,9f7ee99454374db02824b5c9d52e2da89fca30232bc291ddb1f48ef6db84b6c0,2ee46c732cbd9a2d9496fe9e4763efb9a1ab85568c9ae6e0d0e121bc4adb4265,164142652bf5b3032f4e1a8ee54fe2817a3f3b5130635cf04fb641a6e819211d
2026-09-30,THEME,THEME:880791,sector_rs1,-0.0008705726016661197,ACCEPTED,-0.0008705726016661197,117,0,3dd77c68f3f29601b59d09853a70977bfab15f3fba3edeca6737f75ef9d7bcc0,9f7ee99454374db02824b5c9d52e2da89fca30232bc291ddb1f48ef6db84b6c0,2ee46c732cbd9a2d9496fe9e4763efb9a1ab85568c9ae6e0d0e121bc4adb4265,164142652bf5b3032f4e1a8ee54fe2817a3f3b5130635cf04fb641a6e819211d
2026-09-30,THEME,THEME:880791,sector_rs5,-0.023389529682711907,ACCEPTED,-0.023389529682711907,117,0,3dd77c68f3f29601b59d09853a70977bfab15f3fba3edeca6737f75ef9d7bcc0,9f7ee99454374db02824b5c9d52e2da89fca30232bc291ddb1f48ef6db84b6c0,2ee46c732cbd9a2d9496fe9e4763efb9a1ab85568c9ae6e0d0e121bc4adb4265,164142652bf5b3032f4e1a8ee54fe2817a3f3b5130635cf04fb641a6e819211d
2026-09-30,THEME,THEME:880791,sector_rs20,-0.04461896159507561,ACCEPTED,-0.04461896159507561,117,0,3dd77c68f3f29601b59d09853a70977bfab15f3fba3edeca6737f75ef9d7bcc0,9f7ee99454374db02824b5c9d52e2da89fca30232bc291ddb1f48ef6db84b6c0,2ee46c732cbd9a2d9496fe9e4763efb9a1ab85568c9ae6e0d0e121bc4adb4265,164142652bf5b3032f4e1a8ee54fe2817a3f3b5130635cf04fb641a6e819211d
2026-09-30,THEME,THEME:880791,breadth_ret1,0.4396551724137931,ACCEPTED,0.4396551724137931,117,116,3dd77c68f3f29601b59d09853a70977bfab15f3fba3edeca6737f75ef9d7bcc0,9f7ee99454374db02824b5c9d52e2da89fca30232bc291ddb1f48ef6db84b6c0,2ee46c732cbd9a2d9496fe9e4763efb9a1ab85568c9ae6e0d0e121bc4adb4265,164142652bf5b3032f4e1a8ee54fe2817a3f3b5130635cf04fb641a6e819211d
2026-09-30,THEME,THEME:880791,breadth_ret5,0.2672413793103448,ACCEPTED,0.2672413793103448,117,116,3dd77c68f3f29601b59d09853a70977bfab15f3fba3edeca6737f75ef9d7bcc0,9f7ee99454374db02824b5c9d52e2da89fca30232bc291ddb1f48ef6db84b6c0,2ee46c732cbd9a2d9496fe9e4763efb9a1ab85568c9ae6e0d0e121bc4adb4265,164142652bf5b3032f4e1a8ee54fe2817a3f3b5130635cf04fb641a6e819211d
2026-09-30,THEME,THEME:880791,breadth_ret20,0.23275862068965517,ACCEPTED,0.23275862068965517,117,116,3dd77c68f3f29601b59d09853a70977bfab15f3fba3edeca6737f75ef9d7bcc0,9f7ee99454374db02824b5c9d52e2da89fca30232bc291ddb1f48ef6db84b6c0,2ee46c732cbd9a2d9496fe9e4763efb9a1ab85568c9ae6e0d0e121bc4adb4265,164142652bf5b3032f4e1a8ee54fe2817a3f3b5130635cf04fb641a6e819211d
2026-09-30,THEME,THEME:880791,ma20_width,0.31896551724137934,ACCEPTED,0.31896551724137934,117,116,3dd77c68f3f29601b59d09853a70977bfab15f3fba3edeca6737f75ef9d7bcc0,9f7ee99454374db02824b5c9d52e2da89fca30232bc291ddb1f48ef6db84b6c0,2ee46c732cbd9a2d9496fe9e4763efb9a1ab85568c9ae6e0d0e121bc4adb4265,164142652bf5b3032f4e1a8ee54fe2817a3f3b5130635cf04fb641a6e819211d
2026-09-30,THEME,THEME:880794,sector_rs1,-0.015665796344647487,ACCEPTED,-0.015665796344647487,37,0,3dd77c68f3f29601b59d09853a70977bfab15f3fba3edeca6737f75ef9d7bcc0,9f7ee99454374db02824b5c9d52e2da89fca30232bc291ddb1f48ef6db84b6c0,2ee46c732cbd9a2d9496fe9e4763efb9a1ab85568c9ae6e0d0e121bc4adb4265,164142652bf5b3032f4e1a8ee54fe2817a3f3b5130635cf04fb641a6e819211d
2026-09-30,THEME,THEME:880794,sector_rs5,-0.050603795284646313,ACCEPTED,-0.050603795284646313,37,0,3dd77c68f3f29601b59d09853a70977bfab15f3fba3edeca6737f75ef9d7bcc0,9f7ee99454374db02824b5c9d52e2da89fca30232bc291ddb1f48ef6db84b6c0,2ee46c732cbd9a2d9496fe9e4763efb9a1ab85568c9ae6e0d0e121bc4adb4265,164142652bf5b3032f4e1a8ee54fe2817a3f3b5130635cf04fb641a6e819211d
2026-09-30,THEME,THEME:880794,sector_rs20,-0.05067567567567566,ACCEPTED,-0.05067567567567566,37,0,3dd77c68f3f29601b59d09853a70977bfab15f3fba3edeca6737f75ef9d7bcc0,9f7ee99454374db02824b5c9d52e2da89fca30232bc291ddb1f48ef6db84b6c0,2ee46c732cbd9a2d9496fe9e4763efb9a1ab85568c9ae6e0d0e121bc4adb4265,164142652bf5b3032f4e1a8ee54fe2817a3f3b5130635cf04fb641a6e819211d
2026-09-30,THEME,THEME:880794,breadth_ret1,0.13513513513513514,ACCEPTED,0.13513513513513514,37,37,3dd77c68f3f29601b59d09853a70977bfab15f3fba3edeca6737f75ef9d7bcc0,9f7ee99454374db02824b5c9d52e2da89fca30232bc291ddb1f48ef6db84b6c0,2ee46c732cbd9a2d9496fe9e4763efb9a1ab85568c9ae6e0d0e121bc4adb4265,164142652bf5b3032f4e1a8ee54fe2817a3f3b5130635cf04fb641a6e819211d
2026-09-30,THEME,THEME:880794,breadth_ret5,0.05405405405405406,ACCEPTED,0.05405405405405406,37,37,3dd77c68f3f29601b59d09853a70977bfab15f3fba3edeca6737f75ef9d7bcc0,9f7ee99454374db02824b5c9d52e2da89fca30232bc291ddb1f48ef6db84b6c0,2ee46c732cbd9a2d9496fe9e4763efb9a1ab85568c9ae6e0d0e121bc4adb4265,164142652bf5b3032f4e1a8ee54fe2817a3f3b5130635cf04fb641a6e819211d
2026-09-30,THEME,THEME:880794,breadth_ret20,0.16216216216216217,ACCEPTED,0.16216216216216217,37,37,3dd77c68f3f29601b59d09853a70977bfab15f3fba3edeca6737f75ef9d7bcc0,9f7ee99454374db02824b5c9d52e2da89fca30232bc291ddb1f48ef6db84b6c0,2ee46c732cbd9a2d9496fe9e4763efb9a1ab85568c9ae6e0d0e121bc4adb4265,164142652bf5b3032f4e1a8ee54fe2817a3f3b5130635cf04fb641a6e819211d
2026-09-30,THEME,THEME:880794,ma20_width,0.2972972972972973,ACCEPTED,0.2972972972972973,37,37,3dd77c68f3f29601b59d09853a70977bfab15f3fba3edeca6737f75ef9d7bcc0,9f7ee99454374db02824b5c9d52e2da89fca30232bc291ddb1f48ef6db84b6c0,2ee46c732cbd9a2d9496fe9e4763efb9a1ab85568c9ae6e0d0e121bc4adb4265,164142652bf5b3032f4e1a8ee54fe2817a3f3b5130635cf04fb641a6e819211d
2026-09-30,THEME,THEME:880795,sector_rs1,-0.0015555459012753237,ACCEPTED,-0.0015555459012753237,195,0,3dd77c68f3f29601b59d09853a70977bfab15f3fba3edeca6737f75ef9d7bcc0,9f7ee99454374db02824b5c9d52e2da89fca30232bc291ddb1f48ef6db84b6c0,2ee46c732cbd9a2d9496fe9e4763efb9a1ab85568c9ae6e0d0e121bc4adb4265,164142652bf5b3032f4e1a8ee54fe2817a3f3b5130635cf04fb641a6e819211d
2026-09-30,THEME,THEME:880795,sector_rs5,-0.02795717509241924,ACCEPTED,-0.02795717509241924,195,0,3dd77c68f3f29601b59d09853a70977bfab15f3fba3edeca6737f75ef9d7bcc0,9f7ee99454374db02824b5c9d52e2da89fca30232bc291ddb1f48ef6db84b6c0,2ee46c732cbd9a2d9496fe9e4763efb9a1ab85568c9ae6e0d0e121bc4adb4265,164142652bf5b3032f4e1a8ee54fe2817a3f3b5130635cf04fb641a6e819211d
2026-09-30,THEME,THEME:880795,sector_rs20,-0.04570623394742679,ACCEPTED,-0.04570623394742679,195,0,3dd77c68f3f29601b59d09853a70977bfab15f3fba3edeca6737f75ef9d7bcc0,9f7ee99454374db02824b5c9d52e2da89fca30232bc291ddb1f48ef6db84b6c0,2ee46c732cbd9a2d9496fe9e4763efb9a1ab85568c9ae6e0d0e121bc4adb4265,164142652bf5b3032f4e1a8ee54fe2817a3f3b5130635cf04fb641a6e819211d
2026-09-30,THEME,THEME:880795,breadth_ret1,0.4536082474226804,ACCEPTED,0.4536082474226804,195,194,3dd77c68f3f29601b59d09853a70977bfab15f3fba3edeca6737f75ef9d7bcc0,9f7ee99454374db02824b5c9d52e2da89fca30232bc291ddb1f48ef6db84b6c0,2ee46c732cbd9a2d9496fe9e4763efb9a1ab85568c9ae6e0d0e121bc4adb4265,164142652bf5b3032f4e1a8ee54fe2817a3f3b5130635cf04fb641a6e819211d
2026-09-30,THEME,THEME:880795,breadth_ret5,0.17010309278350516,ACCEPTED,0.17010309278350516,195,194,3dd77c68f3f29601b59d09853a70977bfab15f3fba3edeca6737f75ef9d7bcc0,9f7ee99454374db02824b5c9d52e2da89fca30232bc291ddb1f48ef6db84b6c0,2ee46c732cbd9a2d9496fe9e4763efb9a1ab85568c9ae6e0d0e121bc4adb4265,164142652bf5b3032f4e1a8ee54fe2817a3f3b5130635cf04fb641a6e819211d
2026-09-30,THEME,THEME:880795,breadth_ret20,0.23195876288659795,ACCEPTED,0.23195876288659795,195,194,3dd77c68f3f29601b59d09853a70977bfab15f3fba3edeca6737f75ef9d7bcc0,9f7ee99454374db02824b5c9d52e2da89fca30232bc291ddb1f48ef6db84b6c0,2ee46c732cbd9a2d9496fe9e4763efb9a1ab85568c9ae6e0d0e121bc4adb4265,164142652bf5b3032f4e1a8ee54fe2817a3f3b5130635cf04fb641a6e819211d
2026-09-30,THEME,THEME:880795,ma20_width,0.28865979381443296,ACCEPTED,0.28865979381443296,195,194,3dd77c68f3f29601b59d09853a70977bfab15f3fba3edeca6737f75ef9d7bcc0,9f7ee99454374db02824b5c9d52e2da89fca30232bc291ddb1f48ef6db84b6c0,2ee46c732cbd9a2d9496fe9e4763efb9a1ab85568c9ae6e0d0e121bc4adb4265,164142652bf5b3032f4e1a8ee54fe2817a3f3b5130635cf04fb641a6e819211d
2026-09-30,THEME,THEME:880796,sector_rs1,0.002169197396963085,ACCEPTED,0.002169197396963085,41,0,3dd77c68f3f29601b59d09853a70977bfab15f3fba3edeca6737f75ef9d7bcc0,9f7ee99454374db02824b5c9d52e2da89fca30232bc291ddb1f48ef6db84b6c0,2ee46c732cbd9a2d9496fe9e4763efb9a1ab85568c9ae6e0d0e121bc4adb4265,164142652bf5b3032f4e1a8ee54fe2817a3f3b5130635cf04fb641a6e819211d
2026-09-30,THEME,THEME:880796,sector_rs5,-0.023809523809523836,ACCEPTED,-0.023809523809523836,41,0,3dd77c68f3f29601b59d09853a70977bfab15f3fba3edeca6737f75ef9d7bcc0,9f7ee99454374db02824b5c9d52e2da89fca30232bc291ddb1f48ef6db84b6c0,2ee46c732cbd9a2d9496fe9e4763efb9a1ab85568c9ae6e0d0e121bc4adb4265,164142652bf5b3032f4e1a8ee54fe2817a3f3b5130635cf04fb641a6e819211d
2026-09-30,THEME,THEME:880796,sector_rs20,-0.034717494894486056,ACCEPTED,-0.034717494894486056,41,0,3dd77c68f3f29601b59d09853a70977bfab15f3fba3edeca6737f75ef9d7bcc0,9f7ee99454374db02824b5c9d52e2da89fca30232bc291ddb1f48ef6db84b6c0,2ee46c732cbd9a2d9496fe9e4763efb9a1ab85568c9ae6e0d0e121bc4adb4265,164142652bf5b3032f4e1a8ee54fe2817a3f3b5130635cf04fb641a6e819211d
2026-09-30,THEME,THEME:880796,breadth_ret1,0.5365853658536586,ACCEPTED,0.5365853658536586,41,41,3dd77c68f3f29601b59d09853a70977bfab15f3fba3edeca6737f75ef9d7bcc0,9f7ee99454374db02824b5c9d52e2da89fca30232bc291ddb1f48ef6db84b6c0,2ee46c732cbd9a2d9496fe9e4763efb9a1ab85568c9ae6e0d0e121bc4adb4265,164142652bf5b3032f4e1a8ee54fe2817a3f3b5130635cf04fb641a6e819211d
2026-09-30,THEME,THEME:880796,breadth_ret5,0.14634146341463414,ACCEPTED,0.14634146341463414,41,41,3dd77c68f3f29601b59d09853a70977bfab15f3fba3edeca6737f75ef9d7bcc0,9f7ee99454374db02824b5c9d52e2da89fca30232bc291ddb1f48ef6db84b6c0,2ee46c732cbd9a2d9496fe9e4763efb9a1ab85568c9ae6e0d0e121bc4adb4265,164142652bf5b3032f4e1a8ee54fe2817a3f3b5130635cf04fb641a6e819211d
2026-09-30,THEME,THEME:880796,breadth_ret20,0.12195121951219512,ACCEPTED,0.12195121951219512,41,41,3dd77c68f3f29601b59d09853a70977bfab15f3fba3edeca6737f75ef9d7bcc0,9f7ee99454374db02824b5c9d52e2da89fca30232bc291ddb1f48ef6db84b6c0,2ee46c732cbd9a2d9496fe9e4763efb9a1ab85568c9ae6e0d0e121bc4adb4265,164142652bf5b3032f4e1a8ee54fe2817a3f3b5130635cf04fb641a6e819211d
2026-09-30,THEME,THEME:880796,ma20_width,0.17073170731707318,ACCEPTED,0.17073170731707318,41,41,3dd77c68f3f29601b59d09853a70977bfab15f3fba3edeca6737f75ef9d7bcc0,9f7ee99454374db02824b5c9d52e2da89fca30232bc291ddb1f48ef6db84b6c0,2ee46c732cbd9a2d9496fe9e4763efb9a1ab85568c9ae6e0d0e121bc4adb4265,164142652bf5b3032f4e1a8ee54fe2817a3f3b5130635cf04fb641a6e819211d
2026-09-30,THEME,THEME:880797,sector_rs1,0.011389521640091216,ACCEPTED,0.011389521640091216,33,0,3dd77c68f3f29601b59d09853a70977bfab15f3fba3edeca6737f75ef9d7bcc0,9f7ee99454374db02824b5c9d52e2da89fca30232bc291ddb1f48ef6db84b6c0,2ee46c732cbd9a2d9496fe9e4763efb9a1ab85568c9ae6e0d0e121bc4adb4265,164142652bf5b3032f4e1a8ee54fe2817a3f3b5130635cf04fb641a6e819211d
2026-09-30,THEME,THEME:880797,sector_rs5,-0.015873015873015928,ACCEPTED,-0.015873015873015928,33,0,3dd77c68f3f29601b59d09853a70977bfab15f3fba3edeca6737f75ef9d7bcc0,9f7ee99454374db02824b5c9d52e2da89fca30232bc291ddb1f48ef6db84b6c0,2ee46c732cbd9a2d9496fe9e4763efb9a1ab85568c9ae6e0d0e121bc4adb4265,164142652bf5b3032f4e1a8ee54fe2817a3f3b5130635cf04fb641a6e819211d
2026-09-30,THEME,THEME:880797,sector_rs20,-0.04937163375224418,ACCEPTED,-0.04937163375224418,33,0,3dd77c68f3f29601b59d09853a70977bfab15f3fba3edeca6737f75ef9d7bcc0,9f7ee99454374db02824b5c9d52e2da89fca30232bc291ddb1f48ef6db84b6c0,2ee46c732cbd9a2d9496fe9e4763efb9a1ab85568c9ae6e0d0e121bc4adb4265,164142652bf5b3032f4e1a8ee54fe2817a3f3b5130635cf04fb641a6e819211d
2026-09-30,THEME,THEME:880797,breadth_ret1,0.7878787878787878,ACCEPTED,0.7878787878787878,33,33,3dd77c68f3f29601b59d09853a70977bfab15f3fba3edeca6737f75ef9d7bcc0,9f7ee99454374db02824b5c9d52e2da89fca30232bc291ddb1f48ef6db84b6c0,2ee46c732cbd9a2d9496fe9e4763efb9a1ab85568c9ae6e0d0e121bc4adb4265,164142652bf5b3032f4e1a8ee54fe2817a3f3b5130635cf04fb641a6e819211d
2026-09-30,THEME,THEME:880797,breadth_ret5,0.3333333333333333,ACCEPTED,0.3333333333333333,33,33,3dd77c68f3f29601b59d09853a70977bfab15f3fba3edeca6737f75ef9d7bcc0,9f7ee99454374db02824b5c9d52e2da89fca30232bc291ddb1f48ef6db84b6c0,2ee46c732cbd9a2d9496fe9e4763efb9a1ab85568c9ae6e0d0e121bc4adb4265,164142652bf5b3032f4e1a8ee54fe2817a3f3b5130635cf04fb641a6e819211d
2026-09-30,THEME,THEME:880797,breadth_ret20,0.18181818181818182,ACCEPTED,0.18181818181818182,33,33,3dd77c68f3f29601b59d09853a70977bfab15f3fba3edeca6737f75ef9d7bcc0,9f7ee99454374db02824b5c9d52e2da89fca30232bc291ddb1f48ef6db84b6c0,2ee46c732cbd9a2d9496fe9e4763efb9a1ab85568c9ae6e0d0e121bc4adb4265,164142652bf5b3032f4e1a8ee54fe2817a3f3b5130635cf04fb641a6e819211d
2026-09-30,THEME,THEME:880797,ma20_width,0.2727272727272727,ACCEPTED,0.2727272727272727,33,33,3dd77c68f3f29601b59d09853a70977bfab15f3fba3edeca6737f75ef9d7bcc0,9f7ee99454374db02824b5c9d52e2da89fca30232bc291ddb1f48ef6db84b6c0,2ee46c732cbd9a2d9496fe9e4763efb9a1ab85568c9ae6e0d0e121bc4adb4265,164142652bf5b3032f4e1a8ee54fe2817a3f3b5130635cf04fb641a6e819211d
2026-09-30,THEME,THEME:880798,sector_rs1,-0.006383657835939971,ACCEPTED,-0.006383657835939971,47,0,3dd77c68f3f29601b59d09853a70977bfab15f3fba3edeca6737f75ef9d7bcc0,9f7ee99454374db02824b5c9d52e2da89fca30232bc291ddb1f48ef6db84b6c0,2ee46c732cbd9a2d9496fe9e4763efb9a1ab85568c9ae6e0d0e121bc4adb4265,164142652bf5b3032f4e1a8ee54fe2817a3f3b5130635cf04fb641a6e819211d
2026-09-30,THEME,THEME:880798,sector_rs5,-0.05323009920154842,ACCEPTED,-0.05323009920154842,47,0,3dd77c68f3f29601b59d09853a70977bfab15f3fba3edeca6737f75ef9d7bcc0,9f7ee99454374db02824b5c9d52e2da89fca30232bc291ddb1f48ef6db84b6c0,2ee46c732cbd9a2d9496fe9e4763efb9a1ab85568c9ae6e0d0e121bc4adb4265,164142652bf5b3032f4e1a8ee54fe2817a3f3b5130635cf04fb641a6e819211d
2026-09-30,THEME,THEME:880798,sector_rs20,-0.047311827956989405,ACCEPTED,-0.047311827956989405,47,0,3dd77c68f3f29601b59d09853a70977bfab15f3fba3edeca6737f75ef9d7bcc0,9f7ee99454374db02824b5c9d52e2da89fca30232bc291ddb1f48ef6db84b6c0,2ee46c732cbd9a2d9496fe9e4763efb9a1ab85568c9ae6e0d0e121bc4adb4265,164142652bf5b3032f4e1a8ee54fe2817a3f3b5130635cf04fb641a6e819211d
2026-09-30,THEME,THEME:880798,breadth_ret1,0.2978723404255319,ACCEPTED,0.2978723404255319,47,47,3dd77c68f3f29601b59d09853a70977bfab15f3fba3edeca6737f75ef9d7bcc0,9f7ee99454374db02824b5c9d52e2da89fca30232bc291ddb1f48ef6db84b6c0,2ee46c732cbd9a2d9496fe9e4763efb9a1ab85568c9ae6e0d0e121bc4adb4265,164142652bf5b3032f4e1a8ee54fe2817a3f3b5130635cf04fb641a6e819211d
2026-09-30,THEME,THEME:880798,breadth_ret5,0.1702127659574468,ACCEPTED,0.1702127659574468,47,47,3dd77c68f3f29601b59d09853a70977bfab15f3fba3edeca6737f75ef9d7bcc0,9f7ee99454374db02824b5c9d52e2da89fca30232bc291ddb1f48ef6db84b6c0,2ee46c732cbd9a2d9496fe9e4763efb9a1ab85568c9ae6e0d0e121bc4adb4265,164142652bf5b3032f4e1a8ee54fe2817a3f3b5130635cf04fb641a6e819211d
2026-09-30,THEME,THEME:880798,breadth_ret20,0.10638297872340426,ACCEPTED,0.10638297872340426,47,47,3dd77c68f3f29601b59d09853a70977bfab15f3fba3edeca6737f75ef9d7bcc0,9f7ee99454374db02824b5c9d52e2da89fca30232bc291ddb1f48ef6db84b6c0,2ee46c732cbd9a2d9496fe9e4763efb9a1ab85568c9ae6e0d0e121bc4adb4265,164142652bf5b3032f4e1a8ee54fe2817a3f3b5130635cf04fb641a6e819211d
2026-09-30,THEME,THEME:880798,ma20_width,0.14893617021276595,ACCEPTED,0.14893617021276595,47,47,3dd77c68f3f29601b59d09853a70977bfab15f3fba3edeca6737f75ef9d7bcc0,9f7ee99454374db02824b5c9d52e2da89fca30232bc291ddb1f48ef6db84b6c0,2ee46c732cbd9a2d9496fe9e4763efb9a1ab85568c9ae6e0d0e121bc4adb4265,164142652bf5b3032f4e1a8ee54fe2817a3f3b5130635cf04fb641a6e819211d
2026-09-30,THEME,THEME:880799,sector_rs1,-0.009672181536323321,ACCEPTED,-0.009672181536323321,636,0,3dd77c68f3f29601b59d09853a70977bfab15f3fba3edeca6737f75ef9d7bcc0,9f7ee99454374db02824b5c9d52e2da89fca30232bc291ddb1f48ef6db84b6c0,2ee46c732cbd9a2d9496fe9e4763efb9a1ab85568c9ae6e0d0e121bc4adb4265,164142652bf5b3032f4e1a8ee54fe2817a3f3b5130635cf04fb641a6e819211d
2026-09-30,THEME,THEME:880799,sector_rs5,-0.05424020662935869,ACCEPTED,-0.05424020662935869,636,0,3dd77c68f3f29601b59d09853a70977bfab15f3fba3edeca6737f75ef9d7bcc0,9f7ee99454374db02824b5c9d52e2da89fca30232bc291ddb1f48ef6db84b6c0,2ee46c732cbd9a2d9496fe9e4763efb9a1ab85568c9ae6e0d0e121bc4adb4265,164142652bf5b3032f4e1a8ee54fe2817a3f3b5130635cf04fb641a6e819211d
2026-09-30,THEME,THEME:880799,sector_rs20,-0.0491267996490361,ACCEPTED,-0.0491267996490361,636,0,3dd77c68f3f29601b59d09853a70977bfab15f3fba3edeca6737f75ef9d7bcc0,9f7ee99454374db02824b5c9d52e2da89fca30232bc291ddb1f48ef6db84b6c0,2ee46c732cbd9a2d9496fe9e4763efb9a1ab85568c9ae6e0d0e121bc4adb4265,164142652bf5b3032f4e1a8ee54fe2817a3f3b5130635cf04fb641a6e819211d
2026-09-30,THEME,THEME:880799,breadth_ret1,0.2990506329113924,ACCEPTED,0.2990506329113924,636,632,3dd77c68f3f29601b59d09853a70977bfab15f3fba3edeca6737f75ef9d7bcc0,9f7ee99454374db02824b5c9d52e2da89fca30232bc291ddb1f48ef6db84b6c0,2ee46c732cbd9a2d9496fe9e4763efb9a1ab85568c9ae6e0d0e121bc4adb4265,164142652bf5b3032f4e1a8ee54fe2817a3f3b5130635cf04fb641a6e819211d
2026-09-30,THEME,THEME:880799,breadth_ret5,0.1347068145800317,ACCEPTED,0.1347068145800317,636,631,3dd77c68f3f29601b59d09853a70977bfab15f3fba3edeca6737f75ef9d7bcc0,9f7ee99454374db02824b5c9d52e2da89fca30232bc291ddb1f48ef6db84b6c0,2ee46c732cbd9a2d9496fe9e4763efb9a1ab85568c9ae6e0d0e121bc4adb4265,164142652bf5b3032f4e1a8ee54fe2817a3f3b5130635cf04fb641a6e819211d
2026-09-30,THEME,THEME:880799,breadth_ret20,0.24285714285714285,ACCEPTED,0.24285714285714285,636,630,3dd77c68f3f29601b59d09853a70977bfab15f3fba3edeca6737f75ef9d7bcc0,9f7ee99454374db02824b5c9d52e2da89fca30232bc291ddb1f48ef6db84b6c0,2ee46c732cbd9a2d9496fe9e4763efb9a1ab85568c9ae6e0d0e121bc4adb4265,164142652bf5b3032f4e1a8ee54fe2817a3f3b5130635cf04fb641a6e819211d
2026-09-30,THEME,THEME:880799,ma20_width,0.24405705229793978,ACCEPTED,0.24405705229793978,636,631,3dd77c68f3f29601b59d09853a70977bfab15f3fba3edeca6737f75ef9d7bcc0,9f7ee99454374db02824b5c9d52e2da89fca30232bc291ddb1f48ef6db84b6c0,2ee46c732cbd9a2d9496fe9e4763efb9a1ab85568c9ae6e0d0e121bc4adb4265,164142652bf5b3032f4e1a8ee54fe2817a3f3b5130635cf04fb641a6e819211d
2026-09-30,THEME,THEME:880899,sector_rs1,0.006423700283260225,ACCEPTED,0.006423700283260225,38,0,3dd77c68f3f29601b59d09853a70977bfab15f3fba3edeca6737f75ef9d7bcc0,9f7ee99454374db02824b5c9d52e2da89fca30232bc291ddb1f48ef6db84b6c0,2ee46c732cbd9a2d9496fe9e4763efb9a1ab85568c9ae6e0d0e121bc4adb4265,164142652bf5b3032f4e1a8ee54fe2817a3f3b5130635cf04fb641a6e819211d
2026-09-30,THEME,THEME:880899,sector_rs5,-0.048311108102619627,ACCEPTED,-0.048311108102619627,38,0,3dd77c68f3f29601b59d09853a70977bfab15f3fba3edeca6737f75ef9d7bcc0,9f7ee99454374db02824b5c9d52e2da89fca30232bc291ddb1f48ef6db84b6c0,2ee46c732cbd9a2d9496fe9e4763efb9a1ab85568c9ae6e0d0e121bc4adb4265,164142652bf5b3032f4e1a8ee54fe2817a3f3b5130635cf04fb641a6e819211d
2026-09-30,THEME,THEME:880899,sector_rs20,-0.08062151390629335,ACCEPTED,-0.08062151390629335,38,0,3dd77c68f3f29601b59d09853a70977bfab15f3fba3edeca6737f75ef9d7bcc0,9f7ee99454374db02824b5c9d52e2da89fca30232bc291ddb1f48ef6db84b6c0,2ee46c732cbd9a2d9496fe9e4763efb9a1ab85568c9ae6e0d0e121bc4adb4265,164142652bf5b3032f4e1a8ee54fe2817a3f3b5130635cf04fb641a6e819211d
2026-09-30,THEME,THEME:880899,breadth_ret1,0.7631578947368421,ACCEPTED,0.7631578947368421,38,38,3dd77c68f3f29601b59d09853a70977bfab15f3fba3edeca6737f75ef9d7bcc0,9f7ee99454374db02824b5c9d52e2da89fca30232bc291ddb1f48ef6db84b6c0,2ee46c732cbd9a2d9496fe9e4763efb9a1ab85568c9ae6e0d0e121bc4adb4265,164142652bf5b3032f4e1a8ee54fe2817a3f3b5130635cf04fb641a6e819211d
2026-09-30,THEME,THEME:880899,breadth_ret5,0.13157894736842105,ACCEPTED,0.13157894736842105,38,38,3dd77c68f3f29601b59d09853a70977bfab15f3fba3edeca6737f75ef9d7bcc0,9f7ee99454374db02824b5c9d52e2da89fca30232bc291ddb1f48ef6db84b6c0,2ee46c732cbd9a2d9496fe9e4763efb9a1ab85568c9ae6e0d0e121bc4adb4265,164142652bf5b3032f4e1a8ee54fe2817a3f3b5130635cf04fb641a6e819211d
2026-09-30,THEME,THEME:880899,breadth_ret20,0.07894736842105263,ACCEPTED,0.07894736842105263,38,38,3dd77c68f3f29601b59d09853a70977bfab15f3fba3edeca6737f75ef9d7bcc0,9f7ee99454374db02824b5c9d52e2da89fca30232bc291ddb1f48ef6db84b6c0,2ee46c732cbd9a2d9496fe9e4763efb9a1ab85568c9ae6e0d0e121bc4adb4265,164142652bf5b3032f4e1a8ee54fe2817a3f3b5130635cf04fb641a6e819211d
2026-09-30,THEME,THEME:880899,ma20_width,0.10526315789473684,ACCEPTED,0.10526315789473684,38,38,3dd77c68f3f29601b59d09853a70977bfab15f3fba3edeca6737f75ef9d7bcc0,9f7ee99454374db02824b5c9d52e2da89fca30232bc291ddb1f48ef6db84b6c0,2ee46c732cbd9a2d9496fe9e4763efb9a1ab85568c9ae6e0d0e121bc4adb4265,164142652bf5b3032f4e1a8ee54fe2817a3f3b5130635cf04fb641a6e819211d
2026-09-30,THEME,THEME:880901,sector_rs1,-0.0117647058823529,ACCEPTED,-0.0117647058823529,212,0,3dd77c68f3f29601b59d09853a70977bfab15f3fba3edeca6737f75ef9d7bcc0,9f7ee99454374db02824b5c9d52e2da89fca30232bc291ddb1f48ef6db84b6c0,2ee46c732cbd9a2d9496fe9e4763efb9a1ab85568c9ae6e0d0e121bc4adb4265,164142652bf5b3032f4e1a8ee54fe2817a3f3b5130635cf04fb641a6e819211d
2026-09-30,THEME,THEME:880901,sector_rs5,-0.044200848656294145,ACCEPTED,-0.044200848656294145,212,0,3dd77c68f3f29601b59d09853a70977bfab15f3fba3edeca6737f75ef9d7bcc0,9f7ee99454374db02824b5c9d52e2da89fca30232bc291ddb1f48ef6db84b6c0,2ee46c732cbd9a2d9496fe9e4763efb9a1ab85568c9ae6e0d0e121bc4adb4265,164142652bf5b3032f4e1a8ee54fe2817a3f3b5130635cf04fb641a6e819211d
2026-09-30,THEME,THEME:880901,sector_rs20,-0.052482269503546064,ACCEPTED,-0.052482269503546064,212,0,3dd77c68f3f29601b59d09853a70977bfab15f3fba3edeca6737f75ef9d7bcc0,9f7ee99454374db02824b5c9d52e2da89fca30232bc291ddb1f48ef6db84b6c0,2ee46c732cbd9a2d9496fe9e4763efb9a1ab85568c9ae6e0d0e121bc4adb4265,164142652bf5b3032f4e1a8ee54fe2817a3f3b5130635cf04fb641a6e819211d
2026-09-30,THEME,THEME:880901,breadth_ret1,0.1943127962085308,ACCEPTED,0.1943127962085308,212,211,3dd77c68f3f29601b59d09853a70977bfab15f3fba3edeca6737f75ef9d7bcc0,9f7ee99454374db02824b5c9d52e2da89fca30232bc291ddb1f48ef6db84b6c0,2ee46c732cbd9a2d9496fe9e4763efb9a1ab85568c9ae6e0d0e121bc4adb4265,164142652bf5b3032f4e1a8ee54fe2817a3f3b5130635cf04fb641a6e819211d
2026-09-30,THEME,THEME:880901,breadth_ret5,0.14218009478672985,ACCEPTED,0.14218009478672985,212,211,3dd77c68f3f29601b59d09853a70977bfab15f3fba3edeca6737f75ef9d7bcc0,9f7ee99454374db02824b5c9d52e2da89fca30232bc291ddb1f48ef6db84b6c0,2ee46c732cbd9a2d9496fe9e4763efb9a1ab85568c9ae6e0d0e121bc4adb4265,164142652bf5b3032f4e1a8ee54fe2817a3f3b5130635cf04fb641a6e819211d
2026-09-30,THEME,THEME:880901,breadth_ret20,0.25118483412322273,ACCEPTED,0.25118483412322273,212,211,3dd77c68f3f29601b59d09853a70977bfab15f3fba3edeca6737f75ef9d7bcc0,9f7ee99454374db02824b5c9d52e2da89fca30232bc291ddb1f48ef6db84b6c0,2ee46c732cbd9a2d9496fe9e4763efb9a1ab85568c9ae6e0d0e121bc4adb4265,164142652bf5b3032f4e1a8ee54fe2817a3f3b5130635cf04fb641a6e819211d
2026-09-30,THEME,THEME:880901,ma20_width,0.32701421800947866,ACCEPTED,0.32701421800947866,212,211,3dd77c68f3f29601b59d09853a70977bfab15f3fba3edeca6737f75ef9d7bcc0,9f7ee99454374db02824b5c9d52e2da89fca30232bc291ddb1f48ef6db84b6c0,2ee46c732cbd9a2d9496fe9e4763efb9a1ab85568c9ae6e0d0e121bc4adb4265,164142652bf5b3032f4e1a8ee54fe2817a3f3b5130635cf04fb641a6e819211d
2026-09-30,THEME,THEME:880902,sector_rs1,-0.004294919881451642,ACCEPTED,-0.004294919881451642,260,0,3dd77c68f3f29601b59d09853a70977bfab15f3fba3edeca6737f75ef9d7bcc0,9f7ee99454374db02824b5c9d52e2da89fca30232bc291ddb1f48ef6db84b6c0,2ee46c732cbd9a2d9496fe9e4763efb9a1ab85568c9ae6e0d0e121bc4adb4265,164142652bf5b3032f4e1a8ee54fe2817a3f3b5130635cf04fb641a6e819211d
2026-09-30,THEME,THEME:880902,sector_rs5,-0.03733598974196861,ACCEPTED,-0.03733598974196861,260,0,3dd77c68f3f29601b59d09853a70977bfab15f3fba3edeca6737f75ef9d7bcc0,9f7ee99454374db02824b5c9d52e2da89fca30232bc291ddb1f48ef6db84b6c0,2ee46c732cbd9a2d9496fe9e4763efb9a1ab85568c9ae6e0d0e121bc4adb4265,164142652bf5b3032f4e1a8ee54fe2817a3f3b5130635cf04fb641a6e819211d
2026-09-30,THEME,THEME:880902,sector_rs20,-0.044625719769673666,ACCEPTED,-0.044625719769673666,260,0,3dd77c68f3f29601b59d09853a70977bfab15f3fba3edeca6737f75ef9d7bcc0,9f7ee99454374db02824b5c9d52e2da89fca30232bc291ddb1f48ef6db84b6c0,2ee46c732cbd9a2d9496fe9e4763efb9a1ab85568c9ae6e0d0e121bc4adb4265,164142652bf5b3032f4e1a8ee54fe2817a3f3b5130635cf04fb641a6e819211d
2026-09-30,THEME,THEME:880902,breadth_ret1,0.38076923076923075,ACCEPTED,0.38076923076923075,260,260,3dd77c68f3f29601b59d09853a70977bfab15f3fba3edeca6737f75ef9d7bcc0,9f7ee99454374db02824b5c9d52e2da89fca30232bc291ddb1f48ef6db84b6c0,2ee46c732cbd9a2d9496fe9e4763efb9a1ab85568c9ae6e0d0e121bc4adb4265,164142652bf5b3032f4e1a8ee54fe2817a3f3b5130635cf04fb641a6e819211d
2026-09-30,THEME,THEME:880902,breadth_ret5,0.18846153846153846,ACCEPTED,0.18846153846153846,260,260,3dd77c68f3f29601b59d09853a70977bfab15f3fba3edeca6737f75ef9d7bcc0,9f7ee99454374db02824b5c9d52e2da89fca30232bc291ddb1f48ef6db84b6c0,2ee46c732cbd9a2d9496fe9e4763efb9a1ab85568c9ae6e0d0e121bc4adb4265,164142652bf5b3032f4e1a8ee54fe2817a3f3b5130635cf04fb641a6e819211d
2026-09-30,THEME,THEME:880902,breadth_ret20,0.25868725868725867,ACCEPTED,0.25868725868725867,260,259,3dd77c68f3f29601b59d09853a70977bfab15f3fba3edeca6737f75ef9d7bcc0,9f7ee99454374db02824b5c9d52e2da89fca30232bc291ddb1f48ef6db84b6c0,2ee46c732cbd9a2d9496fe9e4763efb9a1ab85568c9ae6e0d0e121bc4adb4265,164142652bf5b3032f4e1a8ee54fe2817a3f3b5130635cf04fb641a6e819211d
2026-09-30,THEME,THEME:880902,ma20_width,0.3,ACCEPTED,0.3,260,260,3dd77c68f3f29601b59d09853a70977bfab15f3fba3edeca6737f75ef9d7bcc0,9f7ee99454374db02824b5c9d52e2da89fca30232bc291ddb1f48ef6db84b6c0,2ee46c732cbd9a2d9496fe9e4763efb9a1ab85568c9ae6e0d0e121bc4adb4265,164142652bf5b3032f4e1a8ee54fe2817a3f3b5130635cf04fb641a6e819211d
2026-09-30,THEME,THEME:880903,sector_rs1,0.006487019474032518,ACCEPTED,0.006487019474032518,12,0,3dd77c68f3f29601b59d09853a70977bfab15f3fba3edeca6737f75ef9d7bcc0,9f7ee99454374db02824b5c9d52e2da89fca30232bc291ddb1f48ef6db84b6c0,2ee46c732cbd9a2d9496fe9e4763efb9a1ab85568c9ae6e0d0e121bc4adb4265,164142652bf5b3032f4e1a8ee54fe2817a3f3b5130635cf04fb641a6e819211d
2026-09-30,THEME,THEME:880903,sector_rs5,-0.03484777300225633,ACCEPTED,-0.03484777300225633,12,0,3dd77c68f3f29601b59d09853a70977bfab15f3fba3edeca6737f75ef9d7bcc0,9f7ee99454374db02824b5c9d52e2da89fca30232bc291ddb1f48ef6db84b6c0,2ee46c732cbd9a2d9496fe9e4763efb9a1ab85568c9ae6e0d0e121bc4adb4265,164142652bf5b3032f4e1a8ee54fe2817a3f3b5130635cf04fb641a6e819211d
2026-09-30,THEME,THEME:880903,sector_rs20,-0.06169045499554898,ACCEPTED,-0.06169045499554898,12,0,3dd77c68f3f29601b59d09853a70977bfab15f3fba3edeca6737f75ef9d7bcc0,9f7ee99454374db02824b5c9d52e2da89fca30232bc291ddb1f48ef6db84b6c0,2ee46c732cbd9a2d9496fe9e4763efb9a1ab85568c9ae6e0d0e121bc4adb4265,164142652bf5b3032f4e1a8ee54fe2817a3f3b5130635cf04fb641a6e819211d
2026-09-30,THEME,THEME:880903,breadth_ret1,0.5833333333333334,ACCEPTED,0.5833333333333334,12,12,3dd77c68f3f29601b59d09853a70977bfab15f3fba3edeca6737f75ef9d7bcc0,9f7ee99454374db02824b5c9d52e2da89fca30232bc291ddb1f48ef6db84b6c0,2ee46c732cbd9a2d9496fe9e4763efb9a1ab85568c9ae6e0d0e121bc4adb4265,164142652bf5b3032f4e1a8ee54fe2817a3f3b5130635cf04fb641a6e819211d
2026-09-30,THEME,THEME:880903,breadth_ret5,0.0,ACCEPTED,0.0,12,12,3dd77c68f3f29601b59d09853a70977bfab15f3fba3edeca6737f75ef9d7bcc0,9f7ee99454374db02824b5c9d52e2da89fca30232bc291ddb1f48ef6db84b6c0,2ee46c732cbd9a2d9496fe9e4763efb9a1ab85568c9ae6e0d0e121bc4adb4265,164142652bf5b3032f4e1a8ee54fe2817a3f3b5130635cf04fb641a6e819211d
2026-09-30,THEME,THEME:880903,breadth_ret20,0.08333333333333333,ACCEPTED,0.08333333333333333,12,12,3dd77c68f3f29601b59d09853a70977bfab15f3fba3edeca6737f75ef9d7bcc0,9f7ee99454374db02824b5c9d52e2da89fca30232bc291ddb1f48ef6db84b6c0,2ee46c732cbd9a2d9496fe9e4763efb9a1ab85568c9ae6e0d0e121bc4adb4265,164142652bf5b3032f4e1a8ee54fe2817a3f3b5130635cf04fb641a6e819211d
2026-09-30,THEME,THEME:880903,ma20_width,0.0,ACCEPTED,0.0,12,12,3dd77c68f3f29601b59d09853a70977bfab15f3fba3edeca6737f75ef9d7bcc0,9f7ee99454374db02824b5c9d52e2da89fca30232bc291ddb1f48ef6db84b6c0,2ee46c732cbd9a2d9496fe9e4763efb9a1ab85568c9ae6e0d0e121bc4adb4265,164142652bf5b3032f4e1a8ee54fe2817a3f3b5130635cf04fb641a6e819211d
2026-09-30,THEME,THEME:880904,sector_rs1,-0.007072135785007205,ACCEPTED,-0.007072135785007205,1158,0,3dd77c68f3f29601b59d09853a70977bfab15f3fba3edeca6737f75ef9d7bcc0,9f7ee99454374db02824b5c9d52e2da89fca30232bc291ddb1f48ef6db84b6c0,2ee46c732cbd9a2d9496fe9e4763efb9a1ab85568c9ae6e0d0e121bc4adb4265,164142652bf5b3032f4e1a8ee54fe2817a3f3b5130635cf04fb641a6e819211d
2026-09-30,THEME,THEME:880904,sector_rs5,-0.03619462863717571,ACCEPTED,-0.03619462863717571,1158,0,3dd77c68f3f29601b59d09853a70977bfab15f3fba3edeca6737f75ef9d7bcc0,9f7ee99454374db02824b5c9d52e2da89fca30232bc291ddb1f48ef6db84b6c0,2ee46c732cbd9a2d9496fe9e4763efb9a1ab85568c9ae6e0d0e121bc4adb4265,164142652bf5b3032f4e1a8ee54fe2817a3f3b5130635cf04fb641a6e819211d
2026-09-30,THEME,THEME:880904,sector_rs20,-0.044973544973545,ACCEPTED,-0.044973544973545,1158,0,3dd77c68f3f29601b59d09853a70977bfab15f3fba3edeca6737f75ef9d7bcc0,9f7ee99454374db02824b5c9d52e2da89fca30232bc291ddb1f48ef6db84b6c0,2ee46c732cbd9a2d9496fe9e4763efb9a1ab85568c9ae6e0d0e121bc4adb4265,164142652bf5b3032f4e1a8ee54fe2817a3f3b5130635cf04fb641a6e819211d
2026-09-30,THEME,THEME:880904,breadth_ret1,0.3261058109280139,ACCEPTED,0.3261058109280139,1158,1153,3dd77c68f3f29601b59d09853a70977bfab15f3fba3edeca6737f75ef9d7bcc0,9f7ee99454374db02824b5c9d52e2da89fca30232bc291ddb1f48ef6db84b6c0,2ee46c732cbd9a2d9496fe9e4763efb9a1ab85568c9ae6e0d0e121bc4adb4265,164142652bf5b3032f4e1a8ee54fe2817a3f3b5130635cf04fb641a6e819211d
2026-09-30,THEME,THEME:880904,breadth_ret5,0.16319444444444445,ACCEPTED,0.16319444444444445,1158,1152,3dd77c68f3f29601b59d09853a70977bfab15f3fba3edeca6737f75ef9d7bcc0,9f7ee99454374db02824b5c9d52e2da89fca30232bc291ddb1f48ef6db84b6c0,2ee46c732cbd9a2d9496fe9e4763efb9a1ab85568c9ae6e0d0e121bc4adb4265,164142652bf5b3032f4e1a8ee54fe2817a3f3b5130635cf04fb641a6e819211d
2026-09-30,THEME,THEME:880904,breadth_ret20,0.25065047701647875,ACCEPTED,0.25065047701647875,1158,1153,3dd77c68f3f29601b59d09853a70977bfab15f3fba3edeca6737f75ef9d7bcc0,9f7ee99454374db02824b5c9d52e2da89fca30232bc291ddb1f48ef6db84b6c0,2ee46c732cbd9a2d9496fe9e4763efb9a1ab85568c9ae6e0d0e121bc4adb4265,164142652bf5b3032f4e1a8ee54fe2817a3f3b5130635cf04fb641a6e819211d
2026-09-30,THEME,THEME:880904,ma20_width,0.3012987012987013,ACCEPTED,0.3012987012987013,1158,1155,3dd77c68f3f29601b59d09853a70977bfab15f3fba3edeca6737f75ef9d7bcc0,9f7ee99454374db02824b5c9d52e2da89fca30232bc291ddb1f48ef6db84b6c0,2ee46c732cbd9a2d9496fe9e4763efb9a1ab85568c9ae6e0d0e121bc4adb4265,164142652bf5b3032f4e1a8ee54fe2817a3f3b5130635cf04fb641a6e819211d
2026-09-30,THEME,THEME:880905,sector_rs1,-0.00335008375209378,ACCEPTED,-0.00335008375209378,34,0,3dd77c68f3f29601b59d09853a70977bfab15f3fba3edeca6737f75ef9d7bcc0,9f7ee99454374db02824b5c9d52e2da89fca30232bc291ddb1f48ef6db84b6c0,2ee46c732cbd9a2d9496fe9e4763efb9a1ab85568c9ae6e0d0e121bc4adb4265,164142652bf5b3032f4e1a8ee54fe2817a3f3b5130635cf04fb641a6e819211d
2026-09-30,THEME,THEME:880905,sector_rs5,-0.04535746736848367,ACCEPTED,-0.04535746736848367,34,0,3dd77c68f3f29601b59d09853a70977bfab15f3fba3edeca6737f75ef9d7bcc0,9f7ee99454374db02824b5c9d52e2da89fca30232bc291ddb1f48ef6db84b6c0,2ee46c732cbd9a2d9496fe9e4763efb9a1ab85568c9ae6e0d0e121bc4adb4265,164142652bf5b3032f4e1a8ee54fe2817a3f3b5130635cf04fb641a6e819211d
2026-09-30,THEME,THEME:880905,sector_rs20,-0.06544502617801051,ACCEPTED,-0.06544502617801051,34,0,3dd77c68f3f29601b59d09853a70977bfab15f3fba3edeca6737f75ef9d7bcc0,9f7ee99454374db02824b5c9d52e2da89fca30232bc291ddb1f48ef6db84b6c0,2ee46c732cbd9a2d9496fe9e4763efb9a1ab85568c9ae6e0d0e121bc4adb4265,164142652bf5b3032f4e1a8ee54fe2817a3f3b5130635cf04fb641a6e819211d
2026-09-30,THEME,THEME:880905,breadth_ret1,0.42424242424242425,ACCEPTED,0.42424242424242425,34,33,3dd77c68f3f29601b59d09853a70977bfab15f3fba3edeca6737f75ef9d7bcc0,9f7ee99454374db02824b5c9d52e2da89fca30232bc291ddb1f48ef6db84b6c0,2ee46c732cbd9a2d9496fe9e4763efb9a1ab85568c9ae6e0d0e121bc4adb4265,164142652bf5b3032f4e1a8ee54fe2817a3f3b5130635cf04fb641a6e819211d
2026-09-30,THEME,THEME:880905,breadth_ret5,0.17647058823529413,ACCEPTED,0.17647058823529413,34,34,3dd77c68f3f29601b59d09853a70977bfab15f3fba3edeca6737f75ef9d7bcc0,9f7ee99454374db02824b5c9d52e2da89fca30232bc291ddb1f48ef6db84b6c0,2ee46c732cbd9a2d9496fe9e4763efb9a1ab85568c9ae6e0d0e121bc4adb4265,164142652bf5b3032f4e1a8ee54fe2817a3f3b5130635cf04fb641a6e819211d
2026-09-30,THEME,THEME:880905,breadth_ret20,0.09090909090909091,ACCEPTED,0.09090909090909091,34,33,3dd77c68f3f29601b59d09853a70977bfab15f3fba3edeca6737f75ef9d7bcc0,9f7ee99454374db02824b5c9d52e2da89fca30232bc291ddb1f48ef6db84b6c0,2ee46c732cbd9a2d9496fe9e4763efb9a1ab85568c9ae6e0d0e121bc4adb4265,164142652bf5b3032f4e1a8ee54fe2817a3f3b5130635cf04fb641a6e819211d
2026-09-30,THEME,THEME:880905,ma20_width,0.29411764705882354,ACCEPTED,0.29411764705882354,34,34,3dd77c68f3f29601b59d09853a70977bfab15f3fba3edeca6737f75ef9d7bcc0,9f7ee99454374db02824b5c9d52e2da89fca30232bc291ddb1f48ef6db84b6c0,2ee46c732cbd9a2d9496fe9e4763efb9a1ab85568c9ae6e0d0e121bc4adb4265,164142652bf5b3032f4e1a8ee54fe2817a3f3b5130635cf04fb641a6e819211d
2026-09-30,THEME,THEME:880906,sector_rs1,-0.007985803016858917,ACCEPTED,-0.007985803016858917,277,0,3dd77c68f3f29601b59d09853a70977bfab15f3fba3edeca6737f75ef9d7bcc0,9f7ee99454374db02824b5c9d52e2da89fca30232bc291ddb1f48ef6db84b6c0,2ee46c732cbd9a2d9496fe9e4763efb9a1ab85568c9ae6e0d0e121bc4adb4265,164142652bf5b3032f4e1a8ee54fe2817a3f3b5130635cf04fb641a6e819211d
2026-09-30,THEME,THEME:880906,sector_rs5,-0.038133181559476426,ACCEPTED,-0.038133181559476426,277,0,3dd77c68f3f29601b59d09853a70977bfab15f3fba3edeca6737f75ef9d7bcc0,9f7ee99454374db02824b5c9d52e2da89fca30232bc291ddb1f48ef6db84b6c0,2ee46c732cbd9a2d9496fe9e4763efb9a1ab85568c9ae6e0d0e121bc4adb4265,164142652bf5b3032f4e1a8ee54fe2817a3f3b5130635cf04fb641a6e819211d
2026-09-30,THEME,THEME:880906,sector_rs20,-0.03776252140892028,ACCEPTED,-0.03776252140892028,277,0,3dd77c68f3f29601b59d09853a70977bfab15f3fba3edeca6737f75ef9d7bcc0,9f7ee99454374db02824b5c9d52e2da89fca30232bc291ddb1f48ef6db84b6c0,2ee46c732cbd9a2d9496fe9e4763efb9a1ab85568c9ae6e0d0e121bc4adb4265,164142652bf5b3032f4e1a8ee54fe2817a3f3b5130635cf04fb641a6e819211d
2026-09-30,THEME,THEME:880906,breadth_ret1,0.3333333333333333,ACCEPTED,0.3333333333333333,277,273,3dd77c68f3f29601b59d09853a70977bfab15f3fba3edeca6737f75ef9d7bcc0,9f7ee99454374db02824b5c9d52e2da89fca30232bc291ddb1f48ef6db84b6c0,2ee46c732cbd9a2d9496fe9e4763efb9a1ab85568c9ae6e0d0e121bc4adb4265,164142652bf5b3032f4e1a8ee54fe2817a3f3b5130635cf04fb641a6e819211d
2026-09-30,THEME,THEME:880906,breadth_ret5,0.21245421245421245,ACCEPTED,0.21245421245421245,277,273,3dd77c68f3f29601b59d09853a70977bfab15f3fba3edeca6737f75ef9d7bcc0,9f7ee99454374db02824b5c9d52e2da89fca30232bc291ddb1f48ef6db84b6c0,2ee46c732cbd9a2d9496fe9e4763efb9a1ab85568c9ae6e0d0e121bc4adb4265,164142652bf5b3032f4e1a8ee54fe2817a3f3b5130635cf04fb641a6e819211d
2026-09-30,THEME,THEME:880906,breadth_ret20,0.2846715328467153,ACCEPTED,0.2846715328467153,277,274,3dd77c68f3f29601b59d09853a70977bfab15f3fba3edeca6737f75ef9d7bcc0,9f7ee99454374db02824b5c9d52e2da89fca30232bc291ddb1f48ef6db84b6c0,2ee46c732cbd9a2d9496fe9e4763efb9a1ab85568c9ae6e0d0e121bc4adb4265,164142652bf5b3032f4e1a8ee54fe2817a3f3b5130635cf04fb641a6e819211d
2026-09-30,THEME,THEME:880906,ma20_width,0.34306569343065696,ACCEPTED,0.34306569343065696,277,274,3dd77c68f3f29601b59d09853a70977bfab15f3fba3edeca6737f75ef9d7bcc0,9f7ee99454374db02824b5c9d52e2da89fca30232bc291ddb1f48ef6db84b6c0,2ee46c732cbd9a2d9496fe9e4763efb9a1ab85568c9ae6e0d0e121bc4adb4265,164142652bf5b3032f4e1a8ee54fe2817a3f3b5130635cf04fb641a6e819211d
2026-09-30,THEME,THEME:880908,sector_rs1,-0.006297229219143663,ACCEPTED,-0.006297229219143663,123,0,3dd77c68f3f29601b59d09853a70977bfab15f3fba3edeca6737f75ef9d7bcc0,9f7ee99454374db02824b5c9d52e2da89fca30232bc291ddb1f48ef6db84b6c0,2ee46c732cbd9a2d9496fe9e4763efb9a1ab85568c9ae6e0d0e121bc4adb4265,164142652bf5b3032f4e1a8ee54fe2817a3f3b5130635cf04fb641a6e819211d
2026-09-30,THEME,THEME:880908,sector_rs5,-0.03318584070796449,ACCEPTED,-0.03318584070796449,123,0,3dd77c68f3f29601b59d09853a70977bfab15f3fba3edeca6737f75ef9d7bcc0,9f7ee99454374db02824b5c9d52e2da89fca30232bc291ddb1f48ef6db84b6c0,2ee46c732cbd9a2d9496fe9e4763efb9a1ab85568c9ae6e0d0e121bc4adb4265,164142652bf5b3032f4e1a8ee54fe2817a3f3b5130635cf04fb641a6e819211d
2026-09-30,THEME,THEME:880908,sector_rs20,-0.045454545454545525,ACCEPTED,-0.045454545454545525,123,0,3dd77c68f3f29601b59d09853a70977bfab15f3fba3edeca6737f75ef9d7bcc0,9f7ee99454374db02824b5c9d52e2da89fca30232bc291ddb1f48ef6db84b6c0,2ee46c732cbd9a2d9496fe9e4763efb9a1ab85568c9ae6e0d0e121bc4adb4265,164142652bf5b3032f4e1a8ee54fe2817a3f3b5130635cf04fb641a6e819211d
2026-09-30,THEME,THEME:880908,breadth_ret1,0.32231404958677684,ACCEPTED,0.32231404958677684,123,121,3dd77c68f3f29601b59d09853a70977bfab15f3fba3edeca6737f75ef9d7bcc0,9f7ee99454374db02824b5c9d52e2da89fca30232bc291ddb1f48ef6db84b6c0,2ee46c732cbd9a2d9496fe9e4763efb9a1ab85568c9ae6e0d0e121bc4adb4265,164142652bf5b3032f4e1a8ee54fe2817a3f3b5130635cf04fb641a6e819211d
2026-09-30,THEME,THEME:880908,breadth_ret5,0.14049586776859505,ACCEPTED,0.14049586776859505,123,121,3dd77c68f3f29601b59d09853a70977bfab15f3fba3edeca6737f75ef9d7bcc0,9f7ee99454374db02824b5c9d52e2da89fca30232bc291ddb1f48ef6db84b6c0,2ee46c732cbd9a2d9496fe9e4763efb9a1ab85568c9ae6e0d0e121bc4adb4265,164142652bf5b3032f4e1a8ee54fe2817a3f3b5130635cf04fb641a6e819211d
2026-09-30,THEME,THEME:880908,breadth_ret20,0.19834710743801653,ACCEPTED,0.19834710743801653,123,121,3dd77c68f3f29601b59d09853a70977bfab15f3fba3edeca6737f75ef9d7bcc0,9f7ee99454374db02824b5c9d52e2da89fca30232bc291ddb1f48ef6db84b6c0,2ee46c732cbd9a2d9496fe9e4763efb9a1ab85568c9ae6e0d0e121bc4adb4265,164142652bf5b3032f4e1a8ee54fe2817a3f3b5130635cf04fb641a6e819211d
2026-09-30,THEME,THEME:880908,ma20_width,0.24793388429752067,ACCEPTED,0.24793388429752067,123,121,3dd77c68f3f29601b59d09853a70977bfab15f3fba3edeca6737f75ef9d7bcc0,9f7ee99454374db02824b5c9d52e2da89fca30232bc291ddb1f48ef6db84b6c0,2ee46c732cbd9a2d9496fe9e4763efb9a1ab85568c9ae6e0d0e121bc4adb4265,164142652bf5b3032f4e1a8ee54fe2817a3f3b5130635cf04fb641a6e819211d
2026-09-30,THEME,THEME:880909,sector_rs1,-0.0014350573560186763,ACCEPTED,-0.0014350573560186763,207,0,3dd77c68f3f29601b59d09853a70977bfab15f3fba3edeca6737f75ef9d7bcc0,9f7ee99454374db02824b5c9d52e2da89fca30232bc291ddb1f48ef6db84b6c0,2ee46c732cbd9a2d9496fe9e4763efb9a1ab85568c9ae6e0d0e121bc4adb4265,164142652bf5b3032f4e1a8ee54fe2817a3f3b5130635cf04fb641a6e819211d
2026-09-30,THEME,THEME:880909,sector_rs5,-0.03159557661927337,ACCEPTED,-0.03159557661927337,207,0,3dd77c68f3f29601b59d09853a70977bfab15f3fba3edeca6737f75ef9d7bcc0,9f7ee99454374db02824b5c9d52e2da89fca30232bc291ddb1f48ef6db84b6c0,2ee46c732cbd9a2d9496fe9e4763efb9a1ab85568c9ae6e0d0e121bc4adb4265,164142652bf5b3032f4e1a8ee54fe2817a3f3b5130635cf04fb641a6e819211d
2026-09-30,THEME,THEME:880909,sector_rs20,-0.04447112204672338,ACCEPTED,-0.04447112204672338,207,0,3dd77c68f3f29601b59d09853a70977bfab15f3fba3edeca6737f75ef9d7bcc0,9f7ee99454374db02824b5c9d52e2da89fca30232bc291ddb1f48ef6db84b6c0,2ee46c732cbd9a2d9496fe9e4763efb9a1ab85568c9ae6e0d0e121bc4adb4265,164142652bf5b3032f4e1a8ee54fe2817a3f3b5130635cf04fb641a6e819211d
2026-09-30,THEME,THEME:880909,breadth_ret1,0.45145631067961167,ACCEPTED,0.45145631067961167,207,206,3dd77c68f3f29601b59d09853a70977bfab15f3fba3edeca6737f75ef9d7bcc0,9f7ee99454374db02824b5c9d52e2da89fca30232bc291ddb1f48ef6db84b6c0,2ee46c732cbd9a2d9496fe9e4763efb9a1ab85568c9ae6e0d0e121bc4adb4265,164142652bf5b3032f4e1a8ee54fe2817a3f3b5130635cf04fb641a6e819211d
2026-09-30,THEME,THEME:880909,breadth_ret5,0.1902439024390244,ACCEPTED,0.1902439024390244,207,205,3dd77c68f3f29601b59d09853a70977bfab15f3fba3edeca6737f75ef9d7bcc0,9f7ee99454374db02824b5c9d52e2da89fca30232bc291ddb1f48ef6db84b6c0,2ee46c732cbd9a2d9496fe9e4763efb9a1ab85568c9ae6e0d0e121bc4adb4265,164142652bf5b3032f4e1a8ee54fe2817a3f3b5130635cf04fb641a6e819211d
2026-09-30,THEME,THEME:880909,breadth_ret20,0.22330097087378642,ACCEPTED,0.22330097087378642,207,206,3dd77c68f3f29601b59d09853a70977bfab15f3fba3edeca6737f75ef9d7bcc0,9f7ee99454374db02824b5c9d52e2da89fca30232bc291ddb1f48ef6db84b6c0,2ee46c732cbd9a2d9496fe9e4763efb9a1ab85568c9ae6e0d0e121bc4adb4265,164142652bf5b3032f4e1a8ee54fe2817a3f3b5130635cf04fb641a6e819211d
2026-09-30,THEME,THEME:880909,ma20_width,0.24757281553398058,ACCEPTED,0.24757281553398058,207,206,3dd77c68f3f29601b59d09853a70977bfab15f3fba3edeca6737f75ef9d7bcc0,9f7ee99454374db02824b5c9d52e2da89fca30232bc291ddb1f48ef6db84b6c0,2ee46c732cbd9a2d9496fe9e4763efb9a1ab85568c9ae6e0d0e121bc4adb4265,164142652bf5b3032f4e1a8ee54fe2817a3f3b5130635cf04fb641a6e819211d
2026-09-30,THEME,THEME:880910,sector_rs1,0.015329926138551553,ACCEPTED,0.015329926138551553,16,0,3dd77c68f3f29601b59d09853a70977bfab15f3fba3edeca6737f75ef9d7bcc0,9f7ee99454374db02824b5c9d52e2da89fca30232bc291ddb1f48ef6db84b6c0,2ee46c732cbd9a2d9496fe9e4763efb9a1ab85568c9ae6e0d0e121bc4adb4265,164142652bf5b3032f4e1a8ee54fe2817a3f3b5130635cf04fb641a6e819211d
2026-09-30,THEME,THEME:880910,sector_rs5,-0.03239572499474286,ACCEPTED,-0.03239572499474286,16,0,3dd77c68f3f29601b59d09853a70977bfab15f3fba3edeca6737f75ef9d7bcc0,9f7ee99454374db02824b5c9d52e2da89fca30232bc291ddb1f48ef6db84b6c0,2ee46c732cbd9a2d9496fe9e4763efb9a1ab85568c9ae6e0d0e121bc4adb4265,164142652bf5b3032f4e1a8ee54fe2817a3f3b5130635cf04fb641a6e819211d
2026-09-30,THEME,THEME:880910,sector_rs20,-0.0658863849547992,ACCEPTED,-0.0658863849547992,16,0,3dd77c68f3f29601b59d09853a70977bfab15f3fba3edeca6737f75ef9d7bcc0,9f7ee99454374db02824b5c9d52e2da89fca30232bc291ddb1f48ef6db84b6c0,2ee46c732cbd9a2d9496fe9e4763efb9a1ab85568c9ae6e0d0e121bc4adb4265,164142652bf5b3032f4e1a8ee54fe2817a3f3b5130635cf04fb641a6e819211d
2026-09-30,THEME,THEME:880910,breadth_ret1,1.0,ACCEPTED,1.0,16,16,3dd77c68f3f29601b59d09853a70977bfab15f3fba3edeca6737f75ef9d7bcc0,9f7ee99454374db02824b5c9d52e2da89fca30232bc291ddb1f48ef6db84b6c0,2ee46c732cbd9a2d9496fe9e4763efb9a1ab85568c9ae6e0d0e121bc4adb4265,164142652bf5b3032f4e1a8ee54fe2817a3f3b5130635cf04fb641a6e819211d
2026-09-30,THEME,THEME:880910,breadth_ret5,0.1875,ACCEPTED,0.1875,16,16,3dd77c68f3f29601b59d09853a70977bfab15f3fba3edeca6737f75ef9d7bcc0,9f7ee99454374db02824b5c9d52e2da89fca30232bc291ddb1f48ef6db84b6c0,2ee46c732cbd9a2d9496fe9e4763efb9a1ab85568c9ae6e0d0e121bc4adb4265,164142652bf5b3032f4e1a8ee54fe2817a3f3b5130635cf04fb641a6e819211d
2026-09-30,THEME,THEME:880910,breadth_ret20,0.0625,ACCEPTED,0.0625,16,16,3dd77c68f3f29601b59d09853a70977bfab15f3fba3edeca6737f75ef9d7bcc0,9f7ee99454374db02824b5c9d52e2da89fca30232bc291ddb1f48ef6db84b6c0,2ee46c732cbd9a2d9496fe9e4763efb9a1ab85568c9ae6e0d0e121bc4adb4265,164142652bf5b3032f4e1a8ee54fe2817a3f3b5130635cf04fb641a6e819211d
2026-09-30,THEME,THEME:880910,ma20_width,0.125,ACCEPTED,0.125,16,16,3dd77c68f3f29601b59d09853a70977bfab15f3fba3edeca6737f75ef9d7bcc0,9f7ee99454374db02824b5c9d52e2da89fca30232bc291ddb1f48ef6db84b6c0,2ee46c732cbd9a2d9496fe9e4763efb9a1ab85568c9ae6e0d0e121bc4adb4265,164142652bf5b3032f4e1a8ee54fe2817a3f3b5130635cf04fb641a6e819211d
2026-09-30,THEME,THEME:880911,sector_rs1,0.0013908205841446364,ACCEPTED,0.0013908205841446364,230,0,3dd77c68f3f29601b59d09853a70977bfab15f3fba3edeca6737f75ef9d7bcc0,9f7ee99454374db02824b5c9d52e2da89fca30232bc291ddb1f48ef6db84b6c0,2ee46c732cbd9a2d9496fe9e4763efb9a1ab85568c9ae6e0d0e121bc4adb4265,164142652bf5b3032f4e1a8ee54fe2817a3f3b5130635cf04fb641a6e819211d
2026-09-30,THEME,THEME:880911,sector_rs5,-0.018878389718476773,ACCEPTED,-0.018878389718476773,230,0,3dd77c68f3f29601b59d09853a70977bfab15f3fba3edeca6737f75ef9d7bcc0,9f7ee99454374db02824b5c9d52e2da89fca30232bc291ddb1f48ef6db84b6c0,2ee46c732cbd9a2d9496fe9e4763efb9a1ab85568c9ae6e0d0e121bc4adb4265,164142652bf5b3032f4e1a8ee54fe2817a3f3b5130635cf04fb641a6e819211d
2026-09-30,THEME,THEME:880911,sector_rs20,-0.04152637485970834,ACCEPTED,-0.04152637485970834,230,0,3dd77c68f3f29601b59d09853a70977bfab15f3fba3edeca6737f75ef9d7bcc0,9f7ee99454374db02824b5c9d52e2da89fca30232bc291ddb1f48ef6db84b6c0,2ee46c732cbd9a2d9496fe9e4763efb9a1ab85568c9ae6e0d0e121bc4adb4265,164142652bf5b3032f4e1a8ee54fe2817a3f3b5130635cf04fb641a6e819211d
2026-09-30,THEME,THEME:880911,breadth_ret1,0.5152838427947598,ACCEPTED,0.5152838427947598,230,229,3dd77c68f3f29601b59d09853a70977bfab15f3fba3edeca6737f75ef9d7bcc0,9f7ee99454374db02824b5c9d52e2da89fca30232bc291ddb1f48ef6db84b6c0,2ee46c732cbd9a2d9496fe9e4763efb9a1ab85568c9ae6e0d0e121bc4adb4265,164142652bf5b3032f4e1a8ee54fe2817a3f3b5130635cf04fb641a6e819211d
2026-09-30,THEME,THEME:880911,breadth_ret5,0.2982456140350877,ACCEPTED,0.2982456140350877,230,228,3dd77c68f3f29601b59d09853a70977bfab15f3fba3edeca6737f75ef9d7bcc0,9f7ee99454374db02824b5c9d52e2da89fca30232bc291ddb1f48ef6db84b6c0,2ee46c732cbd9a2d9496fe9e4763efb9a1ab85568c9ae6e0d0e121bc4adb4265,164142652bf5b3032f4e1a8ee54fe2817a3f3b5130635cf04fb641a6e819211d
2026-09-30,THEME,THEME:880911,breadth_ret20,0.20087336244541484,ACCEPTED,0.20087336244541484,230,229,3dd77c68f3f29601b59d09853a70977bfab15f3fba3edeca6737f75ef9d7bcc0,9f7ee99454374db02824b5c9d52e2da89fca30232bc291ddb1f48ef6db84b6c0,2ee46c732cbd9a2d9496fe9e4763efb9a1ab85568c9ae6e0d0e121bc4adb4265,164142652bf5b3032f4e1a8ee54fe2817a3f3b5130635cf04fb641a6e819211d
2026-09-30,THEME,THEME:880911,ma20_width,0.3056768558951965,ACCEPTED,0.3056768558951965,230,229,3dd77c68f3f29601b59d09853a70977bfab15f3fba3edeca6737f75ef9d7bcc0,9f7ee99454374db02824b5c9d52e2da89fca30232bc291ddb1f48ef6db84b6c0,2ee46c732cbd9a2d9496fe9e4763efb9a1ab85568c9ae6e0d0e121bc4adb4265,164142652bf5b3032f4e1a8ee54fe2817a3f3b5130635cf04fb641a6e819211d
2026-09-30,THEME,THEME:880912,sector_rs1,-0.000748143534508916,ACCEPTED,-0.000748143534508916,26,0,3dd77c68f3f29601b59d09853a70977bfab15f3fba3edeca6737f75ef9d7bcc0,9f7ee99454374db02824b5c9d52e2da89fca30232bc291ddb1f48ef6db84b6c0,2ee46c732cbd9a2d9496fe9e4763efb9a1ab85568c9ae6e0d0e121bc4adb4265,164142652bf5b3032f4e1a8ee54fe2817a3f3b5130635cf04fb641a6e819211d
2026-09-30,THEME,THEME:880912,sector_rs5,-0.03183447630922692,ACCEPTED,-0.03183447630922692,26,0,3dd77c68f3f29601b59d09853a70977bfab15f3fba3edeca6737f75ef9d7bcc0,9f7ee99454374db02824b5c9d52e2da89fca30232bc291ddb1f48ef6db84b6c0,2ee46c732cbd9a2d9496fe9e4763efb9a1ab85568c9ae6e0d0e121bc4adb4265,164142652bf5b3032f4e1a8ee54fe2817a3f3b5130635cf04fb641a6e819211d
2026-09-30,THEME,THEME:880912,sector_rs20,-0.017425334446046048,ACCEPTED,-0.017425334446046048,26,0,3dd77c68f3f29601b59d09853a70977bfab15f3fba3edeca6737f75ef9d7bcc0,9f7ee99454374db02824b5c9d52e2da89fca30232bc291ddb1f48ef6db84b6c0,2ee46c732cbd9a2d9496fe9e4763efb9a1ab85568c9ae6e0d0e121bc4adb4265,164142652bf5b3032f4e1a8ee54fe2817a3f3b5130635cf04fb641a6e819211d
2026-09-30,THEME,THEME:880912,breadth_ret1,0.5,ACCEPTED,0.5,26,26,3dd77c68f3f29601b59d09853a70977bfab15f3fba3edeca6737f75ef9d7bcc0,9f7ee99454374db02824b5c9d52e2da89fca30232bc291ddb1f48ef6db84b6c0,2ee46c732cbd9a2d9496fe9e4763efb9a1ab85568c9ae6e0d0e121bc4adb4265,164142652bf5b3032f4e1a8ee54fe2817a3f3b5130635cf04fb641a6e819211d
2026-09-30,THEME,THEME:880912,breadth_ret5,0.11538461538461539,ACCEPTED,0.11538461538461539,26,26,3dd77c68f3f29601b59d09853a70977bfab15f3fba3edeca6737f75ef9d7bcc0,9f7ee99454374db02824b5c9d52e2da89fca30232bc291ddb1f48ef6db84b6c0,2ee46c732cbd9a2d9496fe9e4763efb9a1ab85568c9ae6e0d0e121bc4adb4265,164142652bf5b3032f4e1a8ee54fe2817a3f3b5130635cf04fb641a6e819211d
2026-09-30,THEME,THEME:880912,breadth_ret20,0.3076923076923077,ACCEPTED,0.3076923076923077,26,26,3dd77c68f3f29601b59d09853a70977bfab15f3fba3edeca6737f75ef9d7bcc0,9f7ee99454374db02824b5c9d52e2da89fca30232bc291ddb1f48ef6db84b6c0,2ee46c732cbd9a2d9496fe9e4763efb9a1ab85568c9ae6e0d0e121bc4adb4265,164142652bf5b3032f4e1a8ee54fe2817a3f3b5130635cf04fb641a6e819211d
2026-09-30,THEME,THEME:880912,ma20_width,0.4230769230769231,ACCEPTED,0.4230769230769231,26,26,3dd77c68f3f29601b59d09853a70977bfab15f3fba3edeca6737f75ef9d7bcc0,9f7ee99454374db02824b5c9d52e2da89fca30232bc291ddb1f48ef6db84b6c0,2ee46c732cbd9a2d9496fe9e4763efb9a1ab85568c9ae6e0d0e121bc4adb4265,164142652bf5b3032f4e1a8ee54fe2817a3f3b5130635cf04fb641a6e819211d
2026-09-30,THEME,THEME:880913,sector_rs1,0.01814516129032251,ACCEPTED,0.01814516129032251,108,0,3dd77c68f3f29601b59d09853a70977bfab15f3fba3edeca6737f75ef9d7bcc0,9f7ee99454374db02824b5c9d52e2da89fca30232bc291ddb1f48ef6db84b6c0,2ee46c732cbd9a2d9496fe9e4763efb9a1ab85568c9ae6e0d0e121bc4adb4265,164142652bf5b3032f4e1a8ee54fe2817a3f3b5130635cf04fb641a6e819211d
2026-09-30,THEME,THEME:880913,sector_rs5,-0.0012706480304954804,ACCEPTED,-0.0012706480304954804,108,0,3dd77c68f3f29601b59d09853a70977bfab15f3fba3edeca6737f75ef9d7bcc0,9f7ee99454374db02824b5c9d52e2da89fca30232bc291ddb1f48ef6db84b6c0,2ee46c732cbd9a2d9496fe9e4763efb9a1ab85568c9ae6e0d0e121bc4adb4265,164142652bf5b3032f4e1a8ee54fe2817a3f3b5130635cf04fb641a6e819211d
2026-09-30,THEME,THEME:880913,sector_rs20,0.006644518272425293,ACCEPTED,0.006644518272425293,108,0,3dd77c68f3f29601b59d09853a70977bfab15f3fba3edeca6737f75ef9d7bcc0,9f7ee99454374db02824b5c9d52e2da89fca30232bc291ddb1f48ef6db84b6c0,2ee46c732cbd9a2d9496fe9e4763efb9a1ab85568c9ae6e0d0e121bc4adb4265,164142652bf5b3032f4e1a8ee54fe2817a3f3b5130635cf04fb641a6e819211d
2026-09-30,THEME,THEME:880913,breadth_ret1,0.794392523364486,ACCEPTED,0.794392523364486,108,107,3dd77c68f3f29601b59d09853a70977bfab15f3fba3edeca6737f75ef9d7bcc0,9f7ee99454374db02824b5c9d52e2da89fca30232bc291ddb1f48ef6db84b6c0,2ee46c732cbd9a2d9496fe9e4763efb9a1ab85568c9ae6e0d0e121bc4adb4265,164142652bf5b3032f4e1a8ee54fe2817a3f3b5130635cf04fb641a6e819211d
2026-09-30,THEME,THEME:880913,breadth_ret5,0.4485981308411215,ACCEPTED,0.4485981308411215,108,107,3dd77c68f3f29601b59d09853a70977bfab15f3fba3edeca6737f75ef9d7bcc0,9f7ee99454374db02824b5c9d52e2da89fca30232bc291ddb1f48ef6db84b6c0,2ee46c732cbd9a2d9496fe9e4763efb9a1ab85568c9ae6e0d0e121bc4adb4265,164142652bf5b3032f4e1a8ee54fe2817a3f3b5130635cf04fb641a6e819211d
2026-09-30,THEME,THEME:880913,breadth_ret20,0.5420560747663551,ACCEPTED,0.5420560747663551,108,107,3dd77c68f3f29601b59d09853a70977bfab15f3fba3edeca6737f75ef9d7bcc0,9f7ee99454374db02824b5c9d52e2da89fca30232bc291ddb1f48ef6db84b6c0,2ee46c732cbd9a2d9496fe9e4763efb9a1ab85568c9ae6e0d0e121bc4adb4265,164142652bf5b3032f4e1a8ee54fe2817a3f3b5130635cf04fb641a6e819211d
2026-09-30,THEME,THEME:880913,ma20_width,0.6355140186915887,ACCEPTED,0.6355140186915887,108,107,3dd77c68f3f29601b59d09853a70977bfab15f3fba3edeca6737f75ef9d7bcc0,9f7ee99454374db02824b5c9d52e2da89fca30232bc291ddb1f48ef6db84b6c0,2ee46c732cbd9a2d9496fe9e4763efb9a1ab85568c9ae6e0d0e121bc4adb4265,164142652bf5b3032f4e1a8ee54fe2817a3f3b5130635cf04fb641a6e819211d
2026-09-30,THEME,THEME:880914,sector_rs1,0.007636283694851809,ACCEPTED,0.007636283694851809,26,0,3dd77c68f3f29601b59d09853a70977bfab15f3fba3edeca6737f75ef9d7bcc0,9f7ee99454374db02824b5c9d52e2da89fca30232bc291ddb1f48ef6db84b6c0,2ee46c732cbd9a2d9496fe9e4763efb9a1ab85568c9ae6e0d0e121bc4adb4265,164142652bf5b3032f4e1a8ee54fe2817a3f3b5130635cf04fb641a6e819211d
2026-09-30,THEME,THEME:880914,sector_rs5,-0.04376484574919243,ACCEPTED,-0.04376484574919243,26,0,3dd77c68f3f29601b59d09853a70977bfab15f3fba3edeca6737f75ef9d7bcc0,9f7ee99454374db02824b5c9d52e2da89fca30232bc291ddb1f48ef6db84b6c0,2ee46c732cbd9a2d9496fe9e4763efb9a1ab85568c9ae6e0d0e121bc4adb4265,164142652bf5b3032f4e1a8ee54fe2817a3f3b5130635cf04fb641a6e819211d
2026-09-30,THEME,THEME:880914,sector_rs20,-0.03729025306085343,ACCEPTED,-0.03729025306085343,26,0,3dd77c68f3f29601b59d09853a70977bfab15f3fba3edeca6737f75ef9d7bcc0,9f7ee99454374db02824b5c9d52e2da89fca30232bc291ddb1f48ef6db84b6c0,2ee46c732cbd9a2d9496fe9e4763efb9a1ab85568c9ae6e0d0e121bc4adb4265,164142652bf5b3032f4e1a8ee54fe2817a3f3b5130635cf04fb641a6e819211d
2026-09-30,THEME,THEME:880914,breadth_ret1,0.6153846153846154,ACCEPTED,0.6153846153846154,26,26,3dd77c68f3f29601b59d09853a70977bfab15f3fba3edeca6737f75ef9d7bcc0,9f7ee99454374db02824b5c9d52e2da89fca30232bc291ddb1f48ef6db84b6c0,2ee46c732cbd9a2d9496fe9e4763efb9a1ab85568c9ae6e0d0e121bc4adb4265,164142652bf5b3032f4e1a8ee54fe2817a3f3b5130635cf04fb641a6e819211d
2026-09-30,THEME,THEME:880914,breadth_ret5,0.0,ACCEPTED,0.0,26,26,3dd77c68f3f29601b59d09853a70977bfab15f3fba3edeca6737f75ef9d7bcc0,9f7ee99454374db02824b5c9d52e2da89fca30232bc291ddb1f48ef6db84b6c0,2ee46c732cbd9a2d9496fe9e4763efb9a1ab85568c9ae6e0d0e121bc4adb4265,164142652bf5b3032f4e1a8ee54fe2817a3f3b5130635cf04fb641a6e819211d
2026-09-30,THEME,THEME:880914,breadth_ret20,0.2692307692307692,ACCEPTED,0.2692307692307692,26,26,3dd77c68f3f29601b59d09853a70977bfab15f3fba3edeca6737f75ef9d7bcc0,9f7ee99454374db02824b5c9d52e2da89fca30232bc291ddb1f48ef6db84b6c0,2ee46c732cbd9a2d9496fe9e4763efb9a1ab85568c9ae6e0d0e121bc4adb4265,164142652bf5b3032f4e1a8ee54fe2817a3f3b5130635cf04fb641a6e819211d
2026-09-30,THEME,THEME:880914,ma20_width,0.11538461538461539,ACCEPTED,0.11538461538461539,26,26,3dd77c68f3f29601b59d09853a70977bfab15f3fba3edeca6737f75ef9d7bcc0,9f7ee99454374db02824b5c9d52e2da89fca30232bc291ddb1f48ef6db84b6c0,2ee46c732cbd9a2d9496fe9e4763efb9a1ab85568c9ae6e0d0e121bc4adb4265,164142652bf5b3032f4e1a8ee54fe2817a3f3b5130635cf04fb641a6e819211d
2026-09-30,THEME,THEME:880916,sector_rs1,-0.011707317073170631,ACCEPTED,-0.011707317073170631,254,0,3dd77c68f3f29601b59d09853a70977bfab15f3fba3edeca6737f75ef9d7bcc0,9f7ee99454374db02824b5c9d52e2da89fca30232bc291ddb1f48ef6db84b6c0,2ee46c732cbd9a2d9496fe9e4763efb9a1ab85568c9ae6e0d0e121bc4adb4265,164142652bf5b3032f4e1a8ee54fe2817a3f3b5130635cf04fb641a6e819211d
2026-09-30,THEME,THEME:880916,sector_rs5,-0.042412451361867665,ACCEPTED,-0.042412451361867665,254,0,3dd77c68f3f29601b59d09853a70977bfab15f3fba3edeca6737f75ef9d7bcc0,9f7ee99454374db02824b5c9d52e2da89fca30232bc291ddb1f48ef6db84b6c0,2ee46c732cbd9a2d9496fe9e4763efb9a1ab85568c9ae6e0d0e121bc4adb4265,164142652bf5b3032f4e1a8ee54fe2817a3f3b5130635cf04fb641a6e819211d
2026-09-30,THEME,THEME:880916,sector_rs20,-0.05314009661835739,ACCEPTED,-0.05314009661835739,254,0,3dd77c68f3f29601b59d09853a70977bfab15f3fba3edeca6737f75ef9d7bcc0,9f7ee99454374db02824b5c9d52e2da89fca30232bc291ddb1f48ef6db84b6c0,2ee46c732cbd9a2d9496fe9e4763efb9a1ab85568c9ae6e0d0e121bc4adb4265,164142652bf5b3032f4e1a8ee54fe2817a3f3b5130635cf04fb641a6e819211d
2026-09-30,THEME,THEME:880916,breadth_ret1,0.20948616600790515,ACCEPTED,0.20948616600790515,254,253,3dd77c68f3f29601b59d09853a70977bfab15f3fba3edeca6737f75ef9d7bcc0,9f7ee99454374db02824b5c9d52e2da89fca30232bc291ddb1f48ef6db84b6c0,2ee46c732cbd9a2d9496fe9e4763efb9a1ab85568c9ae6e0d0e121bc4adb4265,164142652bf5b3032f4e1a8ee54fe2817a3f3b5130635cf04fb641a6e819211d
2026-09-30,THEME,THEME:880916,breadth_ret5,0.11462450592885376,ACCEPTED,0.11462450592885376,254,253,3dd77c68f3f29601b59d09853a70977bfab15f3fba3edeca6737f75ef9d7bcc0,9f7ee99454374db02824b5c9d52e2da89fca30232bc291ddb1f48ef6db84b6c0,2ee46c732cbd9a2d9496fe9e4763efb9a1ab85568c9ae6e0d0e121bc4adb4265,164142652bf5b3032f4e1a8ee54fe2817a3f3b5130635cf04fb641a6e819211d
2026-09-30,THEME,THEME:880916,breadth_ret20,0.2450592885375494,ACCEPTED,0.2450592885375494,254,253,3dd77c68f3f29601b59d09853a70977bfab15f3fba3edeca6737f75ef9d7bcc0,9f7ee99454374db02824b5c9d52e2da89fca30232bc291ddb1f48ef6db84b6c0,2ee46c732cbd9a2d9496fe9e4763efb9a1ab85568c9ae6e0d0e121bc4adb4265,164142652bf5b3032f4e1a8ee54fe2817a3f3b5130635cf04fb641a6e819211d
2026-09-30,THEME,THEME:880916,ma20_width,0.3228346456692913,ACCEPTED,0.3228346456692913,254,254,3dd77c68f3f29601b59d09853a70977bfab15f3fba3edeca6737f75ef9d7bcc0,9f7ee99454374db02824b5c9d52e2da89fca30232bc291ddb1f48ef6db84b6c0,2ee46c732cbd9a2d9496fe9e4763efb9a1ab85568c9ae6e0d0e121bc4adb4265,164142652bf5b3032f4e1a8ee54fe2817a3f3b5130635cf04fb641a6e819211d
2026-09-30,THEME,THEME:880919,sector_rs1,-0.00643093465674105,ACCEPTED,-0.00643093465674105,364,0,3dd77c68f3f29601b59d09853a70977bfab15f3fba3edeca6737f75ef9d7bcc0,9f7ee99454374db02824b5c9d52e2da89fca30232bc291ddb1f48ef6db84b6c0,2ee46c732cbd9a2d9496fe9e4763efb9a1ab85568c9ae6e0d0e121bc4adb4265,164142652bf5b3032f4e1a8ee54fe2817a3f3b5130635cf04fb641a6e819211d
2026-09-30,THEME,THEME:880919,sector_rs5,-0.03568716780561887,ACCEPTED,-0.03568716780561887,364,0,3dd77c68f3f29601b59d09853a70977bfab15f3fba3edeca6737f75ef9d7bcc0,9f7ee99454374db02824b5c9d52e2da89fca30232bc291ddb1f48ef6db84b6c0,2ee46c732cbd9a2d9496fe9e4763efb9a1ab85568c9ae6e0d0e121bc4adb4265,164142652bf5b3032f4e1a8ee54fe2817a3f3b5130635cf04fb641a6e819211d
2026-09-30,THEME,THEME:880919,sector_rs20,-0.03285099272427683,ACCEPTED,-0.03285099272427683,364,0,3dd77c68f3f29601b59d09853a70977bfab15f3fba3edeca6737f75ef9d7bcc0,9f7ee99454374db02824b5c9d52e2da89fca30232bc291ddb1f48ef6db84b6c0,2ee46c732cbd9a2d9496fe9e4763efb9a1ab85568c9ae6e0d0e121bc4adb4265,164142652bf5b3032f4e1a8ee54fe2817a3f3b5130635cf04fb641a6e819211d
2026-09-30,THEME,THEME:880919,breadth_ret1,0.3729281767955801,ACCEPTED,0.3729281767955801,364,362,3dd77c68f3f29601b59d09853a70977bfab15f3fba3edeca6737f75ef9d7bcc0,9f7ee99454374db02824b5c9d52e2da89fca30232bc291ddb1f48ef6db84b6c0,2ee46c732cbd9a2d9496fe9e4763efb9a1ab85568c9ae6e0d0e121bc4adb4265,164142652bf5b3032f4e1a8ee54fe2817a3f3b5130635cf04fb641a6e819211d
2026-09-30,THEME,THEME:880919,breadth_ret5,0.23545706371191136,ACCEPTED,0.23545706371191136,364,361,3dd77c68f3f29601b59d09853a70977bfab15f3fba3edeca6737f75ef9d7bcc0,9f7ee99454374db02824b5c9d52e2da89fca30232bc291ddb1f48ef6db84b6c0,2ee46c732cbd9a2d9496fe9e4763efb9a1ab85568c9ae6e0d0e121bc4adb4265,164142652bf5b3032f4e1a8ee54fe2817a3f3b5130635cf04fb641a6e819211d
2026-09-30,THEME,THEME:880919,breadth_ret20,0.2916666666666667,ACCEPTED,0.2916666666666667,364,360,3dd77c68f3f29601b59d09853a70977bfab15f3fba3edeca6737f75ef9d7bcc0,9f7ee99454374db02824b5c9d52e2da89fca30232bc291ddb1f48ef6db84b6c0,2ee46c732cbd9a2d9496fe9e4763efb9a1ab85568c9ae6e0d0e121bc4adb4265,164142652bf5b3032f4e1a8ee54fe2817a3f3b5130635cf04fb641a6e819211d
2026-09-30,THEME,THEME:880919,ma20_width,0.3611111111111111,ACCEPTED,0.3611111111111111,364,360,3dd77c68f3f29601b59d09853a70977bfab15f3fba3edeca6737f75ef9d7bcc0,9f7ee99454374db02824b5c9d52e2da89fca30232bc291ddb1f48ef6db84b6c0,2ee46c732cbd9a2d9496fe9e4763efb9a1ab85568c9ae6e0d0e121bc4adb4265,164142652bf5b3032f4e1a8ee54fe2817a3f3b5130635cf04fb641a6e819211d
2026-09-30,THEME,THEME:880920,sector_rs1,0.023419203747072626,ACCEPTED,0.023419203747072626,63,0,3dd77c68f3f29601b59d09853a70977bfab15f3fba3edeca6737f75ef9d7bcc0,9f7ee99454374db02824b5c9d52e2da89fca30232bc291ddb1f48ef6db84b6c0,2ee46c732cbd9a2d9496fe9e4763efb9a1ab85568c9ae6e0d0e121bc4adb4265,164142652bf5b3032f4e1a8ee54fe2817a3f3b5130635cf04fb641a6e819211d
2026-09-30,THEME,THEME:880920,sector_rs5,0.0,ACCEPTED,0.0,63,0,3dd77c68f3f29601b59d09853a70977bfab15f3fba3edeca6737f75ef9d7bcc0,9f7ee99454374db02824b5c9d52e2da89fca30232bc291ddb1f48ef6db84b6c0,2ee46c732cbd9a2d9496fe9e4763efb9a1ab85568c9ae6e0d0e121bc4adb4265,164142652bf5b3032f4e1a8ee54fe2817a3f3b5130635cf04fb641a6e819211d
2026-09-30,THEME,THEME:880920,sector_rs20,0.00864197530864197,ACCEPTED,0.00864197530864197,63,0,3dd77c68f3f29601b59d09853a70977bfab15f3fba3edeca6737f75ef9d7bcc0,9f7ee99454374db02824b5c9d52e2da89fca30232bc291ddb1f48ef6db84b6c0,2ee46c732cbd9a2d9496fe9e4763efb9a1ab85568c9ae6e0d0e121bc4adb4265,164142652bf5b3032f4e1a8ee54fe2817a3f3b5130635cf04fb641a6e819211d
2026-09-30,THEME,THEME:880920,breadth_ret1,0.9206349206349206,ACCEPTED,0.9206349206349206,63,63,3dd77c68f3f29601b59d09853a70977bfab15f3fba3edeca6737f75ef9d7bcc0,9f7ee99454374db02824b5c9d52e2da89fca30232bc291ddb1f48ef6db84b6c0,2ee46c732cbd9a2d9496fe9e4763efb9a1ab85568c9ae6e0d0e121bc4adb4265,164142652bf5b3032f4e1a8ee54fe2817a3f3b5130635cf04fb641a6e819211d
2026-09-30,THEME,THEME:880920,breadth_ret5,0.4444444444444444,ACCEPTED,0.4444444444444444,63,63,3dd77c68f3f29601b59d09853a70977bfab15f3fba3edeca6737f75ef9d7bcc0,9f7ee99454374db02824b5c9d52e2da89fca30232bc291ddb1f48ef6db84b6c0,2ee46c732cbd9a2d9496fe9e4763efb9a1ab85568c9ae6e0d0e121bc4adb4265,164142652bf5b3032f4e1a8ee54fe2817a3f3b5130635cf04fb641a6e819211d
2026-09-30,THEME,THEME:880920,breadth_ret20,0.5714285714285714,ACCEPTED,0.5714285714285714,63,63,3dd77c68f3f29601b59d09853a70977bfab15f3fba3edeca6737f75ef9d7bcc0,9f7ee99454374db02824b5c9d52e2da89fca30232bc291ddb1f48ef6db84b6c0,2ee46c732cbd9a2d9496fe9e4763efb9a1ab85568c9ae6e0d0e121bc4adb4265,164142652bf5b3032f4e1a8ee54fe2817a3f3b5130635cf04fb641a6e819211d
2026-09-30,THEME,THEME:880920,ma20_width,0.7619047619047619,ACCEPTED,0.7619047619047619,63,63,3dd77c68f3f29601b59d09853a70977bfab15f3fba3edeca6737f75ef9d7bcc0,9f7ee99454374db02824b5c9d52e2da89fca30232bc291ddb1f48ef6db84b6c0,2ee46c732cbd9a2d9496fe9e4763efb9a1ab85568c9ae6e0d0e121bc4adb4265,164142652bf5b3032f4e1a8ee54fe2817a3f3b5130635cf04fb641a6e819211d
2026-09-30,THEME,THEME:880921,sector_rs1,-0.010360140401090734,ACCEPTED,-0.010360140401090734,338,0,3dd77c68f3f29601b59d09853a70977bfab15f3fba3edeca6737f75ef9d7bcc0,9f7ee99454374db02824b5c9d52e2da89fca30232bc291ddb1f48ef6db84b6c0,2ee46c732cbd9a2d9496fe9e4763efb9a1ab85568c9ae6e0d0e121bc4adb4265,164142652bf5b3032f4e1a8ee54fe2817a3f3b5130635cf04fb641a6e819211d
2026-09-30,THEME,THEME:880921,sector_rs5,-0.043256245827231976,ACCEPTED,-0.043256245827231976,338,0,3dd77c68f3f29601b59d09853a70977bfab15f3fba3edeca6737f75ef9d7bcc0,9f7ee99454374db02824b5c9d52e2da89fca30232bc291ddb1f48ef6db84b6c0,2ee46c732cbd9a2d9496fe9e4763efb9a1ab85568c9ae6e0d0e121bc4adb4265,164142652bf5b3032f4e1a8ee54fe2817a3f3b5130635cf04fb641a6e819211d
2026-09-30,THEME,THEME:880921,sector_rs20,-0.053938989013962935,ACCEPTED,-0.053938989013962935,338,0,3dd77c68f3f29601b59d09853a70977bfab15f3fba3edeca6737f75ef9d7bcc0,9f7ee99454374db02824b5c9d52e2da89fca30232bc291ddb1f48ef6db84b6c0,2ee46c732cbd9a2d9496fe9e4763efb9a1ab85568c9ae6e0d0e121bc4adb4265,164142652bf5b3032f4e1a8ee54fe2817a3f3b5130635cf04fb641a6e819211d
2026-09-30,THEME,THEME:880921,breadth_ret1,0.2603550295857988,ACCEPTED,0.2603550295857988,338,338,3dd77c68f3f29601b59d09853a70977bfab15f3fba3edeca6737f75ef9d7bcc0,9f7ee99454374db02824b5c9d52e2da89fca30232bc291ddb1f48ef6db84b6c0,2ee46c732cbd9a2d9496fe9e4763efb9a1ab85568c9ae6e0d0e121bc4adb4265,164142652bf5b3032f4e1a8ee54fe2817a3f3b5130635cf04fb641a6e819211d
2026-09-30,THEME,THEME:880921,breadth_ret5,0.11242603550295859,ACCEPTED,0.11242603550295859,338,338,3dd77c68f3f29601b59d09853a70977bfab15f3fba3edeca6737f75ef9d7bcc0,9f7ee99454374db02824b5c9d52e2da89fca30232bc291ddb1f48ef6db84b6c0,2ee46c732cbd9a2d9496fe9e4763efb9a1ab85568c9ae6e0d0e121bc4adb4265,164142652bf5b3032f4e1a8ee54fe2817a3f3b5130635cf04fb641a6e819211d
2026-09-30,THEME,THEME:880921,breadth_ret20,0.21301775147928995,ACCEPTED,0.21301775147928995,338,338,3dd77c68f3f29601b59d09853a70977bfab15f3fba3edeca6737f75ef9d7bcc0,9f7ee99454374db02824b5c9d52e2da89fca30232bc291ddb1f48ef6db84b6c0,2ee46c732cbd9a2d9496fe9e4763efb9a1ab85568c9ae6e0d0e121bc4adb4265,164142652bf5b3032f4e1a8ee54fe2817a3f3b5130635cf04fb641a6e819211d
2026-09-30,THEME,THEME:880921,ma20_width,0.28402366863905326,ACCEPTED,0.28402366863905326,338,338,3dd77c68f3f29601b59d09853a70977bfab15f3fba3edeca6737f75ef9d7bcc0,9f7ee99454374db02824b5c9d52e2da89fca30232bc291ddb1f48ef6db84b6c0,2ee46c732cbd9a2d9496fe9e4763efb9a1ab85568c9ae6e0d0e121bc4adb4265,164142652bf5b3032f4e1a8ee54fe2817a3f3b5130635cf04fb641a6e819211d
2026-09-30,THEME,THEME:880922,sector_rs1,-0.0008503401360544505,ACCEPTED,-0.0008503401360544505,23,0,3dd77c68f3f29601b59d09853a70977bfab15f3fba3edeca6737f75ef9d7bcc0,9f7ee99454374db02824b5c9d52e2da89fca30232bc291ddb1f48ef6db84b6c0,2ee46c732cbd9a2d9496fe9e4763efb9a1ab85568c9ae6e0d0e121bc4adb4265,164142652bf5b3032f4e1a8ee54fe2817a3f3b5130635cf04fb641a6e819211d
2026-09-30,THEME,THEME:880922,sector_rs5,-0.024137931034482696,ACCEPTED,-0.024137931034482696,23,0,3dd77c68f3f29601b59d09853a70977bfab15f3fba3edeca6737f75ef9d7bcc0,9f7ee99454374db02824b5c9d52e2da89fca30232bc291ddb1f48ef6db84b6c0,2ee46c732cbd9a2d9496fe9e4763efb9a1ab85568c9ae6e0d0e121bc4adb4265,164142652bf5b3032f4e1a8ee54fe2817a3f3b5130635cf04fb641a6e819211d
2026-09-30,THEME,THEME:880922,sector_rs20,-0.046334716459197955,ACCEPTED,-0.046334716459197955,23,0,3dd77c68f3f29601b59d09853a70977bfab15f3fba3edeca6737f75ef9d7bcc0,9f7ee99454374db02824b5c9d52e2da89fca30232bc291ddb1f48ef6db84b6c0,2ee46c732cbd9a2d9496fe9e4763efb9a1ab85568c9ae6e0d0e121bc4adb4265,164142652bf5b3032f4e1a8ee54fe2817a3f3b5130635cf04fb641a6e819211d
2026-09-30,THEME,THEME:880922,breadth_ret1,0.4782608695652174,ACCEPTED,0.4782608695652174,23,23,3dd77c68f3f29601b59d09853a70977bfab15f3fba3edeca6737f75ef9d7bcc0,9f7ee99454374db02824b5c9d52e2da89fca30232bc291ddb1f48ef6db84b6c0,2ee46c732cbd9a2d9496fe9e4763efb9a1ab85568c9ae6e0d0e121bc4adb4265,164142652bf5b3032f4e1a8ee54fe2817a3f3b5130635cf04fb641a6e819211d
2026-09-30,THEME,THEME:880922,breadth_ret5,0.13043478260869565,ACCEPTED,0.13043478260869565,23,23,3dd77c68f3f29601b59d09853a70977bfab15f3fba3edeca6737f75ef9d7bcc0,9f7ee99454374db02824b5c9d52e2da89fca30232bc291ddb1f48ef6db84b6c0,2ee46c732cbd9a2d9496fe9e4763efb9a1ab85568c9ae6e0d0e121bc4adb4265,164142652bf5b3032f4e1a8ee54fe2817a3f3b5130635cf04fb641a6e819211d
2026-09-30,THEME,THEME:880922,breadth_ret20,0.2608695652173913,ACCEPTED,0.2608695652173913,23,23,3dd77c68f3f29601b59d09853a70977bfab15f3fba3edeca6737f75ef9d7bcc0,9f7ee99454374db02824b5c9d52e2da89fca30232bc291ddb1f48ef6db84b6c0,2ee46c732cbd9a2d9496fe9e4763efb9a1ab85568c9ae6e0d0e121bc4adb4265,164142652bf5b3032f4e1a8ee54fe2817a3f3b5130635cf04fb641a6e819211d
2026-09-30,THEME,THEME:880922,ma20_width,0.21739130434782608,ACCEPTED,0.21739130434782608,23,23,3dd77c68f3f29601b59d09853a70977bfab15f3fba3edeca6737f75ef9d7bcc0,9f7ee99454374db02824b5c9d52e2da89fca30232bc291ddb1f48ef6db84b6c0,2ee46c732cbd9a2d9496fe9e4763efb9a1ab85568c9ae6e0d0e121bc4adb4265,164142652bf5b3032f4e1a8ee54fe2817a3f3b5130635cf04fb641a6e819211d
2026-09-30,THEME,THEME:880923,sector_rs1,0.0,ACCEPTED,0.0,18,0,3dd77c68f3f29601b59d09853a70977bfab15f3fba3edeca6737f75ef9d7bcc0,9f7ee99454374db02824b5c9d52e2da89fca30232bc291ddb1f48ef6db84b6c0,2ee46c732cbd9a2d9496fe9e4763efb9a1ab85568c9ae6e0d0e121bc4adb4265,164142652bf5b3032f4e1a8ee54fe2817a3f3b5130635cf04fb641a6e819211d
2026-09-30,THEME,THEME:880923,sector_rs5,-0.01641578987788961,ACCEPTED,-0.01641578987788961,18,0,3dd77c68f3f29601b59d09853a70977bfab15f3fba3edeca6737f75ef9d7bcc0,9f7ee99454374db02824b5c9d52e2da89fca30232bc291ddb1f48ef6db84b6c0,2ee46c732cbd9a2d9496fe9e4763efb9a1ab85568c9ae6e0d0e121bc4adb4265,164142652bf5b3032f4e1a8ee54fe2817a3f3b5130635cf04fb641a6e819211d
2026-09-30,THEME,THEME:880923,sector_rs20,-0.0337540569780021,ACCEPTED,-0.0337540569780021,18,0,3dd77c68f3f29601b59d09853a70977bfab15f3fba3edeca6737f75ef9d7bcc0,9f7ee99454374db02824b5c9d52e2da89fca30232bc291ddb1f48ef6db84b6c0,2ee46c732cbd9a2d9496fe9e4763efb9a1ab85568c9ae6e0d0e121bc4adb4265,164142652bf5b3032f4e1a8ee54fe2817a3f3b5130635cf04fb641a6e819211d
2026-09-30,THEME,THEME:880923,breadth_ret1,0.4444444444444444,ACCEPTED,0.4444444444444444,18,18,3dd77c68f3f29601b59d09853a70977bfab15f3fba3edeca6737f75ef9d7bcc0,9f7ee99454374db02824b5c9d52e2da89fca30232bc291ddb1f48ef6db84b6c0,2ee46c732cbd9a2d9496fe9e4763efb9a1ab85568c9ae6e0d0e121bc4adb4265,164142652bf5b3032f4e1a8ee54fe2817a3f3b5130635cf04fb641a6e819211d
2026-09-30,THEME,THEME:880923,breadth_ret5,0.2222222222222222,ACCEPTED,0.2222222222222222,18,18,3dd77c68f3f29601b59d09853a70977bfab15f3fba3edeca6737f75ef9d7bcc0,9f7ee99454374db02824b5c9d52e2da89fca30232bc291ddb1f48ef6db84b6c0,2ee46c732cbd9a2d9496fe9e4763efb9a1ab85568c9ae6e0d0e121bc4adb4265,164142652bf5b3032f4e1a8ee54fe2817a3f3b5130635cf04fb641a6e819211d
2026-09-30,THEME,THEME:880923,breadth_ret20,0.16666666666666666,ACCEPTED,0.16666666666666666,18,18,3dd77c68f3f29601b59d09853a70977bfab15f3fba3edeca6737f75ef9d7bcc0,9f7ee99454374db02824b5c9d52e2da89fca30232bc291ddb1f48ef6db84b6c0,2ee46c732cbd9a2d9496fe9e4763efb9a1ab85568c9ae6e0d0e121bc4adb4265,164142652bf5b3032f4e1a8ee54fe2817a3f3b5130635cf04fb641a6e819211d
2026-09-30,THEME,THEME:880923,ma20_width,0.2777777777777778,ACCEPTED,0.2777777777777778,18,18,3dd77c68f3f29601b59d09853a70977bfab15f3fba3edeca6737f75ef9d7bcc0,9f7ee99454374db02824b5c9d52e2da89fca30232bc291ddb1f48ef6db84b6c0,2ee46c732cbd9a2d9496fe9e4763efb9a1ab85568c9ae6e0d0e121bc4adb4265,164142652bf5b3032f4e1a8ee54fe2817a3f3b5130635cf04fb641a6e819211d
2026-09-30,THEME,THEME:880926,sector_rs1,0.0,ACCEPTED,0.0,100,0,3dd77c68f3f29601b59d09853a70977bfab15f3fba3edeca6737f75ef9d7bcc0,9f7ee99454374db02824b5c9d52e2da89fca30232bc291ddb1f48ef6db84b6c0,2ee46c732cbd9a2d9496fe9e4763efb9a1ab85568c9ae6e0d0e121bc4adb4265,164142652bf5b3032f4e1a8ee54fe2817a3f3b5130635cf04fb641a6e819211d
2026-09-30,THEME,THEME:880926,sector_rs5,-0.018948362871014757,ACCEPTED,-0.018948362871014757,100,0,3dd77c68f3f29601b59d09853a70977bfab15f3fba3edeca6737f75ef9d7bcc0,9f7ee99454374db02824b5c9d52e2da89fca30232bc291ddb1f48ef6db84b6c0,2ee46c732cbd9a2d9496fe9e4763efb9a1ab85568c9ae6e0d0e121bc4adb4265,164142652bf5b3032f4e1a8ee54fe2817a3f3b5130635cf04fb641a6e819211d
2026-09-30,THEME,THEME:880926,sector_rs20,-0.038905465493669744,ACCEPTED,-0.038905465493669744,100,0,3dd77c68f3f29601b59d09853a70977bfab15f3fba3edeca6737f75ef9d7bcc0,9f7ee99454374db02824b5c9d52e2da89fca30232bc291ddb1f48ef6db84b6c0,2ee46c732cbd9a2d9496fe9e4763efb9a1ab85568c9ae6e0d0e121bc4adb4265,164142652bf5b3032f4e1a8ee54fe2817a3f3b5130635cf04fb641a6e819211d
2026-09-30,THEME,THEME:880926,breadth_ret1,0.46938775510204084,ACCEPTED,0.46938775510204084,100,98,3dd77c68f3f29601b59d09853a70977bfab15f3fba3edeca6737f75ef9d7bcc0,9f7ee99454374db02824b5c9d52e2da89fca30232bc291ddb1f48ef6db84b6c0,2ee46c732cbd9a2d9496fe9e4763efb9a1ab85568c9ae6e0d0e121bc4adb4265,164142652bf5b3032f4e1a8ee54fe2817a3f3b5130635cf04fb641a6e819211d
2026-09-30,THEME,THEME:880926,breadth_ret5,0.24489795918367346,ACCEPTED,0.24489795918367346,100,98,3dd77c68f3f29601b59d09853a70977bfab15f3fba3edeca6737f75ef9d7bcc0,9f7ee99454374db02824b5c9d52e2da89fca30232bc291ddb1f48ef6db84b6c0,2ee46c732cbd9a2d9496fe9e4763efb9a1ab85568c9ae6e0d0e121bc4adb4265,164142652bf5b3032f4e1a8ee54fe2817a3f3b5130635cf04fb641a6e819211d
2026-09-30,THEME,THEME:880926,breadth_ret20,0.1836734693877551,ACCEPTED,0.1836734693877551,100,98,3dd77c68f3f29601b59d09853a70977bfab15f3fba3edeca6737f75ef9d7bcc0,9f7ee99454374db02824b5c9d52e2da89fca30232bc291ddb1f48ef6db84b6c0,2ee46c732cbd9a2d9496fe9e4763efb9a1ab85568c9ae6e0d0e121bc4adb4265,164142652bf5b3032f4e1a8ee54fe2817a3f3b5130635cf04fb641a6e819211d
2026-09-30,THEME,THEME:880926,ma20_width,0.21428571428571427,ACCEPTED,0.21428571428571427,100,98,3dd77c68f3f29601b59d09853a70977bfab15f3fba3edeca6737f75ef9d7bcc0,9f7ee99454374db02824b5c9d52e2da89fca30232bc291ddb1f48ef6db84b6c0,2ee46c732cbd9a2d9496fe9e4763efb9a1ab85568c9ae6e0d0e121bc4adb4265,164142652bf5b3032f4e1a8ee54fe2817a3f3b5130635cf04fb641a6e819211d
2026-09-30,THEME,THEME:880929,sector_rs1,0.015825012583150833,ACCEPTED,0.015825012583150833,75,0,3dd77c68f3f29601b59d09853a70977bfab15f3fba3edeca6737f75ef9d7bcc0,9f7ee99454374db02824b5c9d52e2da89fca30232bc291ddb1f48ef6db84b6c0,2ee46c732cbd9a2d9496fe9e4763efb9a1ab85568c9ae6e0d0e121bc4adb4265,164142652bf5b3032f4e1a8ee54fe2817a3f3b5130635cf04fb641a6e819211d
2026-09-30,THEME,THEME:880929,sector_rs5,-0.015153088977757634,ACCEPTED,-0.015153088977757634,75,0,3dd77c68f3f29601b59d09853a70977bfab15f3fba3edeca6737f75ef9d7bcc0,9f7ee99454374db02824b5c9d52e2da89fca30232bc291ddb1f48ef6db84b6c0,2ee46c732cbd9a2d9496fe9e4763efb9a1ab85568c9ae6e0d0e121bc4adb4265,164142652bf5b3032f4e1a8ee54fe2817a3f3b5130635cf04fb641a6e819211d
2026-09-30,THEME,THEME:880929,sector_rs20,-0.03424746758931174,ACCEPTED,-0.03424746758931174,75,0,3dd77c68f3f29601b59d09853a70977bfab15f3fba3edeca6737f75ef9d7bcc0,9f7ee99454374db02824b5c9d52e2da89fca30232bc291ddb1f48ef6db84b6c0,2ee46c732cbd9a2d9496fe9e4763efb9a1ab85568c9ae6e0d0e121bc4adb4265,164142652bf5b3032f4e1a8ee54fe2817a3f3b5130635cf04fb641a6e819211d
2026-09-30,THEME,THEME:880929,breadth_ret1,0.9054054054054054,ACCEPTED,0.9054054054054054,75,74,3dd77c68f3f29601b59d09853a70977bfab15f3fba3edeca6737f75ef9d7bcc0,9f7ee99454374db02824b5c9d52e2da89fca30232bc291ddb1f48ef6db84b6c0,2ee46c732cbd9a2d9496fe9e4763efb9a1ab85568c9ae6e0d0e121bc4adb4265,164142652bf5b3032f4e1a8ee54fe2817a3f3b5130635cf04fb641a6e819211d
2026-09-30,THEME,THEME:880929,breadth_ret5,0.25675675675675674,ACCEPTED,0.25675675675675674,75,74,3dd77c68f3f29601b59d09853a70977bfab15f3fba3edeca6737f75ef9d7bcc0,9f7ee99454374db02824b5c9d52e2da89fca30232bc291ddb1f48ef6db84b6c0,2ee46c732cbd9a2d9496fe9e4763efb9a1ab85568c9ae6e0d0e121bc4adb4265,164142652bf5b3032f4e1a8ee54fe2817a3f3b5130635cf04fb641a6e819211d
2026-09-30,THEME,THEME:880929,breadth_ret20,0.32432432432432434,ACCEPTED,0.32432432432432434,75,74,3dd77c68f3f29601b59d09853a70977bfab15f3fba3edeca6737f75ef9d7bcc0,9f7ee99454374db02824b5c9d52e2da89fca30232bc291ddb1f48ef6db84b6c0,2ee46c732cbd9a2d9496fe9e4763efb9a1ab85568c9ae6e0d0e121bc4adb4265,164142652bf5b3032f4e1a8ee54fe2817a3f3b5130635cf04fb641a6e819211d
2026-09-30,THEME,THEME:880929,ma20_width,0.44594594594594594,ACCEPTED,0.44594594594594594,75,74,3dd77c68f3f29601b59d09853a70977bfab15f3fba3edeca6737f75ef9d7bcc0,9f7ee99454374db02824b5c9d52e2da89fca30232bc291ddb1f48ef6db84b6c0,2ee46c732cbd9a2d9496fe9e4763efb9a1ab85568c9ae6e0d0e121bc4adb4265,164142652bf5b3032f4e1a8ee54fe2817a3f3b5130635cf04fb641a6e819211d
2026-09-30,THEME,THEME:880930,sector_rs1,-0.014528850145288597,ACCEPTED,-0.014528850145288597,397,0,3dd77c68f3f29601b59d09853a70977bfab15f3fba3edeca6737f75ef9d7bcc0,9f7ee99454374db02824b5c9d52e2da89fca30232bc291ddb1f48ef6db84b6c0,2ee46c732cbd9a2d9496fe9e4763efb9a1ab85568c9ae6e0d0e121bc4adb4265,164142652bf5b3032f4e1a8ee54fe2817a3f3b5130635cf04fb641a6e819211d
2026-09-30,THEME,THEME:880930,sector_rs5,-0.05708549439518157,ACCEPTED,-0.05708549439518157,397,0,3dd77c68f3f29601b59d09853a70977bfab15f3fba3edeca6737f75ef9d7bcc0,9f7ee99454374db02824b5c9d52e2da89fca30232bc291ddb1f48ef6db84b6c0,2ee46c732cbd9a2d9496fe9e4763efb9a1ab85568c9ae6e0d0e121bc4adb4265,164142652bf5b3032f4e1a8ee54fe2817a3f3b5130635cf04fb641a6e819211d
2026-09-30,THEME,THEME:880930,sector_rs20,-0.03937689311986159,ACCEPTED,-0.03937689311986159,397,0,3dd77c68f3f29601b59d09853a70977bfab15f3fba3edeca6737f75ef9d7bcc0,9f7ee99454374db02824b5c9d52e2da89fca30232bc291ddb1f48ef6db84b6c0,2ee46c732cbd9a2d9496fe9e4763efb9a1ab85568c9ae6e0d0e121bc4adb4265,164142652bf5b3032f4e1a8ee54fe2817a3f3b5130635cf04fb641a6e819211d
2026-09-30,THEME,THEME:880930,breadth_ret1,0.22278481012658227,ACCEPTED,0.22278481012658227,397,395,3dd77c68f3f29601b59d09853a70977bfab15f3fba3edeca6737f75ef9d7bcc0,9f7ee99454374db02824b5c9d52e2da89fca30232bc291ddb1f48ef6db84b6c0,2ee46c732cbd9a2d9496fe9e4763efb9a1ab85568c9ae6e0d0e121bc4adb4265,164142652bf5b3032f4e1a8ee54fe2817a3f3b5130635cf04fb641a6e819211d
2026-09-30,THEME,THEME:880930,breadth_ret5,0.10913705583756345,ACCEPTED,0.10913705583756345,397,394,3dd77c68f3f29601b59d09853a70977bfab15f3fba3edeca6737f75ef9d7bcc0,9f7ee99454374db02824b5c9d52e2da89fca30232bc291ddb1f48ef6db84b6c0,2ee46c732cbd9a2d9496fe9e4763efb9a1ab85568c9ae6e0d0e121bc4adb4265,164142652bf5b3032f4e1a8ee54fe2817a3f3b5130635cf04fb641a6e819211d
2026-09-30,THEME,THEME:880930,breadth_ret20,0.28607594936708863,ACCEPTED,0.28607594936708863,397,395,3dd77c68f3f29601b59d09853a70977bfab15f3fba3edeca6737f75ef9d7bcc0,9f7ee99454374db02824b5c9d52e2da89fca30232bc291ddb1f48ef6db84b6c0,2ee46c732cbd9a2d9496fe9e4763efb9a1ab85568c9ae6e0d0e121bc4adb4265,164142652bf5b3032f4e1a8ee54fe2817a3f3b5130635cf04fb641a6e819211d
2026-09-30,THEME,THEME:880930,ma20_width,0.2878787878787879,ACCEPTED,0.2878787878787879,397,396,3dd77c68f3f29601b59d09853a70977bfab15f3fba3edeca6737f75ef9d7bcc0,9f7ee99454374db02824b5c9d52e2da89fca30232bc291ddb1f48ef6db84b6c0,2ee46c732cbd9a2d9496fe9e4763efb9a1ab85568c9ae6e0d0e121bc4adb4265,164142652bf5b3032f4e1a8ee54fe2817a3f3b5130635cf04fb641a6e819211d
2026-09-30,THEME,THEME:880933,sector_rs1,0.0005376344086021057,ACCEPTED,0.0005376344086021057,208,0,3dd77c68f3f29601b59d09853a70977bfab15f3fba3edeca6737f75ef9d7bcc0,9f7ee99454374db02824b5c9d52e2da89fca30232bc291ddb1f48ef6db84b6c0,2ee46c732cbd9a2d9496fe9e4763efb9a1ab85568c9ae6e0d0e121bc4adb4265,164142652bf5b3032f4e1a8ee54fe2817a3f3b5130635cf04fb641a6e819211d
2026-09-30,THEME,THEME:880933,sector_rs5,-0.027072758037225086,ACCEPTED,-0.027072758037225086,208,0,3dd77c68f3f29601b59d09853a70977bfab15f3fba3edeca6737f75ef9d7bcc0,9f7ee99454374db02824b5c9d52e2da89fca30232bc291ddb1f48ef6db84b6c0,2ee46c732cbd9a2d9496fe9e4763efb9a1ab85568c9ae6e0d0e121bc4adb4265,164142652bf5b3032f4e1a8ee54fe2817a3f3b5130635cf04fb641a6e819211d
2026-09-30,THEME,THEME:880933,sector_rs20,-0.038961038961038974,ACCEPTED,-0.038961038961038974,208,0,3dd77c68f3f29601b59d09853a70977bfab15f3fba3edeca6737f75ef9d7bcc0,9f7ee99454374db02824b5c9d52e2da89fca30232bc291ddb1f48ef6db84b6c0,2ee46c732cbd9a2d9496fe9e4763efb9a1ab85568c9ae6e0d0e121bc4adb4265,164142652bf5b3032f4e1a8ee54fe2817a3f3b5130635cf04fb641a6e819211d
2026-09-30,THEME,THEME:880933,breadth_ret1,0.5120772946859904,ACCEPTED,0.5120772946859904,208,207,3dd77c68f3f29601b59d09853a70977bfab15f3fba3edeca6737f75ef9d7bcc0,9f7ee99454374db02824b5c9d52e2da89fca30232bc291ddb1f48ef6db84b6c0,2ee46c732cbd9a2d9496fe9e4763efb9a1ab85568c9ae6e0d0e121bc4adb4265,164142652bf5b3032f4e1a8ee54fe2817a3f3b5130635cf04fb641a6e819211d
2026-09-30,THEME,THEME:880933,breadth_ret5,0.21739130434782608,ACCEPTED,0.21739130434782608,208,207,3dd77c68f3f29601b59d09853a70977bfab15f3fba3edeca6737f75ef9d7bcc0,9f7ee99454374db02824b5c9d52e2da89fca30232bc291ddb1f48ef6db84b6c0,2ee46c732cbd9a2d9496fe9e4763efb9a1ab85568c9ae6e0d0e121bc4adb4265,164142652bf5b3032f4e1a8ee54fe2817a3f3b5130635cf04fb641a6e819211d
2026-09-30,THEME,THEME:880933,breadth_ret20,0.2560386473429952,ACCEPTED,0.2560386473429952,208,207,3dd77c68f3f29601b59d09853a70977bfab15f3fba3edeca6737f75ef9d7bcc0,9f7ee99454374db02824b5c9d52e2da89fca30232bc291ddb1f48ef6db84b6c0,2ee46c732cbd9a2d9496fe9e4763efb9a1ab85568c9ae6e0d0e121bc4adb4265,164142652bf5b3032f4e1a8ee54fe2817a3f3b5130635cf04fb641a6e819211d
2026-09-30,THEME,THEME:880933,ma20_width,0.4057971014492754,ACCEPTED,0.4057971014492754,208,207,3dd77c68f3f29601b59d09853a70977bfab15f3fba3edeca6737f75ef9d7bcc0,9f7ee99454374db02824b5c9d52e2da89fca30232bc291ddb1f48ef6db84b6c0,2ee46c732cbd9a2d9496fe9e4763efb9a1ab85568c9ae6e0d0e121bc4adb4265,164142652bf5b3032f4e1a8ee54fe2817a3f3b5130635cf04fb641a6e819211d
2026-09-30,THEME,THEME:880936,sector_rs1,0.004409211071946917,ACCEPTED,0.004409211071946917,32,0,3dd77c68f3f29601b59d09853a70977bfab15f3fba3edeca6737f75ef9d7bcc0,9f7ee99454374db02824b5c9d52e2da89fca30232bc291ddb1f48ef6db84b6c0,2ee46c732cbd9a2d9496fe9e4763efb9a1ab85568c9ae6e0d0e121bc4adb4265,164142652bf5b3032f4e1a8ee54fe2817a3f3b5130635cf04fb641a6e819211d
2026-09-30,THEME,THEME:880936,sector_rs5,-0.0191794223003538,ACCEPTED,-0.0191794223003538,32,0,3dd77c68f3f29601b59d09853a70977bfab15f3fba3edeca6737f75ef9d7bcc0,9f7ee99454374db02824b5c9d52e2da89fca30232bc291ddb1f48ef6db84b6c0,2ee46c732cbd9a2d9496fe9e4763efb9a1ab85568c9ae6e0d0e121bc4adb4265,164142652bf5b3032f4e1a8ee54fe2817a3f3b5130635cf04fb641a6e819211d
2026-09-30,THEME,THEME:880936,sector_rs20,-0.04441358846578147,ACCEPTED,-0.04441358846578147,32,0,3dd77c68f3f29601b59d09853a70977bfab15f3fba3edeca6737f75ef9d7bcc0,9f7ee99454374db02824b5c9d52e2da89fca30232bc291ddb1f48ef6db84b6c0,2ee46c732cbd9a2d9496fe9e4763efb9a1ab85568c9ae6e0d0e121bc4adb4265,164142652bf5b3032f4e1a8ee54fe2817a3f3b5130635cf04fb641a6e819211d
2026-09-30,THEME,THEME:880936,breadth_ret1,0.65625,ACCEPTED,0.65625,32,32,3dd77c68f3f29601b59d09853a70977bfab15f3fba3edeca6737f75ef9d7bcc0,9f7ee99454374db02824b5c9d52e2da89fca30232bc291ddb1f48ef6db84b6c0,2ee46c732cbd9a2d9496fe9e4763efb9a1ab85568c9ae6e0d0e121bc4adb4265,164142652bf5b3032f4e1a8ee54fe2817a3f3b5130635cf04fb641a6e819211d
2026-09-30,THEME,THEME:880936,breadth_ret5,0.28125,ACCEPTED,0.28125,32,32,3dd77c68f3f29601b59d09853a70977bfab15f3fba3edeca6737f75ef9d7bcc0,9f7ee99454374db02824b5c9d52e2da89fca30232bc291ddb1f48ef6db84b6c0,2ee46c732cbd9a2d9496fe9e4763efb9a1ab85568c9ae6e0d0e121bc4adb4265,164142652bf5b3032f4e1a8ee54fe2817a3f3b5130635cf04fb641a6e819211d
2026-09-30,THEME,THEME:880936,breadth_ret20,0.15625,ACCEPTED,0.15625,32,32,3dd77c68f3f29601b59d09853a70977bfab15f3fba3edeca6737f75ef9d7bcc0,9f7ee99454374db02824b5c9d52e2da89fca30232bc291ddb1f48ef6db84b6c0,2ee46c732cbd9a2d9496fe9e4763efb9a1ab85568c9ae6e0d0e121bc4adb4265,164142652bf5b3032f4e1a8ee54fe2817a3f3b5130635cf04fb641a6e819211d
2026-09-30,THEME,THEME:880936,ma20_width,0.1875,ACCEPTED,0.1875,32,32,3dd77c68f3f29601b59d09853a70977bfab15f3fba3edeca6737f75ef9d7bcc0,9f7ee99454374db02824b5c9d52e2da89fca30232bc291ddb1f48ef6db84b6c0,2ee46c732cbd9a2d9496fe9e4763efb9a1ab85568c9ae6e0d0e121bc4adb4265,164142652bf5b3032f4e1a8ee54fe2817a3f3b5130635cf04fb641a6e819211d
2026-09-30,THEME,THEME:880939,sector_rs1,-0.008161745114731556,ACCEPTED,-0.008161745114731556,451,0,3dd77c68f3f29601b59d09853a70977bfab15f3fba3edeca6737f75ef9d7bcc0,9f7ee99454374db02824b5c9d52e2da89fca30232bc291ddb1f48ef6db84b6c0,2ee46c732cbd9a2d9496fe9e4763efb9a1ab85568c9ae6e0d0e121bc4adb4265,164142652bf5b3032f4e1a8ee54fe2817a3f3b5130635cf04fb641a6e819211d
2026-09-30,THEME,THEME:880939,sector_rs5,-0.04825090470446314,ACCEPTED,-0.04825090470446314,451,0,3dd77c68f3f29601b59d09853a70977bfab15f3fba3edeca6737f75ef9d7bcc0,9f7ee99454374db02824b5c9d52e2da89fca30232bc291ddb1f48ef6db84b6c0,2ee46c732cbd9a2d9496fe9e4763efb9a1ab85568c9ae6e0d0e121bc4adb4265,164142652bf5b3032f4e1a8ee54fe2817a3f3b5130635cf04fb641a6e819211d
2026-09-30,THEME,THEME:880939,sector_rs20,-0.048034934497816484,ACCEPTED,-0.048034934497816484,451,0,3dd77c68f3f29601b59d09853a70977bfab15f3fba3edeca6737f75ef9d7bcc0,9f7ee99454374db02824b5c9d52e2da89fca30232bc291ddb1f48ef6db84b6c0,2ee46c732cbd9a2d9496fe9e4763efb9a1ab85568c9ae6e0d0e121bc4adb4265,164142652bf5b3032f4e1a8ee54fe2817a3f3b5130635cf04fb641a6e819211d
2026-09-30,THEME,THEME:880939,breadth_ret1,0.3094170403587444,ACCEPTED,0.3094170403587444,451,446,3dd77c68f3f29601b59d09853a70977bfab15f3fba3edeca6737f75ef9d7bcc0,9f7ee99454374db02824b5c9d52e2da89fca30232bc291ddb1f48ef6db84b6c0,2ee46c732cbd9a2d9496fe9e4763efb9a1ab85568c9ae6e0d0e121bc4adb4265,164142652bf5b3032f4e1a8ee54fe2817a3f3b5130635cf04fb641a6e819211d
2026-09-30,THEME,THEME:880939,breadth_ret5,0.12304250559284116,ACCEPTED,0.12304250559284116,451,447,3dd77c68f3f29601b59d09853a70977bfab15f3fba3edeca6737f75ef9d7bcc0,9f7ee99454374db02824b5c9d52e2da89fca30232bc291ddb1f48ef6db84b6c0,2ee46c732cbd9a2d9496fe9e4763efb9a1ab85568c9ae6e0d0e121bc4adb4265,164142652bf5b3032f4e1a8ee54fe2817a3f3b5130635cf04fb641a6e819211d
2026-09-30,THEME,THEME:880939,breadth_ret20,0.23042505592841164,ACCEPTED,0.23042505592841164,451,447,3dd77c68f3f29601b59d09853a70977bfab15f3fba3edeca6737f75ef9d7bcc0,9f7ee99454374db02824b5c9d52e2da89fca30232bc291ddb1f48ef6db84b6c0,2ee46c732cbd9a2d9496fe9e4763efb9a1ab85568c9ae6e0d0e121bc4adb4265,164142652bf5b3032f4e1a8ee54fe2817a3f3b5130635cf04fb641a6e819211d
2026-09-30,THEME,THEME:880939,ma20_width,0.2483221476510067,ACCEPTED,0.2483221476510067,451,447,3dd77c68f3f29601b59d09853a70977bfab15f3fba3edeca6737f75ef9d7bcc0,9f7ee99454374db02824b5c9d52e2da89fca30232bc291ddb1f48ef6db84b6c0,2ee46c732cbd9a2d9496fe9e4763efb9a1ab85568c9ae6e0d0e121bc4adb4265,164142652bf5b3032f4e1a8ee54fe2817a3f3b5130635cf04fb641a6e819211d
2026-09-30,THEME,THEME:880940,sector_rs1,0.004307707520874171,ACCEPTED,0.004307707520874171,173,0,3dd77c68f3f29601b59d09853a70977bfab15f3fba3edeca6737f75ef9d7bcc0,9f7ee99454374db02824b5c9d52e2da89fca30232bc291ddb1f48ef6db84b6c0,2ee46c732cbd9a2d9496fe9e4763efb9a1ab85568c9ae6e0d0e121bc4adb4265,164142652bf5b3032f4e1a8ee54fe2817a3f3b5130635cf04fb641a6e819211d
2026-09-30,THEME,THEME:880940,sector_rs5,-0.014667817083692802,ACCEPTED,-0.014667817083692802,173,0,3dd77c68f3f29601b59d09853a70977bfab15f3fba3edeca6737f75ef9d7bcc0,9f7ee99454374db02824b5c9d52e2da89fca30232bc291ddb1f48ef6db84b6c0,2ee46c732cbd9a2d9496fe9e4763efb9a1ab85568c9ae6e0d0e121bc4adb4265,164142652bf5b3032f4e1a8ee54fe2817a3f3b5130635cf04fb641a6e819211d
2026-09-30,THEME,THEME:880940,sector_rs20,-0.038879415347137625,ACCEPTED,-0.038879415347137625,173,0,3dd77c68f3f29601b59d09853a70977bfab15f3fba3edeca6737f75ef9d7bcc0,9f7ee99454374db02824b5c9d52e2da89fca30232bc291ddb1f48ef6db84b6c0,2ee46c732cbd9a2d9496fe9e4763efb9a1ab85568c9ae6e0d0e121bc4adb4265,164142652bf5b3032f4e1a8ee54fe2817a3f3b5130635cf04fb641a6e819211d
2026-09-30,THEME,THEME:880940,breadth_ret1,0.5588235294117647,ACCEPTED,0.5588235294117647,173,170,3dd77c68f3f29601b59d09853a70977bfab15f3fba3edeca6737f75ef9d7bcc0,9f7ee99454374db02824b5c9d52e2da89fca30232bc291ddb1f48ef6db84b6c0,2ee46c732cbd9a2d9496fe9e4763efb9a1ab85568c9ae6e0d0e121bc4adb4265,164142652bf5b3032f4e1a8ee54fe2817a3f3b5130635cf04fb641a6e819211d
2026-09-30,THEME,THEME:880940,breadth_ret5,0.2958579881656805,ACCEPTED,0.2958579881656805,173,169,3dd77c68f3f29601b59d09853a70977bfab15f3fba3edeca6737f75ef9d7bcc0,9f7ee99454374db02824b5c9d52e2da89fca30232bc291ddb1f48ef6db84b6c0,2ee46c732cbd9a2d9496fe9e4763efb9a1ab85568c9ae6e0d0e121bc4adb4265,164142652bf5b3032f4e1a8ee54fe2817a3f3b5130635cf04fb641a6e819211d
2026-09-30,THEME,THEME:880940,breadth_ret20,0.21764705882352942,ACCEPTED,0.21764705882352942,173,170,3dd77c68f3f29601b59d09853a70977bfab15f3fba3edeca6737f75ef9d7bcc0,9f7ee99454374db02824b5c9d52e2da89fca30232bc291ddb1f48ef6db84b6c0,2ee46c732cbd9a2d9496fe9e4763efb9a1ab85568c9ae6e0d0e121bc4adb4265,164142652bf5b3032f4e1a8ee54fe2817a3f3b5130635cf04fb641a6e819211d
2026-09-30,THEME,THEME:880940,ma20_width,0.29411764705882354,ACCEPTED,0.29411764705882354,173,170,3dd77c68f3f29601b59d09853a70977bfab15f3fba3edeca6737f75ef9d7bcc0,9f7ee99454374db02824b5c9d52e2da89fca30232bc291ddb1f48ef6db84b6c0,2ee46c732cbd9a2d9496fe9e4763efb9a1ab85568c9ae6e0d0e121bc4adb4265,164142652bf5b3032f4e1a8ee54fe2817a3f3b5130635cf04fb641a6e819211d
2026-09-30,THEME,THEME:880941,sector_rs1,-0.0036447187245973733,ACCEPTED,-0.0036447187245973733,316,0,3dd77c68f3f29601b59d09853a70977bfab15f3fba3edeca6737f75ef9d7bcc0,9f7ee99454374db02824b5c9d52e2da89fca30232bc291ddb1f48ef6db84b6c0,2ee46c732cbd9a2d9496fe9e4763efb9a1ab85568c9ae6e0d0e121bc4adb4265,164142652bf5b3032f4e1a8ee54fe2817a3f3b5130635cf04fb641a6e819211d
2026-09-30,THEME,THEME:880941,sector_rs5,-0.02454222466599343,ACCEPTED,-0.02454222466599343,316,0,3dd77c68f3f29601b59d09853a70977bfab15f3fba3edeca6737f75ef9d7bcc0,9f7ee99454374db02824b5c9d52e2da89fca30232bc291ddb1f48ef6db84b6c0,2ee46c732cbd9a2d9496fe9e4763efb9a1ab85568c9ae6e0d0e121bc4adb4265,164142652bf5b3032f4e1a8ee54fe2817a3f3b5130635cf04fb641a6e819211d
2026-09-30,THEME,THEME:880941,sector_rs20,-0.028241335044929317,ACCEPTED,-0.028241335044929317,316,0,3dd77c68f3f29601b59d09853a70977bfab15f3fba3edeca6737f75ef9d7bcc0,9f7ee99454374db02824b5c9d52e2da89fca30232bc291ddb1f48ef6db84b6c0,2ee46c732cbd9a2d9496fe9e4763efb9a1ab85568c9ae6e0d0e121bc4adb4265,164142652bf5b3032f4e1a8ee54fe2817a3f3b5130635cf04fb641a6e819211d
2026-09-30,THEME,THEME:880941,breadth_ret1,0.37341772151898733,ACCEPTED,0.37341772151898733,316,316,3dd77c68f3f29601b59d09853a70977bfab15f3fba3edeca6737f75ef9d7bcc0,9f7ee99454374db02824b5c9d52e2da89fca30232bc291ddb1f48ef6db84b6c0,2ee46c732cbd9a2d9496fe9e4763efb9a1ab85568c9ae6e0d0e121bc4adb4265,164142652bf5b3032f4e1a8ee54fe2817a3f3b5130635cf04fb641a6e819211d
2026-09-30,THEME,THEME:880941,breadth_ret5,0.22151898734177214,ACCEPTED,0.22151898734177214,316,316,3dd77c68f3f29601b59d09853a70977bfab15f3fba3edeca6737f75ef9d7bcc0,9f7ee99454374db02824b5c9d52e2da89fca30232bc291ddb1f48ef6db84b6c0,2ee46c732cbd9a2d9496fe9e4763efb9a1ab85568c9ae6e0d0e121bc4adb4265,164142652bf5b3032f4e1a8ee54fe2817a3f3b5130635cf04fb641a6e819211d
2026-09-30,THEME,THEME:880941,breadth_ret20,0.2857142857142857,ACCEPTED,0.2857142857142857,316,315,3dd77c68f3f29601b59d09853a70977bfab15f3fba3edeca6737f75ef9d7bcc0,9f7ee99454374db02824b5c9d52e2da89fca30232bc291ddb1f48ef6db84b6c0,2ee46c732cbd9a2d9496fe9e4763efb9a1ab85568c9ae6e0d0e121bc4adb4265,164142652bf5b3032f4e1a8ee54fe2817a3f3b5130635cf04fb641a6e819211d
2026-09-30,THEME,THEME:880941,ma20_width,0.3639240506329114,ACCEPTED,0.3639240506329114,316,316,3dd77c68f3f29601b59d09853a70977bfab15f3fba3edeca6737f75ef9d7bcc0,9f7ee99454374db02824b5c9d52e2da89fca30232bc291ddb1f48ef6db84b6c0,2ee46c732cbd9a2d9496fe9e4763efb9a1ab85568c9ae6e0d0e121bc4adb4265,164142652bf5b3032f4e1a8ee54fe2817a3f3b5130635cf04fb641a6e819211d
2026-09-30,THEME,THEME:880942,sector_rs1,-0.010869565217391353,ACCEPTED,-0.010869565217391353,266,0,3dd77c68f3f29601b59d09853a70977bfab15f3fba3edeca6737f75ef9d7bcc0,9f7ee99454374db02824b5c9d52e2da89fca30232bc291ddb1f48ef6db84b6c0,2ee46c732cbd9a2d9496fe9e4763efb9a1ab85568c9ae6e0d0e121bc4adb4265,164142652bf5b3032f4e1a8ee54fe2817a3f3b5130635cf04fb641a6e819211d
2026-09-30,THEME,THEME:880942,sector_rs5,-0.05182175582907428,ACCEPTED,-0.05182175582907428,266,0,3dd77c68f3f29601b59d09853a70977bfab15f3fba3edeca6737f75ef9d7bcc0,9f7ee99454374db02824b5c9d52e2da89fca30232bc291ddb1f48ef6db84b6c0,2ee46c732cbd9a2d9496fe9e4763efb9a1ab85568c9ae6e0d0e121bc4adb4265,164142652bf5b3032f4e1a8ee54fe2817a3f3b5130635cf04fb641a6e819211d
2026-09-30,THEME,THEME:880942,sector_rs20,-0.05975156740584403,ACCEPTED,-0.05975156740584403,266,0,3dd77c68f3f29601b59d09853a70977bfab15f3fba3edeca6737f75ef9d7bcc0,9f7ee99454374db02824b5c9d52e2da89fca30232bc291ddb1f48ef6db84b6c0,2ee46c732cbd9a2d9496fe9e4763efb9a1ab85568c9ae6e0d0e121bc4adb4265,164142652bf5b3032f4e1a8ee54fe2817a3f3b5130635cf04fb641a6e819211d
2026-09-30,THEME,THEME:880942,breadth_ret1,0.2188679245283019,ACCEPTED,0.2188679245283019,266,265,3dd77c68f3f29601b59d09853a70977bfab15f3fba3edeca6737f75ef9d7bcc0,9f7ee99454374db02824b5c9d52e2da89fca30232bc291ddb1f48ef6db84b6c0,2ee46c732cbd9a2d9496fe9e4763efb9a1ab85568c9ae6e0d0e121bc4adb4265,164142652bf5b3032f4e1a8ee54fe2817a3f3b5130635cf04fb641a6e819211d
2026-09-30,THEME,THEME:880942,breadth_ret5,0.07142857142857142,ACCEPTED,0.07142857142857142,266,266,3dd77c68f3f29601b59d09853a70977bfab15f3fba3edeca6737f75ef9d7bcc0,9f7ee99454374db02824b5c9d52e2da89fca30232bc291ddb1f48ef6db84b6c0,2ee46c732cbd9a2d9496fe9e4763efb9a1ab85568c9ae6e0d0e121bc4adb4265,164142652bf5b3032f4e1a8ee54fe2817a3f3b5130635cf04fb641a6e819211d
2026-09-30,THEME,THEME:880942,breadth_ret20,0.20300751879699247,ACCEPTED,0.20300751879699247,266,266,3dd77c68f3f29601b59d09853a70977bfab15f3fba3edeca6737f75ef9d7bcc0,9f7ee99454374db02824b5c9d52e2da89fca30232bc291ddb1f48ef6db84b6c0,2ee46c732cbd9a2d9496fe9e4763efb9a1ab85568c9ae6e0d0e121bc4adb4265,164142652bf5b3032f4e1a8ee54fe2817a3f3b5130635cf04fb641a6e819211d
2026-09-30,THEME,THEME:880942,ma20_width,0.21428571428571427,ACCEPTED,0.21428571428571427,266,266,3dd77c68f3f29601b59d09853a70977bfab15f3fba3edeca6737f75ef9d7bcc0,9f7ee99454374db02824b5c9d52e2da89fca30232bc291ddb1f48ef6db84b6c0,2ee46c732cbd9a2d9496fe9e4763efb9a1ab85568c9ae6e0d0e121bc4adb4265,164142652bf5b3032f4e1a8ee54fe2817a3f3b5130635cf04fb641a6e819211d
2026-09-30,THEME,THEME:880943,sector_rs1,-0.010945273631840946,ACCEPTED,-0.010945273631840946,111,0,3dd77c68f3f29601b59d09853a70977bfab15f3fba3edeca6737f75ef9d7bcc0,9f7ee99454374db02824b5c9d52e2da89fca30232bc291ddb1f48ef6db84b6c0,2ee46c732cbd9a2d9496fe9e4763efb9a1ab85568c9ae6e0d0e121bc4adb4265,164142652bf5b3032f4e1a8ee54fe2817a3f3b5130635cf04fb641a6e819211d
2026-09-30,THEME,THEME:880943,sector_rs5,-0.042412451361867665,ACCEPTED,-0.042412451361867665,111,0,3dd77c68f3f29601b59d09853a70977bfab15f3fba3edeca6737f75ef9d7bcc0,9f7ee99454374db02824b5c9d52e2da89fca30232bc291ddb1f48ef6db84b6c0,2ee46c732cbd9a2d9496fe9e4763efb9a1ab85568c9ae6e0d0e121bc4adb4265,164142652bf5b3032f4e1a8ee54fe2817a3f3b5130635cf04fb641a6e819211d
2026-09-30,THEME,THEME:880943,sector_rs20,-0.03926701570680624,ACCEPTED,-0.03926701570680624,111,0,3dd77c68f3f29601b59d09853a70977bfab15f3fba3edeca6737f75ef9d7bcc0,9f7ee99454374db02824b5c9d52e2da89fca30232bc291ddb1f48ef6db84b6c0,2ee46c732cbd9a2d9496fe9e4763efb9a1ab85568c9ae6e0d0e121bc4adb4265,164142652bf5b3032f4e1a8ee54fe2817a3f3b5130635cf04fb641a6e819211d
2026-09-30,THEME,THEME:880943,breadth_ret1,0.27927927927927926,ACCEPTED,0.27927927927927926,111,111,3dd77c68f3f29601b59d09853a70977bfab15f3fba3edeca6737f75ef9d7bcc0,9f7ee99454374db02824b5c9d52e2da89fca30232bc291ddb1f48ef6db84b6c0,2ee46c732cbd9a2d9496fe9e4763efb9a1ab85568c9ae6e0d0e121bc4adb4265,164142652bf5b3032f4e1a8ee54fe2817a3f3b5130635cf04fb641a6e819211d
2026-09-30,THEME,THEME:880943,breadth_ret5,0.17117117117117117,ACCEPTED,0.17117117117117117,111,111,3dd77c68f3f29601b59d09853a70977bfab15f3fba3edeca6737f75ef9d7bcc0,9f7ee99454374db02824b5c9d52e2da89fca30232bc291ddb1f48ef6db84b6c0,2ee46c732cbd9a2d9496fe9e4763efb9a1ab85568c9ae6e0d0e121bc4adb4265,164142652bf5b3032f4e1a8ee54fe2817a3f3b5130635cf04fb641a6e819211d
2026-09-30,THEME,THEME:880943,breadth_ret20,0.25225225225225223,ACCEPTED,0.25225225225225223,111,111,3dd77c68f3f29601b59d09853a70977bfab15f3fba3edeca6737f75ef9d7bcc0,9f7ee99454374db02824b5c9d52e2da89fca30232bc291ddb1f48ef6db84b6c0,2ee46c732cbd9a2d9496fe9e4763efb9a1ab85568c9ae6e0d0e121bc4adb4265,164142652bf5b3032f4e1a8ee54fe2817a3f3b5130635cf04fb641a6e819211d
2026-09-30,THEME,THEME:880943,ma20_width,0.34234234234234234,ACCEPTED,0.34234234234234234,111,111,3dd77c68f3f29601b59d09853a70977bfab15f3fba3edeca6737f75ef9d7bcc0,9f7ee99454374db02824b5c9d52e2da89fca30232bc291ddb1f48ef6db84b6c0,2ee46c732cbd9a2d9496fe9e4763efb9a1ab85568c9ae6e0d0e121bc4adb4265,164142652bf5b3032f4e1a8ee54fe2817a3f3b5130635cf04fb641a6e819211d
2026-09-30,THEME,THEME:880944,sector_rs1,-0.007046070460704601,ACCEPTED,-0.007046070460704601,380,0,3dd77c68f3f29601b59d09853a70977bfab15f3fba3edeca6737f75ef9d7bcc0,9f7ee99454374db02824b5c9d52e2da89fca30232bc291ddb1f48ef6db84b6c0,2ee46c732cbd9a2d9496fe9e4763efb9a1ab85568c9ae6e0d0e121bc4adb4265,164142652bf5b3032f4e1a8ee54fe2817a3f3b5130635cf04fb641a6e819211d
2026-09-30,THEME,THEME:880944,sector_rs5,-0.03676470588235292,ACCEPTED,-0.03676470588235292,380,0,3dd77c68f3f29601b59d09853a70977bfab15f3fba3edeca6737f75ef9d7bcc0,9f7ee99454374db02824b5c9d52e2da89fca30232bc291ddb1f48ef6db84b6c0,2ee46c732cbd9a2d9496fe9e4763efb9a1ab85568c9ae6e0d0e121bc4adb4265,164142652bf5b3032f4e1a8ee54fe2817a3f3b5130635cf04fb641a6e819211d
2026-09-30,THEME,THEME:880944,sector_rs20,-0.04436860068259396,ACCEPTED,-0.04436860068259396,380,0,3dd77c68f3f29601b59d09853a70977bfab15f3fba3edeca6737f75ef9d7bcc0,9f7ee99454374db02824b5c9d52e2da89fca30232bc291ddb1f48ef6db84b6c0,2ee46c732cbd9a2d9496fe9e4763efb9a1ab85568c9ae6e0d0e121bc4adb4265,164142652bf5b3032f4e1a8ee54fe2817a3f3b5130635cf04fb641a6e819211d
2026-09-30,THEME,THEME:880944,breadth_ret1,0.30606860158311344,ACCEPTED,0.30606860158311344,380,379,3dd77c68f3f29601b59d09853a70977bfab15f3fba3edeca6737f75ef9d7bcc0,9f7ee99454374db02824b5c9d52e2da89fca30232bc291ddb1f48ef6db84b6c0,2ee46c732cbd9a2d9496fe9e4763efb9a1ab85568c9ae6e0d0e121bc4adb4265,164142652bf5b3032f4e1a8ee54fe2817a3f3b5130635cf04fb641a6e819211d
2026-09-30,THEME,THEME:880944,breadth_ret5,0.14323607427055704,ACCEPTED,0.14323607427055704,380,377,3dd77c68f3f29601b59d09853a70977bfab15f3fba3edeca6737f75ef9d7bcc0,9f7ee99454374db02824b5c9d52e2da89fca30232bc291ddb1f48ef6db84b6c0,2ee46c732cbd9a2d9496fe9e4763efb9a1ab85568c9ae6e0d0e121bc4adb4265,164142652bf5b3032f4e1a8ee54fe2817a3f3b5130635cf04fb641a6e819211d
2026-09-30,THEME,THEME:880944,breadth_ret20,0.25065963060686014,ACCEPTED,0.25065963060686014,380,379,3dd77c68f3f29601b59d09853a70977bfab15f3fba3edeca6737f75ef9d7bcc0,9f7ee99454374db02824b5c9d52e2da89fca30232bc291ddb1f48ef6db84b6c0,2ee46c732cbd9a2d9496fe9e4763efb9a1ab85568c9ae6e0d0e121bc4adb4265,164142652bf5b3032f4e1a8ee54fe2817a3f3b5130635cf04fb641a6e819211d
2026-09-30,THEME,THEME:880944,ma20_width,0.26649076517150394,ACCEPTED,0.26649076517150394,380,379,3dd77c68f3f29601b59d09853a70977bfab15f3fba3edeca6737f75ef9d7bcc0,9f7ee99454374db02824b5c9d52e2da89fca30232bc291ddb1f48ef6db84b6c0,2ee46c732cbd9a2d9496fe9e4763efb9a1ab85568c9ae6e0d0e121bc4adb4265,164142652bf5b3032f4e1a8ee54fe2817a3f3b5130635cf04fb641a6e819211d
2026-09-30,THEME,THEME:880945,sector_rs1,-0.021001766516153875,ACCEPTED,-0.021001766516153875,154,0,3dd77c68f3f29601b59d09853a70977bfab15f3fba3edeca6737f75ef9d7bcc0,9f7ee99454374db02824b5c9d52e2da89fca30232bc291ddb1f48ef6db84b6c0,2ee46c732cbd9a2d9496fe9e4763efb9a1ab85568c9ae6e0d0e121bc4adb4265,164142652bf5b3032f4e1a8ee54fe2817a3f3b5130635cf04fb641a6e819211d
2026-09-30,THEME,THEME:880945,sector_rs5,-0.07429449030524105,ACCEPTED,-0.07429449030524105,154,0,3dd77c68f3f29601b59d09853a70977bfab15f3fba3edeca6737f75ef9d7bcc0,9f7ee99454374db02824b5c9d52e2da89fca30232bc291ddb1f48ef6db84b6c0,2ee46c732cbd9a2d9496fe9e4763efb9a1ab85568c9ae6e0d0e121bc4adb4265,164142652bf5b3032f4e1a8ee54fe2817a3f3b5130635cf04fb641a6e819211d
2026-09-30,THEME,THEME:880945,sector_rs20,-0.0483460559796437,ACCEPTED,-0.0483460559796437,154,0,3dd77c68f3f29601b59d09853a70977bfab15f3fba3edeca6737f75ef9d7bcc0,9f7ee99454374db02824b5c9d52e2da89fca30232bc291ddb1f48ef6db84b6c0,2ee46c732cbd9a2d9496fe9e4763efb9a1ab85568c9ae6e0d0e121bc4adb4265,164142652bf5b3032f4e1a8ee54fe2817a3f3b5130635cf04fb641a6e819211d
2026-09-30,THEME,THEME:880945,breadth_ret1,0.19736842105263158,ACCEPTED,0.19736842105263158,154,152,3dd77c68f3f29601b59d09853a70977bfab15f3fba3edeca6737f75ef9d7bcc0,9f7ee99454374db02824b5c9d52e2da89fca30232bc291ddb1f48ef6db84b6c0,2ee46c732cbd9a2d9496fe9e4763efb9a1ab85568c9ae6e0d0e121bc4adb4265,164142652bf5b3032f4e1a8ee54fe2817a3f3b5130635cf04fb641a6e819211d
2026-09-30,THEME,THEME:880945,breadth_ret5,0.0457516339869281,ACCEPTED,0.0457516339869281,154,153,3dd77c68f3f29601b59d09853a70977bfab15f3fba3edeca6737f75ef9d7bcc0,9f7ee99454374db02824b5c9d52e2da89fca30232bc291ddb1f48ef6db84b6c0,2ee46c732cbd9a2d9496fe9e4763efb9a1ab85568c9ae6e0d0e121bc4adb4265,164142652bf5b3032f4e1a8ee54fe2817a3f3b5130635cf04fb641a6e819211d
2026-09-30,THEME,THEME:880945,breadth_ret20,0.19607843137254902,ACCEPTED,0.19607843137254902,154,153,3dd77c68f3f29601b59d09853a70977bfab15f3fba3edeca6737f75ef9d7bcc0,9f7ee99454374db02824b5c9d52e2da89fca30232bc291ddb1f48ef6db84b6c0,2ee46c732cbd9a2d9496fe9e4763efb9a1ab85568c9ae6e0d0e121bc4adb4265,164142652bf5b3032f4e1a8ee54fe2817a3f3b5130635cf04fb641a6e819211d
2026-09-30,THEME,THEME:880945,ma20_width,0.16339869281045752,ACCEPTED,0.16339869281045752,154,153,3dd77c68f3f29601b59d09853a70977bfab15f3fba3edeca6737f75ef9d7bcc0,9f7ee99454374db02824b5c9d52e2da89fca30232bc291ddb1f48ef6db84b6c0,2ee46c732cbd9a2d9496fe9e4763efb9a1ab85568c9ae6e0d0e121bc4adb4265,164142652bf5b3032f4e1a8ee54fe2817a3f3b5130635cf04fb641a6e819211d
2026-09-30,THEME,THEME:880946,sector_rs1,-0.007827788649706457,ACCEPTED,-0.007827788649706457,273,0,3dd77c68f3f29601b59d09853a70977bfab15f3fba3edeca6737f75ef9d7bcc0,9f7ee99454374db02824b5c9d52e2da89fca30232bc291ddb1f48ef6db84b6c0,2ee46c732cbd9a2d9496fe9e4763efb9a1ab85568c9ae6e0d0e121bc4adb4265,164142652bf5b3032f4e1a8ee54fe2817a3f3b5130635cf04fb641a6e819211d
2026-09-30,THEME,THEME:880946,sector_rs5,-0.04321907600596131,ACCEPTED,-0.04321907600596131,273,0,3dd77c68f3f29601b59d09853a70977bfab15f3fba3edeca6737f75ef9d7bcc0,9f7ee99454374db02824b5c9d52e2da89fca30232bc291ddb1f48ef6db84b6c0,2ee46c732cbd9a2d9496fe9e4763efb9a1ab85568c9ae6e0d0e121bc4adb4265,164142652bf5b3032f4e1a8ee54fe2817a3f3b5130635cf04fb641a6e819211d
2026-09-30,THEME,THEME:880946,sector_rs20,-0.06372455773254715,ACCEPTED,-0.06372455773254715,273,0,3dd77c68f3f29601b59d09853a70977bfab15f3fba3edeca6737f75ef9d7bcc0,9f7ee99454374db02824b5c9d52e2da89fca30232bc291ddb1f48ef6db84b6c0,2ee46c732cbd9a2d9496fe9e4763efb9a1ab85568c9ae6e0d0e121bc4adb4265,164142652bf5b3032f4e1a8ee54fe2817a3f3b5130635cf04fb641a6e819211d
2026-09-30,THEME,THEME:880946,breadth_ret1,0.28413284132841327,ACCEPTED,0.28413284132841327,273,271,3dd77c68f3f29601b59d09853a70977bfab15f3fba3edeca6737f75ef9d7bcc0,9f7ee99454374db02824b5c9d52e2da89fca30232bc291ddb1f48ef6db84b6c0,2ee46c732cbd9a2d9496fe9e4763efb9a1ab85568c9ae6e0d0e121bc4adb4265,164142652bf5b3032f4e1a8ee54fe2817a3f3b5130635cf04fb641a6e819211d
2026-09-30,THEME,THEME:880946,breadth_ret5,0.11070110701107011,ACCEPTED,0.11070110701107011,273,271,3dd77c68f3f29601b59d09853a70977bfab15f3fba3edeca6737f75ef9d7bcc0,9f7ee99454374db02824b5c9d52e2da89fca30232bc291ddb1f48ef6db84b6c0,2ee46c732cbd9a2d9496fe9e4763efb9a1ab85568c9ae6e0d0e121bc4adb4265,164142652bf5b3032f4e1a8ee54fe2817a3f3b5130635cf04fb641a6e819211d
2026-09-30,THEME,THEME:880946,breadth_ret20,0.18450184501845018,ACCEPTED,0.18450184501845018,273,271,3dd77c68f3f29601b59d09853a70977bfab15f3fba3edeca6737f75ef9d7bcc0,9f7ee99454374db02824b5c9d52e2da89fca30232bc291ddb1f48ef6db84b6c0,2ee46c732cbd9a2d9496fe9e4763efb9a1ab85568c9ae6e0d0e121bc4adb4265,164142652bf5b3032f4e1a8ee54fe2817a3f3b5130635cf04fb641a6e819211d
2026-09-30,THEME,THEME:880946,ma20_width,0.25461254612546125,ACCEPTED,0.25461254612546125,273,271,3dd77c68f3f29601b59d09853a70977bfab15f3fba3edeca6737f75ef9d7bcc0,9f7ee99454374db02824b5c9d52e2da89fca30232bc291ddb1f48ef6db84b6c0,2ee46c732cbd9a2d9496fe9e4763efb9a1ab85568c9ae6e0d0e121bc4adb4265,164142652bf5b3032f4e1a8ee54fe2817a3f3b5130635cf04fb641a6e819211d
2026-09-30,THEME,THEME:880948,sector_rs1,-0.006246409124040675,ACCEPTED,-0.006246409124040675,1036,0,3dd77c68f3f29601b59d09853a70977bfab15f3fba3edeca6737f75ef9d7bcc0,9f7ee99454374db02824b5c9d52e2da89fca30232bc291ddb1f48ef6db84b6c0,2ee46c732cbd9a2d9496fe9e4763efb9a1ab85568c9ae6e0d0e121bc4adb4265,164142652bf5b3032f4e1a8ee54fe2817a3f3b5130635cf04fb641a6e819211d
2026-09-30,THEME,THEME:880948,sector_rs5,-0.03568564554931841,ACCEPTED,-0.03568564554931841,1036,0,3dd77c68f3f29601b59d09853a70977bfab15f3fba3edeca6737f75ef9d7bcc0,9f7ee99454374db02824b5c9d52e2da89fca30232bc291ddb1f48ef6db84b6c0,2ee46c732cbd9a2d9496fe9e4763efb9a1ab85568c9ae6e0d0e121bc4adb4265,164142652bf5b3032f4e1a8ee54fe2817a3f3b5130635cf04fb641a6e819211d
2026-09-30,THEME,THEME:880948,sector_rs20,-0.04165207631874307,ACCEPTED,-0.04165207631874307,1036,0,3dd77c68f3f29601b59d09853a70977bfab15f3fba3edeca6737f75ef9d7bcc0,9f7ee99454374db02824b5c9d52e2da89fca30232bc291ddb1f48ef6db84b6c0,2ee46c732cbd9a2d9496fe9e4763efb9a1ab85568c9ae6e0d0e121bc4adb4265,164142652bf5b3032f4e1a8ee54fe2817a3f3b5130635cf04fb641a6e819211d
2026-09-30,THEME,THEME:880948,breadth_ret1,0.35145631067961164,ACCEPTED,0.35145631067961164,1036,1030,3dd77c68f3f29601b59d09853a70977bfab15f3fba3edeca6737f75ef9d7bcc0,9f7ee99454374db02824b5c9d52e2da89fca30232bc291ddb1f48ef6db84b6c0,2ee46c732cbd9a2d9496fe9e4763efb9a1ab85568c9ae6e0d0e121bc4adb4265,164142652bf5b3032f4e1a8ee54fe2817a3f3b5130635cf04fb641a6e819211d
2026-09-30,THEME,THEME:880948,breadth_ret5,0.18331716779825413,ACCEPTED,0.18331716779825413,1036,1031,3dd77c68f3f29601b59d09853a70977bfab15f3fba3edeca6737f75ef9d7bcc0,9f7ee99454374db02824b5c9d52e2da89fca30232bc291ddb1f48ef6db84b6c0,2ee46c732cbd9a2d9496fe9e4763efb9a1ab85568c9ae6e0d0e121bc4adb4265,164142652bf5b3032f4e1a8ee54fe2817a3f3b5130635cf04fb641a6e819211d
2026-09-30,THEME,THEME:880948,breadth_ret20,0.26407766990291265,ACCEPTED,0.26407766990291265,1036,1030,3dd77c68f3f29601b59d09853a70977bfab15f3fba3edeca6737f75ef9d7bcc0,9f7ee99454374db02824b5c9d52e2da89fca30232bc291ddb1f48ef6db84b6c0,2ee46c732cbd9a2d9496fe9e4763efb9a1ab85568c9ae6e0d0e121bc4adb4265,164142652bf5b3032f4e1a8ee54fe2817a3f3b5130635cf04fb641a6e819211d
2026-09-30,THEME,THEME:880948,ma20_width,0.3488372093023256,ACCEPTED,0.3488372093023256,1036,1032,3dd77c68f3f29601b59d09853a70977bfab15f3fba3edeca6737f75ef9d7bcc0,9f7ee99454374db02824b5c9d52e2da89fca30232bc291ddb1f48ef6db84b6c0,2ee46c732cbd9a2d9496fe9e4763efb9a1ab85568c9ae6e0d0e121bc4adb4265,164142652bf5b3032f4e1a8ee54fe2817a3f3b5130635cf04fb641a6e819211d
2026-09-30,THEME,THEME:880949,sector_rs1,-0.009057971014492683,ACCEPTED,-0.009057971014492683,368,0,3dd77c68f3f29601b59d09853a70977bfab15f3fba3edeca6737f75ef9d7bcc0,9f7ee99454374db02824b5c9d52e2da89fca30232bc291ddb1f48ef6db84b6c0,2ee46c732cbd9a2d9496fe9e4763efb9a1ab85568c9ae6e0d0e121bc4adb4265,164142652bf5b3032f4e1a8ee54fe2817a3f3b5130635cf04fb641a6e819211d
2026-09-30,THEME,THEME:880949,sector_rs5,-0.03587161736941469,ACCEPTED,-0.03587161736941469,368,0,3dd77c68f3f29601b59d09853a70977bfab15f3fba3edeca6737f75ef9d7bcc0,9f7ee99454374db02824b5c9d52e2da89fca30232bc291ddb1f48ef6db84b6c0,2ee46c732cbd9a2d9496fe9e4763efb9a1ab85568c9ae6e0d0e121bc4adb4265,164142652bf5b3032f4e1a8ee54fe2817a3f3b5130635cf04fb641a6e819211d
2026-09-30,THEME,THEME:880949,sector_rs20,-0.0449438202247191,ACCEPTED,-0.0449438202247191,368,0,3dd77c68f3f29601b59d09853a70977bfab15f3fba3edeca6737f75ef9d7bcc0,9f7ee99454374db02824b5c9d52e2da89fca30232bc291ddb1f48ef6db84b6c0,2ee46c732cbd9a2d9496fe9e4763efb9a1ab85568c9ae6e0d0e121bc4adb4265,164142652bf5b3032f4e1a8ee54fe2817a3f3b5130635cf04fb641a6e819211d
2026-09-30,THEME,THEME:880949,breadth_ret1,0.27945205479452057,ACCEPTED,0.27945205479452057,368,365,3dd77c68f3f29601b59d09853a70977bfab15f3fba3edeca6737f75ef9d7bcc0,9f7ee99454374db02824b5c9d52e2da89fca30232bc291ddb1f48ef6db84b6c0,2ee46c732cbd9a2d9496fe9e4763efb9a1ab85568c9ae6e0d0e121bc4adb4265,164142652bf5b3032f4e1a8ee54fe2817a3f3b5130635cf04fb641a6e819211d
2026-09-30,THEME,THEME:880949,breadth_ret5,0.19452054794520549,ACCEPTED,0.19452054794520549,368,365,3dd77c68f3f29601b59d09853a70977bfab15f3fba3edeca6737f75ef9d7bcc0,9f7ee99454374db02824b5c9d52e2da89fca30232bc291ddb1f48ef6db84b6c0,2ee46c732cbd9a2d9496fe9e4763efb9a1ab85568c9ae6e0d0e121bc4adb4265,164142652bf5b3032f4e1a8ee54fe2817a3f3b5130635cf04fb641a6e819211d
2026-09-30,THEME,THEME:880949,breadth_ret20,0.23835616438356164,ACCEPTED,0.23835616438356164,368,365,3dd77c68f3f29601b59d09853a70977bfab15f3fba3edeca6737f75ef9d7bcc0,9f7ee99454374db02824b5c9d52e2da89fca30232bc291ddb1f48ef6db84b6c0,2ee46c732cbd9a2d9496fe9e4763efb9a1ab85568c9ae6e0d0e121bc4adb4265,164142652bf5b3032f4e1a8ee54fe2817a3f3b5130635cf04fb641a6e819211d
2026-09-30,THEME,THEME:880949,ma20_width,0.31420765027322406,ACCEPTED,0.31420765027322406,368,366,3dd77c68f3f29601b59d09853a70977bfab15f3fba3edeca6737f75ef9d7bcc0,9f7ee99454374db02824b5c9d52e2da89fca30232bc291ddb1f48ef6db84b6c0,2ee46c732cbd9a2d9496fe9e4763efb9a1ab85568c9ae6e0d0e121bc4adb4265,164142652bf5b3032f4e1a8ee54fe2817a3f3b5130635cf04fb641a6e819211d
2026-09-30,THEME,THEME:880950,sector_rs1,-0.00702662229226142,ACCEPTED,-0.00702662229226142,187,0,3dd77c68f3f29601b59d09853a70977bfab15f3fba3edeca6737f75ef9d7bcc0,9f7ee99454374db02824b5c9d52e2da89fca30232bc291ddb1f48ef6db84b6c0,2ee46c732cbd9a2d9496fe9e4763efb9a1ab85568c9ae6e0d0e121bc4adb4265,164142652bf5b3032f4e1a8ee54fe2817a3f3b5130635cf04fb641a6e819211d
2026-09-30,THEME,THEME:880950,sector_rs5,-0.048921300516560184,ACCEPTED,-0.048921300516560184,187,0,3dd77c68f3f29601b59d09853a70977bfab15f3fba3edeca6737f75ef9d7bcc0,9f7ee99454374db02824b5c9d52e2da89fca30232bc291ddb1f48ef6db84b6c0,2ee46c732cbd9a2d9496fe9e4763efb9a1ab85568c9ae6e0d0e121bc4adb4265,164142652bf5b3032f4e1a8ee54fe2817a3f3b5130635cf04fb641a6e819211d
2026-09-30,THEME,THEME:880950,sector_rs20,-0.051393939393939325,ACCEPTED,-0.051393939393939325,187,0,3dd77c68f3f29601b59d09853a70977bfab15f3fba3edeca6737f75ef9d7bcc0,9f7ee99454374db02824b5c9d52e2da89fca30232bc291ddb1f48ef6db84b6c0,2ee46c732cbd9a2d9496fe9e4763efb9a1ab85568c9ae6e0d0e121bc4adb4265,164142652bf5b3032f4e1a8ee54fe2817a3f3b5130635cf04fb641a6e819211d
2026-09-30,THEME,THEME:880950,breadth_ret1,0.3387096774193548,ACCEPTED,0.3387096774193548,187,186,3dd77c68f3f29601b59d09853a70977bfab15f3fba3edeca6737f75ef9d7bcc0,9f7ee99454374db02824b5c9d52e2da89fca30232bc291ddb1f48ef6db84b6c0,2ee46c732cbd9a2d9496fe9e4763efb9a1ab85568c9ae6e0d0e121bc4adb4265,164142652bf5b3032f4e1a8ee54fe2817a3f3b5130635cf04fb641a6e819211d
2026-09-30,THEME,THEME:880950,breadth_ret5,0.06951871657754011,ACCEPTED,0.06951871657754011,187,187,3dd77c68f3f29601b59d09853a70977bfab15f3fba3edeca6737f75ef9d7bcc0,9f7ee99454374db02824b5c9d52e2da89fca30232bc291ddb1f48ef6db84b6c0,2ee46c732cbd9a2d9496fe9e4763efb9a1ab85568c9ae6e0d0e121bc4adb4265,164142652bf5b3032f4e1a8ee54fe2817a3f3b5130635cf04fb641a6e819211d
2026-09-30,THEME,THEME:880950,breadth_ret20,0.20855614973262032,ACCEPTED,0.20855614973262032,187,187,3dd77c68f3f29601b59d09853a70977bfab15f3fba3edeca6737f75ef9d7bcc0,9f7ee99454374db02824b5c9d52e2da89fca30232bc291ddb1f48ef6db84b6c0,2ee46c732cbd9a2d9496fe9e4763efb9a1ab85568c9ae6e0d0e121bc4adb4265,164142652bf5b3032f4e1a8ee54fe2817a3f3b5130635cf04fb641a6e819211d
2026-09-30,THEME,THEME:880950,ma20_width,0.18181818181818182,ACCEPTED,0.18181818181818182,187,187,3dd77c68f3f29601b59d09853a70977bfab15f3fba3edeca6737f75ef9d7bcc0,9f7ee99454374db02824b5c9d52e2da89fca30232bc291ddb1f48ef6db84b6c0,2ee46c732cbd9a2d9496fe9e4763efb9a1ab85568c9ae6e0d0e121bc4adb4265,164142652bf5b3032f4e1a8ee54fe2817a3f3b5130635cf04fb641a6e819211d
2026-09-30,THEME,THEME:880951,sector_rs1,-0.006774041825836463,ACCEPTED,-0.006774041825836463,1024,0,3dd77c68f3f29601b59d09853a70977bfab15f3fba3edeca6737f75ef9d7bcc0,9f7ee99454374db02824b5c9d52e2da89fca30232bc291ddb1f48ef6db84b6c0,2ee46c732cbd9a2d9496fe9e4763efb9a1ab85568c9ae6e0d0e121bc4adb4265,164142652bf5b3032f4e1a8ee54fe2817a3f3b5130635cf04fb641a6e819211d
2026-09-30,THEME,THEME:880951,sector_rs5,-0.03896401558560625,ACCEPTED,-0.03896401558560625,1024,0,3dd77c68f3f29601b59d09853a70977bfab15f3fba3edeca6737f75ef9d7bcc0,9f7ee99454374db02824b5c9d52e2da89fca30232bc291ddb1f48ef6db84b6c0,2ee46c732cbd9a2d9496fe9e4763efb9a1ab85568c9ae6e0d0e121bc4adb4265,164142652bf5b3032f4e1a8ee54fe2817a3f3b5130635cf04fb641a6e819211d
2026-09-30,THEME,THEME:880951,sector_rs20,-0.04456404942819869,ACCEPTED,-0.04456404942819869,1024,0,3dd77c68f3f29601b59d09853a70977bfab15f3fba3edeca6737f75ef9d7bcc0,9f7ee99454374db02824b5c9d52e2da89fca30232bc291ddb1f48ef6db84b6c0,2ee46c732cbd9a2d9496fe9e4763efb9a1ab85568c9ae6e0d0e121bc4adb4265,164142652bf5b3032f4e1a8ee54fe2817a3f3b5130635cf04fb641a6e819211d
2026-09-30,THEME,THEME:880951,breadth_ret1,0.34215686274509804,ACCEPTED,0.34215686274509804,1024,1020,3dd77c68f3f29601b59d09853a70977bfab15f3fba3edeca6737f75ef9d7bcc0,9f7ee99454374db02824b5c9d52e2da89fca30232bc291ddb1f48ef6db84b6c0,2ee46c732cbd9a2d9496fe9e4763efb9a1ab85568c9ae6e0d0e121bc4adb4265,164142652bf5b3032f4e1a8ee54fe2817a3f3b5130635cf04fb641a6e819211d
2026-09-30,THEME,THEME:880951,breadth_ret5,0.17075564278704614,ACCEPTED,0.17075564278704614,1024,1019,3dd77c68f3f29601b59d09853a70977bfab15f3fba3edeca6737f75ef9d7bcc0,9f7ee99454374db02824b5c9d52e2da89fca30232bc291ddb1f48ef6db84b6c0,2ee46c732cbd9a2d9496fe9e4763efb9a1ab85568c9ae6e0d0e121bc4adb4265,164142652bf5b3032f4e1a8ee54fe2817a3f3b5130635cf04fb641a6e819211d
2026-09-30,THEME,THEME:880951,breadth_ret20,0.2554027504911591,ACCEPTED,0.2554027504911591,1024,1018,3dd77c68f3f29601b59d09853a70977bfab15f3fba3edeca6737f75ef9d7bcc0,9f7ee99454374db02824b5c9d52e2da89fca30232bc291ddb1f48ef6db84b6c0,2ee46c732cbd9a2d9496fe9e4763efb9a1ab85568c9ae6e0d0e121bc4adb4265,164142652bf5b3032f4e1a8ee54fe2817a3f3b5130635cf04fb641a6e819211d
2026-09-30,THEME,THEME:880951,ma20_width,0.2718351324828263,ACCEPTED,0.2718351324828263,1024,1019,3dd77c68f3f29601b59d09853a70977bfab15f3fba3edeca6737f75ef9d7bcc0,9f7ee99454374db02824b5c9d52e2da89fca30232bc291ddb1f48ef6db84b6c0,2ee46c732cbd9a2d9496fe9e4763efb9a1ab85568c9ae6e0d0e121bc4adb4265,164142652bf5b3032f4e1a8ee54fe2817a3f3b5130635cf04fb641a6e819211d
2026-09-30,THEME,THEME:880952,sector_rs1,-0.016728624535315983,ACCEPTED,-0.016728624535315983,886,0,3dd77c68f3f29601b59d09853a70977bfab15f3fba3edeca6737f75ef9d7bcc0,9f7ee99454374db02824b5c9d52e2da89fca30232bc291ddb1f48ef6db84b6c0,2ee46c732cbd9a2d9496fe9e4763efb9a1ab85568c9ae6e0d0e121bc4adb4265,164142652bf5b3032f4e1a8ee54fe2817a3f3b5130635cf04fb641a6e819211d
2026-09-30,THEME,THEME:880952,sector_rs5,-0.06536874481728766,ACCEPTED,-0.06536874481728766,886,0,3dd77c68f3f29601b59d09853a70977bfab15f3fba3edeca6737f75ef9d7bcc0,9f7ee99454374db02824b5c9d52e2da89fca30232bc291ddb1f48ef6db84b6c0,2ee46c732cbd9a2d9496fe9e4763efb9a1ab85568c9ae6e0d0e121bc4adb4265,164142652bf5b3032f4e1a8ee54fe2817a3f3b5130635cf04fb641a6e819211d
2026-09-30,THEME,THEME:880952,sector_rs20,-0.04823889739663101,ACCEPTED,-0.04823889739663101,886,0,3dd77c68f3f29601b59d09853a70977bfab15f3fba3edeca6737f75ef9d7bcc0,9f7ee99454374db02824b5c9d52e2da89fca30232bc291ddb1f48ef6db84b6c0,2ee46c732cbd9a2d9496fe9e4763efb9a1ab85568c9ae6e0d0e121bc4adb4265,164142652bf5b3032f4e1a8ee54fe2817a3f3b5130635cf04fb641a6e819211d
2026-09-30,THEME,THEME:880952,breadth_ret1,0.19479048697621745,ACCEPTED,0.19479048697621745,886,883,3dd77c68f3f29601b59d09853a70977bfab15f3fba3edeca6737f75ef9d7bcc0,9f7ee99454374db02824b5c9d52e2da89fca30232bc291ddb1f48ef6db84b6c0,2ee46c732cbd9a2d9496fe9e4763efb9a1ab85568c9ae6e0d0e121bc4adb4265,164142652bf5b3032f4e1a8ee54fe2817a3f3b5130635cf04fb641a6e819211d
2026-09-30,THEME,THEME:880952,breadth_ret5,0.09297052154195011,ACCEPTED,0.09297052154195011,886,882,3dd77c68f3f29601b59d09853a70977bfab15f3fba3edeca6737f75ef9d7bcc0,9f7ee99454374db02824b5c9d52e2da89fca30232bc291ddb1f48ef6db84b6c0,2ee46c732cbd9a2d9496fe9e4763efb9a1ab85568c9ae6e0d0e121bc4adb4265,164142652bf5b3032f4e1a8ee54fe2817a3f3b5130635cf04fb641a6e819211d
2026-09-30,THEME,THEME:880952,breadth_ret20,0.2434584755403868,ACCEPTED,0.2434584755403868,886,879,3dd77c68f3f29601b59d09853a70977bfab15f3fba3edeca6737f75ef9d7bcc0,9f7ee99454374db02824b5c9d52e2da89fca30232bc291ddb1f48ef6db84b6c0,2ee46c732cbd9a2d9496fe9e4763efb9a1ab85568c9ae6e0d0e121bc4adb4265,164142652bf5b3032f4e1a8ee54fe2817a3f3b5130635cf04fb641a6e819211d
2026-09-30,THEME,THEME:880952,ma20_width,0.2383654937570942,ACCEPTED,0.2383654937570942,886,881,3dd77c68f3f29601b59d09853a70977bfab15f3fba3edeca6737f75ef9d7bcc0,9f7ee99454374db02824b5c9d52e2da89fca30232bc291ddb1f48ef6db84b6c0,2ee46c732cbd9a2d9496fe9e4763efb9a1ab85568c9ae6e0d0e121bc4adb4265,164142652bf5b3032f4e1a8ee54fe2817a3f3b5130635cf04fb641a6e819211d
2026-09-30,THEME,THEME:880953,sector_rs1,0.0,ACCEPTED,0.0,27,0,3dd77c68f3f29601b59d09853a70977bfab15f3fba3edeca6737f75ef9d7bcc0,9f7ee99454374db02824b5c9d52e2da89fca30232bc291ddb1f48ef6db84b6c0,2ee46c732cbd9a2d9496fe9e4763efb9a1ab85568c9ae6e0d0e121bc4adb4265,164142652bf5b3032f4e1a8ee54fe2817a3f3b5130635cf04fb641a6e819211d
2026-09-30,THEME,THEME:880953,sector_rs5,-0.017188075082811893,ACCEPTED,-0.017188075082811893,27,0,3dd77c68f3f29601b59d09853a70977bfab15f3fba3edeca6737f75ef9d7bcc0,9f7ee99454374db02824b5c9d52e2da89fca30232bc291ddb1f48ef6db84b6c0,2ee46c732cbd9a2d9496fe9e4763efb9a1ab85568c9ae6e0d0e121bc4adb4265,164142652bf5b3032f4e1a8ee54fe2817a3f3b5130635cf04fb641a6e819211d
2026-09-30,THEME,THEME:880953,sector_rs20,-0.006788516820759816,ACCEPTED,-0.006788516820759816,27,0,3dd77c68f3f29601b59d09853a70977bfab15f3fba3edeca6737f75ef9d7bcc0,9f7ee99454374db02824b5c9d52e2da89fca30232bc291ddb1f48ef6db84b6c0,2ee46c732cbd9a2d9496fe9e4763efb9a1ab85568c9ae6e0d0e121bc4adb4265,164142652bf5b3032f4e1a8ee54fe2817a3f3b5130635cf04fb641a6e819211d
2026-09-30,THEME,THEME:880953,breadth_ret1,0.46153846153846156,ACCEPTED,0.46153846153846156,27,26,3dd77c68f3f29601b59d09853a70977bfab15f3fba3edeca6737f75ef9d7bcc0,9f7ee99454374db02824b5c9d52e2da89fca30232bc291ddb1f48ef6db84b6c0,2ee46c732cbd9a2d9496fe9e4763efb9a1ab85568c9ae6e0d0e121bc4adb4265,164142652bf5b3032f4e1a8ee54fe2817a3f3b5130635cf04fb641a6e819211d
2026-09-30,THEME,THEME:880953,breadth_ret5,0.38461538461538464,ACCEPTED,0.38461538461538464,27,26,3dd77c68f3f29601b59d09853a70977bfab15f3fba3edeca6737f75ef9d7bcc0,9f7ee99454374db02824b5c9d52e2da89fca30232bc291ddb1f48ef6db84b6c0,2ee46c732cbd9a2d9496fe9e4763efb9a1ab85568c9ae6e0d0e121bc4adb4265,164142652bf5b3032f4e1a8ee54fe2817a3f3b5130635cf04fb641a6e819211d
2026-09-30,THEME,THEME:880953,breadth_ret20,0.46153846153846156,ACCEPTED,0.46153846153846156,27,26,3dd77c68f3f29601b59d09853a70977bfab15f3fba3edeca6737f75ef9d7bcc0,9f7ee99454374db02824b5c9d52e2da89fca30232bc291ddb1f48ef6db84b6c0,2ee46c732cbd9a2d9496fe9e4763efb9a1ab85568c9ae6e0d0e121bc4adb4265,164142652bf5b3032f4e1a8ee54fe2817a3f3b5130635cf04fb641a6e819211d
2026-09-30,THEME,THEME:880953,ma20_width,0.5384615384615384,ACCEPTED,0.5384615384615384,27,26,3dd77c68f3f29601b59d09853a70977bfab15f3fba3edeca6737f75ef9d7bcc0,9f7ee99454374db02824b5c9d52e2da89fca30232bc291ddb1f48ef6db84b6c0,2ee46c732cbd9a2d9496fe9e4763efb9a1ab85568c9ae6e0d0e121bc4adb4265,164142652bf5b3032f4e1a8ee54fe2817a3f3b5130635cf04fb641a6e819211d
2026-09-30,THEME,THEME:880954,sector_rs1,-0.011014508737102746,ACCEPTED,-0.011014508737102746,272,0,3dd77c68f3f29601b59d09853a70977bfab15f3fba3edeca6737f75ef9d7bcc0,9f7ee99454374db02824b5c9d52e2da89fca30232bc291ddb1f48ef6db84b6c0,2ee46c732cbd9a2d9496fe9e4763efb9a1ab85568c9ae6e0d0e121bc4adb4265,164142652bf5b3032f4e1a8ee54fe2817a3f3b5130635cf04fb641a6e819211d
2026-09-30,THEME,THEME:880954,sector_rs5,-0.044684074881758074,ACCEPTED,-0.044684074881758074,272,0,3dd77c68f3f29601b59d09853a70977bfab15f3fba3edeca6737f75ef9d7bcc0,9f7ee99454374db02824b5c9d52e2da89fca30232bc291ddb1f48ef6db84b6c0,2ee46c732cbd9a2d9496fe9e4763efb9a1ab85568c9ae6e0d0e121bc4adb4265,164142652bf5b3032f4e1a8ee54fe2817a3f3b5130635cf04fb641a6e819211d
2026-09-30,THEME,THEME:880954,sector_rs20,-0.06615606853742961,ACCEPTED,-0.06615606853742961,272,0,3dd77c68f3f29601b59d09853a70977bfab15f3fba3edeca6737f75ef9d7bcc0,9f7ee99454374db02824b5c9d52e2da89fca30232bc291ddb1f48ef6db84b6c0,2ee46c732cbd9a2d9496fe9e4763efb9a1ab85568c9ae6e0d0e121bc4adb4265,164142652bf5b3032f4e1a8ee54fe2817a3f3b5130635cf04fb641a6e819211d
2026-09-30,THEME,THEME:880954,breadth_ret1,0.24632352941176472,ACCEPTED,0.24632352941176472,272,272,3dd77c68f3f29601b59d09853a70977bfab15f3fba3edeca6737f75ef9d7bcc0,9f7ee99454374db02824b5c9d52e2da89fca30232bc291ddb1f48ef6db84b6c0,2ee46c732cbd9a2d9496fe9e4763efb9a1ab85568c9ae6e0d0e121bc4adb4265,164142652bf5b3032f4e1a8ee54fe2817a3f3b5130635cf04fb641a6e819211d
2026-09-30,THEME,THEME:880954,breadth_ret5,0.10294117647058823,ACCEPTED,0.10294117647058823,272,272,3dd77c68f3f29601b59d09853a70977bfab15f3fba3edeca6737f75ef9d7bcc0,9f7ee99454374db02824b5c9d52e2da89fca30232bc291ddb1f48ef6db84b6c0,2ee46c732cbd9a2d9496fe9e4763efb9a1ab85568c9ae6e0d0e121bc4adb4265,164142652bf5b3032f4e1a8ee54fe2817a3f3b5130635cf04fb641a6e819211d
2026-09-30,THEME,THEME:880954,breadth_ret20,0.18382352941176472,ACCEPTED,0.18382352941176472,272,272,3dd77c68f3f29601b59d09853a70977bfab15f3fba3edeca6737f75ef9d7bcc0,9f7ee99454374db02824b5c9d52e2da89fca30232bc291ddb1f48ef6db84b6c0,2ee46c732cbd9a2d9496fe9e4763efb9a1ab85568c9ae6e0d0e121bc4adb4265,164142652bf5b3032f4e1a8ee54fe2817a3f3b5130635cf04fb641a6e819211d
2026-09-30,THEME,THEME:880954,ma20_width,0.23161764705882354,ACCEPTED,0.23161764705882354,272,272,3dd77c68f3f29601b59d09853a70977bfab15f3fba3edeca6737f75ef9d7bcc0,9f7ee99454374db02824b5c9d52e2da89fca30232bc291ddb1f48ef6db84b6c0,2ee46c732cbd9a2d9496fe9e4763efb9a1ab85568c9ae6e0d0e121bc4adb4265,164142652bf5b3032f4e1a8ee54fe2817a3f3b5130635cf04fb641a6e819211d
2026-09-30,THEME,THEME:880955,sector_rs1,0.002994314835207068,ACCEPTED,0.002994314835207068,380,0,3dd77c68f3f29601b59d09853a70977bfab15f3fba3edeca6737f75ef9d7bcc0,9f7ee99454374db02824b5c9d52e2da89fca30232bc291ddb1f48ef6db84b6c0,2ee46c732cbd9a2d9496fe9e4763efb9a1ab85568c9ae6e0d0e121bc4adb4265,164142652bf5b3032f4e1a8ee54fe2817a3f3b5130635cf04fb641a6e819211d
2026-09-30,THEME,THEME:880955,sector_rs5,-0.025993883792048922,ACCEPTED,-0.025993883792048922,380,0,3dd77c68f3f29601b59d09853a70977bfab15f3fba3edeca6737f75ef9d7bcc0,9f7ee99454374db02824b5c9d52e2da89fca30232bc291ddb1f48ef6db84b6c0,2ee46c732cbd9a2d9496fe9e4763efb9a1ab85568c9ae6e0d0e121bc4adb4265,164142652bf5b3032f4e1a8ee54fe2817a3f3b5130635cf04fb641a6e819211d
2026-09-30,THEME,THEME:880955,sector_rs20,-0.04862908417304934,ACCEPTED,-0.04862908417304934,380,0,3dd77c68f3f29601b59d09853a70977bfab15f3fba3edeca6737f75ef9d7bcc0,9f7ee99454374db02824b5c9d52e2da89fca30232bc291ddb1f48ef6db84b6c0,2ee46c732cbd9a2d9496fe9e4763efb9a1ab85568c9ae6e0d0e121bc4adb4265,164142652bf5b3032f4e1a8ee54fe2817a3f3b5130635cf04fb641a6e819211d
2026-09-30,THEME,THEME:880955,breadth_ret1,0.550531914893617,ACCEPTED,0.550531914893617,380,376,3dd77c68f3f29601b59d09853a70977bfab15f3fba3edeca6737f75ef9d7bcc0,9f7ee99454374db02824b5c9d52e2da89fca30232bc291ddb1f48ef6db84b6c0,2ee46c732cbd9a2d9496fe9e4763efb9a1ab85568c9ae6e0d0e121bc4adb4265,164142652bf5b3032f4e1a8ee54fe2817a3f3b5130635cf04fb641a6e819211d
2026-09-30,THEME,THEME:880955,breadth_ret5,0.216,ACCEPTED,0.216,380,375,3dd77c68f3f29601b59d09853a70977bfab15f3fba3edeca6737f75ef9d7bcc0,9f7ee99454374db02824b5c9d52e2da89fca30232bc291ddb1f48ef6db84b6c0,2ee46c732cbd9a2d9496fe9e4763efb9a1ab85568c9ae6e0d0e121bc4adb4265,164142652bf5b3032f4e1a8ee54fe2817a3f3b5130635cf04fb641a6e819211d
2026-09-30,THEME,THEME:880955,breadth_ret20,0.1622340425531915,ACCEPTED,0.1622340425531915,380,376,3dd77c68f3f29601b59d09853a70977bfab15f3fba3edeca6737f75ef9d7bcc0,9f7ee99454374db02824b5c9d52e2da89fca30232bc291ddb1f48ef6db84b6c0,2ee46c732cbd9a2d9496fe9e4763efb9a1ab85568c9ae6e0d0e121bc4adb4265,164142652bf5b3032f4e1a8ee54fe2817a3f3b5130635cf04fb641a6e819211d
2026-09-30,THEME,THEME:880955,ma20_width,0.2393617021276596,ACCEPTED,0.2393617021276596,380,376,3dd77c68f3f29601b59d09853a70977bfab15f3fba3edeca6737f75ef9d7bcc0,9f7ee99454374db02824b5c9d52e2da89fca30232bc291ddb1f48ef6db84b6c0,2ee46c732cbd9a2d9496fe9e4763efb9a1ab85568c9ae6e0d0e121bc4adb4265,164142652bf5b3032f4e1a8ee54fe2817a3f3b5130635cf04fb641a6e819211d
2026-09-30,THEME,THEME:880956,sector_rs1,-0.011083743842364546,ACCEPTED,-0.011083743842364546,298,0,3dd77c68f3f29601b59d09853a70977bfab15f3fba3edeca6737f75ef9d7bcc0,9f7ee99454374db02824b5c9d52e2da89fca30232bc291ddb1f48ef6db84b6c0,2ee46c732cbd9a2d9496fe9e4763efb9a1ab85568c9ae6e0d0e121bc4adb4265,164142652bf5b3032f4e1a8ee54fe2817a3f3b5130635cf04fb641a6e819211d
2026-09-30,THEME,THEME:880956,sector_rs5,-0.04432989690721645,ACCEPTED,-0.04432989690721645,298,0,3dd77c68f3f29601b59d09853a70977bfab15f3fba3edeca6737f75ef9d7bcc0,9f7ee99454374db02824b5c9d52e2da89fca30232bc291ddb1f48ef6db84b6c0,2ee46c732cbd9a2d9496fe9e4763efb9a1ab85568c9ae6e0d0e121bc4adb4265,164142652bf5b3032f4e1a8ee54fe2817a3f3b5130635cf04fb641a6e819211d
2026-09-30,THEME,THEME:880956,sector_rs20,-0.0560297632735382,ACCEPTED,-0.0560297632735382,298,0,3dd77c68f3f29601b59d09853a70977bfab15f3fba3edeca6737f75ef9d7bcc0,9f7ee99454374db02824b5c9d52e2da89fca30232bc291ddb1f48ef6db84b6c0,2ee46c732cbd9a2d9496fe9e4763efb9a1ab85568c9ae6e0d0e121bc4adb4265,164142652bf5b3032f4e1a8ee54fe2817a3f3b5130635cf04fb641a6e819211d
2026-09-30,THEME,THEME:880956,breadth_ret1,0.24242424242424243,ACCEPTED,0.24242424242424243,298,297,3dd77c68f3f29601b59d09853a70977bfab15f3fba3edeca6737f75ef9d7bcc0,9f7ee99454374db02824b5c9d52e2da89fca30232bc291ddb1f48ef6db84b6c0,2ee46c732cbd9a2d9496fe9e4763efb9a1ab85568c9ae6e0d0e121bc4adb4265,164142652bf5b3032f4e1a8ee54fe2817a3f3b5130635cf04fb641a6e819211d
2026-09-30,THEME,THEME:880956,breadth_ret5,0.13804713804713806,ACCEPTED,0.13804713804713806,298,297,3dd77c68f3f29601b59d09853a70977bfab15f3fba3edeca6737f75ef9d7bcc0,9f7ee99454374db02824b5c9d52e2da89fca30232bc291ddb1f48ef6db84b6c0,2ee46c732cbd9a2d9496fe9e4763efb9a1ab85568c9ae6e0d0e121bc4adb4265,164142652bf5b3032f4e1a8ee54fe2817a3f3b5130635cf04fb641a6e819211d
2026-09-30,THEME,THEME:880956,breadth_ret20,0.22635135135135134,ACCEPTED,0.22635135135135134,298,296,3dd77c68f3f29601b59d09853a70977bfab15f3fba3edeca6737f75ef9d7bcc0,9f7ee99454374db02824b5c9d52e2da89fca30232bc291ddb1f48ef6db84b6c0,2ee46c732cbd9a2d9496fe9e4763efb9a1ab85568c9ae6e0d0e121bc4adb4265,164142652bf5b3032f4e1a8ee54fe2817a3f3b5130635cf04fb641a6e819211d
2026-09-30,THEME,THEME:880956,ma20_width,0.30067567567567566,ACCEPTED,0.30067567567567566,298,296,3dd77c68f3f29601b59d09853a70977bfab15f3fba3edeca6737f75ef9d7bcc0,9f7ee99454374db02824b5c9d52e2da89fca30232bc291ddb1f48ef6db84b6c0,2ee46c732cbd9a2d9496fe9e4763efb9a1ab85568c9ae6e0d0e121bc4adb4265,164142652bf5b3032f4e1a8ee54fe2817a3f3b5130635cf04fb641a6e819211d
2026-09-30,THEME,THEME:880957,sector_rs1,-0.005868931714567149,ACCEPTED,-0.005868931714567149,367,0,3dd77c68f3f29601b59d09853a70977bfab15f3fba3edeca6737f75ef9d7bcc0,9f7ee99454374db02824b5c9d52e2da89fca30232bc291ddb1f48ef6db84b6c0,2ee46c732cbd9a2d9496fe9e4763efb9a1ab85568c9ae6e0d0e121bc4adb4265,164142652bf5b3032f4e1a8ee54fe2817a3f3b5130635cf04fb641a6e819211d
2026-09-30,THEME,THEME:880957,sector_rs5,-0.03526015902156976,ACCEPTED,-0.03526015902156976,367,0,3dd77c68f3f29601b59d09853a70977bfab15f3fba3edeca6737f75ef9d7bcc0,9f7ee99454374db02824b5c9d52e2da89fca30232bc291ddb1f48ef6db84b6c0,2ee46c732cbd9a2d9496fe9e4763efb9a1ab85568c9ae6e0d0e121bc4adb4265,164142652bf5b3032f4e1a8ee54fe2817a3f3b5130635cf04fb641a6e819211d
2026-09-30,THEME,THEME:880957,sector_rs20,-0.0469537815126051,ACCEPTED,-0.0469537815126051,367,0,3dd77c68f3f29601b59d09853a70977bfab15f3fba3edeca6737f75ef9d7bcc0,9f7ee99454374db02824b5c9d52e2da89fca30232bc291ddb1f48ef6db84b6c0,2ee46c732cbd9a2d9496fe9e4763efb9a1ab85568c9ae6e0d0e121bc4adb4265,164142652bf5b3032f4e1a8ee54fe2817a3f3b5130635cf04fb641a6e819211d
2026-09-30,THEME,THEME:880957,breadth_ret1,0.3743169398907104,ACCEPTED,0.3743169398907104,367,366,3dd77c68f3f29601b59d09853a70977bfab15f3fba3edeca6737f75ef9d7bcc0,9f7ee99454374db02824b5c9d52e2da89fca30232bc291ddb1f48ef6db84b6c0,2ee46c732cbd9a2d9496fe9e4763efb9a1ab85568c9ae6e0d0e121bc4adb4265,164142652bf5b3032f4e1a8ee54fe2817a3f3b5130635cf04fb641a6e819211d
2026-09-30,THEME,THEME:880957,breadth_ret5,0.17759562841530055,ACCEPTED,0.17759562841530055,367,366,3dd77c68f3f29601b59d09853a70977bfab15f3fba3edeca6737f75ef9d7bcc0,9f7ee99454374db02824b5c9d52e2da89fca30232bc291ddb1f48ef6db84b6c0,2ee46c732cbd9a2d9496fe9e4763efb9a1ab85568c9ae6e0d0e121bc4adb4265,164142652bf5b3032f4e1a8ee54fe2817a3f3b5130635cf04fb641a6e819211d
2026-09-30,THEME,THEME:880957,breadth_ret20,0.1885245901639344,ACCEPTED,0.1885245901639344,367,366,3dd77c68f3f29601b59d09853a70977bfab15f3fba3edeca6737f75ef9d7bcc0,9f7ee99454374db02824b5c9d52e2da89fca30232bc291ddb1f48ef6db84b6c0,2ee46c732cbd9a2d9496fe9e4763efb9a1ab85568c9ae6e0d0e121bc4adb4265,164142652bf5b3032f4e1a8ee54fe2817a3f3b5130635cf04fb641a6e819211d
2026-09-30,THEME,THEME:880957,ma20_width,0.27049180327868855,ACCEPTED,0.27049180327868855,367,366,3dd77c68f3f29601b59d09853a70977bfab15f3fba3edeca6737f75ef9d7bcc0,9f7ee99454374db02824b5c9d52e2da89fca30232bc291ddb1f48ef6db84b6c0,2ee46c732cbd9a2d9496fe9e4763efb9a1ab85568c9ae6e0d0e121bc4adb4265,164142652bf5b3032f4e1a8ee54fe2817a3f3b5130635cf04fb641a6e819211d
2026-09-30,THEME,THEME:880958,sector_rs1,-0.019239322360199818,ACCEPTED,-0.019239322360199818,44,0,3dd77c68f3f29601b59d09853a70977bfab15f3fba3edeca6737f75ef9d7bcc0,9f7ee99454374db02824b5c9d52e2da89fca30232bc291ddb1f48ef6db84b6c0,2ee46c732cbd9a2d9496fe9e4763efb9a1ab85568c9ae6e0d0e121bc4adb4265,164142652bf5b3032f4e1a8ee54fe2817a3f3b5130635cf04fb641a6e819211d
2026-09-30,THEME,THEME:880958,sector_rs5,-0.06380559521920781,ACCEPTED,-0.06380559521920781,44,0,3dd77c68f3f29601b59d09853a70977bfab15f3fba3edeca6737f75ef9d7bcc0,9f7ee99454374db02824b5c9d52e2da89fca30232bc291ddb1f48ef6db84b6c0,2ee46c732cbd9a2d9496fe9e4763efb9a1ab85568c9ae6e0d0e121bc4adb4265,164142652bf5b3032f4e1a8ee54fe2817a3f3b5130635cf04fb641a6e819211d
2026-09-30,THEME,THEME:880958,sector_rs20,-0.08315585527402708,ACCEPTED,-0.08315585527402708,44,0,3dd77c68f3f29601b59d09853a70977bfab15f3fba3edeca6737f75ef9d7bcc0,9f7ee99454374db02824b5c9d52e2da89fca30232bc291ddb1f48ef6db84b6c0,2ee46c732cbd9a2d9496fe9e4763efb9a1ab85568c9ae6e0d0e121bc4adb4265,164142652bf5b3032f4e1a8ee54fe2817a3f3b5130635cf04fb641a6e819211d
2026-09-30,THEME,THEME:880958,breadth_ret1,0.06818181818181818,ACCEPTED,0.06818181818181818,44,44,3dd77c68f3f29601b59d09853a70977bfab15f3fba3edeca6737f75ef9d7bcc0,9f7ee99454374db02824b5c9d52e2da89fca30232bc291ddb1f48ef6db84b6c0,2ee46c732cbd9a2d9496fe9e4763efb9a1ab85568c9ae6e0d0e121bc4adb4265,164142652bf5b3032f4e1a8ee54fe2817a3f3b5130635cf04fb641a6e819211d
2026-09-30,THEME,THEME:880958,breadth_ret5,0.0,ACCEPTED,0.0,44,44,3dd77c68f3f29601b59d09853a70977bfab15f3fba3edeca6737f75ef9d7bcc0,9f7ee99454374db02824b5c9d52e2da89fca30232bc291ddb1f48ef6db84b6c0,2ee46c732cbd9a2d9496fe9e4763efb9a1ab85568c9ae6e0d0e121bc4adb4265,164142652bf5b3032f4e1a8ee54fe2817a3f3b5130635cf04fb641a6e819211d
2026-09-30,THEME,THEME:880958,breadth_ret20,0.045454545454545456,ACCEPTED,0.045454545454545456,44,44,3dd77c68f3f29601b59d09853a70977bfab15f3fba3edeca6737f75ef9d7bcc0,9f7ee99454374db02824b5c9d52e2da89fca30232bc291ddb1f48ef6db84b6c0,2ee46c732cbd9a2d9496fe9e4763efb9a1ab85568c9ae6e0d0e121bc4adb4265,164142652bf5b3032f4e1a8ee54fe2817a3f3b5130635cf04fb641a6e819211d
2026-09-30,THEME,THEME:880958,ma20_width,0.18181818181818182,ACCEPTED,0.18181818181818182,44,44,3dd77c68f3f29601b59d09853a70977bfab15f3fba3edeca6737f75ef9d7bcc0,9f7ee99454374db02824b5c9d52e2da89fca30232bc291ddb1f48ef6db84b6c0,2ee46c732cbd9a2d9496fe9e4763efb9a1ab85568c9ae6e0d0e121bc4adb4265,164142652bf5b3032f4e1a8ee54fe2817a3f3b5130635cf04fb641a6e819211d
2026-09-30,THEME,THEME:880959,sector_rs1,-0.008408408408408174,ACCEPTED,-0.008408408408408174,49,0,3dd77c68f3f29601b59d09853a70977bfab15f3fba3edeca6737f75ef9d7bcc0,9f7ee99454374db02824b5c9d52e2da89fca30232bc291ddb1f48ef6db84b6c0,2ee46c732cbd9a2d9496fe9e4763efb9a1ab85568c9ae6e0d0e121bc4adb4265,164142652bf5b3032f4e1a8ee54fe2817a3f3b5130635cf04fb641a6e819211d
2026-09-30,THEME,THEME:880959,sector_rs5,-0.026898734177215222,ACCEPTED,-0.026898734177215222,49,0,3dd77c68f3f29601b59d09853a70977bfab15f3fba3edeca6737f75ef9d7bcc0,9f7ee99454374db02824b5c9d52e2da89fca30232bc291ddb1f48ef6db84b6c0,2ee46c732cbd9a2d9496fe9e4763efb9a1ab85568c9ae6e0d0e121bc4adb4265,164142652bf5b3032f4e1a8ee54fe2817a3f3b5130635cf04fb641a6e819211d
2026-09-30,THEME,THEME:880959,sector_rs20,-0.014789533560864543,ACCEPTED,-0.014789533560864543,49,0,3dd77c68f3f29601b59d09853a70977bfab15f3fba3edeca6737f75ef9d7bcc0,9f7ee99454374db02824b5c9d52e2da89fca30232bc291ddb1f48ef6db84b6c0,2ee46c732cbd9a2d9496fe9e4763efb9a1ab85568c9ae6e0d0e121bc4adb4265,164142652bf5b3032f4e1a8ee54fe2817a3f3b5130635cf04fb641a6e819211d
2026-09-30,THEME,THEME:880959,breadth_ret1,0.2857142857142857,ACCEPTED,0.2857142857142857,49,49,3dd77c68f3f29601b59d09853a70977bfab15f3fba3edeca6737f75ef9d7bcc0,9f7ee99454374db02824b5c9d52e2da89fca30232bc291ddb1f48ef6db84b6c0,2ee46c732cbd9a2d9496fe9e4763efb9a1ab85568c9ae6e0d0e121bc4adb4265,164142652bf5b3032f4e1a8ee54fe2817a3f3b5130635cf04fb641a6e819211d
2026-09-30,THEME,THEME:880959,breadth_ret5,0.1836734693877551,ACCEPTED,0.1836734693877551,49,49,3dd77c68f3f29601b59d09853a70977bfab15f3fba3edeca6737f75ef9d7bcc0,9f7ee99454374db02824b5c9d52e2da89fca30232bc291ddb1f48ef6db84b6c0,2ee46c732cbd9a2d9496fe9e4763efb9a1ab85568c9ae6e0d0e121bc4adb4265,164142652bf5b3032f4e1a8ee54fe2817a3f3b5130635cf04fb641a6e819211d
2026-09-30,THEME,THEME:880959,breadth_ret20,0.32653061224489793,ACCEPTED,0.32653061224489793,49,49,3dd77c68f3f29601b59d09853a70977bfab15f3fba3edeca6737f75ef9d7bcc0,9f7ee99454374db02824b5c9d52e2da89fca30232bc291ddb1f48ef6db84b6c0,2ee46c732cbd9a2d9496fe9e4763efb9a1ab85568c9ae6e0d0e121bc4adb4265,164142652bf5b3032f4e1a8ee54fe2817a3f3b5130635cf04fb641a6e819211d
2026-09-30,THEME,THEME:880959,ma20_width,0.46938775510204084,ACCEPTED,0.46938775510204084,49,49,3dd77c68f3f29601b59d09853a70977bfab15f3fba3edeca6737f75ef9d7bcc0,9f7ee99454374db02824b5c9d52e2da89fca30232bc291ddb1f48ef6db84b6c0,2ee46c732cbd9a2d9496fe9e4763efb9a1ab85568c9ae6e0d0e121bc4adb4265,164142652bf5b3032f4e1a8ee54fe2817a3f3b5130635cf04fb641a6e819211d
2026-09-30,THEME,THEME:880960,sector_rs1,0.01809972701401974,ACCEPTED,0.01809972701401974,73,0,3dd77c68f3f29601b59d09853a70977bfab15f3fba3edeca6737f75ef9d7bcc0,9f7ee99454374db02824b5c9d52e2da89fca30232bc291ddb1f48ef6db84b6c0,2ee46c732cbd9a2d9496fe9e4763efb9a1ab85568c9ae6e0d0e121bc4adb4265,164142652bf5b3032f4e1a8ee54fe2817a3f3b5130635cf04fb641a6e819211d
2026-09-30,THEME,THEME:880960,sector_rs5,-0.01265266731006015,ACCEPTED,-0.01265266731006015,73,0,3dd77c68f3f29601b59d09853a70977bfab15f3fba3edeca6737f75ef9d7bcc0,9f7ee99454374db02824b5c9d52e2da89fca30232bc291ddb1f48ef6db84b6c0,2ee46c732cbd9a2d9496fe9e4763efb9a1ab85568c9ae6e0d0e121bc4adb4265,164142652bf5b3032f4e1a8ee54fe2817a3f3b5130635cf04fb641a6e819211d
2026-09-30,THEME,THEME:880960,sector_rs20,-0.01783073444600758,ACCEPTED,-0.01783073444600758,73,0,3dd77c68f3f29601b59d09853a70977bfab15f3fba3edeca6737f75ef9d7bcc0,9f7ee99454374db02824b5c9d52e2da89fca30232bc291ddb1f48ef6db84b6c0,2ee46c732cbd9a2d9496fe9e4763efb9a1ab85568c9ae6e0d0e121bc4adb4265,164142652bf5b3032f4e1a8ee54fe2817a3f3b5130635cf04fb641a6e819211d
2026-09-30,THEME,THEME:880960,breadth_ret1,0.8611111111111112,ACCEPTED,0.8611111111111112,73,72,3dd77c68f3f29601b59d09853a70977bfab15f3fba3edeca6737f75ef9d7bcc0,9f7ee99454374db02824b5c9d52e2da89fca30232bc291ddb1f48ef6db84b6c0,2ee46c732cbd9a2d9496fe9e4763efb9a1ab85568c9ae6e0d0e121bc4adb4265,164142652bf5b3032f4e1a8ee54fe2817a3f3b5130635cf04fb641a6e819211d
2026-09-30,THEME,THEME:880960,breadth_ret5,0.375,ACCEPTED,0.375,73,72,3dd77c68f3f29601b59d09853a70977bfab15f3fba3edeca6737f75ef9d7bcc0,9f7ee99454374db02824b5c9d52e2da89fca30232bc291ddb1f48ef6db84b6c0,2ee46c732cbd9a2d9496fe9e4763efb9a1ab85568c9ae6e0d0e121bc4adb4265,164142652bf5b3032f4e1a8ee54fe2817a3f3b5130635cf04fb641a6e819211d
2026-09-30,THEME,THEME:880960,breadth_ret20,0.375,ACCEPTED,0.375,73,72,3dd77c68f3f29601b59d09853a70977bfab15f3fba3edeca6737f75ef9d7bcc0,9f7ee99454374db02824b5c9d52e2da89fca30232bc291ddb1f48ef6db84b6c0,2ee46c732cbd9a2d9496fe9e4763efb9a1ab85568c9ae6e0d0e121bc4adb4265,164142652bf5b3032f4e1a8ee54fe2817a3f3b5130635cf04fb641a6e819211d
2026-09-30,THEME,THEME:880960,ma20_width,0.5833333333333334,ACCEPTED,0.5833333333333334,73,72,3dd77c68f3f29601b59d09853a70977bfab15f3fba3edeca6737f75ef9d7bcc0,9f7ee99454374db02824b5c9d52e2da89fca30232bc291ddb1f48ef6db84b6c0,2ee46c732cbd9a2d9496fe9e4763efb9a1ab85568c9ae6e0d0e121bc4adb4265,164142652bf5b3032f4e1a8ee54fe2817a3f3b5130635cf04fb641a6e819211d
2026-09-30,THEME,THEME:880961,sector_rs1,-0.013670256835128458,ACCEPTED,-0.013670256835128458,333,0,3dd77c68f3f29601b59d09853a70977bfab15f3fba3edeca6737f75ef9d7bcc0,9f7ee99454374db02824b5c9d52e2da89fca30232bc291ddb1f48ef6db84b6c0,2ee46c732cbd9a2d9496fe9e4763efb9a1ab85568c9ae6e0d0e121bc4adb4265,164142652bf5b3032f4e1a8ee54fe2817a3f3b5130635cf04fb641a6e819211d
2026-09-30,THEME,THEME:880961,sector_rs5,-0.05327967096049763,ACCEPTED,-0.05327967096049763,333,0,3dd77c68f3f29601b59d09853a70977bfab15f3fba3edeca6737f75ef9d7bcc0,9f7ee99454374db02824b5c9d52e2da89fca30232bc291ddb1f48ef6db84b6c0,2ee46c732cbd9a2d9496fe9e4763efb9a1ab85568c9ae6e0d0e121bc4adb4265,164142652bf5b3032f4e1a8ee54fe2817a3f3b5130635cf04fb641a6e819211d
2026-09-30,THEME,THEME:880961,sector_rs20,-0.05288461538461542,ACCEPTED,-0.05288461538461542,333,0,3dd77c68f3f29601b59d09853a70977bfab15f3fba3edeca6737f75ef9d7bcc0,9f7ee99454374db02824b5c9d52e2da89fca30232bc291ddb1f48ef6db84b6c0,2ee46c732cbd9a2d9496fe9e4763efb9a1ab85568c9ae6e0d0e121bc4adb4265,164142652bf5b3032f4e1a8ee54fe2817a3f3b5130635cf04fb641a6e819211d
2026-09-30,THEME,THEME:880961,breadth_ret1,0.2175226586102719,ACCEPTED,0.2175226586102719,333,331,3dd77c68f3f29601b59d09853a70977bfab15f3fba3edeca6737f75ef9d7bcc0,9f7ee99454374db02824b5c9d52e2da89fca30232bc291ddb1f48ef6db84b6c0,2ee46c732cbd9a2d9496fe9e4763efb9a1ab85568c9ae6e0d0e121bc4adb4265,164142652bf5b3032f4e1a8ee54fe2817a3f3b5130635cf04fb641a6e819211d
2026-09-30,THEME,THEME:880961,breadth_ret5,0.08787878787878788,ACCEPTED,0.08787878787878788,333,330,3dd77c68f3f29601b59d09853a70977bfab15f3fba3edeca6737f75ef9d7bcc0,9f7ee99454374db02824b5c9d52e2da89fca30232bc291ddb1f48ef6db84b6c0,2ee46c732cbd9a2d9496fe9e4763efb9a1ab85568c9ae6e0d0e121bc4adb4265,164142652bf5b3032f4e1a8ee54fe2817a3f3b5130635cf04fb641a6e819211d
2026-09-30,THEME,THEME:880961,breadth_ret20,0.20241691842900303,ACCEPTED,0.20241691842900303,333,331,3dd77c68f3f29601b59d09853a70977bfab15f3fba3edeca6737f75ef9d7bcc0,9f7ee99454374db02824b5c9d52e2da89fca30232bc291ddb1f48ef6db84b6c0,2ee46c732cbd9a2d9496fe9e4763efb9a1ab85568c9ae6e0d0e121bc4adb4265,164142652bf5b3032f4e1a8ee54fe2817a3f3b5130635cf04fb641a6e819211d
2026-09-30,THEME,THEME:880961,ma20_width,0.23564954682779457,ACCEPTED,0.23564954682779457,333,331,3dd77c68f3f29601b59d09853a70977bfab15f3fba3edeca6737f75ef9d7bcc0,9f7ee99454374db02824b5c9d52e2da89fca30232bc291ddb1f48ef6db84b6c0,2ee46c732cbd9a2d9496fe9e4763efb9a1ab85568c9ae6e0d0e121bc4adb4265,164142652bf5b3032f4e1a8ee54fe2817a3f3b5130635cf04fb641a6e819211d
2026-09-30,THEME,THEME:880962,sector_rs1,-0.012390594160986979,ACCEPTED,-0.012390594160986979,223,0,3dd77c68f3f29601b59d09853a70977bfab15f3fba3edeca6737f75ef9d7bcc0,9f7ee99454374db02824b5c9d52e2da89fca30232bc291ddb1f48ef6db84b6c0,2ee46c732cbd9a2d9496fe9e4763efb9a1ab85568c9ae6e0d0e121bc4adb4265,164142652bf5b3032f4e1a8ee54fe2817a3f3b5130635cf04fb641a6e819211d
2026-09-30,THEME,THEME:880962,sector_rs5,-0.04518591052404963,ACCEPTED,-0.04518591052404963,223,0,3dd77c68f3f29601b59d09853a70977bfab15f3fba3edeca6737f75ef9d7bcc0,9f7ee99454374db02824b5c9d52e2da89fca30232bc291ddb1f48ef6db84b6c0,2ee46c732cbd9a2d9496fe9e4763efb9a1ab85568c9ae6e0d0e121bc4adb4265,164142652bf5b3032f4e1a8ee54fe2817a3f3b5130635cf04fb641a6e819211d
2026-09-30,THEME,THEME:880962,sector_rs20,-0.06165705753794076,ACCEPTED,-0.06165705753794076,223,0,3dd77c68f3f29601b59d09853a70977bfab15f3fba3edeca6737f75ef9d7bcc0,9f7ee99454374db02824b5c9d52e2da89fca30232bc291ddb1f48ef6db84b6c0,2ee46c732cbd9a2d9496fe9e4763efb9a1ab85568c9ae6e0d0e121bc4adb4265,164142652bf5b3032f4e1a8ee54fe2817a3f3b5130635cf04fb641a6e819211d
2026-09-30,THEME,THEME:880962,breadth_ret1,0.22522522522522523,ACCEPTED,0.22522522522522523,223,222,3dd77c68f3f29601b59d09853a70977bfab15f3fba3edeca6737f75ef9d7bcc0,9f7ee99454374db02824b5c9d52e2da89fca30232bc291ddb1f48ef6db84b6c0,2ee46c732cbd9a2d9496fe9e4763efb9a1ab85568c9ae6e0d0e121bc4adb4265,164142652bf5b3032f4e1a8ee54fe2817a3f3b5130635cf04fb641a6e819211d
2026-09-30,THEME,THEME:880962,breadth_ret5,0.11711711711711711,ACCEPTED,0.11711711711711711,223,222,3dd77c68f3f29601b59d09853a70977bfab15f3fba3edeca6737f75ef9d7bcc0,9f7ee99454374db02824b5c9d52e2da89fca30232bc291ddb1f48ef6db84b6c0,2ee46c732cbd9a2d9496fe9e4763efb9a1ab85568c9ae6e0d0e121bc4adb4265,164142652bf5b3032f4e1a8ee54fe2817a3f3b5130635cf04fb641a6e819211d
2026-09-30,THEME,THEME:880962,breadth_ret20,0.1891891891891892,ACCEPTED,0.1891891891891892,223,222,3dd77c68f3f29601b59d09853a70977bfab15f3fba3edeca6737f75ef9d7bcc0,9f7ee99454374db02824b5c9d52e2da89fca30232bc291ddb1f48ef6db84b6c0,2ee46c732cbd9a2d9496fe9e4763efb9a1ab85568c9ae6e0d0e121bc4adb4265,164142652bf5b3032f4e1a8ee54fe2817a3f3b5130635cf04fb641a6e819211d
2026-09-30,THEME,THEME:880962,ma20_width,0.23873873873873874,ACCEPTED,0.23873873873873874,223,222,3dd77c68f3f29601b59d09853a70977bfab15f3fba3edeca6737f75ef9d7bcc0,9f7ee99454374db02824b5c9d52e2da89fca30232bc291ddb1f48ef6db84b6c0,2ee46c732cbd9a2d9496fe9e4763efb9a1ab85568c9ae6e0d0e121bc4adb4265,164142652bf5b3032f4e1a8ee54fe2817a3f3b5130635cf04fb641a6e819211d
2026-09-30,THEME,THEME:880964,sector_rs1,-0.002828817832974617,ACCEPTED,-0.002828817832974617,124,0,3dd77c68f3f29601b59d09853a70977bfab15f3fba3edeca6737f75ef9d7bcc0,9f7ee99454374db02824b5c9d52e2da89fca30232bc291ddb1f48ef6db84b6c0,2ee46c732cbd9a2d9496fe9e4763efb9a1ab85568c9ae6e0d0e121bc4adb4265,164142652bf5b3032f4e1a8ee54fe2817a3f3b5130635cf04fb641a6e819211d
2026-09-30,THEME,THEME:880964,sector_rs5,-0.043613249132103016,ACCEPTED,-0.043613249132103016,124,0,3dd77c68f3f29601b59d09853a70977bfab15f3fba3edeca6737f75ef9d7bcc0,9f7ee99454374db02824b5c9d52e2da89fca30232bc291ddb1f48ef6db84b6c0,2ee46c732cbd9a2d9496fe9e4763efb9a1ab85568c9ae6e0d0e121bc4adb4265,164142652bf5b3032f4e1a8ee54fe2817a3f3b5130635cf04fb641a6e819211d
2026-09-30,THEME,THEME:880964,sector_rs20,-0.04891694849476069,ACCEPTED,-0.04891694849476069,124,0,3dd77c68f3f29601b59d09853a70977bfab15f3fba3edeca6737f75ef9d7bcc0,9f7ee99454374db02824b5c9d52e2da89fca30232bc291ddb1f48ef6db84b6c0,2ee46c732cbd9a2d9496fe9e4763efb9a1ab85568c9ae6e0d0e121bc4adb4265,164142652bf5b3032f4e1a8ee54fe2817a3f3b5130635cf04fb641a6e819211d
2026-09-30,THEME,THEME:880964,breadth_ret1,0.4435483870967742,ACCEPTED,0.4435483870967742,124,124,3dd77c68f3f29601b59d09853a70977bfab15f3fba3edeca6737f75ef9d7bcc0,9f7ee99454374db02824b5c9d52e2da89fca30232bc291ddb1f48ef6db84b6c0,2ee46c732cbd9a2d9496fe9e4763efb9a1ab85568c9ae6e0d0e121bc4adb4265,164142652bf5b3032f4e1a8ee54fe2817a3f3b5130635cf04fb641a6e819211d
2026-09-30,THEME,THEME:880964,breadth_ret5,0.16129032258064516,ACCEPTED,0.16129032258064516,124,124,3dd77c68f3f29601b59d09853a70977bfab15f3fba3edeca6737f75ef9d7bcc0,9f7ee99454374db02824b5c9d52e2da89fca30232bc291ddb1f48ef6db84b6c0,2ee46c732cbd9a2d9496fe9e4763efb9a1ab85568c9ae6e0d0e121bc4adb4265,164142652bf5b3032f4e1a8ee54fe2817a3f3b5130635cf04fb641a6e819211d
2026-09-30,THEME,THEME:880964,breadth_ret20,0.1774193548387097,ACCEPTED,0.1774193548387097,124,124,3dd77c68f3f29601b59d09853a70977bfab15f3fba3edeca6737f75ef9d7bcc0,9f7ee99454374db02824b5c9d52e2da89fca30232bc291ddb1f48ef6db84b6c0,2ee46c732cbd9a2d9496fe9e4763efb9a1ab85568c9ae6e0d0e121bc4adb4265,164142652bf5b3032f4e1a8ee54fe2817a3f3b5130635cf04fb641a6e819211d
2026-09-30,THEME,THEME:880964,ma20_width,0.21774193548387097,ACCEPTED,0.21774193548387097,124,124,3dd77c68f3f29601b59d09853a70977bfab15f3fba3edeca6737f75ef9d7bcc0,9f7ee99454374db02824b5c9d52e2da89fca30232bc291ddb1f48ef6db84b6c0,2ee46c732cbd9a2d9496fe9e4763efb9a1ab85568c9ae6e0d0e121bc4adb4265,164142652bf5b3032f4e1a8ee54fe2817a3f3b5130635cf04fb641a6e819211d
2026-09-30,THEME,THEME:880965,sector_rs1,-0.008007279671113754,ACCEPTED,-0.008007279671113754,92,0,3dd77c68f3f29601b59d09853a70977bfab15f3fba3edeca6737f75ef9d7bcc0,9f7ee99454374db02824b5c9d52e2da89fca30232bc291ddb1f48ef6db84b6c0,2ee46c732cbd9a2d9496fe9e4763efb9a1ab85568c9ae6e0d0e121bc4adb4265,164142652bf5b3032f4e1a8ee54fe2817a3f3b5130635cf04fb641a6e819211d
2026-09-30,THEME,THEME:880965,sector_rs5,-0.04642250530785569,ACCEPTED,-0.04642250530785569,92,0,3dd77c68f3f29601b59d09853a70977bfab15f3fba3edeca6737f75ef9d7bcc0,9f7ee99454374db02824b5c9d52e2da89fca30232bc291ddb1f48ef6db84b6c0,2ee46c732cbd9a2d9496fe9e4763efb9a1ab85568c9ae6e0d0e121bc4adb4265,164142652bf5b3032f4e1a8ee54fe2817a3f3b5130635cf04fb641a6e819211d
2026-09-30,THEME,THEME:880965,sector_rs20,-0.04369401311562843,ACCEPTED,-0.04369401311562843,92,0,3dd77c68f3f29601b59d09853a70977bfab15f3fba3edeca6737f75ef9d7bcc0,9f7ee99454374db02824b5c9d52e2da89fca30232bc291ddb1f48ef6db84b6c0,2ee46c732cbd9a2d9496fe9e4763efb9a1ab85568c9ae6e0d0e121bc4adb4265,164142652bf5b3032f4e1a8ee54fe2817a3f3b5130635cf04fb641a6e819211d
2026-09-30,THEME,THEME:880965,breadth_ret1,0.3,ACCEPTED,0.3,92,90,3dd77c68f3f29601b59d09853a70977bfab15f3fba3edeca6737f75ef9d7bcc0,9f7ee99454374db02824b5c9d52e2da89fca30232bc291ddb1f48ef6db84b6c0,2ee46c732cbd9a2d9496fe9e4763efb9a1ab85568c9ae6e0d0e121bc4adb4265,164142652bf5b3032f4e1a8ee54fe2817a3f3b5130635cf04fb641a6e819211d
2026-09-30,THEME,THEME:880965,breadth_ret5,0.08888888888888889,ACCEPTED,0.08888888888888889,92,90,3dd77c68f3f29601b59d09853a70977bfab15f3fba3edeca6737f75ef9d7bcc0,9f7ee99454374db02824b5c9d52e2da89fca30232bc291ddb1f48ef6db84b6c0,2ee46c732cbd9a2d9496fe9e4763efb9a1ab85568c9ae6e0d0e121bc4adb4265,164142652bf5b3032f4e1a8ee54fe2817a3f3b5130635cf04fb641a6e819211d
2026-09-30,THEME,THEME:880965,breadth_ret20,0.2111111111111111,ACCEPTED,0.2111111111111111,92,90,3dd77c68f3f29601b59d09853a70977bfab15f3fba3edeca6737f75ef9d7bcc0,9f7ee99454374db02824b5c9d52e2da89fca30232bc291ddb1f48ef6db84b6c0,2ee46c732cbd9a2d9496fe9e4763efb9a1ab85568c9ae6e0d0e121bc4adb4265,164142652bf5b3032f4e1a8ee54fe2817a3f3b5130635cf04fb641a6e819211d
2026-09-30,THEME,THEME:880965,ma20_width,0.2777777777777778,ACCEPTED,0.2777777777777778,92,90,3dd77c68f3f29601b59d09853a70977bfab15f3fba3edeca6737f75ef9d7bcc0,9f7ee99454374db02824b5c9d52e2da89fca30232bc291ddb1f48ef6db84b6c0,2ee46c732cbd9a2d9496fe9e4763efb9a1ab85568c9ae6e0d0e121bc4adb4265,164142652bf5b3032f4e1a8ee54fe2817a3f3b5130635cf04fb641a6e819211d
2026-09-30,THEME,THEME:880966,sector_rs1,-0.01534772182254196,ACCEPTED,-0.01534772182254196,489,0,3dd77c68f3f29601b59d09853a70977bfab15f3fba3edeca6737f75ef9d7bcc0,9f7ee99454374db02824b5c9d52e2da89fca30232bc291ddb1f48ef6db84b6c0,2ee46c732cbd9a2d9496fe9e4763efb9a1ab85568c9ae6e0d0e121bc4adb4265,164142652bf5b3032f4e1a8ee54fe2817a3f3b5130635cf04fb641a6e819211d
2026-09-30,THEME,THEME:880966,sector_rs5,-0.06436522019680602,ACCEPTED,-0.06436522019680602,489,0,3dd77c68f3f29601b59d09853a70977bfab15f3fba3edeca6737f75ef9d7bcc0,9f7ee99454374db02824b5c9d52e2da89fca30232bc291ddb1f48ef6db84b6c0,2ee46c732cbd9a2d9496fe9e4763efb9a1ab85568c9ae6e0d0e121bc4adb4265,164142652bf5b3032f4e1a8ee54fe2817a3f3b5130635cf04fb641a6e819211d
2026-09-30,THEME,THEME:880966,sector_rs20,-0.04458340261091803,ACCEPTED,-0.04458340261091803,489,0,3dd77c68f3f29601b59d09853a70977bfab15f3fba3edeca6737f75ef9d7bcc0,9f7ee99454374db02824b5c9d52e2da89fca30232bc291ddb1f48ef6db84b6c0,2ee46c732cbd9a2d9496fe9e4763efb9a1ab85568c9ae6e0d0e121bc4adb4265,164142652bf5b3032f4e1a8ee54fe2817a3f3b5130635cf04fb641a6e819211d
2026-09-30,THEME,THEME:880966,breadth_ret1,0.19917864476386038,ACCEPTED,0.19917864476386038,489,487,3dd77c68f3f29601b59d09853a70977bfab15f3fba3edeca6737f75ef9d7bcc0,9f7ee99454374db02824b5c9d52e2da89fca30232bc291ddb1f48ef6db84b6c0,2ee46c732cbd9a2d9496fe9e4763efb9a1ab85568c9ae6e0d0e121bc4adb4265,164142652bf5b3032f4e1a8ee54fe2817a3f3b5130635cf04fb641a6e819211d
2026-09-30,THEME,THEME:880966,breadth_ret5,0.07802874743326489,ACCEPTED,0.07802874743326489,489,487,3dd77c68f3f29601b59d09853a70977bfab15f3fba3edeca6737f75ef9d7bcc0,9f7ee99454374db02824b5c9d52e2da89fca30232bc291ddb1f48ef6db84b6c0,2ee46c732cbd9a2d9496fe9e4763efb9a1ab85568c9ae6e0d0e121bc4adb4265,164142652bf5b3032f4e1a8ee54fe2817a3f3b5130635cf04fb641a6e819211d
2026-09-30,THEME,THEME:880966,breadth_ret20,0.2716049382716049,ACCEPTED,0.2716049382716049,489,486,3dd77c68f3f29601b59d09853a70977bfab15f3fba3edeca6737f75ef9d7bcc0,9f7ee99454374db02824b5c9d52e2da89fca30232bc291ddb1f48ef6db84b6c0,2ee46c732cbd9a2d9496fe9e4763efb9a1ab85568c9ae6e0d0e121bc4adb4265,164142652bf5b3032f4e1a8ee54fe2817a3f3b5130635cf04fb641a6e819211d
2026-09-30,THEME,THEME:880966,ma20_width,0.2402464065708419,ACCEPTED,0.2402464065708419,489,487,3dd77c68f3f29601b59d09853a70977bfab15f3fba3edeca6737f75ef9d7bcc0,9f7ee99454374db02824b5c9d52e2da89fca30232bc291ddb1f48ef6db84b6c0,2ee46c732cbd9a2d9496fe9e4763efb9a1ab85568c9ae6e0d0e121bc4adb4265,164142652bf5b3032f4e1a8ee54fe2817a3f3b5130635cf04fb641a6e819211d
2026-09-30,THEME,THEME:880967,sector_rs1,-0.009543159322715211,ACCEPTED,-0.009543159322715211,99,0,3dd77c68f3f29601b59d09853a70977bfab15f3fba3edeca6737f75ef9d7bcc0,9f7ee99454374db02824b5c9d52e2da89fca30232bc291ddb1f48ef6db84b6c0,2ee46c732cbd9a2d9496fe9e4763efb9a1ab85568c9ae6e0d0e121bc4adb4265,164142652bf5b3032f4e1a8ee54fe2817a3f3b5130635cf04fb641a6e819211d
2026-09-30,THEME,THEME:880967,sector_rs5,-0.044865123921675965,ACCEPTED,-0.044865123921675965,99,0,3dd77c68f3f29601b59d09853a70977bfab15f3fba3edeca6737f75ef9d7bcc0,9f7ee99454374db02824b5c9d52e2da89fca30232bc291ddb1f48ef6db84b6c0,2ee46c732cbd9a2d9496fe9e4763efb9a1ab85568c9ae6e0d0e121bc4adb4265,164142652bf5b3032f4e1a8ee54fe2817a3f3b5130635cf04fb641a6e819211d
2026-09-30,THEME,THEME:880967,sector_rs20,-0.0869836976507537,ACCEPTED,-0.0869836976507537,99,0,3dd77c68f3f29601b59d09853a70977bfab15f3fba3edeca6737f75ef9d7bcc0,9f7ee99454374db02824b5c9d52e2da89fca30232bc291ddb1f48ef6db84b6c0,2ee46c732cbd9a2d9496fe9e4763efb9a1ab85568c9ae6e0d0e121bc4adb4265,164142652bf5b3032f4e1a8ee54fe2817a3f3b5130635cf04fb641a6e819211d
2026-09-30,THEME,THEME:880967,breadth_ret1,0.25510204081632654,ACCEPTED,0.25510204081632654,99,98,3dd77c68f3f29601b59d09853a70977bfab15f3fba3edeca6737f75ef9d7bcc0,9f7ee99454374db02824b5c9d52e2da89fca30232bc291ddb1f48ef6db84b6c0,2ee46c732cbd9a2d9496fe9e4763efb9a1ab85568c9ae6e0d0e121bc4adb4265,164142652bf5b3032f4e1a8ee54fe2817a3f3b5130635cf04fb641a6e819211d
2026-09-30,THEME,THEME:880967,breadth_ret5,0.030612244897959183,ACCEPTED,0.030612244897959183,99,98,3dd77c68f3f29601b59d09853a70977bfab15f3fba3edeca6737f75ef9d7bcc0,9f7ee99454374db02824b5c9d52e2da89fca30232bc291ddb1f48ef6db84b6c0,2ee46c732cbd9a2d9496fe9e4763efb9a1ab85568c9ae6e0d0e121bc4adb4265,164142652bf5b3032f4e1a8ee54fe2817a3f3b5130635cf04fb641a6e819211d
2026-09-30,THEME,THEME:880967,breadth_ret20,0.14285714285714285,ACCEPTED,0.14285714285714285,99,98,3dd77c68f3f29601b59d09853a70977bfab15f3fba3edeca6737f75ef9d7bcc0,9f7ee99454374db02824b5c9d52e2da89fca30232bc291ddb1f48ef6db84b6c0,2ee46c732cbd9a2d9496fe9e4763efb9a1ab85568c9ae6e0d0e121bc4adb4265,164142652bf5b3032f4e1a8ee54fe2817a3f3b5130635cf04fb641a6e819211d
2026-09-30,THEME,THEME:880967,ma20_width,0.20408163265306123,ACCEPTED,0.20408163265306123,99,98,3dd77c68f3f29601b59d09853a70977bfab15f3fba3edeca6737f75ef9d7bcc0,9f7ee99454374db02824b5c9d52e2da89fca30232bc291ddb1f48ef6db84b6c0,2ee46c732cbd9a2d9496fe9e4763efb9a1ab85568c9ae6e0d0e121bc4adb4265,164142652bf5b3032f4e1a8ee54fe2817a3f3b5130635cf04fb641a6e819211d
2026-09-30,THEME,THEME:880968,sector_rs1,-0.0017877280138979268,ACCEPTED,-0.0017877280138979268,29,0,3dd77c68f3f29601b59d09853a70977bfab15f3fba3edeca6737f75ef9d7bcc0,9f7ee99454374db02824b5c9d52e2da89fca30232bc291ddb1f48ef6db84b6c0,2ee46c732cbd9a2d9496fe9e4763efb9a1ab85568c9ae6e0d0e121bc4adb4265,164142652bf5b3032f4e1a8ee54fe2817a3f3b5130635cf04fb641a6e819211d
2026-09-30,THEME,THEME:880968,sector_rs5,-0.010481129179001736,ACCEPTED,-0.010481129179001736,29,0,3dd77c68f3f29601b59d09853a70977bfab15f3fba3edeca6737f75ef9d7bcc0,9f7ee99454374db02824b5c9d52e2da89fca30232bc291ddb1f48ef6db84b6c0,2ee46c732cbd9a2d9496fe9e4763efb9a1ab85568c9ae6e0d0e121bc4adb4265,164142652bf5b3032f4e1a8ee54fe2817a3f3b5130635cf04fb641a6e819211d
2026-09-30,THEME,THEME:880968,sector_rs20,-0.0295273799522498,ACCEPTED,-0.0295273799522498,29,0,3dd77c68f3f29601b59d09853a70977bfab15f3fba3edeca6737f75ef9d7bcc0,9f7ee99454374db02824b5c9d52e2da89fca30232bc291ddb1f48ef6db84b6c0,2ee46c732cbd9a2d9496fe9e4763efb9a1ab85568c9ae6e0d0e121bc4adb4265,164142652bf5b3032f4e1a8ee54fe2817a3f3b5130635cf04fb641a6e819211d
2026-09-30,THEME,THEME:880968,breadth_ret1,0.42857142857142855,ACCEPTED,0.42857142857142855,29,28,3dd77c68f3f29601b59d09853a70977bfab15f3fba3edeca6737f75ef9d7bcc0,9f7ee99454374db02824b5c9d52e2da89fca30232bc291ddb1f48ef6db84b6c0,2ee46c732cbd9a2d9496fe9e4763efb9a1ab85568c9ae6e0d0e121bc4adb4265,164142652bf5b3032f4e1a8ee54fe2817a3f3b5130635cf04fb641a6e819211d
2026-09-30,THEME,THEME:880968,breadth_ret5,0.32142857142857145,ACCEPTED,0.32142857142857145,29,28,3dd77c68f3f29601b59d09853a70977bfab15f3fba3edeca6737f75ef9d7bcc0,9f7ee99454374db02824b5c9d52e2da89fca30232bc291ddb1f48ef6db84b6c0,2ee46c732cbd9a2d9496fe9e4763efb9a1ab85568c9ae6e0d0e121bc4adb4265,164142652bf5b3032f4e1a8ee54fe2817a3f3b5130635cf04fb641a6e819211d
2026-09-30,THEME,THEME:880968,breadth_ret20,0.21428571428571427,ACCEPTED,0.21428571428571427,29,28,3dd77c68f3f29601b59d09853a70977bfab15f3fba3edeca6737f75ef9d7bcc0,9f7ee99454374db02824b5c9d52e2da89fca30232bc291ddb1f48ef6db84b6c0,2ee46c732cbd9a2d9496fe9e4763efb9a1ab85568c9ae6e0d0e121bc4adb4265,164142652bf5b3032f4e1a8ee54fe2817a3f3b5130635cf04fb641a6e819211d
2026-09-30,THEME,THEME:880968,ma20_width,0.42857142857142855,ACCEPTED,0.42857142857142855,29,28,3dd77c68f3f29601b59d09853a70977bfab15f3fba3edeca6737f75ef9d7bcc0,9f7ee99454374db02824b5c9d52e2da89fca30232bc291ddb1f48ef6db84b6c0,2ee46c732cbd9a2d9496fe9e4763efb9a1ab85568c9ae6e0d0e121bc4adb4265,164142652bf5b3032f4e1a8ee54fe2817a3f3b5130635cf04fb641a6e819211d
2026-09-30,THEME,THEME:880969,sector_rs1,-0.01426286986269093,ACCEPTED,-0.01426286986269093,93,0,3dd77c68f3f29601b59d09853a70977bfab15f3fba3edeca6737f75ef9d7bcc0,9f7ee99454374db02824b5c9d52e2da89fca30232bc291ddb1f48ef6db84b6c0,2ee46c732cbd9a2d9496fe9e4763efb9a1ab85568c9ae6e0d0e121bc4adb4265,164142652bf5b3032f4e1a8ee54fe2817a3f3b5130635cf04fb641a6e819211d
2026-09-30,THEME,THEME:880969,sector_rs5,-0.0692294948767267,ACCEPTED,-0.0692294948767267,93,0,3dd77c68f3f29601b59d09853a70977bfab15f3fba3edeca6737f75ef9d7bcc0,9f7ee99454374db02824b5c9d52e2da89fca30232bc291ddb1f48ef6db84b6c0,2ee46c732cbd9a2d9496fe9e4763efb9a1ab85568c9ae6e0d0e121bc4adb4265,164142652bf5b3032f4e1a8ee54fe2817a3f3b5130635cf04fb641a6e819211d
2026-09-30,THEME,THEME:880969,sector_rs20,-0.04640882657758233,ACCEPTED,-0.04640882657758233,93,0,3dd77c68f3f29601b59d09853a70977bfab15f3fba3edeca6737f75ef9d7bcc0,9f7ee99454374db02824b5c9d52e2da89fca30232bc291ddb1f48ef6db84b6c0,2ee46c732cbd9a2d9496fe9e4763efb9a1ab85568c9ae6e0d0e121bc4adb4265,164142652bf5b3032f4e1a8ee54fe2817a3f3b5130635cf04fb641a6e819211d
2026-09-30,THEME,THEME:880969,breadth_ret1,0.17391304347826086,ACCEPTED,0.17391304347826086,93,92,3dd77c68f3f29601b59d09853a70977bfab15f3fba3edeca6737f75ef9d7bcc0,9f7ee99454374db02824b5c9d52e2da89fca30232bc291ddb1f48ef6db84b6c0,2ee46c732cbd9a2d9496fe9e4763efb9a1ab85568c9ae6e0d0e121bc4adb4265,164142652bf5b3032f4e1a8ee54fe2817a3f3b5130635cf04fb641a6e819211d
2026-09-30,THEME,THEME:880969,breadth_ret5,0.09782608695652174,ACCEPTED,0.09782608695652174,93,92,3dd77c68f3f29601b59d09853a70977bfab15f3fba3edeca6737f75ef9d7bcc0,9f7ee99454374db02824b5c9d52e2da89fca30232bc291ddb1f48ef6db84b6c0,2ee46c732cbd9a2d9496fe9e4763efb9a1ab85568c9ae6e0d0e121bc4adb4265,164142652bf5b3032f4e1a8ee54fe2817a3f3b5130635cf04fb641a6e819211d
2026-09-30,THEME,THEME:880969,breadth_ret20,0.25,ACCEPTED,0.25,93,92,3dd77c68f3f29601b59d09853a70977bfab15f3fba3edeca6737f75ef9d7bcc0,9f7ee99454374db02824b5c9d52e2da89fca30232bc291ddb1f48ef6db84b6c0,2ee46c732cbd9a2d9496fe9e4763efb9a1ab85568c9ae6e0d0e121bc4adb4265,164142652bf5b3032f4e1a8ee54fe2817a3f3b5130635cf04fb641a6e819211d
2026-09-30,THEME,THEME:880969,ma20_width,0.2391304347826087,ACCEPTED,0.2391304347826087,93,92,3dd77c68f3f29601b59d09853a70977bfab15f3fba3edeca6737f75ef9d7bcc0,9f7ee99454374db02824b5c9d52e2da89fca30232bc291ddb1f48ef6db84b6c0,2ee46c732cbd9a2d9496fe9e4763efb9a1ab85568c9ae6e0d0e121bc4adb4265,164142652bf5b3032f4e1a8ee54fe2817a3f3b5130635cf04fb641a6e819211d
2026-09-30,THEME,THEME:880971,sector_rs1,-0.0006234413965086061,ACCEPTED,-0.0006234413965086061,81,0,3dd77c68f3f29601b59d09853a70977bfab15f3fba3edeca6737f75ef9d7bcc0,9f7ee99454374db02824b5c9d52e2da89fca30232bc291ddb1f48ef6db84b6c0,2ee46c732cbd9a2d9496fe9e4763efb9a1ab85568c9ae6e0d0e121bc4adb4265,164142652bf5b3032f4e1a8ee54fe2817a3f3b5130635cf04fb641a6e819211d
2026-09-30,THEME,THEME:880971,sector_rs5,-0.034810126582278444,ACCEPTED,-0.034810126582278444,81,0,3dd77c68f3f29601b59d09853a70977bfab15f3fba3edeca6737f75ef9d7bcc0,9f7ee99454374db02824b5c9d52e2da89fca30232bc291ddb1f48ef6db84b6c0,2ee46c732cbd9a2d9496fe9e4763efb9a1ab85568c9ae6e0d0e121bc4adb4265,164142652bf5b3032f4e1a8ee54fe2817a3f3b5130635cf04fb641a6e819211d
2026-09-30,THEME,THEME:880971,sector_rs20,-0.04385964912280704,ACCEPTED,-0.04385964912280704,81,0,3dd77c68f3f29601b59d09853a70977bfab15f3fba3edeca6737f75ef9d7bcc0,9f7ee99454374db02824b5c9d52e2da89fca30232bc291ddb1f48ef6db84b6c0,2ee46c732cbd9a2d9496fe9e4763efb9a1ab85568c9ae6e0d0e121bc4adb4265,164142652bf5b3032f4e1a8ee54fe2817a3f3b5130635cf04fb641a6e819211d
2026-09-30,THEME,THEME:880971,breadth_ret1,0.4444444444444444,ACCEPTED,0.4444444444444444,81,81,3dd77c68f3f29601b59d09853a70977bfab15f3fba3edeca6737f75ef9d7bcc0,9f7ee99454374db02824b5c9d52e2da89fca30232bc291ddb1f48ef6db84b6c0,2ee46c732cbd9a2d9496fe9e4763efb9a1ab85568c9ae6e0d0e121bc4adb4265,164142652bf5b3032f4e1a8ee54fe2817a3f3b5130635cf04fb641a6e819211d
2026-09-30,THEME,THEME:880971,breadth_ret5,0.12345679012345678,ACCEPTED,0.12345679012345678,81,81,3dd77c68f3f29601b59d09853a70977bfab15f3fba3edeca6737f75ef9d7bcc0,9f7ee99454374db02824b5c9d52e2da89fca30232bc291ddb1f48ef6db84b6c0,2ee46c732cbd9a2d9496fe9e4763efb9a1ab85568c9ae6e0d0e121bc4adb4265,164142652bf5b3032f4e1a8ee54fe2817a3f3b5130635cf04fb641a6e819211d
2026-09-30,THEME,THEME:880971,breadth_ret20,0.24691358024691357,ACCEPTED,0.24691358024691357,81,81,3dd77c68f3f29601b59d09853a70977bfab15f3fba3edeca6737f75ef9d7bcc0,9f7ee99454374db02824b5c9d52e2da89fca30232bc291ddb1f48ef6db84b6c0,2ee46c732cbd9a2d9496fe9e4763efb9a1ab85568c9ae6e0d0e121bc4adb4265,164142652bf5b3032f4e1a8ee54fe2817a3f3b5130635cf04fb641a6e819211d
2026-09-30,THEME,THEME:880971,ma20_width,0.25925925925925924,ACCEPTED,0.25925925925925924,81,81,3dd77c68f3f29601b59d09853a70977bfab15f3fba3edeca6737f75ef9d7bcc0,9f7ee99454374db02824b5c9d52e2da89fca30232bc291ddb1f48ef6db84b6c0,2ee46c732cbd9a2d9496fe9e4763efb9a1ab85568c9ae6e0d0e121bc4adb4265,164142652bf5b3032f4e1a8ee54fe2817a3f3b5130635cf04fb641a6e819211d
2026-09-30,THEME,THEME:880972,sector_rs1,0.004451038575667532,ACCEPTED,0.004451038575667532,99,0,3dd77c68f3f29601b59d09853a70977bfab15f3fba3edeca6737f75ef9d7bcc0,9f7ee99454374db02824b5c9d52e2da89fca30232bc291ddb1f48ef6db84b6c0,2ee46c732cbd9a2d9496fe9e4763efb9a1ab85568c9ae6e0d0e121bc4adb4265,164142652bf5b3032f4e1a8ee54fe2817a3f3b5130635cf04fb641a6e819211d
2026-09-30,THEME,THEME:880972,sector_rs5,-0.01895043731778423,ACCEPTED,-0.01895043731778423,99,0,3dd77c68f3f29601b59d09853a70977bfab15f3fba3edeca6737f75ef9d7bcc0,9f7ee99454374db02824b5c9d52e2da89fca30232bc291ddb1f48ef6db84b6c0,2ee46c732cbd9a2d9496fe9e4763efb9a1ab85568c9ae6e0d0e121bc4adb4265,164142652bf5b3032f4e1a8ee54fe2817a3f3b5130635cf04fb641a6e819211d
2026-09-30,THEME,THEME:880972,sector_rs20,-0.04419889502762431,ACCEPTED,-0.04419889502762431,99,0,3dd77c68f3f29601b59d09853a70977bfab15f3fba3edeca6737f75ef9d7bcc0,9f7ee99454374db02824b5c9d52e2da89fca30232bc291ddb1f48ef6db84b6c0,2ee46c732cbd9a2d9496fe9e4763efb9a1ab85568c9ae6e0d0e121bc4adb4265,164142652bf5b3032f4e1a8ee54fe2817a3f3b5130635cf04fb641a6e819211d
2026-09-30,THEME,THEME:880972,breadth_ret1,0.5757575757575758,ACCEPTED,0.5757575757575758,99,99,3dd77c68f3f29601b59d09853a70977bfab15f3fba3edeca6737f75ef9d7bcc0,9f7ee99454374db02824b5c9d52e2da89fca30232bc291ddb1f48ef6db84b6c0,2ee46c732cbd9a2d9496fe9e4763efb9a1ab85568c9ae6e0d0e121bc4adb4265,164142652bf5b3032f4e1a8ee54fe2817a3f3b5130635cf04fb641a6e819211d
2026-09-30,THEME,THEME:880972,breadth_ret5,0.26262626262626265,ACCEPTED,0.26262626262626265,99,99,3dd77c68f3f29601b59d09853a70977bfab15f3fba3edeca6737f75ef9d7bcc0,9f7ee99454374db02824b5c9d52e2da89fca30232bc291ddb1f48ef6db84b6c0,2ee46c732cbd9a2d9496fe9e4763efb9a1ab85568c9ae6e0d0e121bc4adb4265,164142652bf5b3032f4e1a8ee54fe2817a3f3b5130635cf04fb641a6e819211d
2026-09-30,THEME,THEME:880972,breadth_ret20,0.18181818181818182,ACCEPTED,0.18181818181818182,99,99,3dd77c68f3f29601b59d09853a70977bfab15f3fba3edeca6737f75ef9d7bcc0,9f7ee99454374db02824b5c9d52e2da89fca30232bc291ddb1f48ef6db84b6c0,2ee46c732cbd9a2d9496fe9e4763efb9a1ab85568c9ae6e0d0e121bc4adb4265,164142652bf5b3032f4e1a8ee54fe2817a3f3b5130635cf04fb641a6e819211d
2026-09-30,THEME,THEME:880972,ma20_width,0.2727272727272727,ACCEPTED,0.2727272727272727,99,99,3dd77c68f3f29601b59d09853a70977bfab15f3fba3edeca6737f75ef9d7bcc0,9f7ee99454374db02824b5c9d52e2da89fca30232bc291ddb1f48ef6db84b6c0,2ee46c732cbd9a2d9496fe9e4763efb9a1ab85568c9ae6e0d0e121bc4adb4265,164142652bf5b3032f4e1a8ee54fe2817a3f3b5130635cf04fb641a6e819211d
2026-09-30,THEME,THEME:880973,sector_rs1,0.010998790392258484,ACCEPTED,0.010998790392258484,107,0,3dd77c68f3f29601b59d09853a70977bfab15f3fba3edeca6737f75ef9d7bcc0,9f7ee99454374db02824b5c9d52e2da89fca30232bc291ddb1f48ef6db84b6c0,2ee46c732cbd9a2d9496fe9e4763efb9a1ab85568c9ae6e0d0e121bc4adb4265,164142652bf5b3032f4e1a8ee54fe2817a3f3b5130635cf04fb641a6e819211d
2026-09-30,THEME,THEME:880973,sector_rs5,-0.011178449074797203,ACCEPTED,-0.011178449074797203,107,0,3dd77c68f3f29601b59d09853a70977bfab15f3fba3edeca6737f75ef9d7bcc0,9f7ee99454374db02824b5c9d52e2da89fca30232bc291ddb1f48ef6db84b6c0,2ee46c732cbd9a2d9496fe9e4763efb9a1ab85568c9ae6e0d0e121bc4adb4265,164142652bf5b3032f4e1a8ee54fe2817a3f3b5130635cf04fb641a6e819211d
2026-09-30,THEME,THEME:880973,sector_rs20,-0.016752445825981066,ACCEPTED,-0.016752445825981066,107,0,3dd77c68f3f29601b59d09853a70977bfab15f3fba3edeca6737f75ef9d7bcc0,9f7ee99454374db02824b5c9d52e2da89fca30232bc291ddb1f48ef6db84b6c0,2ee46c732cbd9a2d9496fe9e4763efb9a1ab85568c9ae6e0d0e121bc4adb4265,164142652bf5b3032f4e1a8ee54fe2817a3f3b5130635cf04fb641a6e819211d
2026-09-30,THEME,THEME:880973,breadth_ret1,0.7452830188679245,ACCEPTED,0.7452830188679245,107,106,3dd77c68f3f29601b59d09853a70977bfab15f3fba3edeca6737f75ef9d7bcc0,9f7ee99454374db02824b5c9d52e2da89fca30232bc291ddb1f48ef6db84b6c0,2ee46c732cbd9a2d9496fe9e4763efb9a1ab85568c9ae6e0d0e121bc4adb4265,164142652bf5b3032f4e1a8ee54fe2817a3f3b5130635cf04fb641a6e819211d
2026-09-30,THEME,THEME:880973,breadth_ret5,0.3018867924528302,ACCEPTED,0.3018867924528302,107,106,3dd77c68f3f29601b59d09853a70977bfab15f3fba3edeca6737f75ef9d7bcc0,9f7ee99454374db02824b5c9d52e2da89fca30232bc291ddb1f48ef6db84b6c0,2ee46c732cbd9a2d9496fe9e4763efb9a1ab85568c9ae6e0d0e121bc4adb4265,164142652bf5b3032f4e1a8ee54fe2817a3f3b5130635cf04fb641a6e819211d
2026-09-30,THEME,THEME:880973,breadth_ret20,0.3490566037735849,ACCEPTED,0.3490566037735849,107,106,3dd77c68f3f29601b59d09853a70977bfab15f3fba3edeca6737f75ef9d7bcc0,9f7ee99454374db02824b5c9d52e2da89fca30232bc291ddb1f48ef6db84b6c0,2ee46c732cbd9a2d9496fe9e4763efb9a1ab85568c9ae6e0d0e121bc4adb4265,164142652bf5b3032f4e1a8ee54fe2817a3f3b5130635cf04fb641a6e819211d
2026-09-30,THEME,THEME:880973,ma20_width,0.5188679245283019,ACCEPTED,0.5188679245283019,107,106,3dd77c68f3f29601b59d09853a70977bfab15f3fba3edeca6737f75ef9d7bcc0,9f7ee99454374db02824b5c9d52e2da89fca30232bc291ddb1f48ef6db84b6c0,2ee46c732cbd9a2d9496fe9e4763efb9a1ab85568c9ae6e0d0e121bc4adb4265,164142652bf5b3032f4e1a8ee54fe2817a3f3b5130635cf04fb641a6e819211d
2026-09-30,THEME,THEME:880974,sector_rs1,-0.0034509101446220103,ACCEPTED,-0.0034509101446220103,33,0,3dd77c68f3f29601b59d09853a70977bfab15f3fba3edeca6737f75ef9d7bcc0,9f7ee99454374db02824b5c9d52e2da89fca30232bc291ddb1f48ef6db84b6c0,2ee46c732cbd9a2d9496fe9e4763efb9a1ab85568c9ae6e0d0e121bc4adb4265,164142652bf5b3032f4e1a8ee54fe2817a3f3b5130635cf04fb641a6e819211d
2026-09-30,THEME,THEME:880974,sector_rs5,-0.036603128203566704,ACCEPTED,-0.036603128203566704,33,0,3dd77c68f3f29601b59d09853a70977bfab15f3fba3edeca6737f75ef9d7bcc0,9f7ee99454374db02824b5c9d52e2da89fca30232bc291ddb1f48ef6db84b6c0,2ee46c732cbd9a2d9496fe9e4763efb9a1ab85568c9ae6e0d0e121bc4adb4265,164142652bf5b3032f4e1a8ee54fe2817a3f3b5130635cf04fb641a6e819211d
2026-09-30,THEME,THEME:880974,sector_rs20,-0.036695862277257685,ACCEPTED,-0.036695862277257685,33,0,3dd77c68f3f29601b59d09853a70977bfab15f3fba3edeca6737f75ef9d7bcc0,9f7ee99454374db02824b5c9d52e2da89fca30232bc291ddb1f48ef6db84b6c0,2ee46c732cbd9a2d9496fe9e4763efb9a1ab85568c9ae6e0d0e121bc4adb4265,164142652bf5b3032f4e1a8ee54fe2817a3f3b5130635cf04fb641a6e819211d
2026-09-30,THEME,THEME:880974,breadth_ret1,0.34375,ACCEPTED,0.34375,33,32,3dd77c68f3f29601b59d09853a70977bfab15f3fba3edeca6737f75ef9d7bcc0,9f7ee99454374db02824b5c9d52e2da89fca30232bc291ddb1f48ef6db84b6c0,2ee46c732cbd9a2d9496fe9e4763efb9a1ab85568c9ae6e0d0e121bc4adb4265,164142652bf5b3032f4e1a8ee54fe2817a3f3b5130635cf04fb641a6e819211d
2026-09-30,THEME,THEME:880974,breadth_ret5,0.21875,ACCEPTED,0.21875,33,32,3dd77c68f3f29601b59d09853a70977bfab15f3fba3edeca6737f75ef9d7bcc0,9f7ee99454374db02824b5c9d52e2da89fca30232bc291ddb1f48ef6db84b6c0,2ee46c732cbd9a2d9496fe9e4763efb9a1ab85568c9ae6e0d0e121bc4adb4265,164142652bf5b3032f4e1a8ee54fe2817a3f3b5130635cf04fb641a6e819211d
2026-09-30,THEME,THEME:880974,breadth_ret20,0.34375,ACCEPTED,0.34375,33,32,3dd77c68f3f29601b59d09853a70977bfab15f3fba3edeca6737f75ef9d7bcc0,9f7ee99454374db02824b5c9d52e2da89fca30232bc291ddb1f48ef6db84b6c0,2ee46c732cbd9a2d9496fe9e4763efb9a1ab85568c9ae6e0d0e121bc4adb4265,164142652bf5b3032f4e1a8ee54fe2817a3f3b5130635cf04fb641a6e819211d
2026-09-30,THEME,THEME:880974,ma20_width,0.46875,ACCEPTED,0.46875,33,32,3dd77c68f3f29601b59d09853a70977bfab15f3fba3edeca6737f75ef9d7bcc0,9f7ee99454374db02824b5c9d52e2da89fca30232bc291ddb1f48ef6db84b6c0,2ee46c732cbd9a2d9496fe9e4763efb9a1ab85568c9ae6e0d0e121bc4adb4265,164142652bf5b3032f4e1a8ee54fe2817a3f3b5130635cf04fb641a6e819211d
2026-09-30,THEME,THEME:880975,sector_rs1,-0.0020181674565560304,ACCEPTED,-0.0020181674565560304,50,0,3dd77c68f3f29601b59d09853a70977bfab15f3fba3edeca6737f75ef9d7bcc0,9f7ee99454374db02824b5c9d52e2da89fca30232bc291ddb1f48ef6db84b6c0,2ee46c732cbd9a2d9496fe9e4763efb9a1ab85568c9ae6e0d0e121bc4adb4265,164142652bf5b3032f4e1a8ee54fe2817a3f3b5130635cf04fb641a6e819211d
2026-09-30,THEME,THEME:880975,sector_rs5,-0.03235937257419841,ACCEPTED,-0.03235937257419841,50,0,3dd77c68f3f29601b59d09853a70977bfab15f3fba3edeca6737f75ef9d7bcc0,9f7ee99454374db02824b5c9d52e2da89fca30232bc291ddb1f48ef6db84b6c0,2ee46c732cbd9a2d9496fe9e4763efb9a1ab85568c9ae6e0d0e121bc4adb4265,164142652bf5b3032f4e1a8ee54fe2817a3f3b5130635cf04fb641a6e819211d
2026-09-30,THEME,THEME:880975,sector_rs20,-0.043528936946235997,ACCEPTED,-0.043528936946235997,50,0,3dd77c68f3f29601b59d09853a70977bfab15f3fba3edeca6737f75ef9d7bcc0,9f7ee99454374db02824b5c9d52e2da89fca30232bc291ddb1f48ef6db84b6c0,2ee46c732cbd9a2d9496fe9e4763efb9a1ab85568c9ae6e0d0e121bc4adb4265,164142652bf5b3032f4e1a8ee54fe2817a3f3b5130635cf04fb641a6e819211d
2026-09-30,THEME,THEME:880975,breadth_ret1,0.46,ACCEPTED,0.46,50,50,3dd77c68f3f29601b59d09853a70977bfab15f3fba3edeca6737f75ef9d7bcc0,9f7ee99454374db02824b5c9d52e2da89fca30232bc291ddb1f48ef6db84b6c0,2ee46c732cbd9a2d9496fe9e4763efb9a1ab85568c9ae6e0d0e121bc4adb4265,164142652bf5b3032f4e1a8ee54fe2817a3f3b5130635cf04fb641a6e819211d
2026-09-30,THEME,THEME:880975,breadth_ret5,0.18,ACCEPTED,0.18,50,50,3dd77c68f3f29601b59d09853a70977bfab15f3fba3edeca6737f75ef9d7bcc0,9f7ee99454374db02824b5c9d52e2da89fca30232bc291ddb1f48ef6db84b6c0,2ee46c732cbd9a2d9496fe9e4763efb9a1ab85568c9ae6e0d0e121bc4adb4265,164142652bf5b3032f4e1a8ee54fe2817a3f3b5130635cf04fb641a6e819211d
2026-09-30,THEME,THEME:880975,breadth_ret20,0.22,ACCEPTED,0.22,50,50,3dd77c68f3f29601b59d09853a70977bfab15f3fba3edeca6737f75ef9d7bcc0,9f7ee99454374db02824b5c9d52e2da89fca30232bc291ddb1f48ef6db84b6c0,2ee46c732cbd9a2d9496fe9e4763efb9a1ab85568c9ae6e0d0e121bc4adb4265,164142652bf5b3032f4e1a8ee54fe2817a3f3b5130635cf04fb641a6e819211d
2026-09-30,THEME,THEME:880975,ma20_width,0.28,ACCEPTED,0.28,50,50,3dd77c68f3f29601b59d09853a70977bfab15f3fba3edeca6737f75ef9d7bcc0,9f7ee99454374db02824b5c9d52e2da89fca30232bc291ddb1f48ef6db84b6c0,2ee46c732cbd9a2d9496fe9e4763efb9a1ab85568c9ae6e0d0e121bc4adb4265,164142652bf5b3032f4e1a8ee54fe2817a3f3b5130635cf04fb641a6e819211d
2026-09-30,THEME,THEME:880977,sector_rs1,0.0,ACCEPTED,0.0,131,0,3dd77c68f3f29601b59d09853a70977bfab15f3fba3edeca6737f75ef9d7bcc0,9f7ee99454374db02824b5c9d52e2da89fca30232bc291ddb1f48ef6db84b6c0,2ee46c732cbd9a2d9496fe9e4763efb9a1ab85568c9ae6e0d0e121bc4adb4265,164142652bf5b3032f4e1a8ee54fe2817a3f3b5130635cf04fb641a6e819211d
2026-09-30,THEME,THEME:880977,sector_rs5,-0.01775511726821588,ACCEPTED,-0.01775511726821588,131,0,3dd77c68f3f29601b59d09853a70977bfab15f3fba3edeca6737f75ef9d7bcc0,9f7ee99454374db02824b5c9d52e2da89fca30232bc291ddb1f48ef6db84b6c0,2ee46c732cbd9a2d9496fe9e4763efb9a1ab85568c9ae6e0d0e121bc4adb4265,164142652bf5b3032f4e1a8ee54fe2817a3f3b5130635cf04fb641a6e819211d
2026-09-30,THEME,THEME:880977,sector_rs20,-0.03190340826475119,ACCEPTED,-0.03190340826475119,131,0,3dd77c68f3f29601b59d09853a70977bfab15f3fba3edeca6737f75ef9d7bcc0,9f7ee99454374db02824b5c9d52e2da89fca30232bc291ddb1f48ef6db84b6c0,2ee46c732cbd9a2d9496fe9e4763efb9a1ab85568c9ae6e0d0e121bc4adb4265,164142652bf5b3032f4e1a8ee54fe2817a3f3b5130635cf04fb641a6e819211d
2026-09-30,THEME,THEME:880977,breadth_ret1,0.4296875,ACCEPTED,0.4296875,131,128,3dd77c68f3f29601b59d09853a70977bfab15f3fba3edeca6737f75ef9d7bcc0,9f7ee99454374db02824b5c9d52e2da89fca30232bc291ddb1f48ef6db84b6c0,2ee46c732cbd9a2d9496fe9e4763efb9a1ab85568c9ae6e0d0e121bc4adb4265,164142652bf5b3032f4e1a8ee54fe2817a3f3b5130635cf04fb641a6e819211d
2026-09-30,THEME,THEME:880977,breadth_ret5,0.265625,ACCEPTED,0.265625,131,128,3dd77c68f3f29601b59d09853a70977bfab15f3fba3edeca6737f75ef9d7bcc0,9f7ee99454374db02824b5c9d52e2da89fca30232bc291ddb1f48ef6db84b6c0,2ee46c732cbd9a2d9496fe9e4763efb9a1ab85568c9ae6e0d0e121bc4adb4265,164142652bf5b3032f4e1a8ee54fe2817a3f3b5130635cf04fb641a6e819211d
2026-09-30,THEME,THEME:880977,breadth_ret20,0.234375,ACCEPTED,0.234375,131,128,3dd77c68f3f29601b59d09853a70977bfab15f3fba3edeca6737f75ef9d7bcc0,9f7ee99454374db02824b5c9d52e2da89fca30232bc291ddb1f48ef6db84b6c0,2ee46c732cbd9a2d9496fe9e4763efb9a1ab85568c9ae6e0d0e121bc4adb4265,164142652bf5b3032f4e1a8ee54fe2817a3f3b5130635cf04fb641a6e819211d
2026-09-30,THEME,THEME:880977,ma20_width,0.390625,ACCEPTED,0.390625,131,128,3dd77c68f3f29601b59d09853a70977bfab15f3fba3edeca6737f75ef9d7bcc0,9f7ee99454374db02824b5c9d52e2da89fca30232bc291ddb1f48ef6db84b6c0,2ee46c732cbd9a2d9496fe9e4763efb9a1ab85568c9ae6e0d0e121bc4adb4265,164142652bf5b3032f4e1a8ee54fe2817a3f3b5130635cf04fb641a6e819211d
2026-09-30,THEME,THEME:880978,sector_rs1,-0.005131598003976223,ACCEPTED,-0.005131598003976223,750,0,3dd77c68f3f29601b59d09853a70977bfab15f3fba3edeca6737f75ef9d7bcc0,9f7ee99454374db02824b5c9d52e2da89fca30232bc291ddb1f48ef6db84b6c0,2ee46c732cbd9a2d9496fe9e4763efb9a1ab85568c9ae6e0d0e121bc4adb4265,164142652bf5b3032f4e1a8ee54fe2817a3f3b5130635cf04fb641a6e819211d
2026-09-30,THEME,THEME:880978,sector_rs5,-0.033528069219239676,ACCEPTED,-0.033528069219239676,750,0,3dd77c68f3f29601b59d09853a70977bfab15f3fba3edeca6737f75ef9d7bcc0,9f7ee99454374db02824b5c9d52e2da89fca30232bc291ddb1f48ef6db84b6c0,2ee46c732cbd9a2d9496fe9e4763efb9a1ab85568c9ae6e0d0e121bc4adb4265,164142652bf5b3032f4e1a8ee54fe2817a3f3b5130635cf04fb641a6e819211d
2026-09-30,THEME,THEME:880978,sector_rs20,-0.0417777777777778,ACCEPTED,-0.0417777777777778,750,0,3dd77c68f3f29601b59d09853a70977bfab15f3fba3edeca6737f75ef9d7bcc0,9f7ee99454374db02824b5c9d52e2da89fca30232bc291ddb1f48ef6db84b6c0,2ee46c732cbd9a2d9496fe9e4763efb9a1ab85568c9ae6e0d0e121bc4adb4265,164142652bf5b3032f4e1a8ee54fe2817a3f3b5130635cf04fb641a6e819211d
2026-09-30,THEME,THEME:880978,breadth_ret1,0.39705882352941174,ACCEPTED,0.39705882352941174,750,748,3dd77c68f3f29601b59d09853a70977bfab15f3fba3edeca6737f75ef9d7bcc0,9f7ee99454374db02824b5c9d52e2da89fca30232bc291ddb1f48ef6db84b6c0,2ee46c732cbd9a2d9496fe9e4763efb9a1ab85568c9ae6e0d0e121bc4adb4265,164142652bf5b3032f4e1a8ee54fe2817a3f3b5130635cf04fb641a6e819211d
2026-09-30,THEME,THEME:880978,breadth_ret5,0.20855614973262032,ACCEPTED,0.20855614973262032,750,748,3dd77c68f3f29601b59d09853a70977bfab15f3fba3edeca6737f75ef9d7bcc0,9f7ee99454374db02824b5c9d52e2da89fca30232bc291ddb1f48ef6db84b6c0,2ee46c732cbd9a2d9496fe9e4763efb9a1ab85568c9ae6e0d0e121bc4adb4265,164142652bf5b3032f4e1a8ee54fe2817a3f3b5130635cf04fb641a6e819211d
2026-09-30,THEME,THEME:880978,breadth_ret20,0.2570281124497992,ACCEPTED,0.2570281124497992,750,747,3dd77c68f3f29601b59d09853a70977bfab15f3fba3edeca6737f75ef9d7bcc0,9f7ee99454374db02824b5c9d52e2da89fca30232bc291ddb1f48ef6db84b6c0,2ee46c732cbd9a2d9496fe9e4763efb9a1ab85568c9ae6e0d0e121bc4adb4265,164142652bf5b3032f4e1a8ee54fe2817a3f3b5130635cf04fb641a6e819211d
2026-09-30,THEME,THEME:880978,ma20_width,0.3507362784471218,ACCEPTED,0.3507362784471218,750,747,3dd77c68f3f29601b59d09853a70977bfab15f3fba3edeca6737f75ef9d7bcc0,9f7ee99454374db02824b5c9d52e2da89fca30232bc291ddb1f48ef6db84b6c0,2ee46c732cbd9a2d9496fe9e4763efb9a1ab85568c9ae6e0d0e121bc4adb4265,164142652bf5b3032f4e1a8ee54fe2817a3f3b5130635cf04fb641a6e819211d
