trade_date,security_id,symbol,family,reason,trading_status,source,next_action
2026-09-28,SEC-0157C18162F1E5F08F5949B6EA4A7514,SZ.300010,ADJUSTED_DAILY,UNSUPPORTED_OR_UNPROVED_ADJUSTMENT,ACTUAL_TRADED,data/v4/dm01_candidate_staging_r3/durable_r3/01cc90422d57e166392ff251ec990f4ad286504c27d29cbba2fb499c9b615060/RAW_DAILY/artifact.json,RESOLVE_ACCEPTED_ADJUSTMENT_AUTHORITY
2026-09-28,SEC-01CA1B1B92F68D1C3E383F8E3E6C5203,SZ.000735,ADJUSTED_DAILY,UNSUPPORTED_OR_UNPROVED_ADJUSTMENT,ACTUAL_TRADED,data/v4/dm01_candidate_staging_r3/durable_r3/01cc90422d57e166392ff251ec990f4ad286504c27d29cbba2fb499c9b615060/RAW_DAILY/artifact.json,RESOLVE_ACCEPTED_ADJUSTMENT_AUTHORITY
2026-09-28,SEC-02BCD7EB5E4853D88C92AB29C86F3EBD,SZ.000733,ADJUSTED_DAILY,UNSUPPORTED_OR_UNPROVED_ADJUSTMENT,ACTUAL_TRADED,data/v4/dm01_candidate_staging_r3/durable_r3/01cc90422d57e166392ff251ec990f4ad286504c27d29cbba2fb499c9b615060/RAW_DAILY/artifact.json,RESOLVE_ACCEPTED_ADJUSTMENT_AUTHORITY
2026-09-28,SEC-036FB19523E78B83C4349B32DC05E633,SH.600649,ADJUSTED_DAILY,UNSUPPORTED_OR_UNPROVED_ADJUSTMENT,ACTUAL_TRADED,data/v4/dm01_candidate_staging_r3/durable_r3/01cc90422d57e166392ff251ec990f4ad286504c27d29cbba2fb499c9b615060/RAW_DAILY/artifact.json,RESOLVE_ACCEPTED_ADJUSTMENT_AUTHORITY
2026-09-28,SEC-0629E3092BDED3381FF76D691EEFA8E3,SZ.002647,ADJUSTED_DAILY,UNSUPPORTED_OR_UNPROVED_ADJUSTMENT,ACTUAL_TRADED,data/v4/dm01_candidate_staging_r3/durable_r3/01cc90422d57e166392ff251ec990f4ad286504c27d29cbba2fb499c9b615060/RAW_DAILY/artifact.json,RESOLVE_ACCEPTED_ADJUSTMENT_AUTHORITY
2026-09-28,SEC-06B265774D1097539C6752C646E0EB5C,SZ.000619,ADJUSTED_DAILY,UNSUPPORTED_OR_UNPROVED_ADJUSTMENT,ACTUAL_TRADED,data/v4/dm01_candidate_staging_r3/durable_r3/01cc90422d57e166392ff251ec990f4ad286504c27d29cbba2fb499c9b615060/RAW_DAILY/artifact.json,RESOLVE_ACCEPTED_ADJUSTMENT_AUTHORITY
2026-09-28,SEC-072DF92F58F6CCBF3D7DF29C27A2C2B6,SH.600008,ADJUSTED_DAILY,UNSUPPORTED_OR_UNPROVED_ADJUSTMENT,ACTUAL_TRADED,data/v4/dm01_candidate_staging_r3/durable_r3/01cc90422d57e166392ff251ec990f4ad286504c27d29cbba2fb499c9b615060/RAW_DAILY/artifact.json,RESOLVE_ACCEPTED_ADJUSTMENT_AUTHORITY
2026-09-28,SEC-09A49B69E80FED7933BCE3C84BA58AAB,SZ.002501,ADJUSTED_DAILY,UNSUPPORTED_OR_UNPROVED_ADJUSTMENT,ACTUAL_TRADED,data/v4/dm01_candidate_staging_r3/durable_r3/01cc90422d57e166392ff251ec990f4ad286504c27d29cbba2fb499c9b615060/RAW_DAILY/artifact.json,RESOLVE_ACCEPTED_ADJUSTMENT_AUTHORITY
2026-09-28,SEC-0A3E8A5EC0314C33C5459CACC7DF374E,SH.600718,ADJUSTED_DAILY,UNSUPPORTED_OR_UNPROVED_ADJUSTMENT,ACTUAL_TRADED,data/v4/dm01_candidate_staging_r3/durable_r3/01cc90422d57e166392ff251ec990f4ad286504c27d29cbba2fb499c9b615060/RAW_DAILY/artifact.json,RESOLVE_ACCEPTED_ADJUSTMENT_AUTHORITY
2026-09-28,SEC-0B39C06B70C1DAB53E051334E2FA0530,SH.600715,ADJUSTED_DAILY,UNSUPPORTED_OR_UNPROVED_ADJUSTMENT,ACTUAL_TRADED,data/v4/dm01_candidate_staging_r3/durable_r3/01cc90422d57e166392ff251ec990f4ad286504c27d29cbba2fb499c9b615060/RAW_DAILY/artifact.json,RESOLVE_ACCEPTED_ADJUSTMENT_AUTHORITY
2026-09-28,SEC-10123CAFD684130652B5947125FEEA1F,SH.600590,ADJUSTED_DAILY,UNSUPPORTED_OR_UNPROVED_ADJUSTMENT,ACTUAL_TRADED,data/v4/dm01_candidate_staging_r3/durable_r3/01cc90422d57e166392ff251ec990f4ad286504c27d29cbba2fb499c9b615060/RAW_DAILY/artifact.json,RESOLVE_ACCEPTED_ADJUSTMENT_AUTHORITY
2026-09-28,SEC-104601CE87D096403BF0066BCC1DD92D,SZ.000069,ADJUSTED_DAILY,UNSUPPORTED_OR_UNPROVED_ADJUSTMENT,ACTUAL_TRADED,data/v4/dm01_candidate_staging_r3/durable_r3/01cc90422d57e166392ff251ec990f4ad286504c27d29cbba2fb499c9b615060/RAW_DAILY/artifact.json,RESOLVE_ACCEPTED_ADJUSTMENT_AUTHORITY
2026-09-28,SEC-11792EE8133025DEC2B9E31B57E85AA4,SH.600550,ADJUSTED_DAILY,UNSUPPORTED_OR_UNPROVED_ADJUSTMENT,ACTUAL_TRADED,data/v4/dm01_candidate_staging_r3/durable_r3/01cc90422d57e166392ff251ec990f4ad286504c27d29cbba2fb499c9b615060/RAW_DAILY/artifact.json,RESOLVE_ACCEPTED_ADJUSTMENT_AUTHORITY
2026-09-28,SEC-11E54DE9C2693CFA40A4C091BCD5ABF9,SH.601059,RAW_DAILY,EXPECTED_NO_BAR_SUSPENDED,SUSPENDED,data/v4/dm01_candidate_staging_r3/durable_r3/01cc90422d57e166392ff251ec990f4ad286504c27d29cbba2fb499c9b615060/RAW_DAILY/artifact.json,NONE_EXPECTED_SUSPENSION
2026-09-28,SEC-1225E4AE5523DC0BCDCDE764184DB7B5,SZ.000972,ADJUSTED_DAILY,UNSUPPORTED_OR_UNPROVED_ADJUSTMENT,ACTUAL_TRADED,data/v4/dm01_candidate_staging_r3/durable_r3/01cc90422d57e166392ff251ec990f4ad286504c27d29cbba2fb499c9b615060/RAW_DAILY/artifact.json,RESOLVE_ACCEPTED_ADJUSTMENT_AUTHORITY
2026-09-28,SEC-13893A28A8807423ED10E949AFFF7645,SZ.000898,ADJUSTED_DAILY,UNSUPPORTED_OR_UNPROVED_ADJUSTMENT,ACTUAL_TRADED,data/v4/dm01_candidate_staging_r3/durable_r3/01cc90422d57e166392ff251ec990f4ad286504c27d29cbba2fb499c9b615060/RAW_DAILY/artifact.json,RESOLVE_ACCEPTED_ADJUSTMENT_AUTHORITY
2026-09-28,SEC-14EFB77ACC4FDEFD153059BEF4254600,SZ.000858,ADJUSTED_DAILY,UNSUPPORTED_OR_UNPROVED_ADJUSTMENT,ACTUAL_TRADED,data/v4/dm01_candidate_staging_r3/durable_r3/01cc90422d57e166392ff251ec990f4ad286504c27d29cbba2fb499c9b615060/RAW_DAILY/artifact.json,RESOLVE_ACCEPTED_ADJUSTMENT_AUTHORITY
2026-09-28,SEC-1687B2C7769920CD46EE65B844E0C20C,SH.600887,ADJUSTED_DAILY,UNSUPPORTED_OR_UNPROVED_ADJUSTMENT,ACTUAL_TRADED,data/v4/dm01_candidate_staging_r3/durable_r3/01cc90422d57e166392ff251ec990f4ad286504c27d29cbba2fb499c9b615060/RAW_DAILY/artifact.json,RESOLVE_ACCEPTED_ADJUSTMENT_AUTHORITY
2026-09-28,SEC-17E76DA217E5C1BCC40497E9331DED2E,SZ.301139,RAW_DAILY,EXPECTED_NO_BAR_SUSPENDED,SUSPENDED,data/v4/dm01_candidate_staging_r3/durable_r3/01cc90422d57e166392ff251ec990f4ad286504c27d29cbba2fb499c9b615060/RAW_DAILY/artifact.json,NONE_EXPECTED_SUSPENSION
2026-09-28,SEC-18E752D1F19BAB2316F860E36E906C67,SZ.002200,ADJUSTED_DAILY,UNSUPPORTED_OR_UNPROVED_ADJUSTMENT,ACTUAL_TRADED,data/v4/dm01_candidate_staging_r3/durable_r3/01cc90422d57e166392ff251ec990f4ad286504c27d29cbba2fb499c9b615060/RAW_DAILY/artifact.json,RESOLVE_ACCEPTED_ADJUSTMENT_AUTHORITY
2026-09-28,SEC-19F4A14B2BB2FDC982BE28EC554FD835,SH.601777,ADJUSTED_DAILY,UNSUPPORTED_OR_UNPROVED_ADJUSTMENT,ACTUAL_TRADED,data/v4/dm01_candidate_staging_r3/durable_r3/01cc90422d57e166392ff251ec990f4ad286504c27d29cbba2fb499c9b615060/RAW_DAILY/artifact.json,RESOLVE_ACCEPTED_ADJUSTMENT_AUTHORITY
2026-09-28,SEC-1E2582ACBAF8B93358A92D8F1FB15FBB,SZ.300125,ADJUSTED_DAILY,UNSUPPORTED_OR_UNPROVED_ADJUSTMENT,ACTUAL_TRADED,data/v4/dm01_candidate_staging_r3/durable_r3/01cc90422d57e166392ff251ec990f4ad286504c27d29cbba2fb499c9b615060/RAW_DAILY/artifact.json,RESOLVE_ACCEPTED_ADJUSTMENT_AUTHORITY
2026-09-28,SEC-2158C9D64CB95665817BD3419575EDA7,SZ.000629,ADJUSTED_DAILY,UNSUPPORTED_OR_UNPROVED_ADJUSTMENT,ACTUAL_TRADED,data/v4/dm01_candidate_staging_r3/durable_r3/01cc90422d57e166392ff251ec990f4ad286504c27d29cbba2fb499c9b615060/RAW_DAILY/artifact.json,RESOLVE_ACCEPTED_ADJUSTMENT_AUTHORITY
2026-09-28,SEC-215980AAE897ACCC8D657DB0717A9896,SH.600754,ADJUSTED_DAILY,UNSUPPORTED_OR_UNPROVED_ADJUSTMENT,ACTUAL_TRADED,data/v4/dm01_candidate_staging_r3/durable_r3/01cc90422d57e166392ff251ec990f4ad286504c27d29cbba2fb499c9b615060/RAW_DAILY/artifact.json,RESOLVE_ACCEPTED_ADJUSTMENT_AUTHORITY
2026-09-28,SEC-25106EB81E18F2C63CA4F3BD11EAD8DD,SH.688496,RAW_DAILY,EXPECTED_NO_BAR_SUSPENDED,SUSPENDED,data/v4/dm01_candidate_staging_r3/durable_r3/01cc90422d57e166392ff251ec990f4ad286504c27d29cbba2fb499c9b615060/RAW_DAILY/artifact.json,NONE_EXPECTED_SUSPENSION
2026-09-28,SEC-256A3FA23334E7E2A607542269A1B28E,SZ.000839,ADJUSTED_DAILY,UNSUPPORTED_OR_UNPROVED_ADJUSTMENT,ACTUAL_TRADED,data/v4/dm01_candidate_staging_r3/durable_r3/01cc90422d57e166392ff251ec990f4ad286504c27d29cbba2fb499c9b615060/RAW_DAILY/artifact.json,RESOLVE_ACCEPTED_ADJUSTMENT_AUTHORITY
2026-09-28,SEC-2DAC1026C59FB362988632DF26864E12,SZ.000520,ADJUSTED_DAILY,UNSUPPORTED_OR_UNPROVED_ADJUSTMENT,ACTUAL_TRADED,data/v4/dm01_candidate_staging_r3/durable_r3/01cc90422d57e166392ff251ec990f4ad286504c27d29cbba2fb499c9b615060/RAW_DAILY/artifact.json,RESOLVE_ACCEPTED_ADJUSTMENT_AUTHORITY
2026-09-28,SEC-2EA13CD9CD4C2CE5B9381B74B71EC2BA,SZ.000932,ADJUSTED_DAILY,UNSUPPORTED_OR_UNPROVED_ADJUSTMENT,ACTUAL_TRADED,data/v4/dm01_candidate_staging_r3/durable_r3/01cc90422d57e166392ff251ec990f4ad286504c27d29cbba2fb499c9b615060/RAW_DAILY/artifact.json,RESOLVE_ACCEPTED_ADJUSTMENT_AUTHORITY
2026-09-28,SEC-30D1A45742773639EB00C70A711E4C04,SZ.000691,ADJUSTED_DAILY,UNSUPPORTED_OR_UNPROVED_ADJUSTMENT,ACTUAL_TRADED,data/v4/dm01_candidate_staging_r3/durable_r3/01cc90422d57e166392ff251ec990f4ad286504c27d29cbba2fb499c9b615060/RAW_DAILY/artifact.json,RESOLVE_ACCEPTED_ADJUSTMENT_AUTHORITY
2026-09-28,SEC-340382159F3CB4C7713AEC707561055E,SH.605303,RAW_DAILY,EXPECTED_NO_BAR_SUSPENDED,SUSPENDED,data/v4/dm01_candidate_staging_r3/durable_r3/01cc90422d57e166392ff251ec990f4ad286504c27d29cbba2fb499c9b615060/RAW_DAILY/artifact.json,NONE_EXPECTED_SUSPENSION
2026-09-28,SEC-35775DA77A69E8EB5ABF64E685EF19FC,SZ.000430,ADJUSTED_DAILY,UNSUPPORTED_OR_UNPROVED_ADJUSTMENT,ACTUAL_TRADED,data/v4/dm01_candidate_staging_r3/durable_r3/01cc90422d57e166392ff251ec990f4ad286504c27d29cbba2fb499c9b615060/RAW_DAILY/artifact.json,RESOLVE_ACCEPTED_ADJUSTMENT_AUTHORITY
2026-09-28,SEC-35CFD3F3FC189F8E2E8D860FFCEBD290,SH.600221,ADJUSTED_DAILY,UNSUPPORTED_OR_UNPROVED_ADJUSTMENT,ACTUAL_TRADED,data/v4/dm01_candidate_staging_r3/durable_r3/01cc90422d57e166392ff251ec990f4ad286504c27d29cbba2fb499c9b615060/RAW_DAILY/artifact.json,RESOLVE_ACCEPTED_ADJUSTMENT_AUTHORITY
2026-09-28,SEC-369B96532D70A6BEFD4B9F81861A3AAF,SH.600716,ADJUSTED_DAILY,UNSUPPORTED_OR_UNPROVED_ADJUSTMENT,ACTUAL_TRADED,data/v4/dm01_candidate_staging_r3/durable_r3/01cc90422d57e166392ff251ec990f4ad286504c27d29cbba2fb499c9b615060/RAW_DAILY/artifact.json,RESOLVE_ACCEPTED_ADJUSTMENT_AUTHORITY
2026-09-28,SEC-3ACE76B18D011AEC6CA16333F702DF42,SH.600399,ADJUSTED_DAILY,UNSUPPORTED_OR_UNPROVED_ADJUSTMENT,ACTUAL_TRADED,data/v4/dm01_candidate_staging_r3/durable_r3/01cc90422d57e166392ff251ec990f4ad286504c27d29cbba2fb499c9b615060/RAW_DAILY/artifact.json,RESOLVE_ACCEPTED_ADJUSTMENT_AUTHORITY
2026-09-28,SEC-3AF86E6FE8E230C902EDEBCF49B8FB9B,SH.603400,RAW_DAILY,EXPECTED_NO_BAR_SUSPENDED,SUSPENDED,data/v4/dm01_candidate_staging_r3/durable_r3/01cc90422d57e166392ff251ec990f4ad286504c27d29cbba2fb499c9b615060/RAW_DAILY/artifact.json,NONE_EXPECTED_SUSPENSION
2026-09-28,SEC-3BB83B6C1300DDF1AF5633BDD7BF35FA,SH.603363,ADJUSTED_DAILY,UNSUPPORTED_OR_UNPROVED_ADJUSTMENT,ACTUAL_TRADED,data/v4/dm01_candidate_staging_r3/durable_r3/01cc90422d57e166392ff251ec990f4ad286504c27d29cbba2fb499c9b615060/RAW_DAILY/artifact.json,RESOLVE_ACCEPTED_ADJUSTMENT_AUTHORITY
2026-09-28,SEC-3E27A5EA85AC05C936424505D1EFB100,SH.600556,ADJUSTED_DAILY,UNSUPPORTED_OR_UNPROVED_ADJUSTMENT,ACTUAL_TRADED,data/v4/dm01_candidate_staging_r3/durable_r3/01cc90422d57e166392ff251ec990f4ad286504c27d29cbba2fb499c9b615060/RAW_DAILY/artifact.json,RESOLVE_ACCEPTED_ADJUSTMENT_AUTHORITY
2026-09-28,SEC-3E6E470C803D07EABDCD265C81867B45,SH.600136,ADJUSTED_DAILY,UNSUPPORTED_OR_UNPROVED_ADJUSTMENT,ACTUAL_TRADED,data/v4/dm01_candidate_staging_r3/durable_r3/01cc90422d57e166392ff251ec990f4ad286504c27d29cbba2fb499c9b615060/RAW_DAILY/artifact.json,RESOLVE_ACCEPTED_ADJUSTMENT_AUTHORITY
2026-09-28,SEC-403C9F3E76FA9724FE02F465BFCAF0DC,SZ.000792,ADJUSTED_DAILY,UNSUPPORTED_OR_UNPROVED_ADJUSTMENT,ACTUAL_TRADED,data/v4/dm01_candidate_staging_r3/durable_r3/01cc90422d57e166392ff251ec990f4ad286504c27d29cbba2fb499c9b615060/RAW_DAILY/artifact.json,RESOLVE_ACCEPTED_ADJUSTMENT_AUTHORITY
2026-09-28,SEC-4043BDB9C07B6F9E04E53BBA4D954D2C,SH.600004,ADJUSTED_DAILY,UNSUPPORTED_OR_UNPROVED_ADJUSTMENT,ACTUAL_TRADED,data/v4/dm01_candidate_staging_r3/durable_r3/01cc90422d57e166392ff251ec990f4ad286504c27d29cbba2fb499c9b615060/RAW_DAILY/artifact.json,RESOLVE_ACCEPTED_ADJUSTMENT_AUTHORITY
2026-09-28,SEC-413AF144BAF0DA2D11616E14806EEF42,SH.600900,ADJUSTED_DAILY,UNSUPPORTED_OR_UNPROVED_ADJUSTMENT,ACTUAL_TRADED,data/v4/dm01_candidate_staging_r3/durable_r3/01cc90422d57e166392ff251ec990f4ad286504c27d29cbba2fb499c9b615060/RAW_DAILY/artifact.json,RESOLVE_ACCEPTED_ADJUSTMENT_AUTHORITY
2026-09-28,SEC-4230FC0E6D8521AE74FF5C1B255E1362,SH.600519,ADJUSTED_DAILY,UNSUPPORTED_OR_UNPROVED_ADJUSTMENT,ACTUAL_TRADED,data/v4/dm01_candidate_staging_r3/durable_r3/01cc90422d57e166392ff251ec990f4ad286504c27d29cbba2fb499c9b615060/RAW_DAILY/artifact.json,RESOLVE_ACCEPTED_ADJUSTMENT_AUTHORITY
2026-09-28,SEC-4334FE80B5A21FF9E592B692A38BE733,SH.600533,ADJUSTED_DAILY,UNSUPPORTED_OR_UNPROVED_ADJUSTMENT,ACTUAL_TRADED,data/v4/dm01_candidate_staging_r3/durable_r3/01cc90422d57e166392ff251ec990f4ad286504c27d29cbba2fb499c9b615060/RAW_DAILY/artifact.json,RESOLVE_ACCEPTED_ADJUSTMENT_AUTHORITY
2026-09-28,SEC-436C4B8698CD3F693C1E3035864DE128,SZ.300370,ADJUSTED_DAILY,UNSUPPORTED_OR_UNPROVED_ADJUSTMENT,ACTUAL_TRADED,data/v4/dm01_candidate_staging_r3/durable_r3/01cc90422d57e166392ff251ec990f4ad286504c27d29cbba2fb499c9b615060/RAW_DAILY/artifact.json,RESOLVE_ACCEPTED_ADJUSTMENT_AUTHORITY
2026-09-28,SEC-4415245F5ACB0AE9A2AED688BCCDB98F,SH.600010,ADJUSTED_DAILY,UNSUPPORTED_OR_UNPROVED_ADJUSTMENT,ACTUAL_TRADED,data/v4/dm01_candidate_staging_r3/durable_r3/01cc90422d57e166392ff251ec990f4ad286504c27d29cbba2fb499c9b615060/RAW_DAILY/artifact.json,RESOLVE_ACCEPTED_ADJUSTMENT_AUTHORITY
2026-09-28,SEC-458E42ED72931A453BF5E0ADC0E3376D,SZ.000032,ADJUSTED_DAILY,UNSUPPORTED_OR_UNPROVED_ADJUSTMENT,ACTUAL_TRADED,data/v4/dm01_candidate_staging_r3/durable_r3/01cc90422d57e166392ff251ec990f4ad286504c27d29cbba2fb499c9b615060/RAW_DAILY/artifact.json,RESOLVE_ACCEPTED_ADJUSTMENT_AUTHORITY
2026-09-28,SEC-46E0C592A244A2396F3738D7CDF2FE95,SH.600862,ADJUSTED_DAILY,UNSUPPORTED_OR_UNPROVED_ADJUSTMENT,ACTUAL_TRADED,data/v4/dm01_candidate_staging_r3/durable_r3/01cc90422d57e166392ff251ec990f4ad286504c27d29cbba2fb499c9b615060/RAW_DAILY/artifact.json,RESOLVE_ACCEPTED_ADJUSTMENT_AUTHORITY
2026-09-28,SEC-4A5B5DF33FDC4B2AEFD8DAA0F6C23084,SH.603559,ADJUSTED_DAILY,UNSUPPORTED_OR_UNPROVED_ADJUSTMENT,ACTUAL_TRADED,data/v4/dm01_candidate_staging_r3/durable_r3/01cc90422d57e166392ff251ec990f4ad286504c27d29cbba2fb499c9b615060/RAW_DAILY/artifact.json,RESOLVE_ACCEPTED_ADJUSTMENT_AUTHORITY
2026-09-28,SEC-4A975B3AC347CE0857E7E14E5038C7DE,SZ.000620,ADJUSTED_DAILY,UNSUPPORTED_OR_UNPROVED_ADJUSTMENT,ACTUAL_TRADED,data/v4/dm01_candidate_staging_r3/durable_r3/01cc90422d57e166392ff251ec990f4ad286504c27d29cbba2fb499c9b615060/RAW_DAILY/artifact.json,RESOLVE_ACCEPTED_ADJUSTMENT_AUTHORITY
2026-09-28,SEC-4B54B6CE8238BD6B1E6C9843592A07DE,SH.600400,ADJUSTED_DAILY,UNSUPPORTED_OR_UNPROVED_ADJUSTMENT,ACTUAL_TRADED,data/v4/dm01_candidate_staging_r3/durable_r3/01cc90422d57e166392ff251ec990f4ad286504c27d29cbba2fb499c9b615060/RAW_DAILY/artifact.json,RESOLVE_ACCEPTED_ADJUSTMENT_AUTHORITY
2026-09-28,SEC-4DA9ADBF77312B8AE394AEA34F5ED7AA,SH.600641,ADJUSTED_DAILY,UNSUPPORTED_OR_UNPROVED_ADJUSTMENT,ACTUAL_TRADED,data/v4/dm01_candidate_staging_r3/durable_r3/01cc90422d57e166392ff251ec990f4ad286504c27d29cbba2fb499c9b615060/RAW_DAILY/artifact.json,RESOLVE_ACCEPTED_ADJUSTMENT_AUTHORITY
2026-09-28,SEC-4EBD02787ED6E06583AD1FF72FBD0CB5,SZ.000036,ADJUSTED_DAILY,UNSUPPORTED_OR_UNPROVED_ADJUSTMENT,ACTUAL_TRADED,data/v4/dm01_candidate_staging_r3/durable_r3/01cc90422d57e166392ff251ec990f4ad286504c27d29cbba2fb499c9b615060/RAW_DAILY/artifact.json,RESOLVE_ACCEPTED_ADJUSTMENT_AUTHORITY
2026-09-28,SEC-4F9559FC0ACD59AA3FAB2D6919D2CE04,SH.600861,ADJUSTED_DAILY,UNSUPPORTED_OR_UNPROVED_ADJUSTMENT,ACTUAL_TRADED,data/v4/dm01_candidate_staging_r3/durable_r3/01cc90422d57e166392ff251ec990f4ad286504c27d29cbba2fb499c9b615060/RAW_DAILY/artifact.json,RESOLVE_ACCEPTED_ADJUSTMENT_AUTHORITY
2026-09-28,SEC-505EE5E71B20C4E20C702384A8486CD3,SH.600761,ADJUSTED_DAILY,UNSUPPORTED_OR_UNPROVED_ADJUSTMENT,ACTUAL_TRADED,data/v4/dm01_candidate_staging_r3/durable_r3/01cc90422d57e166392ff251ec990f4ad286504c27d29cbba2fb499c9b615060/RAW_DAILY/artifact.json,RESOLVE_ACCEPTED_ADJUSTMENT_AUTHORITY
2026-09-28,SEC-509AAE6E978C108A3C04074CAA20A1FD,SH.600676,ADJUSTED_DAILY,UNSUPPORTED_OR_UNPROVED_ADJUSTMENT,ACTUAL_TRADED,data/v4/dm01_candidate_staging_r3/durable_r3/01cc90422d57e166392ff251ec990f4ad286504c27d29cbba2fb499c9b615060/RAW_DAILY/artifact.json,RESOLVE_ACCEPTED_ADJUSTMENT_AUTHORITY
2026-09-28,SEC-52BB765425FAC02F25AB6435735C59D9,SH.600759,ADJUSTED_DAILY,UNSUPPORTED_OR_UNPROVED_ADJUSTMENT,ACTUAL_TRADED,data/v4/dm01_candidate_staging_r3/durable_r3/01cc90422d57e166392ff251ec990f4ad286504c27d29cbba2fb499c9b615060/RAW_DAILY/artifact.json,RESOLVE_ACCEPTED_ADJUSTMENT_AUTHORITY
2026-09-28,SEC-52F252007B34C0BEAA365CEE5D59A347,SZ.000989,ADJUSTED_DAILY,UNSUPPORTED_OR_UNPROVED_ADJUSTMENT,ACTUAL_TRADED,data/v4/dm01_candidate_staging_r3/durable_r3/01cc90422d57e166392ff251ec990f4ad286504c27d29cbba2fb499c9b615060/RAW_DAILY/artifact.json,RESOLVE_ACCEPTED_ADJUSTMENT_AUTHORITY
2026-09-28,SEC-55D0EE507F97A877879ACD1142CBEA16,SZ.000402,ADJUSTED_DAILY,UNSUPPORTED_OR_UNPROVED_ADJUSTMENT,ACTUAL_TRADED,data/v4/dm01_candidate_staging_r3/durable_r3/01cc90422d57e166392ff251ec990f4ad286504c27d29cbba2fb499c9b615060/RAW_DAILY/artifact.json,RESOLVE_ACCEPTED_ADJUSTMENT_AUTHORITY
2026-09-28,SEC-56810448CF2F6FC4CB0D129FAD066CE2,SH.600518,ADJUSTED_DAILY,UNSUPPORTED_OR_UNPROVED_ADJUSTMENT,ACTUAL_TRADED,data/v4/dm01_candidate_staging_r3/durable_r3/01cc90422d57e166392ff251ec990f4ad286504c27d29cbba2fb499c9b615060/RAW_DAILY/artifact.json,RESOLVE_ACCEPTED_ADJUSTMENT_AUTHORITY
2026-09-28,SEC-57BFBA249A27E65A7AD249FFB3F7907D,SZ.002310,ADJUSTED_DAILY,UNSUPPORTED_OR_UNPROVED_ADJUSTMENT,ACTUAL_TRADED,data/v4/dm01_candidate_staging_r3/durable_r3/01cc90422d57e166392ff251ec990f4ad286504c27d29cbba2fb499c9b615060/RAW_DAILY/artifact.json,RESOLVE_ACCEPTED_ADJUSTMENT_AUTHORITY
2026-09-28,SEC-581D10525B31F1CDBDAD427938A5E4F8,SZ.002713,ADJUSTED_DAILY,UNSUPPORTED_OR_UNPROVED_ADJUSTMENT,ACTUAL_TRADED,data/v4/dm01_candidate_staging_r3/durable_r3/01cc90422d57e166392ff251ec990f4ad286504c27d29cbba2fb499c9b615060/RAW_DAILY/artifact.json,RESOLVE_ACCEPTED_ADJUSTMENT_AUTHORITY
2026-09-28,SEC-5B590C9442FD526BE2E08E3000AB382F,SH.600827,ADJUSTED_DAILY,UNSUPPORTED_OR_UNPROVED_ADJUSTMENT,ACTUAL_TRADED,data/v4/dm01_candidate_staging_r3/durable_r3/01cc90422d57e166392ff251ec990f4ad286504c27d29cbba2fb499c9b615060/RAW_DAILY/artifact.json,RESOLVE_ACCEPTED_ADJUSTMENT_AUTHORITY
2026-09-28,SEC-5CFA7CDB76A729D378E47E5F875A0ABF,SH.600666,ADJUSTED_DAILY,UNSUPPORTED_OR_UNPROVED_ADJUSTMENT,ACTUAL_TRADED,data/v4/dm01_candidate_staging_r3/durable_r3/01cc90422d57e166392ff251ec990f4ad286504c27d29cbba2fb499c9b615060/RAW_DAILY/artifact.json,RESOLVE_ACCEPTED_ADJUSTMENT_AUTHORITY
2026-09-28,SEC-5E1FB39278F400FB4FE566532A2C6D07,SZ.000768,ADJUSTED_DAILY,UNSUPPORTED_OR_UNPROVED_ADJUSTMENT,ACTUAL_TRADED,data/v4/dm01_candidate_staging_r3/durable_r3/01cc90422d57e166392ff251ec990f4ad286504c27d29cbba2fb499c9b615060/RAW_DAILY/artifact.json,RESOLVE_ACCEPTED_ADJUSTMENT_AUTHORITY
2026-09-28,SEC-5E2BB82CAB36DB385F00C6EA1DE6A5F5,SZ.000700,ADJUSTED_DAILY,UNSUPPORTED_OR_UNPROVED_ADJUSTMENT,ACTUAL_TRADED,data/v4/dm01_candidate_staging_r3/durable_r3/01cc90422d57e166392ff251ec990f4ad286504c27d29cbba2fb499c9b615060/RAW_DAILY/artifact.json,RESOLVE_ACCEPTED_ADJUSTMENT_AUTHORITY
2026-09-28,SEC-6054AE867A60481EDA16B0E02AF1DB09,SH.601198,RAW_DAILY,EXPECTED_NO_BAR_SUSPENDED,SUSPENDED,data/v4/dm01_candidate_staging_r3/durable_r3/01cc90422d57e166392ff251ec990f4ad286504c27d29cbba2fb499c9b615060/RAW_DAILY/artifact.json,NONE_EXPECTED_SUSPENSION
2026-09-28,SEC-60FCC9B399F4B0093B2C1853EEFAC9D2,SH.600795,ADJUSTED_DAILY,UNSUPPORTED_OR_UNPROVED_ADJUSTMENT,ACTUAL_TRADED,data/v4/dm01_candidate_staging_r3/durable_r3/01cc90422d57e166392ff251ec990f4ad286504c27d29cbba2fb499c9b615060/RAW_DAILY/artifact.json,RESOLVE_ACCEPTED_ADJUSTMENT_AUTHORITY
2026-09-28,SEC-62C40F6EEABB12A3B3F00D4FB0B61ED0,SH.600000,ADJUSTED_DAILY,UNSUPPORTED_OR_UNPROVED_ADJUSTMENT,ACTUAL_TRADED,data/v4/dm01_candidate_staging_r3/durable_r3/01cc90422d57e166392ff251ec990f4ad286504c27d29cbba2fb499c9b615060/RAW_DAILY/artifact.json,RESOLVE_ACCEPTED_ADJUSTMENT_AUTHORITY
2026-09-28,SEC-63FD3C0974681E00F1C3A1D87C75D09B,SH.600375,ADJUSTED_DAILY,UNSUPPORTED_OR_UNPROVED_ADJUSTMENT,ACTUAL_TRADED,data/v4/dm01_candidate_staging_r3/durable_r3/01cc90422d57e166392ff251ec990f4ad286504c27d29cbba2fb499c9b615060/RAW_DAILY/artifact.json,RESOLVE_ACCEPTED_ADJUSTMENT_AUTHORITY
2026-09-28,SEC-6765D553384B9E7BB7848090E693D277,SH.600660,ADJUSTED_DAILY,UNSUPPORTED_OR_UNPROVED_ADJUSTMENT,ACTUAL_TRADED,data/v4/dm01_candidate_staging_r3/durable_r3/01cc90422d57e166392ff251ec990f4ad286504c27d29cbba2fb499c9b615060/RAW_DAILY/artifact.json,RESOLVE_ACCEPTED_ADJUSTMENT_AUTHORITY
2026-09-28,SEC-67CBEE0CDF1D71445641D98875D2E238,SH.600036,ADJUSTED_DAILY,UNSUPPORTED_OR_UNPROVED_ADJUSTMENT,ACTUAL_TRADED,data/v4/dm01_candidate_staging_r3/durable_r3/01cc90422d57e166392ff251ec990f4ad286504c27d29cbba2fb499c9b615060/RAW_DAILY/artifact.json,RESOLVE_ACCEPTED_ADJUSTMENT_AUTHORITY
2026-09-28,SEC-684CC8E923234B4B24F740A20AB309F9,SZ.000711,ADJUSTED_DAILY,UNSUPPORTED_OR_UNPROVED_ADJUSTMENT,ACTUAL_TRADED,data/v4/dm01_candidate_staging_r3/durable_r3/01cc90422d57e166392ff251ec990f4ad286504c27d29cbba2fb499c9b615060/RAW_DAILY/artifact.json,RESOLVE_ACCEPTED_ADJUSTMENT_AUTHORITY
2026-09-28,SEC-6A3D8F121720DEC4403BCAA7F3C75C6E,SZ.000027,ADJUSTED_DAILY,UNSUPPORTED_OR_UNPROVED_ADJUSTMENT,ACTUAL_TRADED,data/v4/dm01_candidate_staging_r3/durable_r3/01cc90422d57e166392ff251ec990f4ad286504c27d29cbba2fb499c9b615060/RAW_DAILY/artifact.json,RESOLVE_ACCEPTED_ADJUSTMENT_AUTHORITY
2026-09-28,SEC-6BF06788496FED7C56E98AACED3536E3,SZ.300091,ADJUSTED_DAILY,UNSUPPORTED_OR_UNPROVED_ADJUSTMENT,ACTUAL_TRADED,data/v4/dm01_candidate_staging_r3/durable_r3/01cc90422d57e166392ff251ec990f4ad286504c27d29cbba2fb499c9b615060/RAW_DAILY/artifact.json,RESOLVE_ACCEPTED_ADJUSTMENT_AUTHORITY
2026-09-28,SEC-6C3A0D3DF2356C7C08617EB9FA22373E,SH.600642,ADJUSTED_DAILY,UNSUPPORTED_OR_UNPROVED_ADJUSTMENT,ACTUAL_TRADED,data/v4/dm01_candidate_staging_r3/durable_r3/01cc90422d57e166392ff251ec990f4ad286504c27d29cbba2fb499c9b615060/RAW_DAILY/artifact.json,RESOLVE_ACCEPTED_ADJUSTMENT_AUTHORITY
2026-09-28,SEC-6D96953C4813650A2F06DF53EE7D3FC8,SZ.002076,ADJUSTED_DAILY,UNSUPPORTED_OR_UNPROVED_ADJUSTMENT,ACTUAL_TRADED,data/v4/dm01_candidate_staging_r3/durable_r3/01cc90422d57e166392ff251ec990f4ad286504c27d29cbba2fb499c9b615060/RAW_DAILY/artifact.json,RESOLVE_ACCEPTED_ADJUSTMENT_AUTHORITY
2026-09-28,SEC-6E5A7E8842DFFFE1CB910FFA75084631,SZ.000796,ADJUSTED_DAILY,UNSUPPORTED_OR_UNPROVED_ADJUSTMENT,ACTUAL_TRADED,data/v4/dm01_candidate_staging_r3/durable_r3/01cc90422d57e166392ff251ec990f4ad286504c27d29cbba2fb499c9b615060/RAW_DAILY/artifact.json,RESOLVE_ACCEPTED_ADJUSTMENT_AUTHORITY
2026-09-28,SEC-793384D2A43865CEC95DF7A34E324933,SZ.002122,ADJUSTED_DAILY,UNSUPPORTED_OR_UNPROVED_ADJUSTMENT,ACTUAL_TRADED,data/v4/dm01_candidate_staging_r3/durable_r3/01cc90422d57e166392ff251ec990f4ad286504c27d29cbba2fb499c9b615060/RAW_DAILY/artifact.json,RESOLVE_ACCEPTED_ADJUSTMENT_AUTHORITY
2026-09-28,SEC-79DA87AB15C8B695B574E1818CF11786,SZ.002072,ADJUSTED_DAILY,UNSUPPORTED_OR_UNPROVED_ADJUSTMENT,ACTUAL_TRADED,data/v4/dm01_candidate_staging_r3/durable_r3/01cc90422d57e166392ff251ec990f4ad286504c27d29cbba2fb499c9b615060/RAW_DAILY/artifact.json,RESOLVE_ACCEPTED_ADJUSTMENT_AUTHORITY
2026-09-28,SEC-7A1F28C9234719290BCA8EEC1F18AFAD,SZ.300211,RAW_DAILY,EXPECTED_NO_BAR_SUSPENDED,SUSPENDED,data/v4/dm01_candidate_staging_r3/durable_r3/01cc90422d57e166392ff251ec990f4ad286504c27d29cbba2fb499c9b615060/RAW_DAILY/artifact.json,NONE_EXPECTED_SUSPENSION
2026-09-28,SEC-7A69B56937CEF89A370966B1216DF226,SZ.000727,ADJUSTED_DAILY,UNSUPPORTED_OR_UNPROVED_ADJUSTMENT,ACTUAL_TRADED,data/v4/dm01_candidate_staging_r3/durable_r3/01cc90422d57e166392ff251ec990f4ad286504c27d29cbba2fb499c9b615060/RAW_DAILY/artifact.json,RESOLVE_ACCEPTED_ADJUSTMENT_AUTHORITY
2026-09-28,SEC-7D00F4C18778D179CFB91FB2CEB2DF92,SH.600606,ADJUSTED_DAILY,UNSUPPORTED_OR_UNPROVED_ADJUSTMENT,ACTUAL_TRADED,data/v4/dm01_candidate_staging_r3/durable_r3/01cc90422d57e166392ff251ec990f4ad286504c27d29cbba2fb499c9b615060/RAW_DAILY/artifact.json,RESOLVE_ACCEPTED_ADJUSTMENT_AUTHORITY
2026-09-28,SEC-7DECE2CC07C61E5469B5726443DA3A3F,SZ.002354,ADJUSTED_DAILY,UNSUPPORTED_OR_UNPROVED_ADJUSTMENT,ACTUAL_TRADED,data/v4/dm01_candidate_staging_r3/durable_r3/01cc90422d57e166392ff251ec990f4ad286504c27d29cbba2fb499c9b615060/RAW_DAILY/artifact.json,RESOLVE_ACCEPTED_ADJUSTMENT_AUTHORITY
2026-09-28,SEC-7F9F5B612586D38EE9395AAACBC91DAA,SH.600309,ADJUSTED_DAILY,UNSUPPORTED_OR_UNPROVED_ADJUSTMENT,ACTUAL_TRADED,data/v4/dm01_candidate_staging_r3/durable_r3/01cc90422d57e166392ff251ec990f4ad286504c27d29cbba2fb499c9b615060/RAW_DAILY/artifact.json,RESOLVE_ACCEPTED_ADJUSTMENT_AUTHORITY
2026-09-28,SEC-842AD2566EC149CA40DADD50B4AEF6A2,SZ.300159,ADJUSTED_DAILY,UNSUPPORTED_OR_UNPROVED_ADJUSTMENT,ACTUAL_TRADED,data/v4/dm01_candidate_staging_r3/durable_r3/01cc90422d57e166392ff251ec990f4ad286504c27d29cbba2fb499c9b615060/RAW_DAILY/artifact.json,RESOLVE_ACCEPTED_ADJUSTMENT_AUTHORITY
2026-09-28,SEC-86B52E880E4D734DE7116D78FD84C415,SZ.000518,ADJUSTED_DAILY,UNSUPPORTED_OR_UNPROVED_ADJUSTMENT,ACTUAL_TRADED,data/v4/dm01_candidate_staging_r3/durable_r3/01cc90422d57e166392ff251ec990f4ad286504c27d29cbba2fb499c9b615060/RAW_DAILY/artifact.json,RESOLVE_ACCEPTED_ADJUSTMENT_AUTHORITY
2026-09-28,SEC-87B79996D81FFB2B6AF2BD725CF56B1C,SZ.000523,ADJUSTED_DAILY,UNSUPPORTED_OR_UNPROVED_ADJUSTMENT,ACTUAL_TRADED,data/v4/dm01_candidate_staging_r3/durable_r3/01cc90422d57e166392ff251ec990f4ad286504c27d29cbba2fb499c9b615060/RAW_DAILY/artifact.json,RESOLVE_ACCEPTED_ADJUSTMENT_AUTHORITY
2026-09-28,SEC-8846699F149D866751E5B694A2DCAAF3,SH.600860,ADJUSTED_DAILY,UNSUPPORTED_OR_UNPROVED_ADJUSTMENT,ACTUAL_TRADED,data/v4/dm01_candidate_staging_r3/durable_r3/01cc90422d57e166392ff251ec990f4ad286504c27d29cbba2fb499c9b615060/RAW_DAILY/artifact.json,RESOLVE_ACCEPTED_ADJUSTMENT_AUTHORITY
2026-09-28,SEC-88A30018EC950E51C1A4DFAE1A170D2A,SZ.002219,ADJUSTED_DAILY,UNSUPPORTED_OR_UNPROVED_ADJUSTMENT,ACTUAL_TRADED,data/v4/dm01_candidate_staging_r3/durable_r3/01cc90422d57e166392ff251ec990f4ad286504c27d29cbba2fb499c9b615060/RAW_DAILY/artifact.json,RESOLVE_ACCEPTED_ADJUSTMENT_AUTHORITY
2026-09-28,SEC-88C3BA6DBAEB723A0AF0CC4EC44B6434,SZ.000917,ADJUSTED_DAILY,UNSUPPORTED_OR_UNPROVED_ADJUSTMENT,ACTUAL_TRADED,data/v4/dm01_candidate_staging_r3/durable_r3/01cc90422d57e166392ff251ec990f4ad286504c27d29cbba2fb499c9b615060/RAW_DAILY/artifact.json,RESOLVE_ACCEPTED_ADJUSTMENT_AUTHORITY
2026-09-28,SEC-8943D855D94C3B3063EFED90D40F7CAA,SZ.002210,ADJUSTED_DAILY,UNSUPPORTED_OR_UNPROVED_ADJUSTMENT,ACTUAL_TRADED,data/v4/dm01_candidate_staging_r3/durable_r3/01cc90422d57e166392ff251ec990f4ad286504c27d29cbba2fb499c9b615060/RAW_DAILY/artifact.json,RESOLVE_ACCEPTED_ADJUSTMENT_AUTHORITY
2026-09-28,SEC-8ABF23B1B506CF21B31B77B88A5AD035,SH.600654,ADJUSTED_DAILY,UNSUPPORTED_OR_UNPROVED_ADJUSTMENT,ACTUAL_TRADED,data/v4/dm01_candidate_staging_r3/durable_r3/01cc90422d57e166392ff251ec990f4ad286504c27d29cbba2fb499c9b615060/RAW_DAILY/artifact.json,RESOLVE_ACCEPTED_ADJUSTMENT_AUTHORITY
2026-09-28,SEC-8BEF56AE112AA814CEDCDC90039545C1,SZ.300278,ADJUSTED_DAILY,UNSUPPORTED_OR_UNPROVED_ADJUSTMENT,ACTUAL_TRADED,data/v4/dm01_candidate_staging_r3/durable_r3/01cc90422d57e166392ff251ec990f4ad286504c27d29cbba2fb499c9b615060/RAW_DAILY/artifact.json,RESOLVE_ACCEPTED_ADJUSTMENT_AUTHORITY
2026-09-28,SEC-8C61371DAF1F15B8DAAECB9651D3A7D6,SH.600157,ADJUSTED_DAILY,UNSUPPORTED_OR_UNPROVED_ADJUSTMENT,ACTUAL_TRADED,data/v4/dm01_candidate_staging_r3/durable_r3/01cc90422d57e166392ff251ec990f4ad286504c27d29cbba2fb499c9b615060/RAW_DAILY/artifact.json,RESOLVE_ACCEPTED_ADJUSTMENT_AUTHORITY
2026-09-28,SEC-8C7B0104BCBBE198B25C7A447C445233,SZ.000908,ADJUSTED_DAILY,UNSUPPORTED_OR_UNPROVED_ADJUSTMENT,ACTUAL_TRADED,data/v4/dm01_candidate_staging_r3/durable_r3/01cc90422d57e166392ff251ec990f4ad286504c27d29cbba2fb499c9b615060/RAW_DAILY/artifact.json,RESOLVE_ACCEPTED_ADJUSTMENT_AUTHORITY
2026-09-28,SEC-8F5A2AC49C96965FFEF9DB8F03E9F09A,SH.600165,ADJUSTED_DAILY,UNSUPPORTED_OR_UNPROVED_ADJUSTMENT,ACTUAL_TRADED,data/v4/dm01_candidate_staging_r3/durable_r3/01cc90422d57e166392ff251ec990f4ad286504c27d29cbba2fb499c9b615060/RAW_DAILY/artifact.json,RESOLVE_ACCEPTED_ADJUSTMENT_AUTHORITY
2026-09-28,SEC-956E4474160B17BD28418080FB481219,SZ.000607,ADJUSTED_DAILY,UNSUPPORTED_OR_UNPROVED_ADJUSTMENT,ACTUAL_TRADED,data/v4/dm01_candidate_staging_r3/durable_r3/01cc90422d57e166392ff251ec990f4ad286504c27d29cbba2fb499c9b615060/RAW_DAILY/artifact.json,RESOLVE_ACCEPTED_ADJUSTMENT_AUTHORITY
2026-09-28,SEC-98E560847D910685FC67D1377ACA180C,SZ.000014,ADJUSTED_DAILY,UNSUPPORTED_OR_UNPROVED_ADJUSTMENT,ACTUAL_TRADED,data/v4/dm01_candidate_staging_r3/durable_r3/01cc90422d57e166392ff251ec990f4ad286504c27d29cbba2fb499c9b615060/RAW_DAILY/artifact.json,RESOLVE_ACCEPTED_ADJUSTMENT_AUTHORITY
2026-09-28,SEC-9925579346C943AD778D53C381063EF1,SZ.000410,ADJUSTED_DAILY,UNSUPPORTED_OR_UNPROVED_ADJUSTMENT,ACTUAL_TRADED,data/v4/dm01_candidate_staging_r3/durable_r3/01cc90422d57e166392ff251ec990f4ad286504c27d29cbba2fb499c9b615060/RAW_DAILY/artifact.json,RESOLVE_ACCEPTED_ADJUSTMENT_AUTHORITY
2026-09-28,SEC-997943F899ECF567CB30E853E0FEC131,SH.600611,ADJUSTED_DAILY,UNSUPPORTED_OR_UNPROVED_ADJUSTMENT,ACTUAL_TRADED,data/v4/dm01_candidate_staging_r3/durable_r3/01cc90422d57e166392ff251ec990f4ad286504c27d29cbba2fb499c9b615060/RAW_DAILY/artifact.json,RESOLVE_ACCEPTED_ADJUSTMENT_AUTHORITY
2026-09-28,SEC-9A109B99F6722ABD0E9CE4DC7A891079,SH.600805,ADJUSTED_DAILY,UNSUPPORTED_OR_UNPROVED_ADJUSTMENT,ACTUAL_TRADED,data/v4/dm01_candidate_staging_r3/durable_r3/01cc90422d57e166392ff251ec990f4ad286504c27d29cbba2fb499c9b615060/RAW_DAILY/artifact.json,RESOLVE_ACCEPTED_ADJUSTMENT_AUTHORITY
2026-09-28,SEC-9C973B4FDFA9C42E9574D1446FF54034,SZ.000016,RAW_DAILY,EXPECTED_NO_BAR_SUSPENDED,SUSPENDED,data/v4/dm01_candidate_staging_r3/durable_r3/01cc90422d57e166392ff251ec990f4ad286504c27d29cbba2fb499c9b615060/RAW_DAILY/artifact.json,NONE_EXPECTED_SUSPENSION
2026-09-28,SEC-9D8A5E0D60FA682C7D0D31822E769952,SZ.002721,ADJUSTED_DAILY,UNSUPPORTED_OR_UNPROVED_ADJUSTMENT,ACTUAL_TRADED,data/v4/dm01_candidate_staging_r3/durable_r3/01cc90422d57e166392ff251ec990f4ad286504c27d29cbba2fb499c9b615060/RAW_DAILY/artifact.json,RESOLVE_ACCEPTED_ADJUSTMENT_AUTHORITY
2026-09-28,SEC-9DEA6A61473005AA1961E9C7F7C534ED,SZ.000709,ADJUSTED_DAILY,UNSUPPORTED_OR_UNPROVED_ADJUSTMENT,ACTUAL_TRADED,data/v4/dm01_candidate_staging_r3/durable_r3/01cc90422d57e166392ff251ec990f4ad286504c27d29cbba2fb499c9b615060/RAW_DAILY/artifact.json,RESOLVE_ACCEPTED_ADJUSTMENT_AUTHORITY
2026-09-28,SEC-A0DE4D3F804A6BBEE74327947B9BFDC3,SZ.000807,ADJUSTED_DAILY,UNSUPPORTED_OR_UNPROVED_ADJUSTMENT,ACTUAL_TRADED,data/v4/dm01_candidate_staging_r3/durable_r3/01cc90422d57e166392ff251ec990f4ad286504c27d29cbba2fb499c9b615060/RAW_DAILY/artifact.json,RESOLVE_ACCEPTED_ADJUSTMENT_AUTHORITY
2026-09-28,SEC-A15426238891AF44A04C9ECD042CC2E5,SZ.300506,ADJUSTED_DAILY,UNSUPPORTED_OR_UNPROVED_ADJUSTMENT,ACTUAL_TRADED,data/v4/dm01_candidate_staging_r3/durable_r3/01cc90422d57e166392ff251ec990f4ad286504c27d29cbba2fb499c9b615060/RAW_DAILY/artifact.json,RESOLVE_ACCEPTED_ADJUSTMENT_AUTHORITY
2026-09-28,SEC-A19788F5438D07A52DB2041EB8FC184F,SZ.000895,ADJUSTED_DAILY,UNSUPPORTED_OR_UNPROVED_ADJUSTMENT,ACTUAL_TRADED,data/v4/dm01_candidate_staging_r3/durable_r3/01cc90422d57e166392ff251ec990f4ad286504c27d29cbba2fb499c9b615060/RAW_DAILY/artifact.json,RESOLVE_ACCEPTED_ADJUSTMENT_AUTHORITY
2026-09-28,SEC-A1D8B6546D6E53D19A1FD449F05ADDF1,SZ.000751,ADJUSTED_DAILY,UNSUPPORTED_OR_UNPROVED_ADJUSTMENT,ACTUAL_TRADED,data/v4/dm01_candidate_staging_r3/durable_r3/01cc90422d57e166392ff251ec990f4ad286504c27d29cbba2fb499c9b615060/RAW_DAILY/artifact.json,RESOLVE_ACCEPTED_ADJUSTMENT_AUTHORITY
2026-09-28,SEC-A40EBF8310B209CE65C64D01B50CFEF4,SH.600595,ADJUSTED_DAILY,UNSUPPORTED_OR_UNPROVED_ADJUSTMENT,ACTUAL_TRADED,data/v4/dm01_candidate_staging_r3/durable_r3/01cc90422d57e166392ff251ec990f4ad286504c27d29cbba2fb499c9b615060/RAW_DAILY/artifact.json,RESOLVE_ACCEPTED_ADJUSTMENT_AUTHORITY
2026-09-28,SEC-A482162EA9F8F52E445B925F38509EDA,SZ.000708,ADJUSTED_DAILY,UNSUPPORTED_OR_UNPROVED_ADJUSTMENT,ACTUAL_TRADED,data/v4/dm01_candidate_staging_r3/durable_r3/01cc90422d57e166392ff251ec990f4ad286504c27d29cbba2fb499c9b615060/RAW_DAILY/artifact.json,RESOLVE_ACCEPTED_ADJUSTMENT_AUTHORITY
2026-09-28,SEC-A71EE768008A73C938A7069D83C431FD,SZ.000488,ADJUSTED_DAILY,UNSUPPORTED_OR_UNPROVED_ADJUSTMENT,ACTUAL_TRADED,data/v4/dm01_candidate_staging_r3/durable_r3/01cc90422d57e166392ff251ec990f4ad286504c27d29cbba2fb499c9b615060/RAW_DAILY/artifact.json,RESOLVE_ACCEPTED_ADJUSTMENT_AUTHORITY
2026-09-28,SEC-A94CC314405C8437CE79555A7DC05B82,SZ.002860,RAW_DAILY,EXPECTED_NO_BAR_SUSPENDED,SUSPENDED,data/v4/dm01_candidate_staging_r3/durable_r3/01cc90422d57e166392ff251ec990f4ad286504c27d29cbba2fb499c9b615060/RAW_DAILY/artifact.json,NONE_EXPECTED_SUSPENSION
2026-09-28,SEC-A9C18A851E4D913AD4E7048F7550F059,SZ.000958,ADJUSTED_DAILY,UNSUPPORTED_OR_UNPROVED_ADJUSTMENT,ACTUAL_TRADED,data/v4/dm01_candidate_staging_r3/durable_r3/01cc90422d57e166392ff251ec990f4ad286504c27d29cbba2fb499c9b615060/RAW_DAILY/artifact.json,RESOLVE_ACCEPTED_ADJUSTMENT_AUTHORITY
2026-09-28,SEC-ABF1160A946C4F1321503DF093C24A0F,SZ.000697,ADJUSTED_DAILY,UNSUPPORTED_OR_UNPROVED_ADJUSTMENT,ACTUAL_TRADED,data/v4/dm01_candidate_staging_r3/durable_r3/01cc90422d57e166392ff251ec990f4ad286504c27d29cbba2fb499c9b615060/RAW_DAILY/artifact.json,RESOLVE_ACCEPTED_ADJUSTMENT_AUTHORITY
2026-09-28,SEC-AD5A64E7BF51F8494C1BEE20F7D879BB,SZ.002482,ADJUSTED_DAILY,UNSUPPORTED_OR_UNPROVED_ADJUSTMENT,ACTUAL_TRADED,data/v4/dm01_candidate_staging_r3/durable_r3/01cc90422d57e166392ff251ec990f4ad286504c27d29cbba2fb499c9b615060/RAW_DAILY/artifact.json,RESOLVE_ACCEPTED_ADJUSTMENT_AUTHORITY
2026-09-28,SEC-B0558329F4B0DB87F6730BF7F26C5EFF,SZ.300093,ADJUSTED_DAILY,UNSUPPORTED_OR_UNPROVED_ADJUSTMENT,ACTUAL_TRADED,data/v4/dm01_candidate_staging_r3/durable_r3/01cc90422d57e166392ff251ec990f4ad286504c27d29cbba2fb499c9b615060/RAW_DAILY/artifact.json,RESOLVE_ACCEPTED_ADJUSTMENT_AUTHORITY
2026-09-28,SEC-B06A8B54D5EA70744E8142FEF09ACEE4,SZ.000002,ADJUSTED_DAILY,UNSUPPORTED_OR_UNPROVED_ADJUSTMENT,ACTUAL_TRADED,data/v4/dm01_candidate_staging_r3/durable_r3/01cc90422d57e166392ff251ec990f4ad286504c27d29cbba2fb499c9b615060/RAW_DAILY/artifact.json,RESOLVE_ACCEPTED_ADJUSTMENT_AUTHORITY
2026-09-28,SEC-B161522F533B555D28566A4F53B0BF7D,SH.600815,ADJUSTED_DAILY,UNSUPPORTED_OR_UNPROVED_ADJUSTMENT,ACTUAL_TRADED,data/v4/dm01_candidate_staging_r3/durable_r3/01cc90422d57e166392ff251ec990f4ad286504c27d29cbba2fb499c9b615060/RAW_DAILY/artifact.json,RESOLVE_ACCEPTED_ADJUSTMENT_AUTHORITY
2026-09-28,SEC-B17169139D0E3492B2CA012774B6B125,SZ.300082,RAW_DAILY,EXPECTED_NO_BAR_SUSPENDED,SUSPENDED,data/v4/dm01_candidate_staging_r3/durable_r3/01cc90422d57e166392ff251ec990f4ad286504c27d29cbba2fb499c9b615060/RAW_DAILY/artifact.json,NONE_EXPECTED_SUSPENSION
2026-09-28,SEC-B1DE4E4AAD66F413CCAA12E25819A5EC,SH.600117,ADJUSTED_DAILY,UNSUPPORTED_OR_UNPROVED_ADJUSTMENT,ACTUAL_TRADED,data/v4/dm01_candidate_staging_r3/durable_r3/01cc90422d57e166392ff251ec990f4ad286504c27d29cbba2fb499c9b615060/RAW_DAILY/artifact.json,RESOLVE_ACCEPTED_ADJUSTMENT_AUTHORITY
2026-09-28,SEC-B35BFC1CA53C4D03FA74AF6002F66628,SZ.000517,ADJUSTED_DAILY,UNSUPPORTED_OR_UNPROVED_ADJUSTMENT,ACTUAL_TRADED,data/v4/dm01_candidate_staging_r3/durable_r3/01cc90422d57e166392ff251ec990f4ad286504c27d29cbba2fb499c9b615060/RAW_DAILY/artifact.json,RESOLVE_ACCEPTED_ADJUSTMENT_AUTHORITY
2026-09-28,SEC-B369CA5F72A0B06C54D8C971B9075917,SH.600886,ADJUSTED_DAILY,UNSUPPORTED_OR_UNPROVED_ADJUSTMENT,ACTUAL_TRADED,data/v4/dm01_candidate_staging_r3/durable_r3/01cc90422d57e166392ff251ec990f4ad286504c27d29cbba2fb499c9b615060/RAW_DAILY/artifact.json,RESOLVE_ACCEPTED_ADJUSTMENT_AUTHORITY
2026-09-28,SEC-B39006974E603AB79833A7E36829C0C5,SH.600835,ADJUSTED_DAILY,UNSUPPORTED_OR_UNPROVED_ADJUSTMENT,ACTUAL_TRADED,data/v4/dm01_candidate_staging_r3/durable_r3/01cc90422d57e166392ff251ec990f4ad286504c27d29cbba2fb499c9b615060/RAW_DAILY/artifact.json,RESOLVE_ACCEPTED_ADJUSTMENT_AUTHORITY
2026-09-28,SEC-B4CE8054B52B7A3C93C5D2D7C2D88D33,SZ.000557,ADJUSTED_DAILY,UNSUPPORTED_OR_UNPROVED_ADJUSTMENT,ACTUAL_TRADED,data/v4/dm01_candidate_staging_r3/durable_r3/01cc90422d57e166392ff251ec990f4ad286504c27d29cbba2fb499c9b615060/RAW_DAILY/artifact.json,RESOLVE_ACCEPTED_ADJUSTMENT_AUTHORITY
2026-09-28,SEC-B4ECF00CC8C17798682E0D5E8C05C8F1,SZ.002356,ADJUSTED_DAILY,UNSUPPORTED_OR_UNPROVED_ADJUSTMENT,ACTUAL_TRADED,data/v4/dm01_candidate_staging_r3/durable_r3/01cc90422d57e166392ff251ec990f4ad286504c27d29cbba2fb499c9b615060/RAW_DAILY/artifact.json,RESOLVE_ACCEPTED_ADJUSTMENT_AUTHORITY
2026-09-28,SEC-B60899F589C7A04A916A653B1AEBAA1A,SH.600851,ADJUSTED_DAILY,UNSUPPORTED_OR_UNPROVED_ADJUSTMENT,ACTUAL_TRADED,data/v4/dm01_candidate_staging_r3/durable_r3/01cc90422d57e166392ff251ec990f4ad286504c27d29cbba2fb499c9b615060/RAW_DAILY/artifact.json,RESOLVE_ACCEPTED_ADJUSTMENT_AUTHORITY
2026-09-28,SEC-BEC87A73DBE4C74B14B709CFA120D075,SZ.002366,ADJUSTED_DAILY,UNSUPPORTED_OR_UNPROVED_ADJUSTMENT,ACTUAL_TRADED,data/v4/dm01_candidate_staging_r3/durable_r3/01cc90422d57e166392ff251ec990f4ad286504c27d29cbba2fb499c9b615060/RAW_DAILY/artifact.json,RESOLVE_ACCEPTED_ADJUSTMENT_AUTHORITY
2026-09-28,SEC-C030240E8A9AD7DF0B2E47EA189DECD4,SZ.300256,ADJUSTED_DAILY,UNSUPPORTED_OR_UNPROVED_ADJUSTMENT,ACTUAL_TRADED,data/v4/dm01_candidate_staging_r3/durable_r3/01cc90422d57e166392ff251ec990f4ad286504c27d29cbba2fb499c9b615060/RAW_DAILY/artifact.json,RESOLVE_ACCEPTED_ADJUSTMENT_AUTHORITY
2026-09-28,SEC-C122CA5E22AEBF5068E1A17EF3266901,SH.600496,ADJUSTED_DAILY,UNSUPPORTED_OR_UNPROVED_ADJUSTMENT,ACTUAL_TRADED,data/v4/dm01_candidate_staging_r3/durable_r3/01cc90422d57e166392ff251ec990f4ad286504c27d29cbba2fb499c9b615060/RAW_DAILY/artifact.json,RESOLVE_ACCEPTED_ADJUSTMENT_AUTHORITY
2026-09-28,SEC-C3C8EEBF0D0896A34E69D08F9629F586,SZ.000912,ADJUSTED_DAILY,UNSUPPORTED_OR_UNPROVED_ADJUSTMENT,ACTUAL_TRADED,data/v4/dm01_candidate_staging_r3/durable_r3/01cc90422d57e166392ff251ec990f4ad286504c27d29cbba2fb499c9b615060/RAW_DAILY/artifact.json,RESOLVE_ACCEPTED_ADJUSTMENT_AUTHORITY
2026-09-28,SEC-C48260AD8F1986EE8362B0791D4889D6,SZ.002321,ADJUSTED_DAILY,UNSUPPORTED_OR_UNPROVED_ADJUSTMENT,ACTUAL_TRADED,data/v4/dm01_candidate_staging_r3/durable_r3/01cc90422d57e166392ff251ec990f4ad286504c27d29cbba2fb499c9b615060/RAW_DAILY/artifact.json,RESOLVE_ACCEPTED_ADJUSTMENT_AUTHORITY
2026-09-28,SEC-C51B13C61C4B22DEB861326BFAF8B985,SZ.002157,ADJUSTED_DAILY,UNSUPPORTED_OR_UNPROVED_ADJUSTMENT,ACTUAL_TRADED,data/v4/dm01_candidate_staging_r3/durable_r3/01cc90422d57e166392ff251ec990f4ad286504c27d29cbba2fb499c9b615060/RAW_DAILY/artifact.json,RESOLVE_ACCEPTED_ADJUSTMENT_AUTHORITY
2026-09-28,SEC-C6D81D46F7DB0E37FFB773D935009B5B,SZ.002608,ADJUSTED_DAILY,UNSUPPORTED_OR_UNPROVED_ADJUSTMENT,ACTUAL_TRADED,data/v4/dm01_candidate_staging_r3/durable_r3/01cc90422d57e166392ff251ec990f4ad286504c27d29cbba2fb499c9b615060/RAW_DAILY/artifact.json,RESOLVE_ACCEPTED_ADJUSTMENT_AUTHORITY
2026-09-28,SEC-C794DF5A4489054F2E3EB5D32853E0E7,SH.601005,ADJUSTED_DAILY,UNSUPPORTED_OR_UNPROVED_ADJUSTMENT,ACTUAL_TRADED,data/v4/dm01_candidate_staging_r3/durable_r3/01cc90422d57e166392ff251ec990f4ad286504c27d29cbba2fb499c9b615060/RAW_DAILY/artifact.json,RESOLVE_ACCEPTED_ADJUSTMENT_AUTHORITY
2026-09-28,SEC-C81D396F54785E353029B7739525F865,SH.600351,ADJUSTED_DAILY,UNSUPPORTED_OR_UNPROVED_ADJUSTMENT,ACTUAL_TRADED,data/v4/dm01_candidate_staging_r3/durable_r3/01cc90422d57e166392ff251ec990f4ad286504c27d29cbba2fb499c9b615060/RAW_DAILY/artifact.json,RESOLVE_ACCEPTED_ADJUSTMENT_AUTHORITY
2026-09-28,SEC-C851A9954DAA1E99F9F6D1BDA2F8BDF4,SZ.000539,ADJUSTED_DAILY,UNSUPPORTED_OR_UNPROVED_ADJUSTMENT,ACTUAL_TRADED,data/v4/dm01_candidate_staging_r3/durable_r3/01cc90422d57e166392ff251ec990f4ad286504c27d29cbba2fb499c9b615060/RAW_DAILY/artifact.json,RESOLVE_ACCEPTED_ADJUSTMENT_AUTHORITY
2026-09-28,SEC-C8C8C7ED81D35F1E9CC7FF2D2D9D44AA,SZ.000821,ADJUSTED_DAILY,UNSUPPORTED_OR_UNPROVED_ADJUSTMENT,ACTUAL_TRADED,data/v4/dm01_candidate_staging_r3/durable_r3/01cc90422d57e166392ff251ec990f4ad286504c27d29cbba2fb499c9b615060/RAW_DAILY/artifact.json,RESOLVE_ACCEPTED_ADJUSTMENT_AUTHORITY
2026-09-28,SEC-CA7C653ECF2DBAB6CFCA702D48AF13FF,SH.600734,ADJUSTED_DAILY,UNSUPPORTED_OR_UNPROVED_ADJUSTMENT,ACTUAL_TRADED,data/v4/dm01_candidate_staging_r3/durable_r3/01cc90422d57e166392ff251ec990f4ad286504c27d29cbba2fb499c9b615060/RAW_DAILY/artifact.json,RESOLVE_ACCEPTED_ADJUSTMENT_AUTHORITY
2026-09-28,SEC-CAFBE206FEA136BCF9C5923BDC15586A,SH.601238,RAW_DAILY,EXPECTED_NO_BAR_SUSPENDED,SUSPENDED,data/v4/dm01_candidate_staging_r3/durable_r3/01cc90422d57e166392ff251ec990f4ad286504c27d29cbba2fb499c9b615060/RAW_DAILY/artifact.json,NONE_EXPECTED_SUSPENSION
2026-09-28,SEC-CD1BE8D9644A7555D86EC8BA7191EC8B,SZ.002445,ADJUSTED_DAILY,UNSUPPORTED_OR_UNPROVED_ADJUSTMENT,ACTUAL_TRADED,data/v4/dm01_candidate_staging_r3/durable_r3/01cc90422d57e166392ff251ec990f4ad286504c27d29cbba2fb499c9b615060/RAW_DAILY/artifact.json,RESOLVE_ACCEPTED_ADJUSTMENT_AUTHORITY
2026-09-28,SEC-CEF69B3292E2AE319FC46216AAAB86DA,SH.603030,ADJUSTED_DAILY,UNSUPPORTED_OR_UNPROVED_ADJUSTMENT,ACTUAL_TRADED,data/v4/dm01_candidate_staging_r3/durable_r3/01cc90422d57e166392ff251ec990f4ad286504c27d29cbba2fb499c9b615060/RAW_DAILY/artifact.json,RESOLVE_ACCEPTED_ADJUSTMENT_AUTHORITY
2026-09-28,SEC-CEF6DB23042CFA7E242BD62A2C05D8A0,SZ.002086,ADJUSTED_DAILY,UNSUPPORTED_OR_UNPROVED_ADJUSTMENT,ACTUAL_TRADED,data/v4/dm01_candidate_staging_r3/durable_r3/01cc90422d57e166392ff251ec990f4ad286504c27d29cbba2fb499c9b615060/RAW_DAILY/artifact.json,RESOLVE_ACCEPTED_ADJUSTMENT_AUTHORITY
2026-09-28,SEC-CF1302989D3556131C131254BC499F0F,SH.600894,ADJUSTED_DAILY,UNSUPPORTED_OR_UNPROVED_ADJUSTMENT,ACTUAL_TRADED,data/v4/dm01_candidate_staging_r3/durable_r3/01cc90422d57e166392ff251ec990f4ad286504c27d29cbba2fb499c9b615060/RAW_DAILY/artifact.json,RESOLVE_ACCEPTED_ADJUSTMENT_AUTHORITY
2026-09-28,SEC-D041DB297109CEAEAF23245CE014FC3F,SZ.002716,ADJUSTED_DAILY,UNSUPPORTED_OR_UNPROVED_ADJUSTMENT,ACTUAL_TRADED,data/v4/dm01_candidate_staging_r3/durable_r3/01cc90422d57e166392ff251ec990f4ad286504c27d29cbba2fb499c9b615060/RAW_DAILY/artifact.json,RESOLVE_ACCEPTED_ADJUSTMENT_AUTHORITY
2026-09-28,SEC-D0F0DDAC64451CA20CC62383CF08A9E4,SZ.002742,ADJUSTED_DAILY,UNSUPPORTED_OR_UNPROVED_ADJUSTMENT,ACTUAL_TRADED,data/v4/dm01_candidate_staging_r3/durable_r3/01cc90422d57e166392ff251ec990f4ad286504c27d29cbba2fb499c9b615060/RAW_DAILY/artifact.json,RESOLVE_ACCEPTED_ADJUSTMENT_AUTHORITY
2026-09-28,SEC-D11220120A954D8B9F03A9BB7C31C107,SH.600150,ADJUSTED_DAILY,UNSUPPORTED_OR_UNPROVED_ADJUSTMENT,ACTUAL_TRADED,data/v4/dm01_candidate_staging_r3/durable_r3/01cc90422d57e166392ff251ec990f4ad286504c27d29cbba2fb499c9b615060/RAW_DAILY/artifact.json,RESOLVE_ACCEPTED_ADJUSTMENT_AUTHORITY
2026-09-28,SEC-D16F1FD665551F1D98304EB41D5AB79E,SZ.002309,ADJUSTED_DAILY,UNSUPPORTED_OR_UNPROVED_ADJUSTMENT,ACTUAL_TRADED,data/v4/dm01_candidate_staging_r3/durable_r3/01cc90422d57e166392ff251ec990f4ad286504c27d29cbba2fb499c9b615060/RAW_DAILY/artifact.json,RESOLVE_ACCEPTED_ADJUSTMENT_AUTHORITY
2026-09-28,SEC-D25CD1867AE8B886A6DCF8D273DF1E1D,SZ.300209,ADJUSTED_DAILY,UNSUPPORTED_OR_UNPROVED_ADJUSTMENT,ACTUAL_TRADED,data/v4/dm01_candidate_staging_r3/durable_r3/01cc90422d57e166392ff251ec990f4ad286504c27d29cbba2fb499c9b615060/RAW_DAILY/artifact.json,RESOLVE_ACCEPTED_ADJUSTMENT_AUTHORITY
2026-09-28,SEC-D3A27051D9812A037CF36EC227427543,SH.600667,ADJUSTED_DAILY,UNSUPPORTED_OR_UNPROVED_ADJUSTMENT,ACTUAL_TRADED,data/v4/dm01_candidate_staging_r3/durable_r3/01cc90422d57e166392ff251ec990f4ad286504c27d29cbba2fb499c9b615060/RAW_DAILY/artifact.json,RESOLVE_ACCEPTED_ADJUSTMENT_AUTHORITY
2026-09-28,SEC-D4117F6E88EBA6031A6B8BAD0C37CA19,SH.600186,ADJUSTED_DAILY,UNSUPPORTED_OR_UNPROVED_ADJUSTMENT,ACTUAL_TRADED,data/v4/dm01_candidate_staging_r3/durable_r3/01cc90422d57e166392ff251ec990f4ad286504c27d29cbba2fb499c9b615060/RAW_DAILY/artifact.json,RESOLVE_ACCEPTED_ADJUSTMENT_AUTHORITY
2026-09-28,SEC-D67D92B148C0663898C1E52A55B49380,SH.600589,ADJUSTED_DAILY,UNSUPPORTED_OR_UNPROVED_ADJUSTMENT,ACTUAL_TRADED,data/v4/dm01_candidate_staging_r3/durable_r3/01cc90422d57e166392ff251ec990f4ad286504c27d29cbba2fb499c9b615060/RAW_DAILY/artifact.json,RESOLVE_ACCEPTED_ADJUSTMENT_AUTHORITY
2026-09-28,SEC-D7686A4DD9712DEDBD8048E9EADACE11,SZ.002822,ADJUSTED_DAILY,UNSUPPORTED_OR_UNPROVED_ADJUSTMENT,ACTUAL_TRADED,data/v4/dm01_candidate_staging_r3/durable_r3/01cc90422d57e166392ff251ec990f4ad286504c27d29cbba2fb499c9b615060/RAW_DAILY/artifact.json,RESOLVE_ACCEPTED_ADJUSTMENT_AUTHORITY
2026-09-28,SEC-D83A4116BFAF204B3E5FEDC5F3D3BC2C,SH.600339,ADJUSTED_DAILY,UNSUPPORTED_OR_UNPROVED_ADJUSTMENT,ACTUAL_TRADED,data/v4/dm01_candidate_staging_r3/durable_r3/01cc90422d57e166392ff251ec990f4ad286504c27d29cbba2fb499c9b615060/RAW_DAILY/artifact.json,RESOLVE_ACCEPTED_ADJUSTMENT_AUTHORITY
2026-09-28,SEC-D86248C5EE87D92007ABD479CA70FA25,SH.600817,ADJUSTED_DAILY,UNSUPPORTED_OR_UNPROVED_ADJUSTMENT,ACTUAL_TRADED,data/v4/dm01_candidate_staging_r3/durable_r3/01cc90422d57e166392ff251ec990f4ad286504c27d29cbba2fb499c9b615060/RAW_DAILY/artifact.json,RESOLVE_ACCEPTED_ADJUSTMENT_AUTHORITY
2026-09-28,SEC-D8A112523AD5D0CAA23F11CC38276761,SZ.002251,ADJUSTED_DAILY,UNSUPPORTED_OR_UNPROVED_ADJUSTMENT,ACTUAL_TRADED,data/v4/dm01_candidate_staging_r3/durable_r3/01cc90422d57e166392ff251ec990f4ad286504c27d29cbba2fb499c9b615060/RAW_DAILY/artifact.json,RESOLVE_ACCEPTED_ADJUSTMENT_AUTHORITY
2026-09-28,SEC-D8A1CCB5D5576B6F4A7D9D639E017655,SH.600009,ADJUSTED_DAILY,UNSUPPORTED_OR_UNPROVED_ADJUSTMENT,ACTUAL_TRADED,data/v4/dm01_candidate_staging_r3/durable_r3/01cc90422d57e166392ff251ec990f4ad286504c27d29cbba2fb499c9b615060/RAW_DAILY/artifact.json,RESOLVE_ACCEPTED_ADJUSTMENT_AUTHORITY
2026-09-28,SEC-D8C9B37E10006189EF0101637CE93AA8,SH.600601,ADJUSTED_DAILY,UNSUPPORTED_OR_UNPROVED_ADJUSTMENT,ACTUAL_TRADED,data/v4/dm01_candidate_staging_r3/durable_r3/01cc90422d57e166392ff251ec990f4ad286504c27d29cbba2fb499c9b615060/RAW_DAILY/artifact.json,RESOLVE_ACCEPTED_ADJUSTMENT_AUTHORITY
2026-09-28,SEC-D8CBF449D722752AD1C93D73B5919275,SZ.002015,ADJUSTED_DAILY,UNSUPPORTED_OR_UNPROVED_ADJUSTMENT,ACTUAL_TRADED,data/v4/dm01_candidate_staging_r3/durable_r3/01cc90422d57e166392ff251ec990f4ad286504c27d29cbba2fb499c9b615060/RAW_DAILY/artifact.json,RESOLVE_ACCEPTED_ADJUSTMENT_AUTHORITY
2026-09-28,SEC-E11DA4A25B7F65C3E8229D5A76504A94,SZ.002731,RAW_DAILY,EXPECTED_NO_BAR_SUSPENDED,SUSPENDED,data/v4/dm01_candidate_staging_r3/durable_r3/01cc90422d57e166392ff251ec990f4ad286504c27d29cbba2fb499c9b615060/RAW_DAILY/artifact.json,NONE_EXPECTED_SUSPENSION
2026-09-28,SEC-E176F9C4F9E68C3EE6815CACE8BA0967,SZ.002175,ADJUSTED_DAILY,UNSUPPORTED_OR_UNPROVED_ADJUSTMENT,ACTUAL_TRADED,data/v4/dm01_candidate_staging_r3/durable_r3/01cc90422d57e166392ff251ec990f4ad286504c27d29cbba2fb499c9b615060/RAW_DAILY/artifact.json,RESOLVE_ACCEPTED_ADJUSTMENT_AUTHORITY
2026-09-28,SEC-E318598F58CBFEA1AEBF7DE6B8887D90,SZ.002766,ADJUSTED_DAILY,UNSUPPORTED_OR_UNPROVED_ADJUSTMENT,ACTUAL_TRADED,data/v4/dm01_candidate_staging_r3/durable_r3/01cc90422d57e166392ff251ec990f4ad286504c27d29cbba2fb499c9b615060/RAW_DAILY/artifact.json,RESOLVE_ACCEPTED_ADJUSTMENT_AUTHORITY
2026-09-28,SEC-E4A78A1FA6729F84C9A00EDAF032BB2D,SZ.000692,ADJUSTED_DAILY,UNSUPPORTED_OR_UNPROVED_ADJUSTMENT,ACTUAL_TRADED,data/v4/dm01_candidate_staging_r3/durable_r3/01cc90422d57e166392ff251ec990f4ad286504c27d29cbba2fb499c9b615060/RAW_DAILY/artifact.json,RESOLVE_ACCEPTED_ADJUSTMENT_AUTHORITY
2026-09-28,SEC-E4D13AA4878803234FA7CB84F8207F06,SH.600690,ADJUSTED_DAILY,UNSUPPORTED_OR_UNPROVED_ADJUSTMENT,ACTUAL_TRADED,data/v4/dm01_candidate_staging_r3/durable_r3/01cc90422d57e166392ff251ec990f4ad286504c27d29cbba2fb499c9b615060/RAW_DAILY/artifact.json,RESOLVE_ACCEPTED_ADJUSTMENT_AUTHORITY
2026-09-28,SEC-E6E4BB0505A8AF8DDC6A0CF698128D6B,SZ.300008,ADJUSTED_DAILY,UNSUPPORTED_OR_UNPROVED_ADJUSTMENT,ACTUAL_TRADED,data/v4/dm01_candidate_staging_r3/durable_r3/01cc90422d57e166392ff251ec990f4ad286504c27d29cbba2fb499c9b615060/RAW_DAILY/artifact.json,RESOLVE_ACCEPTED_ADJUSTMENT_AUTHORITY
2026-09-28,SEC-E89088E6DA03AFCB6435780B04729A71,SZ.000655,ADJUSTED_DAILY,UNSUPPORTED_OR_UNPROVED_ADJUSTMENT,ACTUAL_TRADED,data/v4/dm01_candidate_staging_r3/durable_r3/01cc90422d57e166392ff251ec990f4ad286504c27d29cbba2fb499c9b615060/RAW_DAILY/artifact.json,RESOLVE_ACCEPTED_ADJUSTMENT_AUTHORITY
2026-09-28,SEC-E8F172CA42780258DBEEDB78A0E4A75C,SZ.000793,ADJUSTED_DAILY,UNSUPPORTED_OR_UNPROVED_ADJUSTMENT,ACTUAL_TRADED,data/v4/dm01_candidate_staging_r3/durable_r3/01cc90422d57e166392ff251ec990f4ad286504c27d29cbba2fb499c9b615060/RAW_DAILY/artifact.json,RESOLVE_ACCEPTED_ADJUSTMENT_AUTHORITY
2026-09-28,SEC-E97827449341A20F047D18001BC41D12,SZ.002003,ADJUSTED_DAILY,UNSUPPORTED_OR_UNPROVED_ADJUSTMENT,ACTUAL_TRADED,data/v4/dm01_candidate_staging_r3/durable_r3/01cc90422d57e166392ff251ec990f4ad286504c27d29cbba2fb499c9b615060/RAW_DAILY/artifact.json,RESOLVE_ACCEPTED_ADJUSTMENT_AUTHORITY
2026-09-28,SEC-EA10622D071183775DA6750F1790A5C9,SZ.002506,ADJUSTED_DAILY,UNSUPPORTED_OR_UNPROVED_ADJUSTMENT,ACTUAL_TRADED,data/v4/dm01_candidate_staging_r3/durable_r3/01cc90422d57e166392ff251ec990f4ad286504c27d29cbba2fb499c9b615060/RAW_DAILY/artifact.json,RESOLVE_ACCEPTED_ADJUSTMENT_AUTHORITY
2026-09-28,SEC-EE81568DB513EA34C6F04CA6D96D1343,SZ.002217,ADJUSTED_DAILY,UNSUPPORTED_OR_UNPROVED_ADJUSTMENT,ACTUAL_TRADED,data/v4/dm01_candidate_staging_r3/durable_r3/01cc90422d57e166392ff251ec990f4ad286504c27d29cbba2fb499c9b615060/RAW_DAILY/artifact.json,RESOLVE_ACCEPTED_ADJUSTMENT_AUTHORITY
2026-09-28,SEC-EEA0398C2948E9836A79F02EC1F4ACCE,SH.600456,ADJUSTED_DAILY,UNSUPPORTED_OR_UNPROVED_ADJUSTMENT,ACTUAL_TRADED,data/v4/dm01_candidate_staging_r3/durable_r3/01cc90422d57e166392ff251ec990f4ad286504c27d29cbba2fb499c9b615060/RAW_DAILY/artifact.json,RESOLVE_ACCEPTED_ADJUSTMENT_AUTHORITY
2026-09-28,SEC-EFAABB52A512633A96C69AE43384C128,SZ.000656,ADJUSTED_DAILY,UNSUPPORTED_OR_UNPROVED_ADJUSTMENT,ACTUAL_TRADED,data/v4/dm01_candidate_staging_r3/durable_r3/01cc90422d57e166392ff251ec990f4ad286504c27d29cbba2fb499c9b615060/RAW_DAILY/artifact.json,RESOLVE_ACCEPTED_ADJUSTMENT_AUTHORITY
2026-09-28,SEC-F0544A859F44FA1C85000F4EA34E0596,SH.600019,ADJUSTED_DAILY,UNSUPPORTED_OR_UNPROVED_ADJUSTMENT,ACTUAL_TRADED,data/v4/dm01_candidate_staging_r3/durable_r3/01cc90422d57e166392ff251ec990f4ad286504c27d29cbba2fb499c9b615060/RAW_DAILY/artifact.json,RESOLVE_ACCEPTED_ADJUSTMENT_AUTHORITY
2026-09-28,SEC-F1128559EE27068078D38B30DC507F29,SZ.000595,ADJUSTED_DAILY,UNSUPPORTED_OR_UNPROVED_ADJUSTMENT,ACTUAL_TRADED,data/v4/dm01_candidate_staging_r3/durable_r3/01cc90422d57e166392ff251ec990f4ad286504c27d29cbba2fb499c9b615060/RAW_DAILY/artifact.json,RESOLVE_ACCEPTED_ADJUSTMENT_AUTHORITY
2026-09-28,SEC-F16A803819DE430E7243D31B0B8336EF,SZ.000039,ADJUSTED_DAILY,UNSUPPORTED_OR_UNPROVED_ADJUSTMENT,ACTUAL_TRADED,data/v4/dm01_candidate_staging_r3/durable_r3/01cc90422d57e166392ff251ec990f4ad286504c27d29cbba2fb499c9b615060/RAW_DAILY/artifact.json,RESOLVE_ACCEPTED_ADJUSTMENT_AUTHORITY
2026-09-28,SEC-F1BFF442844BD2AC79F63E27F7AF829A,SZ.300071,ADJUSTED_DAILY,UNSUPPORTED_OR_UNPROVED_ADJUSTMENT,ACTUAL_TRADED,data/v4/dm01_candidate_staging_r3/durable_r3/01cc90422d57e166392ff251ec990f4ad286504c27d29cbba2fb499c9b615060/RAW_DAILY/artifact.json,RESOLVE_ACCEPTED_ADJUSTMENT_AUTHORITY
2026-09-28,SEC-F294D4F353FD19F8CF1F6B27B13D5704,SH.600381,ADJUSTED_DAILY,UNSUPPORTED_OR_UNPROVED_ADJUSTMENT,ACTUAL_TRADED,data/v4/dm01_candidate_staging_r3/durable_r3/01cc90422d57e166392ff251ec990f4ad286504c27d29cbba2fb499c9b615060/RAW_DAILY/artifact.json,RESOLVE_ACCEPTED_ADJUSTMENT_AUTHORITY
2026-09-28,SEC-F2F5C53740F6B019812080985C3CEADF,SZ.000155,ADJUSTED_DAILY,UNSUPPORTED_OR_UNPROVED_ADJUSTMENT,ACTUAL_TRADED,data/v4/dm01_candidate_staging_r3/durable_r3/01cc90422d57e166392ff251ec990f4ad286504c27d29cbba2fb499c9b615060/RAW_DAILY/artifact.json,RESOLVE_ACCEPTED_ADJUSTMENT_AUTHORITY
2026-09-28,SEC-F37DB3AB528245787D1A0104B83E67BE,SZ.002024,ADJUSTED_DAILY,UNSUPPORTED_OR_UNPROVED_ADJUSTMENT,ACTUAL_TRADED,data/v4/dm01_candidate_staging_r3/durable_r3/01cc90422d57e166392ff251ec990f4ad286504c27d29cbba2fb499c9b615060/RAW_DAILY/artifact.json,RESOLVE_ACCEPTED_ADJUSTMENT_AUTHORITY
2026-09-28,SEC-F5C37FC84C5F243E4899F2520237134D,SZ.000035,ADJUSTED_DAILY,UNSUPPORTED_OR_UNPROVED_ADJUSTMENT,ACTUAL_TRADED,data/v4/dm01_candidate_staging_r3/durable_r3/01cc90422d57e166392ff251ec990f4ad286504c27d29cbba2fb499c9b615060/RAW_DAILY/artifact.json,RESOLVE_ACCEPTED_ADJUSTMENT_AUTHORITY
2026-09-28,SEC-F65C0BE13CD364992F31EEB8344DED1B,SZ.002427,ADJUSTED_DAILY,UNSUPPORTED_OR_UNPROVED_ADJUSTMENT,ACTUAL_TRADED,data/v4/dm01_candidate_staging_r3/durable_r3/01cc90422d57e166392ff251ec990f4ad286504c27d29cbba2fb499c9b615060/RAW_DAILY/artifact.json,RESOLVE_ACCEPTED_ADJUSTMENT_AUTHORITY
2026-09-28,SEC-F677AC55B0AE04E5E007768259083811,SH.600780,ADJUSTED_DAILY,UNSUPPORTED_OR_UNPROVED_ADJUSTMENT,ACTUAL_TRADED,data/v4/dm01_candidate_staging_r3/durable_r3/01cc90422d57e166392ff251ec990f4ad286504c27d29cbba2fb499c9b615060/RAW_DAILY/artifact.json,RESOLVE_ACCEPTED_ADJUSTMENT_AUTHORITY
2026-09-28,SEC-F7CCCEA12356A689F3994F07FE9E913B,SH.600423,ADJUSTED_DAILY,UNSUPPORTED_OR_UNPROVED_ADJUSTMENT,ACTUAL_TRADED,data/v4/dm01_candidate_staging_r3/durable_r3/01cc90422d57e166392ff251ec990f4ad286504c27d29cbba2fb499c9b615060/RAW_DAILY/artifact.json,RESOLVE_ACCEPTED_ADJUSTMENT_AUTHORITY
2026-09-28,SEC-F8746011C899252271AD601EF8110877,SZ.000926,ADJUSTED_DAILY,UNSUPPORTED_OR_UNPROVED_ADJUSTMENT,ACTUAL_TRADED,data/v4/dm01_candidate_staging_r3/durable_r3/01cc90422d57e166392ff251ec990f4ad286504c27d29cbba2fb499c9b615060/RAW_DAILY/artifact.json,RESOLVE_ACCEPTED_ADJUSTMENT_AUTHORITY
2026-09-28,SEC-FAA2AF960B1FFF5621F947C264FC75BE,SH.600602,ADJUSTED_DAILY,UNSUPPORTED_OR_UNPROVED_ADJUSTMENT,ACTUAL_TRADED,data/v4/dm01_candidate_staging_r3/durable_r3/01cc90422d57e166392ff251ec990f4ad286504c27d29cbba2fb499c9b615060/RAW_DAILY/artifact.json,RESOLVE_ACCEPTED_ADJUSTMENT_AUTHORITY
2026-09-28,SEC-FB0F4C7656EB8F83398D53487ADD0301,SZ.000828,ADJUSTED_DAILY,UNSUPPORTED_OR_UNPROVED_ADJUSTMENT,ACTUAL_TRADED,data/v4/dm01_candidate_staging_r3/durable_r3/01cc90422d57e166392ff251ec990f4ad286504c27d29cbba2fb499c9b615060/RAW_DAILY/artifact.json,RESOLVE_ACCEPTED_ADJUSTMENT_AUTHORITY
2026-09-28,SEC-FB63D033043DEEE1BD663E71DD710790,SH.600177,ADJUSTED_DAILY,UNSUPPORTED_OR_UNPROVED_ADJUSTMENT,ACTUAL_TRADED,data/v4/dm01_candidate_staging_r3/durable_r3/01cc90422d57e166392ff251ec990f4ad286504c27d29cbba2fb499c9b615060/RAW_DAILY/artifact.json,RESOLVE_ACCEPTED_ADJUSTMENT_AUTHORITY
2026-09-28,SEC-FBF7B93F7C2482E8DD518677440E7858,SZ.000980,ADJUSTED_DAILY,UNSUPPORTED_OR_UNPROVED_ADJUSTMENT,ACTUAL_TRADED,data/v4/dm01_candidate_staging_r3/durable_r3/01cc90422d57e166392ff251ec990f4ad286504c27d29cbba2fb499c9b615060/RAW_DAILY/artifact.json,RESOLVE_ACCEPTED_ADJUSTMENT_AUTHORITY
2026-09-28,SEC-FF545EE1B3721B2E75E525BB96E49C98,SZ.000778,ADJUSTED_DAILY,UNSUPPORTED_OR_UNPROVED_ADJUSTMENT,ACTUAL_TRADED,data/v4/dm01_candidate_staging_r3/durable_r3/01cc90422d57e166392ff251ec990f4ad286504c27d29cbba2fb499c9b615060/RAW_DAILY/artifact.json,RESOLVE_ACCEPTED_ADJUSTMENT_AUTHORITY
2026-09-29,SEC-0157C18162F1E5F08F5949B6EA4A7514,SZ.300010,ADJUSTED_DAILY,UNSUPPORTED_OR_UNPROVED_ADJUSTMENT,ACTUAL_TRADED,data/v4/dm01_candidate_staging_r3/durable_r3/da289f4a3177d3ca084ba3c568b5b0104d2762ae0bf2705d132fad2c410daa40/RAW_DAILY/artifact.json,RESOLVE_ACCEPTED_ADJUSTMENT_AUTHORITY
2026-09-29,SEC-01CA1B1B92F68D1C3E383F8E3E6C5203,SZ.000735,ADJUSTED_DAILY,UNSUPPORTED_OR_UNPROVED_ADJUSTMENT,ACTUAL_TRADED,data/v4/dm01_candidate_staging_r3/durable_r3/da289f4a3177d3ca084ba3c568b5b0104d2762ae0bf2705d132fad2c410daa40/RAW_DAILY/artifact.json,RESOLVE_ACCEPTED_ADJUSTMENT_AUTHORITY
2026-09-29,SEC-02BCD7EB5E4853D88C92AB29C86F3EBD,SZ.000733,ADJUSTED_DAILY,UNSUPPORTED_OR_UNPROVED_ADJUSTMENT,ACTUAL_TRADED,data/v4/dm01_candidate_staging_r3/durable_r3/da289f4a3177d3ca084ba3c568b5b0104d2762ae0bf2705d132fad2c410daa40/RAW_DAILY/artifact.json,RESOLVE_ACCEPTED_ADJUSTMENT_AUTHORITY
2026-09-29,SEC-036FB19523E78B83C4349B32DC05E633,SH.600649,ADJUSTED_DAILY,UNSUPPORTED_OR_UNPROVED_ADJUSTMENT,ACTUAL_TRADED,data/v4/dm01_candidate_staging_r3/durable_r3/da289f4a3177d3ca084ba3c568b5b0104d2762ae0bf2705d132fad2c410daa40/RAW_DAILY/artifact.json,RESOLVE_ACCEPTED_ADJUSTMENT_AUTHORITY
2026-09-29,SEC-0629E3092BDED3381FF76D691EEFA8E3,SZ.002647,ADJUSTED_DAILY,UNSUPPORTED_OR_UNPROVED_ADJUSTMENT,ACTUAL_TRADED,data/v4/dm01_candidate_staging_r3/durable_r3/da289f4a3177d3ca084ba3c568b5b0104d2762ae0bf2705d132fad2c410daa40/RAW_DAILY/artifact.json,RESOLVE_ACCEPTED_ADJUSTMENT_AUTHORITY
2026-09-29,SEC-06B265774D1097539C6752C646E0EB5C,SZ.000619,ADJUSTED_DAILY,UNSUPPORTED_OR_UNPROVED_ADJUSTMENT,ACTUAL_TRADED,data/v4/dm01_candidate_staging_r3/durable_r3/da289f4a3177d3ca084ba3c568b5b0104d2762ae0bf2705d132fad2c410daa40/RAW_DAILY/artifact.json,RESOLVE_ACCEPTED_ADJUSTMENT_AUTHORITY
2026-09-29,SEC-072DF92F58F6CCBF3D7DF29C27A2C2B6,SH.600008,ADJUSTED_DAILY,UNSUPPORTED_OR_UNPROVED_ADJUSTMENT,ACTUAL_TRADED,data/v4/dm01_candidate_staging_r3/durable_r3/da289f4a3177d3ca084ba3c568b5b0104d2762ae0bf2705d132fad2c410daa40/RAW_DAILY/artifact.json,RESOLVE_ACCEPTED_ADJUSTMENT_AUTHORITY
2026-09-29,SEC-09A49B69E80FED7933BCE3C84BA58AAB,SZ.002501,ADJUSTED_DAILY,UNSUPPORTED_OR_UNPROVED_ADJUSTMENT,ACTUAL_TRADED,data/v4/dm01_candidate_staging_r3/durable_r3/da289f4a3177d3ca084ba3c568b5b0104d2762ae0bf2705d132fad2c410daa40/RAW_DAILY/artifact.json,RESOLVE_ACCEPTED_ADJUSTMENT_AUTHORITY
2026-09-29,SEC-0A3E8A5EC0314C33C5459CACC7DF374E,SH.600718,ADJUSTED_DAILY,UNSUPPORTED_OR_UNPROVED_ADJUSTMENT,ACTUAL_TRADED,data/v4/dm01_candidate_staging_r3/durable_r3/da289f4a3177d3ca084ba3c568b5b0104d2762ae0bf2705d132fad2c410daa40/RAW_DAILY/artifact.json,RESOLVE_ACCEPTED_ADJUSTMENT_AUTHORITY
2026-09-29,SEC-0B39C06B70C1DAB53E051334E2FA0530,SH.600715,ADJUSTED_DAILY,UNSUPPORTED_OR_UNPROVED_ADJUSTMENT,ACTUAL_TRADED,data/v4/dm01_candidate_staging_r3/durable_r3/da289f4a3177d3ca084ba3c568b5b0104d2762ae0bf2705d132fad2c410daa40/RAW_DAILY/artifact.json,RESOLVE_ACCEPTED_ADJUSTMENT_AUTHORITY
2026-09-29,SEC-10123CAFD684130652B5947125FEEA1F,SH.600590,ADJUSTED_DAILY,UNSUPPORTED_OR_UNPROVED_ADJUSTMENT,ACTUAL_TRADED,data/v4/dm01_candidate_staging_r3/durable_r3/da289f4a3177d3ca084ba3c568b5b0104d2762ae0bf2705d132fad2c410daa40/RAW_DAILY/artifact.json,RESOLVE_ACCEPTED_ADJUSTMENT_AUTHORITY
2026-09-29,SEC-104601CE87D096403BF0066BCC1DD92D,SZ.000069,ADJUSTED_DAILY,UNSUPPORTED_OR_UNPROVED_ADJUSTMENT,ACTUAL_TRADED,data/v4/dm01_candidate_staging_r3/durable_r3/da289f4a3177d3ca084ba3c568b5b0104d2762ae0bf2705d132fad2c410daa40/RAW_DAILY/artifact.json,RESOLVE_ACCEPTED_ADJUSTMENT_AUTHORITY
2026-09-29,SEC-11792EE8133025DEC2B9E31B57E85AA4,SH.600550,ADJUSTED_DAILY,UNSUPPORTED_OR_UNPROVED_ADJUSTMENT,ACTUAL_TRADED,data/v4/dm01_candidate_staging_r3/durable_r3/da289f4a3177d3ca084ba3c568b5b0104d2762ae0bf2705d132fad2c410daa40/RAW_DAILY/artifact.json,RESOLVE_ACCEPTED_ADJUSTMENT_AUTHORITY
2026-09-29,SEC-11E54DE9C2693CFA40A4C091BCD5ABF9,SH.601059,RAW_DAILY,EXPECTED_NO_BAR_SUSPENDED,SUSPENDED,data/v4/dm01_candidate_staging_r3/durable_r3/da289f4a3177d3ca084ba3c568b5b0104d2762ae0bf2705d132fad2c410daa40/RAW_DAILY/artifact.json,NONE_EXPECTED_SUSPENSION
2026-09-29,SEC-1225E4AE5523DC0BCDCDE764184DB7B5,SZ.000972,ADJUSTED_DAILY,UNSUPPORTED_OR_UNPROVED_ADJUSTMENT,ACTUAL_TRADED,data/v4/dm01_candidate_staging_r3/durable_r3/da289f4a3177d3ca084ba3c568b5b0104d2762ae0bf2705d132fad2c410daa40/RAW_DAILY/artifact.json,RESOLVE_ACCEPTED_ADJUSTMENT_AUTHORITY
2026-09-29,SEC-13893A28A8807423ED10E949AFFF7645,SZ.000898,ADJUSTED_DAILY,UNSUPPORTED_OR_UNPROVED_ADJUSTMENT,ACTUAL_TRADED,data/v4/dm01_candidate_staging_r3/durable_r3/da289f4a3177d3ca084ba3c568b5b0104d2762ae0bf2705d132fad2c410daa40/RAW_DAILY/artifact.json,RESOLVE_ACCEPTED_ADJUSTMENT_AUTHORITY
2026-09-29,SEC-14EFB77ACC4FDEFD153059BEF4254600,SZ.000858,ADJUSTED_DAILY,UNSUPPORTED_OR_UNPROVED_ADJUSTMENT,ACTUAL_TRADED,data/v4/dm01_candidate_staging_r3/durable_r3/da289f4a3177d3ca084ba3c568b5b0104d2762ae0bf2705d132fad2c410daa40/RAW_DAILY/artifact.json,RESOLVE_ACCEPTED_ADJUSTMENT_AUTHORITY
2026-09-29,SEC-1687B2C7769920CD46EE65B844E0C20C,SH.600887,ADJUSTED_DAILY,UNSUPPORTED_OR_UNPROVED_ADJUSTMENT,ACTUAL_TRADED,data/v4/dm01_candidate_staging_r3/durable_r3/da289f4a3177d3ca084ba3c568b5b0104d2762ae0bf2705d132fad2c410daa40/RAW_DAILY/artifact.json,RESOLVE_ACCEPTED_ADJUSTMENT_AUTHORITY
2026-09-29,SEC-17E76DA217E5C1BCC40497E9331DED2E,SZ.301139,RAW_DAILY,EXPECTED_NO_BAR_SUSPENDED,SUSPENDED,data/v4/dm01_candidate_staging_r3/durable_r3/da289f4a3177d3ca084ba3c568b5b0104d2762ae0bf2705d132fad2c410daa40/RAW_DAILY/artifact.json,NONE_EXPECTED_SUSPENSION
2026-09-29,SEC-18E752D1F19BAB2316F860E36E906C67,SZ.002200,ADJUSTED_DAILY,UNSUPPORTED_OR_UNPROVED_ADJUSTMENT,ACTUAL_TRADED,data/v4/dm01_candidate_staging_r3/durable_r3/da289f4a3177d3ca084ba3c568b5b0104d2762ae0bf2705d132fad2c410daa40/RAW_DAILY/artifact.json,RESOLVE_ACCEPTED_ADJUSTMENT_AUTHORITY
2026-09-29,SEC-19F4A14B2BB2FDC982BE28EC554FD835,SH.601777,ADJUSTED_DAILY,UNSUPPORTED_OR_UNPROVED_ADJUSTMENT,ACTUAL_TRADED,data/v4/dm01_candidate_staging_r3/durable_r3/da289f4a3177d3ca084ba3c568b5b0104d2762ae0bf2705d132fad2c410daa40/RAW_DAILY/artifact.json,RESOLVE_ACCEPTED_ADJUSTMENT_AUTHORITY
2026-09-29,SEC-1E2582ACBAF8B93358A92D8F1FB15FBB,SZ.300125,ADJUSTED_DAILY,UNSUPPORTED_OR_UNPROVED_ADJUSTMENT,ACTUAL_TRADED,data/v4/dm01_candidate_staging_r3/durable_r3/da289f4a3177d3ca084ba3c568b5b0104d2762ae0bf2705d132fad2c410daa40/RAW_DAILY/artifact.json,RESOLVE_ACCEPTED_ADJUSTMENT_AUTHORITY
2026-09-29,SEC-2158C9D64CB95665817BD3419575EDA7,SZ.000629,ADJUSTED_DAILY,UNSUPPORTED_OR_UNPROVED_ADJUSTMENT,ACTUAL_TRADED,data/v4/dm01_candidate_staging_r3/durable_r3/da289f4a3177d3ca084ba3c568b5b0104d2762ae0bf2705d132fad2c410daa40/RAW_DAILY/artifact.json,RESOLVE_ACCEPTED_ADJUSTMENT_AUTHORITY
2026-09-29,SEC-215980AAE897ACCC8D657DB0717A9896,SH.600754,ADJUSTED_DAILY,UNSUPPORTED_OR_UNPROVED_ADJUSTMENT,ACTUAL_TRADED,data/v4/dm01_candidate_staging_r3/durable_r3/da289f4a3177d3ca084ba3c568b5b0104d2762ae0bf2705d132fad2c410daa40/RAW_DAILY/artifact.json,RESOLVE_ACCEPTED_ADJUSTMENT_AUTHORITY
2026-09-29,SEC-25106EB81E18F2C63CA4F3BD11EAD8DD,SH.688496,RAW_DAILY,EXPECTED_NO_BAR_SUSPENDED,SUSPENDED,data/v4/dm01_candidate_staging_r3/durable_r3/da289f4a3177d3ca084ba3c568b5b0104d2762ae0bf2705d132fad2c410daa40/RAW_DAILY/artifact.json,NONE_EXPECTED_SUSPENSION
2026-09-29,SEC-256A3FA23334E7E2A607542269A1B28E,SZ.000839,ADJUSTED_DAILY,UNSUPPORTED_OR_UNPROVED_ADJUSTMENT,ACTUAL_TRADED,data/v4/dm01_candidate_staging_r3/durable_r3/da289f4a3177d3ca084ba3c568b5b0104d2762ae0bf2705d132fad2c410daa40/RAW_DAILY/artifact.json,RESOLVE_ACCEPTED_ADJUSTMENT_AUTHORITY
2026-09-29,SEC-2DAC1026C59FB362988632DF26864E12,SZ.000520,ADJUSTED_DAILY,UNSUPPORTED_OR_UNPROVED_ADJUSTMENT,ACTUAL_TRADED,data/v4/dm01_candidate_staging_r3/durable_r3/da289f4a3177d3ca084ba3c568b5b0104d2762ae0bf2705d132fad2c410daa40/RAW_DAILY/artifact.json,RESOLVE_ACCEPTED_ADJUSTMENT_AUTHORITY
2026-09-29,SEC-2EA13CD9CD4C2CE5B9381B74B71EC2BA,SZ.000932,ADJUSTED_DAILY,UNSUPPORTED_OR_UNPROVED_ADJUSTMENT,ACTUAL_TRADED,data/v4/dm01_candidate_staging_r3/durable_r3/da289f4a3177d3ca084ba3c568b5b0104d2762ae0bf2705d132fad2c410daa40/RAW_DAILY/artifact.json,RESOLVE_ACCEPTED_ADJUSTMENT_AUTHORITY
2026-09-29,SEC-30D1A45742773639EB00C70A711E4C04,SZ.000691,ADJUSTED_DAILY,UNSUPPORTED_OR_UNPROVED_ADJUSTMENT,ACTUAL_TRADED,data/v4/dm01_candidate_staging_r3/durable_r3/da289f4a3177d3ca084ba3c568b5b0104d2762ae0bf2705d132fad2c410daa40/RAW_DAILY/artifact.json,RESOLVE_ACCEPTED_ADJUSTMENT_AUTHORITY
2026-09-29,SEC-35775DA77A69E8EB5ABF64E685EF19FC,SZ.000430,ADJUSTED_DAILY,UNSUPPORTED_OR_UNPROVED_ADJUSTMENT,ACTUAL_TRADED,data/v4/dm01_candidate_staging_r3/durable_r3/da289f4a3177d3ca084ba3c568b5b0104d2762ae0bf2705d132fad2c410daa40/RAW_DAILY/artifact.json,RESOLVE_ACCEPTED_ADJUSTMENT_AUTHORITY
2026-09-29,SEC-35CFD3F3FC189F8E2E8D860FFCEBD290,SH.600221,ADJUSTED_DAILY,UNSUPPORTED_OR_UNPROVED_ADJUSTMENT,ACTUAL_TRADED,data/v4/dm01_candidate_staging_r3/durable_r3/da289f4a3177d3ca084ba3c568b5b0104d2762ae0bf2705d132fad2c410daa40/RAW_DAILY/artifact.json,RESOLVE_ACCEPTED_ADJUSTMENT_AUTHORITY
2026-09-29,SEC-369B96532D70A6BEFD4B9F81861A3AAF,SH.600716,ADJUSTED_DAILY,UNSUPPORTED_OR_UNPROVED_ADJUSTMENT,ACTUAL_TRADED,data/v4/dm01_candidate_staging_r3/durable_r3/da289f4a3177d3ca084ba3c568b5b0104d2762ae0bf2705d132fad2c410daa40/RAW_DAILY/artifact.json,RESOLVE_ACCEPTED_ADJUSTMENT_AUTHORITY
2026-09-29,SEC-3ACE76B18D011AEC6CA16333F702DF42,SH.600399,ADJUSTED_DAILY,UNSUPPORTED_OR_UNPROVED_ADJUSTMENT,ACTUAL_TRADED,data/v4/dm01_candidate_staging_r3/durable_r3/da289f4a3177d3ca084ba3c568b5b0104d2762ae0bf2705d132fad2c410daa40/RAW_DAILY/artifact.json,RESOLVE_ACCEPTED_ADJUSTMENT_AUTHORITY
2026-09-29,SEC-3AF86E6FE8E230C902EDEBCF49B8FB9B,SH.603400,RAW_DAILY,EXPECTED_NO_BAR_SUSPENDED,SUSPENDED,data/v4/dm01_candidate_staging_r3/durable_r3/da289f4a3177d3ca084ba3c568b5b0104d2762ae0bf2705d132fad2c410daa40/RAW_DAILY/artifact.json,NONE_EXPECTED_SUSPENSION
2026-09-29,SEC-3BB83B6C1300DDF1AF5633BDD7BF35FA,SH.603363,ADJUSTED_DAILY,UNSUPPORTED_OR_UNPROVED_ADJUSTMENT,ACTUAL_TRADED,data/v4/dm01_candidate_staging_r3/durable_r3/da289f4a3177d3ca084ba3c568b5b0104d2762ae0bf2705d132fad2c410daa40/RAW_DAILY/artifact.json,RESOLVE_ACCEPTED_ADJUSTMENT_AUTHORITY
2026-09-29,SEC-3E27A5EA85AC05C936424505D1EFB100,SH.600556,ADJUSTED_DAILY,UNSUPPORTED_OR_UNPROVED_ADJUSTMENT,ACTUAL_TRADED,data/v4/dm01_candidate_staging_r3/durable_r3/da289f4a3177d3ca084ba3c568b5b0104d2762ae0bf2705d132fad2c410daa40/RAW_DAILY/artifact.json,RESOLVE_ACCEPTED_ADJUSTMENT_AUTHORITY
2026-09-29,SEC-3E6E470C803D07EABDCD265C81867B45,SH.600136,ADJUSTED_DAILY,UNSUPPORTED_OR_UNPROVED_ADJUSTMENT,ACTUAL_TRADED,data/v4/dm01_candidate_staging_r3/durable_r3/da289f4a3177d3ca084ba3c568b5b0104d2762ae0bf2705d132fad2c410daa40/RAW_DAILY/artifact.json,RESOLVE_ACCEPTED_ADJUSTMENT_AUTHORITY
2026-09-29,SEC-403C9F3E76FA9724FE02F465BFCAF0DC,SZ.000792,ADJUSTED_DAILY,UNSUPPORTED_OR_UNPROVED_ADJUSTMENT,ACTUAL_TRADED,data/v4/dm01_candidate_staging_r3/durable_r3/da289f4a3177d3ca084ba3c568b5b0104d2762ae0bf2705d132fad2c410daa40/RAW_DAILY/artifact.json,RESOLVE_ACCEPTED_ADJUSTMENT_AUTHORITY
2026-09-29,SEC-4043BDB9C07B6F9E04E53BBA4D954D2C,SH.600004,ADJUSTED_DAILY,UNSUPPORTED_OR_UNPROVED_ADJUSTMENT,ACTUAL_TRADED,data/v4/dm01_candidate_staging_r3/durable_r3/da289f4a3177d3ca084ba3c568b5b0104d2762ae0bf2705d132fad2c410daa40/RAW_DAILY/artifact.json,RESOLVE_ACCEPTED_ADJUSTMENT_AUTHORITY
2026-09-29,SEC-413AF144BAF0DA2D11616E14806EEF42,SH.600900,ADJUSTED_DAILY,UNSUPPORTED_OR_UNPROVED_ADJUSTMENT,ACTUAL_TRADED,data/v4/dm01_candidate_staging_r3/durable_r3/da289f4a3177d3ca084ba3c568b5b0104d2762ae0bf2705d132fad2c410daa40/RAW_DAILY/artifact.json,RESOLVE_ACCEPTED_ADJUSTMENT_AUTHORITY
2026-09-29,SEC-4230FC0E6D8521AE74FF5C1B255E1362,SH.600519,ADJUSTED_DAILY,UNSUPPORTED_OR_UNPROVED_ADJUSTMENT,ACTUAL_TRADED,data/v4/dm01_candidate_staging_r3/durable_r3/da289f4a3177d3ca084ba3c568b5b0104d2762ae0bf2705d132fad2c410daa40/RAW_DAILY/artifact.json,RESOLVE_ACCEPTED_ADJUSTMENT_AUTHORITY
2026-09-29,SEC-4334FE80B5A21FF9E592B692A38BE733,SH.600533,ADJUSTED_DAILY,UNSUPPORTED_OR_UNPROVED_ADJUSTMENT,ACTUAL_TRADED,data/v4/dm01_candidate_staging_r3/durable_r3/da289f4a3177d3ca084ba3c568b5b0104d2762ae0bf2705d132fad2c410daa40/RAW_DAILY/artifact.json,RESOLVE_ACCEPTED_ADJUSTMENT_AUTHORITY
2026-09-29,SEC-436C4B8698CD3F693C1E3035864DE128,SZ.300370,ADJUSTED_DAILY,UNSUPPORTED_OR_UNPROVED_ADJUSTMENT,ACTUAL_TRADED,data/v4/dm01_candidate_staging_r3/durable_r3/da289f4a3177d3ca084ba3c568b5b0104d2762ae0bf2705d132fad2c410daa40/RAW_DAILY/artifact.json,RESOLVE_ACCEPTED_ADJUSTMENT_AUTHORITY
2026-09-29,SEC-4415245F5ACB0AE9A2AED688BCCDB98F,SH.600010,ADJUSTED_DAILY,UNSUPPORTED_OR_UNPROVED_ADJUSTMENT,ACTUAL_TRADED,data/v4/dm01_candidate_staging_r3/durable_r3/da289f4a3177d3ca084ba3c568b5b0104d2762ae0bf2705d132fad2c410daa40/RAW_DAILY/artifact.json,RESOLVE_ACCEPTED_ADJUSTMENT_AUTHORITY
2026-09-29,SEC-458E42ED72931A453BF5E0ADC0E3376D,SZ.000032,ADJUSTED_DAILY,UNSUPPORTED_OR_UNPROVED_ADJUSTMENT,ACTUAL_TRADED,data/v4/dm01_candidate_staging_r3/durable_r3/da289f4a3177d3ca084ba3c568b5b0104d2762ae0bf2705d132fad2c410daa40/RAW_DAILY/artifact.json,RESOLVE_ACCEPTED_ADJUSTMENT_AUTHORITY
2026-09-29,SEC-46E0C592A244A2396F3738D7CDF2FE95,SH.600862,ADJUSTED_DAILY,UNSUPPORTED_OR_UNPROVED_ADJUSTMENT,ACTUAL_TRADED,data/v4/dm01_candidate_staging_r3/durable_r3/da289f4a3177d3ca084ba3c568b5b0104d2762ae0bf2705d132fad2c410daa40/RAW_DAILY/artifact.json,RESOLVE_ACCEPTED_ADJUSTMENT_AUTHORITY
2026-09-29,SEC-4A5B5DF33FDC4B2AEFD8DAA0F6C23084,SH.603559,ADJUSTED_DAILY,UNSUPPORTED_OR_UNPROVED_ADJUSTMENT,ACTUAL_TRADED,data/v4/dm01_candidate_staging_r3/durable_r3/da289f4a3177d3ca084ba3c568b5b0104d2762ae0bf2705d132fad2c410daa40/RAW_DAILY/artifact.json,RESOLVE_ACCEPTED_ADJUSTMENT_AUTHORITY
2026-09-29,SEC-4A975B3AC347CE0857E7E14E5038C7DE,SZ.000620,ADJUSTED_DAILY,UNSUPPORTED_OR_UNPROVED_ADJUSTMENT,ACTUAL_TRADED,data/v4/dm01_candidate_staging_r3/durable_r3/da289f4a3177d3ca084ba3c568b5b0104d2762ae0bf2705d132fad2c410daa40/RAW_DAILY/artifact.json,RESOLVE_ACCEPTED_ADJUSTMENT_AUTHORITY
2026-09-29,SEC-4B54B6CE8238BD6B1E6C9843592A07DE,SH.600400,ADJUSTED_DAILY,UNSUPPORTED_OR_UNPROVED_ADJUSTMENT,ACTUAL_TRADED,data/v4/dm01_candidate_staging_r3/durable_r3/da289f4a3177d3ca084ba3c568b5b0104d2762ae0bf2705d132fad2c410daa40/RAW_DAILY/artifact.json,RESOLVE_ACCEPTED_ADJUSTMENT_AUTHORITY
2026-09-29,SEC-4DA9ADBF77312B8AE394AEA34F5ED7AA,SH.600641,ADJUSTED_DAILY,UNSUPPORTED_OR_UNPROVED_ADJUSTMENT,ACTUAL_TRADED,data/v4/dm01_candidate_staging_r3/durable_r3/da289f4a3177d3ca084ba3c568b5b0104d2762ae0bf2705d132fad2c410daa40/RAW_DAILY/artifact.json,RESOLVE_ACCEPTED_ADJUSTMENT_AUTHORITY
2026-09-29,SEC-4EBD02787ED6E06583AD1FF72FBD0CB5,SZ.000036,ADJUSTED_DAILY,UNSUPPORTED_OR_UNPROVED_ADJUSTMENT,ACTUAL_TRADED,data/v4/dm01_candidate_staging_r3/durable_r3/da289f4a3177d3ca084ba3c568b5b0104d2762ae0bf2705d132fad2c410daa40/RAW_DAILY/artifact.json,RESOLVE_ACCEPTED_ADJUSTMENT_AUTHORITY
2026-09-29,SEC-4F9559FC0ACD59AA3FAB2D6919D2CE04,SH.600861,ADJUSTED_DAILY,UNSUPPORTED_OR_UNPROVED_ADJUSTMENT,ACTUAL_TRADED,data/v4/dm01_candidate_staging_r3/durable_r3/da289f4a3177d3ca084ba3c568b5b0104d2762ae0bf2705d132fad2c410daa40/RAW_DAILY/artifact.json,RESOLVE_ACCEPTED_ADJUSTMENT_AUTHORITY
2026-09-29,SEC-505EE5E71B20C4E20C702384A8486CD3,SH.600761,ADJUSTED_DAILY,UNSUPPORTED_OR_UNPROVED_ADJUSTMENT,ACTUAL_TRADED,data/v4/dm01_candidate_staging_r3/durable_r3/da289f4a3177d3ca084ba3c568b5b0104d2762ae0bf2705d132fad2c410daa40/RAW_DAILY/artifact.json,RESOLVE_ACCEPTED_ADJUSTMENT_AUTHORITY
2026-09-29,SEC-509AAE6E978C108A3C04074CAA20A1FD,SH.600676,ADJUSTED_DAILY,UNSUPPORTED_OR_UNPROVED_ADJUSTMENT,ACTUAL_TRADED,data/v4/dm01_candidate_staging_r3/durable_r3/da289f4a3177d3ca084ba3c568b5b0104d2762ae0bf2705d132fad2c410daa40/RAW_DAILY/artifact.json,RESOLVE_ACCEPTED_ADJUSTMENT_AUTHORITY
2026-09-29,SEC-52BB765425FAC02F25AB6435735C59D9,SH.600759,ADJUSTED_DAILY,UNSUPPORTED_OR_UNPROVED_ADJUSTMENT,ACTUAL_TRADED,data/v4/dm01_candidate_staging_r3/durable_r3/da289f4a3177d3ca084ba3c568b5b0104d2762ae0bf2705d132fad2c410daa40/RAW_DAILY/artifact.json,RESOLVE_ACCEPTED_ADJUSTMENT_AUTHORITY
2026-09-29,SEC-52F252007B34C0BEAA365CEE5D59A347,SZ.000989,ADJUSTED_DAILY,UNSUPPORTED_OR_UNPROVED_ADJUSTMENT,ACTUAL_TRADED,data/v4/dm01_candidate_staging_r3/durable_r3/da289f4a3177d3ca084ba3c568b5b0104d2762ae0bf2705d132fad2c410daa40/RAW_DAILY/artifact.json,RESOLVE_ACCEPTED_ADJUSTMENT_AUTHORITY
2026-09-29,SEC-55D0EE507F97A877879ACD1142CBEA16,SZ.000402,ADJUSTED_DAILY,UNSUPPORTED_OR_UNPROVED_ADJUSTMENT,ACTUAL_TRADED,data/v4/dm01_candidate_staging_r3/durable_r3/da289f4a3177d3ca084ba3c568b5b0104d2762ae0bf2705d132fad2c410daa40/RAW_DAILY/artifact.json,RESOLVE_ACCEPTED_ADJUSTMENT_AUTHORITY
2026-09-29,SEC-56810448CF2F6FC4CB0D129FAD066CE2,SH.600518,ADJUSTED_DAILY,UNSUPPORTED_OR_UNPROVED_ADJUSTMENT,ACTUAL_TRADED,data/v4/dm01_candidate_staging_r3/durable_r3/da289f4a3177d3ca084ba3c568b5b0104d2762ae0bf2705d132fad2c410daa40/RAW_DAILY/artifact.json,RESOLVE_ACCEPTED_ADJUSTMENT_AUTHORITY
2026-09-29,SEC-57BFBA249A27E65A7AD249FFB3F7907D,SZ.002310,ADJUSTED_DAILY,UNSUPPORTED_OR_UNPROVED_ADJUSTMENT,ACTUAL_TRADED,data/v4/dm01_candidate_staging_r3/durable_r3/da289f4a3177d3ca084ba3c568b5b0104d2762ae0bf2705d132fad2c410daa40/RAW_DAILY/artifact.json,RESOLVE_ACCEPTED_ADJUSTMENT_AUTHORITY
2026-09-29,SEC-581D10525B31F1CDBDAD427938A5E4F8,SZ.002713,ADJUSTED_DAILY,UNSUPPORTED_OR_UNPROVED_ADJUSTMENT,ACTUAL_TRADED,data/v4/dm01_candidate_staging_r3/durable_r3/da289f4a3177d3ca084ba3c568b5b0104d2762ae0bf2705d132fad2c410daa40/RAW_DAILY/artifact.json,RESOLVE_ACCEPTED_ADJUSTMENT_AUTHORITY
2026-09-29,SEC-5B590C9442FD526BE2E08E3000AB382F,SH.600827,ADJUSTED_DAILY,UNSUPPORTED_OR_UNPROVED_ADJUSTMENT,ACTUAL_TRADED,data/v4/dm01_candidate_staging_r3/durable_r3/da289f4a3177d3ca084ba3c568b5b0104d2762ae0bf2705d132fad2c410daa40/RAW_DAILY/artifact.json,RESOLVE_ACCEPTED_ADJUSTMENT_AUTHORITY
2026-09-29,SEC-5CFA7CDB76A729D378E47E5F875A0ABF,SH.600666,ADJUSTED_DAILY,UNSUPPORTED_OR_UNPROVED_ADJUSTMENT,ACTUAL_TRADED,data/v4/dm01_candidate_staging_r3/durable_r3/da289f4a3177d3ca084ba3c568b5b0104d2762ae0bf2705d132fad2c410daa40/RAW_DAILY/artifact.json,RESOLVE_ACCEPTED_ADJUSTMENT_AUTHORITY
2026-09-29,SEC-5E1FB39278F400FB4FE566532A2C6D07,SZ.000768,ADJUSTED_DAILY,UNSUPPORTED_OR_UNPROVED_ADJUSTMENT,ACTUAL_TRADED,data/v4/dm01_candidate_staging_r3/durable_r3/da289f4a3177d3ca084ba3c568b5b0104d2762ae0bf2705d132fad2c410daa40/RAW_DAILY/artifact.json,RESOLVE_ACCEPTED_ADJUSTMENT_AUTHORITY
2026-09-29,SEC-5E2BB82CAB36DB385F00C6EA1DE6A5F5,SZ.000700,ADJUSTED_DAILY,UNSUPPORTED_OR_UNPROVED_ADJUSTMENT,ACTUAL_TRADED,data/v4/dm01_candidate_staging_r3/durable_r3/da289f4a3177d3ca084ba3c568b5b0104d2762ae0bf2705d132fad2c410daa40/RAW_DAILY/artifact.json,RESOLVE_ACCEPTED_ADJUSTMENT_AUTHORITY
2026-09-29,SEC-6054AE867A60481EDA16B0E02AF1DB09,SH.601198,RAW_DAILY,EXPECTED_NO_BAR_SUSPENDED,SUSPENDED,data/v4/dm01_candidate_staging_r3/durable_r3/da289f4a3177d3ca084ba3c568b5b0104d2762ae0bf2705d132fad2c410daa40/RAW_DAILY/artifact.json,NONE_EXPECTED_SUSPENSION
2026-09-29,SEC-60FCC9B399F4B0093B2C1853EEFAC9D2,SH.600795,ADJUSTED_DAILY,UNSUPPORTED_OR_UNPROVED_ADJUSTMENT,ACTUAL_TRADED,data/v4/dm01_candidate_staging_r3/durable_r3/da289f4a3177d3ca084ba3c568b5b0104d2762ae0bf2705d132fad2c410daa40/RAW_DAILY/artifact.json,RESOLVE_ACCEPTED_ADJUSTMENT_AUTHORITY
2026-09-29,SEC-62C40F6EEABB12A3B3F00D4FB0B61ED0,SH.600000,ADJUSTED_DAILY,UNSUPPORTED_OR_UNPROVED_ADJUSTMENT,ACTUAL_TRADED,data/v4/dm01_candidate_staging_r3/durable_r3/da289f4a3177d3ca084ba3c568b5b0104d2762ae0bf2705d132fad2c410daa40/RAW_DAILY/artifact.json,RESOLVE_ACCEPTED_ADJUSTMENT_AUTHORITY
2026-09-29,SEC-63FD3C0974681E00F1C3A1D87C75D09B,SH.600375,ADJUSTED_DAILY,UNSUPPORTED_OR_UNPROVED_ADJUSTMENT,ACTUAL_TRADED,data/v4/dm01_candidate_staging_r3/durable_r3/da289f4a3177d3ca084ba3c568b5b0104d2762ae0bf2705d132fad2c410daa40/RAW_DAILY/artifact.json,RESOLVE_ACCEPTED_ADJUSTMENT_AUTHORITY
2026-09-29,SEC-6765D553384B9E7BB7848090E693D277,SH.600660,ADJUSTED_DAILY,UNSUPPORTED_OR_UNPROVED_ADJUSTMENT,ACTUAL_TRADED,data/v4/dm01_candidate_staging_r3/durable_r3/da289f4a3177d3ca084ba3c568b5b0104d2762ae0bf2705d132fad2c410daa40/RAW_DAILY/artifact.json,RESOLVE_ACCEPTED_ADJUSTMENT_AUTHORITY
2026-09-29,SEC-67CBEE0CDF1D71445641D98875D2E238,SH.600036,ADJUSTED_DAILY,UNSUPPORTED_OR_UNPROVED_ADJUSTMENT,ACTUAL_TRADED,data/v4/dm01_candidate_staging_r3/durable_r3/da289f4a3177d3ca084ba3c568b5b0104d2762ae0bf2705d132fad2c410daa40/RAW_DAILY/artifact.json,RESOLVE_ACCEPTED_ADJUSTMENT_AUTHORITY
2026-09-29,SEC-684CC8E923234B4B24F740A20AB309F9,SZ.000711,ADJUSTED_DAILY,UNSUPPORTED_OR_UNPROVED_ADJUSTMENT,ACTUAL_TRADED,data/v4/dm01_candidate_staging_r3/durable_r3/da289f4a3177d3ca084ba3c568b5b0104d2762ae0bf2705d132fad2c410daa40/RAW_DAILY/artifact.json,RESOLVE_ACCEPTED_ADJUSTMENT_AUTHORITY
2026-09-29,SEC-6A3D8F121720DEC4403BCAA7F3C75C6E,SZ.000027,ADJUSTED_DAILY,UNSUPPORTED_OR_UNPROVED_ADJUSTMENT,ACTUAL_TRADED,data/v4/dm01_candidate_staging_r3/durable_r3/da289f4a3177d3ca084ba3c568b5b0104d2762ae0bf2705d132fad2c410daa40/RAW_DAILY/artifact.json,RESOLVE_ACCEPTED_ADJUSTMENT_AUTHORITY
2026-09-29,SEC-6BF06788496FED7C56E98AACED3536E3,SZ.300091,ADJUSTED_DAILY,UNSUPPORTED_OR_UNPROVED_ADJUSTMENT,ACTUAL_TRADED,data/v4/dm01_candidate_staging_r3/durable_r3/da289f4a3177d3ca084ba3c568b5b0104d2762ae0bf2705d132fad2c410daa40/RAW_DAILY/artifact.json,RESOLVE_ACCEPTED_ADJUSTMENT_AUTHORITY
2026-09-29,SEC-6C3A0D3DF2356C7C08617EB9FA22373E,SH.600642,ADJUSTED_DAILY,UNSUPPORTED_OR_UNPROVED_ADJUSTMENT,ACTUAL_TRADED,data/v4/dm01_candidate_staging_r3/durable_r3/da289f4a3177d3ca084ba3c568b5b0104d2762ae0bf2705d132fad2c410daa40/RAW_DAILY/artifact.json,RESOLVE_ACCEPTED_ADJUSTMENT_AUTHORITY
2026-09-29,SEC-6D84A4C76A0CC2B3A7FA63D68C75A433,SH.600293,RAW_DAILY,EXPECTED_NO_BAR_SUSPENDED,SUSPENDED,data/v4/dm01_candidate_staging_r3/durable_r3/da289f4a3177d3ca084ba3c568b5b0104d2762ae0bf2705d132fad2c410daa40/RAW_DAILY/artifact.json,NONE_EXPECTED_SUSPENSION
2026-09-29,SEC-6D96953C4813650A2F06DF53EE7D3FC8,SZ.002076,ADJUSTED_DAILY,UNSUPPORTED_OR_UNPROVED_ADJUSTMENT,ACTUAL_TRADED,data/v4/dm01_candidate_staging_r3/durable_r3/da289f4a3177d3ca084ba3c568b5b0104d2762ae0bf2705d132fad2c410daa40/RAW_DAILY/artifact.json,RESOLVE_ACCEPTED_ADJUSTMENT_AUTHORITY
2026-09-29,SEC-6E5A7E8842DFFFE1CB910FFA75084631,SZ.000796,ADJUSTED_DAILY,UNSUPPORTED_OR_UNPROVED_ADJUSTMENT,ACTUAL_TRADED,data/v4/dm01_candidate_staging_r3/durable_r3/da289f4a3177d3ca084ba3c568b5b0104d2762ae0bf2705d132fad2c410daa40/RAW_DAILY/artifact.json,RESOLVE_ACCEPTED_ADJUSTMENT_AUTHORITY
2026-09-29,SEC-793384D2A43865CEC95DF7A34E324933,SZ.002122,ADJUSTED_DAILY,UNSUPPORTED_OR_UNPROVED_ADJUSTMENT,ACTUAL_TRADED,data/v4/dm01_candidate_staging_r3/durable_r3/da289f4a3177d3ca084ba3c568b5b0104d2762ae0bf2705d132fad2c410daa40/RAW_DAILY/artifact.json,RESOLVE_ACCEPTED_ADJUSTMENT_AUTHORITY
2026-09-29,SEC-79DA87AB15C8B695B574E1818CF11786,SZ.002072,ADJUSTED_DAILY,UNSUPPORTED_OR_UNPROVED_ADJUSTMENT,ACTUAL_TRADED,data/v4/dm01_candidate_staging_r3/durable_r3/da289f4a3177d3ca084ba3c568b5b0104d2762ae0bf2705d132fad2c410daa40/RAW_DAILY/artifact.json,RESOLVE_ACCEPTED_ADJUSTMENT_AUTHORITY
2026-09-29,SEC-7A69B56937CEF89A370966B1216DF226,SZ.000727,ADJUSTED_DAILY,UNSUPPORTED_OR_UNPROVED_ADJUSTMENT,ACTUAL_TRADED,data/v4/dm01_candidate_staging_r3/durable_r3/da289f4a3177d3ca084ba3c568b5b0104d2762ae0bf2705d132fad2c410daa40/RAW_DAILY/artifact.json,RESOLVE_ACCEPTED_ADJUSTMENT_AUTHORITY
2026-09-29,SEC-7D00F4C18778D179CFB91FB2CEB2DF92,SH.600606,ADJUSTED_DAILY,UNSUPPORTED_OR_UNPROVED_ADJUSTMENT,ACTUAL_TRADED,data/v4/dm01_candidate_staging_r3/durable_r3/da289f4a3177d3ca084ba3c568b5b0104d2762ae0bf2705d132fad2c410daa40/RAW_DAILY/artifact.json,RESOLVE_ACCEPTED_ADJUSTMENT_AUTHORITY
2026-09-29,SEC-7DECE2CC07C61E5469B5726443DA3A3F,SZ.002354,ADJUSTED_DAILY,UNSUPPORTED_OR_UNPROVED_ADJUSTMENT,ACTUAL_TRADED,data/v4/dm01_candidate_staging_r3/durable_r3/da289f4a3177d3ca084ba3c568b5b0104d2762ae0bf2705d132fad2c410daa40/RAW_DAILY/artifact.json,RESOLVE_ACCEPTED_ADJUSTMENT_AUTHORITY
2026-09-29,SEC-7F9F5B612586D38EE9395AAACBC91DAA,SH.600309,ADJUSTED_DAILY,UNSUPPORTED_OR_UNPROVED_ADJUSTMENT,ACTUAL_TRADED,data/v4/dm01_candidate_staging_r3/durable_r3/da289f4a3177d3ca084ba3c568b5b0104d2762ae0bf2705d132fad2c410daa40/RAW_DAILY/artifact.json,RESOLVE_ACCEPTED_ADJUSTMENT_AUTHORITY
2026-09-29,SEC-842AD2566EC149CA40DADD50B4AEF6A2,SZ.300159,ADJUSTED_DAILY,UNSUPPORTED_OR_UNPROVED_ADJUSTMENT,ACTUAL_TRADED,data/v4/dm01_candidate_staging_r3/durable_r3/da289f4a3177d3ca084ba3c568b5b0104d2762ae0bf2705d132fad2c410daa40/RAW_DAILY/artifact.json,RESOLVE_ACCEPTED_ADJUSTMENT_AUTHORITY
2026-09-29,SEC-86B52E880E4D734DE7116D78FD84C415,SZ.000518,ADJUSTED_DAILY,UNSUPPORTED_OR_UNPROVED_ADJUSTMENT,ACTUAL_TRADED,data/v4/dm01_candidate_staging_r3/durable_r3/da289f4a3177d3ca084ba3c568b5b0104d2762ae0bf2705d132fad2c410daa40/RAW_DAILY/artifact.json,RESOLVE_ACCEPTED_ADJUSTMENT_AUTHORITY
2026-09-29,SEC-87B79996D81FFB2B6AF2BD725CF56B1C,SZ.000523,ADJUSTED_DAILY,UNSUPPORTED_OR_UNPROVED_ADJUSTMENT,ACTUAL_TRADED,data/v4/dm01_candidate_staging_r3/durable_r3/da289f4a3177d3ca084ba3c568b5b0104d2762ae0bf2705d132fad2c410daa40/RAW_DAILY/artifact.json,RESOLVE_ACCEPTED_ADJUSTMENT_AUTHORITY
2026-09-29,SEC-8846699F149D866751E5B694A2DCAAF3,SH.600860,ADJUSTED_DAILY,UNSUPPORTED_OR_UNPROVED_ADJUSTMENT,ACTUAL_TRADED,data/v4/dm01_candidate_staging_r3/durable_r3/da289f4a3177d3ca084ba3c568b5b0104d2762ae0bf2705d132fad2c410daa40/RAW_DAILY/artifact.json,RESOLVE_ACCEPTED_ADJUSTMENT_AUTHORITY
2026-09-29,SEC-88A30018EC950E51C1A4DFAE1A170D2A,SZ.002219,ADJUSTED_DAILY,UNSUPPORTED_OR_UNPROVED_ADJUSTMENT,ACTUAL_TRADED,data/v4/dm01_candidate_staging_r3/durable_r3/da289f4a3177d3ca084ba3c568b5b0104d2762ae0bf2705d132fad2c410daa40/RAW_DAILY/artifact.json,RESOLVE_ACCEPTED_ADJUSTMENT_AUTHORITY
2026-09-29,SEC-88C3BA6DBAEB723A0AF0CC4EC44B6434,SZ.000917,ADJUSTED_DAILY,UNSUPPORTED_OR_UNPROVED_ADJUSTMENT,ACTUAL_TRADED,data/v4/dm01_candidate_staging_r3/durable_r3/da289f4a3177d3ca084ba3c568b5b0104d2762ae0bf2705d132fad2c410daa40/RAW_DAILY/artifact.json,RESOLVE_ACCEPTED_ADJUSTMENT_AUTHORITY
2026-09-29,SEC-8943D855D94C3B3063EFED90D40F7CAA,SZ.002210,ADJUSTED_DAILY,UNSUPPORTED_OR_UNPROVED_ADJUSTMENT,ACTUAL_TRADED,data/v4/dm01_candidate_staging_r3/durable_r3/da289f4a3177d3ca084ba3c568b5b0104d2762ae0bf2705d132fad2c410daa40/RAW_DAILY/artifact.json,RESOLVE_ACCEPTED_ADJUSTMENT_AUTHORITY
2026-09-29,SEC-8A47636032C3650935607E15AD1C72C8,SZ.300527,RAW_DAILY,EXPECTED_NO_BAR_SUSPENDED,SUSPENDED,data/v4/dm01_candidate_staging_r3/durable_r3/da289f4a3177d3ca084ba3c568b5b0104d2762ae0bf2705d132fad2c410daa40/RAW_DAILY/artifact.json,NONE_EXPECTED_SUSPENSION
2026-09-29,SEC-8ABF23B1B506CF21B31B77B88A5AD035,SH.600654,ADJUSTED_DAILY,UNSUPPORTED_OR_UNPROVED_ADJUSTMENT,ACTUAL_TRADED,data/v4/dm01_candidate_staging_r3/durable_r3/da289f4a3177d3ca084ba3c568b5b0104d2762ae0bf2705d132fad2c410daa40/RAW_DAILY/artifact.json,RESOLVE_ACCEPTED_ADJUSTMENT_AUTHORITY
2026-09-29,SEC-8BEF56AE112AA814CEDCDC90039545C1,SZ.300278,ADJUSTED_DAILY,UNSUPPORTED_OR_UNPROVED_ADJUSTMENT,ACTUAL_TRADED,data/v4/dm01_candidate_staging_r3/durable_r3/da289f4a3177d3ca084ba3c568b5b0104d2762ae0bf2705d132fad2c410daa40/RAW_DAILY/artifact.json,RESOLVE_ACCEPTED_ADJUSTMENT_AUTHORITY
2026-09-29,SEC-8C61371DAF1F15B8DAAECB9651D3A7D6,SH.600157,ADJUSTED_DAILY,UNSUPPORTED_OR_UNPROVED_ADJUSTMENT,ACTUAL_TRADED,data/v4/dm01_candidate_staging_r3/durable_r3/da289f4a3177d3ca084ba3c568b5b0104d2762ae0bf2705d132fad2c410daa40/RAW_DAILY/artifact.json,RESOLVE_ACCEPTED_ADJUSTMENT_AUTHORITY
2026-09-29,SEC-8C7B0104BCBBE198B25C7A447C445233,SZ.000908,ADJUSTED_DAILY,UNSUPPORTED_OR_UNPROVED_ADJUSTMENT,ACTUAL_TRADED,data/v4/dm01_candidate_staging_r3/durable_r3/da289f4a3177d3ca084ba3c568b5b0104d2762ae0bf2705d132fad2c410daa40/RAW_DAILY/artifact.json,RESOLVE_ACCEPTED_ADJUSTMENT_AUTHORITY
2026-09-29,SEC-8F5A2AC49C96965FFEF9DB8F03E9F09A,SH.600165,ADJUSTED_DAILY,UNSUPPORTED_OR_UNPROVED_ADJUSTMENT,ACTUAL_TRADED,data/v4/dm01_candidate_staging_r3/durable_r3/da289f4a3177d3ca084ba3c568b5b0104d2762ae0bf2705d132fad2c410daa40/RAW_DAILY/artifact.json,RESOLVE_ACCEPTED_ADJUSTMENT_AUTHORITY
2026-09-29,SEC-956E4474160B17BD28418080FB481219,SZ.000607,ADJUSTED_DAILY,UNSUPPORTED_OR_UNPROVED_ADJUSTMENT,ACTUAL_TRADED,data/v4/dm01_candidate_staging_r3/durable_r3/da289f4a3177d3ca084ba3c568b5b0104d2762ae0bf2705d132fad2c410daa40/RAW_DAILY/artifact.json,RESOLVE_ACCEPTED_ADJUSTMENT_AUTHORITY
2026-09-29,SEC-98E560847D910685FC67D1377ACA180C,SZ.000014,ADJUSTED_DAILY,UNSUPPORTED_OR_UNPROVED_ADJUSTMENT,ACTUAL_TRADED,data/v4/dm01_candidate_staging_r3/durable_r3/da289f4a3177d3ca084ba3c568b5b0104d2762ae0bf2705d132fad2c410daa40/RAW_DAILY/artifact.json,RESOLVE_ACCEPTED_ADJUSTMENT_AUTHORITY
2026-09-29,SEC-9925579346C943AD778D53C381063EF1,SZ.000410,ADJUSTED_DAILY,UNSUPPORTED_OR_UNPROVED_ADJUSTMENT,ACTUAL_TRADED,data/v4/dm01_candidate_staging_r3/durable_r3/da289f4a3177d3ca084ba3c568b5b0104d2762ae0bf2705d132fad2c410daa40/RAW_DAILY/artifact.json,RESOLVE_ACCEPTED_ADJUSTMENT_AUTHORITY
2026-09-29,SEC-997943F899ECF567CB30E853E0FEC131,SH.600611,ADJUSTED_DAILY,UNSUPPORTED_OR_UNPROVED_ADJUSTMENT,ACTUAL_TRADED,data/v4/dm01_candidate_staging_r3/durable_r3/da289f4a3177d3ca084ba3c568b5b0104d2762ae0bf2705d132fad2c410daa40/RAW_DAILY/artifact.json,RESOLVE_ACCEPTED_ADJUSTMENT_AUTHORITY
2026-09-29,SEC-9A109B99F6722ABD0E9CE4DC7A891079,SH.600805,ADJUSTED_DAILY,UNSUPPORTED_OR_UNPROVED_ADJUSTMENT,ACTUAL_TRADED,data/v4/dm01_candidate_staging_r3/durable_r3/da289f4a3177d3ca084ba3c568b5b0104d2762ae0bf2705d132fad2c410daa40/RAW_DAILY/artifact.json,RESOLVE_ACCEPTED_ADJUSTMENT_AUTHORITY
2026-09-29,SEC-9C973B4FDFA9C42E9574D1446FF54034,SZ.000016,RAW_DAILY,EXPECTED_NO_BAR_SUSPENDED,SUSPENDED,data/v4/dm01_candidate_staging_r3/durable_r3/da289f4a3177d3ca084ba3c568b5b0104d2762ae0bf2705d132fad2c410daa40/RAW_DAILY/artifact.json,NONE_EXPECTED_SUSPENSION
2026-09-29,SEC-9D8A5E0D60FA682C7D0D31822E769952,SZ.002721,ADJUSTED_DAILY,UNSUPPORTED_OR_UNPROVED_ADJUSTMENT,ACTUAL_TRADED,data/v4/dm01_candidate_staging_r3/durable_r3/da289f4a3177d3ca084ba3c568b5b0104d2762ae0bf2705d132fad2c410daa40/RAW_DAILY/artifact.json,RESOLVE_ACCEPTED_ADJUSTMENT_AUTHORITY
2026-09-29,SEC-9DEA6A61473005AA1961E9C7F7C534ED,SZ.000709,ADJUSTED_DAILY,UNSUPPORTED_OR_UNPROVED_ADJUSTMENT,ACTUAL_TRADED,data/v4/dm01_candidate_staging_r3/durable_r3/da289f4a3177d3ca084ba3c568b5b0104d2762ae0bf2705d132fad2c410daa40/RAW_DAILY/artifact.json,RESOLVE_ACCEPTED_ADJUSTMENT_AUTHORITY
2026-09-29,SEC-A0DE4D3F804A6BBEE74327947B9BFDC3,SZ.000807,ADJUSTED_DAILY,UNSUPPORTED_OR_UNPROVED_ADJUSTMENT,ACTUAL_TRADED,data/v4/dm01_candidate_staging_r3/durable_r3/da289f4a3177d3ca084ba3c568b5b0104d2762ae0bf2705d132fad2c410daa40/RAW_DAILY/artifact.json,RESOLVE_ACCEPTED_ADJUSTMENT_AUTHORITY
2026-09-29,SEC-A15426238891AF44A04C9ECD042CC2E5,SZ.300506,ADJUSTED_DAILY,UNSUPPORTED_OR_UNPROVED_ADJUSTMENT,ACTUAL_TRADED,data/v4/dm01_candidate_staging_r3/durable_r3/da289f4a3177d3ca084ba3c568b5b0104d2762ae0bf2705d132fad2c410daa40/RAW_DAILY/artifact.json,RESOLVE_ACCEPTED_ADJUSTMENT_AUTHORITY
2026-09-29,SEC-A19788F5438D07A52DB2041EB8FC184F,SZ.000895,ADJUSTED_DAILY,UNSUPPORTED_OR_UNPROVED_ADJUSTMENT,ACTUAL_TRADED,data/v4/dm01_candidate_staging_r3/durable_r3/da289f4a3177d3ca084ba3c568b5b0104d2762ae0bf2705d132fad2c410daa40/RAW_DAILY/artifact.json,RESOLVE_ACCEPTED_ADJUSTMENT_AUTHORITY
2026-09-29,SEC-A1D8B6546D6E53D19A1FD449F05ADDF1,SZ.000751,ADJUSTED_DAILY,UNSUPPORTED_OR_UNPROVED_ADJUSTMENT,ACTUAL_TRADED,data/v4/dm01_candidate_staging_r3/durable_r3/da289f4a3177d3ca084ba3c568b5b0104d2762ae0bf2705d132fad2c410daa40/RAW_DAILY/artifact.json,RESOLVE_ACCEPTED_ADJUSTMENT_AUTHORITY
2026-09-29,SEC-A40EBF8310B209CE65C64D01B50CFEF4,SH.600595,ADJUSTED_DAILY,UNSUPPORTED_OR_UNPROVED_ADJUSTMENT,ACTUAL_TRADED,data/v4/dm01_candidate_staging_r3/durable_r3/da289f4a3177d3ca084ba3c568b5b0104d2762ae0bf2705d132fad2c410daa40/RAW_DAILY/artifact.json,RESOLVE_ACCEPTED_ADJUSTMENT_AUTHORITY
2026-09-29,SEC-A482162EA9F8F52E445B925F38509EDA,SZ.000708,ADJUSTED_DAILY,UNSUPPORTED_OR_UNPROVED_ADJUSTMENT,ACTUAL_TRADED,data/v4/dm01_candidate_staging_r3/durable_r3/da289f4a3177d3ca084ba3c568b5b0104d2762ae0bf2705d132fad2c410daa40/RAW_DAILY/artifact.json,RESOLVE_ACCEPTED_ADJUSTMENT_AUTHORITY
2026-09-29,SEC-A71EE768008A73C938A7069D83C431FD,SZ.000488,ADJUSTED_DAILY,UNSUPPORTED_OR_UNPROVED_ADJUSTMENT,ACTUAL_TRADED,data/v4/dm01_candidate_staging_r3/durable_r3/da289f4a3177d3ca084ba3c568b5b0104d2762ae0bf2705d132fad2c410daa40/RAW_DAILY/artifact.json,RESOLVE_ACCEPTED_ADJUSTMENT_AUTHORITY
2026-09-29,SEC-A94CC314405C8437CE79555A7DC05B82,SZ.002860,RAW_DAILY,EXPECTED_NO_BAR_SUSPENDED,SUSPENDED,data/v4/dm01_candidate_staging_r3/durable_r3/da289f4a3177d3ca084ba3c568b5b0104d2762ae0bf2705d132fad2c410daa40/RAW_DAILY/artifact.json,NONE_EXPECTED_SUSPENSION
2026-09-29,SEC-A9C18A851E4D913AD4E7048F7550F059,SZ.000958,ADJUSTED_DAILY,UNSUPPORTED_OR_UNPROVED_ADJUSTMENT,ACTUAL_TRADED,data/v4/dm01_candidate_staging_r3/durable_r3/da289f4a3177d3ca084ba3c568b5b0104d2762ae0bf2705d132fad2c410daa40/RAW_DAILY/artifact.json,RESOLVE_ACCEPTED_ADJUSTMENT_AUTHORITY
2026-09-29,SEC-ABF1160A946C4F1321503DF093C24A0F,SZ.000697,ADJUSTED_DAILY,UNSUPPORTED_OR_UNPROVED_ADJUSTMENT,ACTUAL_TRADED,data/v4/dm01_candidate_staging_r3/durable_r3/da289f4a3177d3ca084ba3c568b5b0104d2762ae0bf2705d132fad2c410daa40/RAW_DAILY/artifact.json,RESOLVE_ACCEPTED_ADJUSTMENT_AUTHORITY
2026-09-29,SEC-AD5A64E7BF51F8494C1BEE20F7D879BB,SZ.002482,ADJUSTED_DAILY,UNSUPPORTED_OR_UNPROVED_ADJUSTMENT,ACTUAL_TRADED,data/v4/dm01_candidate_staging_r3/durable_r3/da289f4a3177d3ca084ba3c568b5b0104d2762ae0bf2705d132fad2c410daa40/RAW_DAILY/artifact.json,RESOLVE_ACCEPTED_ADJUSTMENT_AUTHORITY
2026-09-29,SEC-B0558329F4B0DB87F6730BF7F26C5EFF,SZ.300093,ADJUSTED_DAILY,UNSUPPORTED_OR_UNPROVED_ADJUSTMENT,ACTUAL_TRADED,data/v4/dm01_candidate_staging_r3/durable_r3/da289f4a3177d3ca084ba3c568b5b0104d2762ae0bf2705d132fad2c410daa40/RAW_DAILY/artifact.json,RESOLVE_ACCEPTED_ADJUSTMENT_AUTHORITY
2026-09-29,SEC-B06A8B54D5EA70744E8142FEF09ACEE4,SZ.000002,ADJUSTED_DAILY,UNSUPPORTED_OR_UNPROVED_ADJUSTMENT,ACTUAL_TRADED,data/v4/dm01_candidate_staging_r3/durable_r3/da289f4a3177d3ca084ba3c568b5b0104d2762ae0bf2705d132fad2c410daa40/RAW_DAILY/artifact.json,RESOLVE_ACCEPTED_ADJUSTMENT_AUTHORITY
2026-09-29,SEC-B161522F533B555D28566A4F53B0BF7D,SH.600815,ADJUSTED_DAILY,UNSUPPORTED_OR_UNPROVED_ADJUSTMENT,ACTUAL_TRADED,data/v4/dm01_candidate_staging_r3/durable_r3/da289f4a3177d3ca084ba3c568b5b0104d2762ae0bf2705d132fad2c410daa40/RAW_DAILY/artifact.json,RESOLVE_ACCEPTED_ADJUSTMENT_AUTHORITY
2026-09-29,SEC-B17169139D0E3492B2CA012774B6B125,SZ.300082,RAW_DAILY,EXPECTED_NO_BAR_SUSPENDED,SUSPENDED,data/v4/dm01_candidate_staging_r3/durable_r3/da289f4a3177d3ca084ba3c568b5b0104d2762ae0bf2705d132fad2c410daa40/RAW_DAILY/artifact.json,NONE_EXPECTED_SUSPENSION
2026-09-29,SEC-B1DE4E4AAD66F413CCAA12E25819A5EC,SH.600117,ADJUSTED_DAILY,UNSUPPORTED_OR_UNPROVED_ADJUSTMENT,ACTUAL_TRADED,data/v4/dm01_candidate_staging_r3/durable_r3/da289f4a3177d3ca084ba3c568b5b0104d2762ae0bf2705d132fad2c410daa40/RAW_DAILY/artifact.json,RESOLVE_ACCEPTED_ADJUSTMENT_AUTHORITY
2026-09-29,SEC-B35BFC1CA53C4D03FA74AF6002F66628,SZ.000517,ADJUSTED_DAILY,UNSUPPORTED_OR_UNPROVED_ADJUSTMENT,ACTUAL_TRADED,data/v4/dm01_candidate_staging_r3/durable_r3/da289f4a3177d3ca084ba3c568b5b0104d2762ae0bf2705d132fad2c410daa40/RAW_DAILY/artifact.json,RESOLVE_ACCEPTED_ADJUSTMENT_AUTHORITY
2026-09-29,SEC-B369CA5F72A0B06C54D8C971B9075917,SH.600886,ADJUSTED_DAILY,UNSUPPORTED_OR_UNPROVED_ADJUSTMENT,ACTUAL_TRADED,data/v4/dm01_candidate_staging_r3/durable_r3/da289f4a3177d3ca084ba3c568b5b0104d2762ae0bf2705d132fad2c410daa40/RAW_DAILY/artifact.json,RESOLVE_ACCEPTED_ADJUSTMENT_AUTHORITY
2026-09-29,SEC-B39006974E603AB79833A7E36829C0C5,SH.600835,ADJUSTED_DAILY,UNSUPPORTED_OR_UNPROVED_ADJUSTMENT,ACTUAL_TRADED,data/v4/dm01_candidate_staging_r3/durable_r3/da289f4a3177d3ca084ba3c568b5b0104d2762ae0bf2705d132fad2c410daa40/RAW_DAILY/artifact.json,RESOLVE_ACCEPTED_ADJUSTMENT_AUTHORITY
2026-09-29,SEC-B4CE8054B52B7A3C93C5D2D7C2D88D33,SZ.000557,ADJUSTED_DAILY,UNSUPPORTED_OR_UNPROVED_ADJUSTMENT,ACTUAL_TRADED,data/v4/dm01_candidate_staging_r3/durable_r3/da289f4a3177d3ca084ba3c568b5b0104d2762ae0bf2705d132fad2c410daa40/RAW_DAILY/artifact.json,RESOLVE_ACCEPTED_ADJUSTMENT_AUTHORITY
2026-09-29,SEC-B4ECF00CC8C17798682E0D5E8C05C8F1,SZ.002356,ADJUSTED_DAILY,UNSUPPORTED_OR_UNPROVED_ADJUSTMENT,ACTUAL_TRADED,data/v4/dm01_candidate_staging_r3/durable_r3/da289f4a3177d3ca084ba3c568b5b0104d2762ae0bf2705d132fad2c410daa40/RAW_DAILY/artifact.json,RESOLVE_ACCEPTED_ADJUSTMENT_AUTHORITY
2026-09-29,SEC-B60899F589C7A04A916A653B1AEBAA1A,SH.600851,ADJUSTED_DAILY,UNSUPPORTED_OR_UNPROVED_ADJUSTMENT,ACTUAL_TRADED,data/v4/dm01_candidate_staging_r3/durable_r3/da289f4a3177d3ca084ba3c568b5b0104d2762ae0bf2705d132fad2c410daa40/RAW_DAILY/artifact.json,RESOLVE_ACCEPTED_ADJUSTMENT_AUTHORITY
2026-09-29,SEC-BD56D2178EF33FD038FB5A12E09D445B,SH.600363,RAW_DAILY,EXPECTED_NO_BAR_SUSPENDED,SUSPENDED,data/v4/dm01_candidate_staging_r3/durable_r3/da289f4a3177d3ca084ba3c568b5b0104d2762ae0bf2705d132fad2c410daa40/RAW_DAILY/artifact.json,NONE_EXPECTED_SUSPENSION
2026-09-29,SEC-BEC87A73DBE4C74B14B709CFA120D075,SZ.002366,ADJUSTED_DAILY,UNSUPPORTED_OR_UNPROVED_ADJUSTMENT,ACTUAL_TRADED,data/v4/dm01_candidate_staging_r3/durable_r3/da289f4a3177d3ca084ba3c568b5b0104d2762ae0bf2705d132fad2c410daa40/RAW_DAILY/artifact.json,RESOLVE_ACCEPTED_ADJUSTMENT_AUTHORITY
2026-09-29,SEC-C030240E8A9AD7DF0B2E47EA189DECD4,SZ.300256,ADJUSTED_DAILY,UNSUPPORTED_OR_UNPROVED_ADJUSTMENT,ACTUAL_TRADED,data/v4/dm01_candidate_staging_r3/durable_r3/da289f4a3177d3ca084ba3c568b5b0104d2762ae0bf2705d132fad2c410daa40/RAW_DAILY/artifact.json,RESOLVE_ACCEPTED_ADJUSTMENT_AUTHORITY
2026-09-29,SEC-C122CA5E22AEBF5068E1A17EF3266901,SH.600496,ADJUSTED_DAILY,UNSUPPORTED_OR_UNPROVED_ADJUSTMENT,ACTUAL_TRADED,data/v4/dm01_candidate_staging_r3/durable_r3/da289f4a3177d3ca084ba3c568b5b0104d2762ae0bf2705d132fad2c410daa40/RAW_DAILY/artifact.json,RESOLVE_ACCEPTED_ADJUSTMENT_AUTHORITY
2026-09-29,SEC-C3C8EEBF0D0896A34E69D08F9629F586,SZ.000912,ADJUSTED_DAILY,UNSUPPORTED_OR_UNPROVED_ADJUSTMENT,ACTUAL_TRADED,data/v4/dm01_candidate_staging_r3/durable_r3/da289f4a3177d3ca084ba3c568b5b0104d2762ae0bf2705d132fad2c410daa40/RAW_DAILY/artifact.json,RESOLVE_ACCEPTED_ADJUSTMENT_AUTHORITY
2026-09-29,SEC-C48260AD8F1986EE8362B0791D4889D6,SZ.002321,ADJUSTED_DAILY,UNSUPPORTED_OR_UNPROVED_ADJUSTMENT,ACTUAL_TRADED,data/v4/dm01_candidate_staging_r3/durable_r3/da289f4a3177d3ca084ba3c568b5b0104d2762ae0bf2705d132fad2c410daa40/RAW_DAILY/artifact.json,RESOLVE_ACCEPTED_ADJUSTMENT_AUTHORITY
2026-09-29,SEC-C51B13C61C4B22DEB861326BFAF8B985,SZ.002157,ADJUSTED_DAILY,UNSUPPORTED_OR_UNPROVED_ADJUSTMENT,ACTUAL_TRADED,data/v4/dm01_candidate_staging_r3/durable_r3/da289f4a3177d3ca084ba3c568b5b0104d2762ae0bf2705d132fad2c410daa40/RAW_DAILY/artifact.json,RESOLVE_ACCEPTED_ADJUSTMENT_AUTHORITY
2026-09-29,SEC-C6D81D46F7DB0E37FFB773D935009B5B,SZ.002608,ADJUSTED_DAILY,UNSUPPORTED_OR_UNPROVED_ADJUSTMENT,ACTUAL_TRADED,data/v4/dm01_candidate_staging_r3/durable_r3/da289f4a3177d3ca084ba3c568b5b0104d2762ae0bf2705d132fad2c410daa40/RAW_DAILY/artifact.json,RESOLVE_ACCEPTED_ADJUSTMENT_AUTHORITY
2026-09-29,SEC-C794DF5A4489054F2E3EB5D32853E0E7,SH.601005,ADJUSTED_DAILY,UNSUPPORTED_OR_UNPROVED_ADJUSTMENT,ACTUAL_TRADED,data/v4/dm01_candidate_staging_r3/durable_r3/da289f4a3177d3ca084ba3c568b5b0104d2762ae0bf2705d132fad2c410daa40/RAW_DAILY/artifact.json,RESOLVE_ACCEPTED_ADJUSTMENT_AUTHORITY
2026-09-29,SEC-C81D396F54785E353029B7739525F865,SH.600351,ADJUSTED_DAILY,UNSUPPORTED_OR_UNPROVED_ADJUSTMENT,ACTUAL_TRADED,data/v4/dm01_candidate_staging_r3/durable_r3/da289f4a3177d3ca084ba3c568b5b0104d2762ae0bf2705d132fad2c410daa40/RAW_DAILY/artifact.json,RESOLVE_ACCEPTED_ADJUSTMENT_AUTHORITY
2026-09-29,SEC-C851A9954DAA1E99F9F6D1BDA2F8BDF4,SZ.000539,ADJUSTED_DAILY,UNSUPPORTED_OR_UNPROVED_ADJUSTMENT,ACTUAL_TRADED,data/v4/dm01_candidate_staging_r3/durable_r3/da289f4a3177d3ca084ba3c568b5b0104d2762ae0bf2705d132fad2c410daa40/RAW_DAILY/artifact.json,RESOLVE_ACCEPTED_ADJUSTMENT_AUTHORITY
2026-09-29,SEC-C8C8C7ED81D35F1E9CC7FF2D2D9D44AA,SZ.000821,ADJUSTED_DAILY,UNSUPPORTED_OR_UNPROVED_ADJUSTMENT,ACTUAL_TRADED,data/v4/dm01_candidate_staging_r3/durable_r3/da289f4a3177d3ca084ba3c568b5b0104d2762ae0bf2705d132fad2c410daa40/RAW_DAILY/artifact.json,RESOLVE_ACCEPTED_ADJUSTMENT_AUTHORITY
2026-09-29,SEC-CA7C653ECF2DBAB6CFCA702D48AF13FF,SH.600734,ADJUSTED_DAILY,UNSUPPORTED_OR_UNPROVED_ADJUSTMENT,ACTUAL_TRADED,data/v4/dm01_candidate_staging_r3/durable_r3/da289f4a3177d3ca084ba3c568b5b0104d2762ae0bf2705d132fad2c410daa40/RAW_DAILY/artifact.json,RESOLVE_ACCEPTED_ADJUSTMENT_AUTHORITY
2026-09-29,SEC-CD1BE8D9644A7555D86EC8BA7191EC8B,SZ.002445,ADJUSTED_DAILY,UNSUPPORTED_OR_UNPROVED_ADJUSTMENT,ACTUAL_TRADED,data/v4/dm01_candidate_staging_r3/durable_r3/da289f4a3177d3ca084ba3c568b5b0104d2762ae0bf2705d132fad2c410daa40/RAW_DAILY/artifact.json,RESOLVE_ACCEPTED_ADJUSTMENT_AUTHORITY
2026-09-29,SEC-CEF69B3292E2AE319FC46216AAAB86DA,SH.603030,ADJUSTED_DAILY,UNSUPPORTED_OR_UNPROVED_ADJUSTMENT,ACTUAL_TRADED,data/v4/dm01_candidate_staging_r3/durable_r3/da289f4a3177d3ca084ba3c568b5b0104d2762ae0bf2705d132fad2c410daa40/RAW_DAILY/artifact.json,RESOLVE_ACCEPTED_ADJUSTMENT_AUTHORITY
2026-09-29,SEC-CEF6DB23042CFA7E242BD62A2C05D8A0,SZ.002086,ADJUSTED_DAILY,UNSUPPORTED_OR_UNPROVED_ADJUSTMENT,ACTUAL_TRADED,data/v4/dm01_candidate_staging_r3/durable_r3/da289f4a3177d3ca084ba3c568b5b0104d2762ae0bf2705d132fad2c410daa40/RAW_DAILY/artifact.json,RESOLVE_ACCEPTED_ADJUSTMENT_AUTHORITY
2026-09-29,SEC-CF1302989D3556131C131254BC499F0F,SH.600894,ADJUSTED_DAILY,UNSUPPORTED_OR_UNPROVED_ADJUSTMENT,ACTUAL_TRADED,data/v4/dm01_candidate_staging_r3/durable_r3/da289f4a3177d3ca084ba3c568b5b0104d2762ae0bf2705d132fad2c410daa40/RAW_DAILY/artifact.json,RESOLVE_ACCEPTED_ADJUSTMENT_AUTHORITY
2026-09-29,SEC-D041DB297109CEAEAF23245CE014FC3F,SZ.002716,ADJUSTED_DAILY,UNSUPPORTED_OR_UNPROVED_ADJUSTMENT,ACTUAL_TRADED,data/v4/dm01_candidate_staging_r3/durable_r3/da289f4a3177d3ca084ba3c568b5b0104d2762ae0bf2705d132fad2c410daa40/RAW_DAILY/artifact.json,RESOLVE_ACCEPTED_ADJUSTMENT_AUTHORITY
2026-09-29,SEC-D0F0DDAC64451CA20CC62383CF08A9E4,SZ.002742,ADJUSTED_DAILY,UNSUPPORTED_OR_UNPROVED_ADJUSTMENT,ACTUAL_TRADED,data/v4/dm01_candidate_staging_r3/durable_r3/da289f4a3177d3ca084ba3c568b5b0104d2762ae0bf2705d132fad2c410daa40/RAW_DAILY/artifact.json,RESOLVE_ACCEPTED_ADJUSTMENT_AUTHORITY
2026-09-29,SEC-D11220120A954D8B9F03A9BB7C31C107,SH.600150,ADJUSTED_DAILY,UNSUPPORTED_OR_UNPROVED_ADJUSTMENT,ACTUAL_TRADED,data/v4/dm01_candidate_staging_r3/durable_r3/da289f4a3177d3ca084ba3c568b5b0104d2762ae0bf2705d132fad2c410daa40/RAW_DAILY/artifact.json,RESOLVE_ACCEPTED_ADJUSTMENT_AUTHORITY
2026-09-29,SEC-D16F1FD665551F1D98304EB41D5AB79E,SZ.002309,ADJUSTED_DAILY,UNSUPPORTED_OR_UNPROVED_ADJUSTMENT,ACTUAL_TRADED,data/v4/dm01_candidate_staging_r3/durable_r3/da289f4a3177d3ca084ba3c568b5b0104d2762ae0bf2705d132fad2c410daa40/RAW_DAILY/artifact.json,RESOLVE_ACCEPTED_ADJUSTMENT_AUTHORITY
2026-09-29,SEC-D25CD1867AE8B886A6DCF8D273DF1E1D,SZ.300209,ADJUSTED_DAILY,UNSUPPORTED_OR_UNPROVED_ADJUSTMENT,ACTUAL_TRADED,data/v4/dm01_candidate_staging_r3/durable_r3/da289f4a3177d3ca084ba3c568b5b0104d2762ae0bf2705d132fad2c410daa40/RAW_DAILY/artifact.json,RESOLVE_ACCEPTED_ADJUSTMENT_AUTHORITY
2026-09-29,SEC-D3A27051D9812A037CF36EC227427543,SH.600667,ADJUSTED_DAILY,UNSUPPORTED_OR_UNPROVED_ADJUSTMENT,ACTUAL_TRADED,data/v4/dm01_candidate_staging_r3/durable_r3/da289f4a3177d3ca084ba3c568b5b0104d2762ae0bf2705d132fad2c410daa40/RAW_DAILY/artifact.json,RESOLVE_ACCEPTED_ADJUSTMENT_AUTHORITY
2026-09-29,SEC-D4117F6E88EBA6031A6B8BAD0C37CA19,SH.600186,ADJUSTED_DAILY,UNSUPPORTED_OR_UNPROVED_ADJUSTMENT,ACTUAL_TRADED,data/v4/dm01_candidate_staging_r3/durable_r3/da289f4a3177d3ca084ba3c568b5b0104d2762ae0bf2705d132fad2c410daa40/RAW_DAILY/artifact.json,RESOLVE_ACCEPTED_ADJUSTMENT_AUTHORITY
2026-09-29,SEC-D67D92B148C0663898C1E52A55B49380,SH.600589,ADJUSTED_DAILY,UNSUPPORTED_OR_UNPROVED_ADJUSTMENT,ACTUAL_TRADED,data/v4/dm01_candidate_staging_r3/durable_r3/da289f4a3177d3ca084ba3c568b5b0104d2762ae0bf2705d132fad2c410daa40/RAW_DAILY/artifact.json,RESOLVE_ACCEPTED_ADJUSTMENT_AUTHORITY
2026-09-29,SEC-D7686A4DD9712DEDBD8048E9EADACE11,SZ.002822,ADJUSTED_DAILY,UNSUPPORTED_OR_UNPROVED_ADJUSTMENT,ACTUAL_TRADED,data/v4/dm01_candidate_staging_r3/durable_r3/da289f4a3177d3ca084ba3c568b5b0104d2762ae0bf2705d132fad2c410daa40/RAW_DAILY/artifact.json,RESOLVE_ACCEPTED_ADJUSTMENT_AUTHORITY
2026-09-29,SEC-D83A4116BFAF204B3E5FEDC5F3D3BC2C,SH.600339,ADJUSTED_DAILY,UNSUPPORTED_OR_UNPROVED_ADJUSTMENT,ACTUAL_TRADED,data/v4/dm01_candidate_staging_r3/durable_r3/da289f4a3177d3ca084ba3c568b5b0104d2762ae0bf2705d132fad2c410daa40/RAW_DAILY/artifact.json,RESOLVE_ACCEPTED_ADJUSTMENT_AUTHORITY
2026-09-29,SEC-D86248C5EE87D92007ABD479CA70FA25,SH.600817,ADJUSTED_DAILY,UNSUPPORTED_OR_UNPROVED_ADJUSTMENT,ACTUAL_TRADED,data/v4/dm01_candidate_staging_r3/durable_r3/da289f4a3177d3ca084ba3c568b5b0104d2762ae0bf2705d132fad2c410daa40/RAW_DAILY/artifact.json,RESOLVE_ACCEPTED_ADJUSTMENT_AUTHORITY
2026-09-29,SEC-D8A112523AD5D0CAA23F11CC38276761,SZ.002251,ADJUSTED_DAILY,UNSUPPORTED_OR_UNPROVED_ADJUSTMENT,ACTUAL_TRADED,data/v4/dm01_candidate_staging_r3/durable_r3/da289f4a3177d3ca084ba3c568b5b0104d2762ae0bf2705d132fad2c410daa40/RAW_DAILY/artifact.json,RESOLVE_ACCEPTED_ADJUSTMENT_AUTHORITY
2026-09-29,SEC-D8A1CCB5D5576B6F4A7D9D639E017655,SH.600009,ADJUSTED_DAILY,UNSUPPORTED_OR_UNPROVED_ADJUSTMENT,ACTUAL_TRADED,data/v4/dm01_candidate_staging_r3/durable_r3/da289f4a3177d3ca084ba3c568b5b0104d2762ae0bf2705d132fad2c410daa40/RAW_DAILY/artifact.json,RESOLVE_ACCEPTED_ADJUSTMENT_AUTHORITY
2026-09-29,SEC-D8C9B37E10006189EF0101637CE93AA8,SH.600601,ADJUSTED_DAILY,UNSUPPORTED_OR_UNPROVED_ADJUSTMENT,ACTUAL_TRADED,data/v4/dm01_candidate_staging_r3/durable_r3/da289f4a3177d3ca084ba3c568b5b0104d2762ae0bf2705d132fad2c410daa40/RAW_DAILY/artifact.json,RESOLVE_ACCEPTED_ADJUSTMENT_AUTHORITY
2026-09-29,SEC-D8CBF449D722752AD1C93D73B5919275,SZ.002015,ADJUSTED_DAILY,UNSUPPORTED_OR_UNPROVED_ADJUSTMENT,ACTUAL_TRADED,data/v4/dm01_candidate_staging_r3/durable_r3/da289f4a3177d3ca084ba3c568b5b0104d2762ae0bf2705d132fad2c410daa40/RAW_DAILY/artifact.json,RESOLVE_ACCEPTED_ADJUSTMENT_AUTHORITY
2026-09-29,SEC-E11DA4A25B7F65C3E8229D5A76504A94,SZ.002731,RAW_DAILY,EXPECTED_NO_BAR_SUSPENDED,SUSPENDED,data/v4/dm01_candidate_staging_r3/durable_r3/da289f4a3177d3ca084ba3c568b5b0104d2762ae0bf2705d132fad2c410daa40/RAW_DAILY/artifact.json,NONE_EXPECTED_SUSPENSION
2026-09-29,SEC-E176F9C4F9E68C3EE6815CACE8BA0967,SZ.002175,ADJUSTED_DAILY,UNSUPPORTED_OR_UNPROVED_ADJUSTMENT,ACTUAL_TRADED,data/v4/dm01_candidate_staging_r3/durable_r3/da289f4a3177d3ca084ba3c568b5b0104d2762ae0bf2705d132fad2c410daa40/RAW_DAILY/artifact.json,RESOLVE_ACCEPTED_ADJUSTMENT_AUTHORITY
2026-09-29,SEC-E318598F58CBFEA1AEBF7DE6B8887D90,SZ.002766,ADJUSTED_DAILY,UNSUPPORTED_OR_UNPROVED_ADJUSTMENT,ACTUAL_TRADED,data/v4/dm01_candidate_staging_r3/durable_r3/da289f4a3177d3ca084ba3c568b5b0104d2762ae0bf2705d132fad2c410daa40/RAW_DAILY/artifact.json,RESOLVE_ACCEPTED_ADJUSTMENT_AUTHORITY
2026-09-29,SEC-E4A78A1FA6729F84C9A00EDAF032BB2D,SZ.000692,ADJUSTED_DAILY,UNSUPPORTED_OR_UNPROVED_ADJUSTMENT,ACTUAL_TRADED,data/v4/dm01_candidate_staging_r3/durable_r3/da289f4a3177d3ca084ba3c568b5b0104d2762ae0bf2705d132fad2c410daa40/RAW_DAILY/artifact.json,RESOLVE_ACCEPTED_ADJUSTMENT_AUTHORITY
2026-09-29,SEC-E4D13AA4878803234FA7CB84F8207F06,SH.600690,ADJUSTED_DAILY,UNSUPPORTED_OR_UNPROVED_ADJUSTMENT,ACTUAL_TRADED,data/v4/dm01_candidate_staging_r3/durable_r3/da289f4a3177d3ca084ba3c568b5b0104d2762ae0bf2705d132fad2c410daa40/RAW_DAILY/artifact.json,RESOLVE_ACCEPTED_ADJUSTMENT_AUTHORITY
2026-09-29,SEC-E6E4BB0505A8AF8DDC6A0CF698128D6B,SZ.300008,ADJUSTED_DAILY,UNSUPPORTED_OR_UNPROVED_ADJUSTMENT,ACTUAL_TRADED,data/v4/dm01_candidate_staging_r3/durable_r3/da289f4a3177d3ca084ba3c568b5b0104d2762ae0bf2705d132fad2c410daa40/RAW_DAILY/artifact.json,RESOLVE_ACCEPTED_ADJUSTMENT_AUTHORITY
2026-09-29,SEC-E89088E6DA03AFCB6435780B04729A71,SZ.000655,ADJUSTED_DAILY,UNSUPPORTED_OR_UNPROVED_ADJUSTMENT,ACTUAL_TRADED,data/v4/dm01_candidate_staging_r3/durable_r3/da289f4a3177d3ca084ba3c568b5b0104d2762ae0bf2705d132fad2c410daa40/RAW_DAILY/artifact.json,RESOLVE_ACCEPTED_ADJUSTMENT_AUTHORITY
2026-09-29,SEC-E8F172CA42780258DBEEDB78A0E4A75C,SZ.000793,ADJUSTED_DAILY,UNSUPPORTED_OR_UNPROVED_ADJUSTMENT,ACTUAL_TRADED,data/v4/dm01_candidate_staging_r3/durable_r3/da289f4a3177d3ca084ba3c568b5b0104d2762ae0bf2705d132fad2c410daa40/RAW_DAILY/artifact.json,RESOLVE_ACCEPTED_ADJUSTMENT_AUTHORITY
2026-09-29,SEC-E97827449341A20F047D18001BC41D12,SZ.002003,ADJUSTED_DAILY,UNSUPPORTED_OR_UNPROVED_ADJUSTMENT,ACTUAL_TRADED,data/v4/dm01_candidate_staging_r3/durable_r3/da289f4a3177d3ca084ba3c568b5b0104d2762ae0bf2705d132fad2c410daa40/RAW_DAILY/artifact.json,RESOLVE_ACCEPTED_ADJUSTMENT_AUTHORITY
2026-09-29,SEC-EA10622D071183775DA6750F1790A5C9,SZ.002506,ADJUSTED_DAILY,UNSUPPORTED_OR_UNPROVED_ADJUSTMENT,ACTUAL_TRADED,data/v4/dm01_candidate_staging_r3/durable_r3/da289f4a3177d3ca084ba3c568b5b0104d2762ae0bf2705d132fad2c410daa40/RAW_DAILY/artifact.json,RESOLVE_ACCEPTED_ADJUSTMENT_AUTHORITY
2026-09-29,SEC-EE81568DB513EA34C6F04CA6D96D1343,SZ.002217,ADJUSTED_DAILY,UNSUPPORTED_OR_UNPROVED_ADJUSTMENT,ACTUAL_TRADED,data/v4/dm01_candidate_staging_r3/durable_r3/da289f4a3177d3ca084ba3c568b5b0104d2762ae0bf2705d132fad2c410daa40/RAW_DAILY/artifact.json,RESOLVE_ACCEPTED_ADJUSTMENT_AUTHORITY
2026-09-29,SEC-EEA0398C2948E9836A79F02EC1F4ACCE,SH.600456,ADJUSTED_DAILY,UNSUPPORTED_OR_UNPROVED_ADJUSTMENT,ACTUAL_TRADED,data/v4/dm01_candidate_staging_r3/durable_r3/da289f4a3177d3ca084ba3c568b5b0104d2762ae0bf2705d132fad2c410daa40/RAW_DAILY/artifact.json,RESOLVE_ACCEPTED_ADJUSTMENT_AUTHORITY
2026-09-29,SEC-EFAABB52A512633A96C69AE43384C128,SZ.000656,ADJUSTED_DAILY,UNSUPPORTED_OR_UNPROVED_ADJUSTMENT,ACTUAL_TRADED,data/v4/dm01_candidate_staging_r3/durable_r3/da289f4a3177d3ca084ba3c568b5b0104d2762ae0bf2705d132fad2c410daa40/RAW_DAILY/artifact.json,RESOLVE_ACCEPTED_ADJUSTMENT_AUTHORITY
2026-09-29,SEC-F0544A859F44FA1C85000F4EA34E0596,SH.600019,ADJUSTED_DAILY,UNSUPPORTED_OR_UNPROVED_ADJUSTMENT,ACTUAL_TRADED,data/v4/dm01_candidate_staging_r3/durable_r3/da289f4a3177d3ca084ba3c568b5b0104d2762ae0bf2705d132fad2c410daa40/RAW_DAILY/artifact.json,RESOLVE_ACCEPTED_ADJUSTMENT_AUTHORITY
2026-09-29,SEC-F1128559EE27068078D38B30DC507F29,SZ.000595,ADJUSTED_DAILY,UNSUPPORTED_OR_UNPROVED_ADJUSTMENT,ACTUAL_TRADED,data/v4/dm01_candidate_staging_r3/durable_r3/da289f4a3177d3ca084ba3c568b5b0104d2762ae0bf2705d132fad2c410daa40/RAW_DAILY/artifact.json,RESOLVE_ACCEPTED_ADJUSTMENT_AUTHORITY
2026-09-29,SEC-F16A803819DE430E7243D31B0B8336EF,SZ.000039,ADJUSTED_DAILY,UNSUPPORTED_OR_UNPROVED_ADJUSTMENT,ACTUAL_TRADED,data/v4/dm01_candidate_staging_r3/durable_r3/da289f4a3177d3ca084ba3c568b5b0104d2762ae0bf2705d132fad2c410daa40/RAW_DAILY/artifact.json,RESOLVE_ACCEPTED_ADJUSTMENT_AUTHORITY
2026-09-29,SEC-F1BFF442844BD2AC79F63E27F7AF829A,SZ.300071,ADJUSTED_DAILY,UNSUPPORTED_OR_UNPROVED_ADJUSTMENT,ACTUAL_TRADED,data/v4/dm01_candidate_staging_r3/durable_r3/da289f4a3177d3ca084ba3c568b5b0104d2762ae0bf2705d132fad2c410daa40/RAW_DAILY/artifact.json,RESOLVE_ACCEPTED_ADJUSTMENT_AUTHORITY
2026-09-29,SEC-F294D4F353FD19F8CF1F6B27B13D5704,SH.600381,ADJUSTED_DAILY,UNSUPPORTED_OR_UNPROVED_ADJUSTMENT,ACTUAL_TRADED,data/v4/dm01_candidate_staging_r3/durable_r3/da289f4a3177d3ca084ba3c568b5b0104d2762ae0bf2705d132fad2c410daa40/RAW_DAILY/artifact.json,RESOLVE_ACCEPTED_ADJUSTMENT_AUTHORITY
2026-09-29,SEC-F2F5C53740F6B019812080985C3CEADF,SZ.000155,ADJUSTED_DAILY,UNSUPPORTED_OR_UNPROVED_ADJUSTMENT,ACTUAL_TRADED,data/v4/dm01_candidate_staging_r3/durable_r3/da289f4a3177d3ca084ba3c568b5b0104d2762ae0bf2705d132fad2c410daa40/RAW_DAILY/artifact.json,RESOLVE_ACCEPTED_ADJUSTMENT_AUTHORITY
2026-09-29,SEC-F37DB3AB528245787D1A0104B83E67BE,SZ.002024,ADJUSTED_DAILY,UNSUPPORTED_OR_UNPROVED_ADJUSTMENT,ACTUAL_TRADED,data/v4/dm01_candidate_staging_r3/durable_r3/da289f4a3177d3ca084ba3c568b5b0104d2762ae0bf2705d132fad2c410daa40/RAW_DAILY/artifact.json,RESOLVE_ACCEPTED_ADJUSTMENT_AUTHORITY
2026-09-29,SEC-F5C37FC84C5F243E4899F2520237134D,SZ.000035,ADJUSTED_DAILY,UNSUPPORTED_OR_UNPROVED_ADJUSTMENT,ACTUAL_TRADED,data/v4/dm01_candidate_staging_r3/durable_r3/da289f4a3177d3ca084ba3c568b5b0104d2762ae0bf2705d132fad2c410daa40/RAW_DAILY/artifact.json,RESOLVE_ACCEPTED_ADJUSTMENT_AUTHORITY
2026-09-29,SEC-F65C0BE13CD364992F31EEB8344DED1B,SZ.002427,ADJUSTED_DAILY,UNSUPPORTED_OR_UNPROVED_ADJUSTMENT,ACTUAL_TRADED,data/v4/dm01_candidate_staging_r3/durable_r3/da289f4a3177d3ca084ba3c568b5b0104d2762ae0bf2705d132fad2c410daa40/RAW_DAILY/artifact.json,RESOLVE_ACCEPTED_ADJUSTMENT_AUTHORITY
2026-09-29,SEC-F677AC55B0AE04E5E007768259083811,SH.600780,ADJUSTED_DAILY,UNSUPPORTED_OR_UNPROVED_ADJUSTMENT,ACTUAL_TRADED,data/v4/dm01_candidate_staging_r3/durable_r3/da289f4a3177d3ca084ba3c568b5b0104d2762ae0bf2705d132fad2c410daa40/RAW_DAILY/artifact.json,RESOLVE_ACCEPTED_ADJUSTMENT_AUTHORITY
2026-09-29,SEC-F7CCCEA12356A689F3994F07FE9E913B,SH.600423,ADJUSTED_DAILY,UNSUPPORTED_OR_UNPROVED_ADJUSTMENT,ACTUAL_TRADED,data/v4/dm01_candidate_staging_r3/durable_r3/da289f4a3177d3ca084ba3c568b5b0104d2762ae0bf2705d132fad2c410daa40/RAW_DAILY/artifact.json,RESOLVE_ACCEPTED_ADJUSTMENT_AUTHORITY
2026-09-29,SEC-F8746011C899252271AD601EF8110877,SZ.000926,ADJUSTED_DAILY,UNSUPPORTED_OR_UNPROVED_ADJUSTMENT,ACTUAL_TRADED,data/v4/dm01_candidate_staging_r3/durable_r3/da289f4a3177d3ca084ba3c568b5b0104d2762ae0bf2705d132fad2c410daa40/RAW_DAILY/artifact.json,RESOLVE_ACCEPTED_ADJUSTMENT_AUTHORITY
2026-09-29,SEC-FAA2AF960B1FFF5621F947C264FC75BE,SH.600602,ADJUSTED_DAILY,UNSUPPORTED_OR_UNPROVED_ADJUSTMENT,ACTUAL_TRADED,data/v4/dm01_candidate_staging_r3/durable_r3/da289f4a3177d3ca084ba3c568b5b0104d2762ae0bf2705d132fad2c410daa40/RAW_DAILY/artifact.json,RESOLVE_ACCEPTED_ADJUSTMENT_AUTHORITY
2026-09-29,SEC-FB0F4C7656EB8F83398D53487ADD0301,SZ.000828,ADJUSTED_DAILY,UNSUPPORTED_OR_UNPROVED_ADJUSTMENT,ACTUAL_TRADED,data/v4/dm01_candidate_staging_r3/durable_r3/da289f4a3177d3ca084ba3c568b5b0104d2762ae0bf2705d132fad2c410daa40/RAW_DAILY/artifact.json,RESOLVE_ACCEPTED_ADJUSTMENT_AUTHORITY
2026-09-29,SEC-FB63D033043DEEE1BD663E71DD710790,SH.600177,ADJUSTED_DAILY,UNSUPPORTED_OR_UNPROVED_ADJUSTMENT,ACTUAL_TRADED,data/v4/dm01_candidate_staging_r3/durable_r3/da289f4a3177d3ca084ba3c568b5b0104d2762ae0bf2705d132fad2c410daa40/RAW_DAILY/artifact.json,RESOLVE_ACCEPTED_ADJUSTMENT_AUTHORITY
2026-09-29,SEC-FBF7B93F7C2482E8DD518677440E7858,SZ.000980,ADJUSTED_DAILY,UNSUPPORTED_OR_UNPROVED_ADJUSTMENT,ACTUAL_TRADED,data/v4/dm01_candidate_staging_r3/durable_r3/da289f4a3177d3ca084ba3c568b5b0104d2762ae0bf2705d132fad2c410daa40/RAW_DAILY/artifact.json,RESOLVE_ACCEPTED_ADJUSTMENT_AUTHORITY
2026-09-29,SEC-FF545EE1B3721B2E75E525BB96E49C98,SZ.000778,ADJUSTED_DAILY,UNSUPPORTED_OR_UNPROVED_ADJUSTMENT,ACTUAL_TRADED,data/v4/dm01_candidate_staging_r3/durable_r3/da289f4a3177d3ca084ba3c568b5b0104d2762ae0bf2705d132fad2c410daa40/RAW_DAILY/artifact.json,RESOLVE_ACCEPTED_ADJUSTMENT_AUTHORITY
2026-09-30,SEC-0157C18162F1E5F08F5949B6EA4A7514,SZ.300010,ADJUSTED_DAILY,UNSUPPORTED_OR_UNPROVED_ADJUSTMENT,ACTUAL_TRADED,data/v4/dm01_candidate_staging_r3/durable_r3/27af3624d3a7ec9deb7b3862ea2328918330225fe6ea15f2b5af6d4269649e84/RAW_DAILY/artifact.json,RESOLVE_ACCEPTED_ADJUSTMENT_AUTHORITY
2026-09-30,SEC-01CA1B1B92F68D1C3E383F8E3E6C5203,SZ.000735,ADJUSTED_DAILY,UNSUPPORTED_OR_UNPROVED_ADJUSTMENT,ACTUAL_TRADED,data/v4/dm01_candidate_staging_r3/durable_r3/27af3624d3a7ec9deb7b3862ea2328918330225fe6ea15f2b5af6d4269649e84/RAW_DAILY/artifact.json,RESOLVE_ACCEPTED_ADJUSTMENT_AUTHORITY
2026-09-30,SEC-02BCD7EB5E4853D88C92AB29C86F3EBD,SZ.000733,ADJUSTED_DAILY,UNSUPPORTED_OR_UNPROVED_ADJUSTMENT,ACTUAL_TRADED,data/v4/dm01_candidate_staging_r3/durable_r3/27af3624d3a7ec9deb7b3862ea2328918330225fe6ea15f2b5af6d4269649e84/RAW_DAILY/artifact.json,RESOLVE_ACCEPTED_ADJUSTMENT_AUTHORITY
2026-09-30,SEC-036FB19523E78B83C4349B32DC05E633,SH.600649,ADJUSTED_DAILY,UNSUPPORTED_OR_UNPROVED_ADJUSTMENT,ACTUAL_TRADED,data/v4/dm01_candidate_staging_r3/durable_r3/27af3624d3a7ec9deb7b3862ea2328918330225fe6ea15f2b5af6d4269649e84/RAW_DAILY/artifact.json,RESOLVE_ACCEPTED_ADJUSTMENT_AUTHORITY
2026-09-30,SEC-0629E3092BDED3381FF76D691EEFA8E3,SZ.002647,ADJUSTED_DAILY,UNSUPPORTED_OR_UNPROVED_ADJUSTMENT,ACTUAL_TRADED,data/v4/dm01_candidate_staging_r3/durable_r3/27af3624d3a7ec9deb7b3862ea2328918330225fe6ea15f2b5af6d4269649e84/RAW_DAILY/artifact.json,RESOLVE_ACCEPTED_ADJUSTMENT_AUTHORITY
2026-09-30,SEC-06B265774D1097539C6752C646E0EB5C,SZ.000619,ADJUSTED_DAILY,UNSUPPORTED_OR_UNPROVED_ADJUSTMENT,ACTUAL_TRADED,data/v4/dm01_candidate_staging_r3/durable_r3/27af3624d3a7ec9deb7b3862ea2328918330225fe6ea15f2b5af6d4269649e84/RAW_DAILY/artifact.json,RESOLVE_ACCEPTED_ADJUSTMENT_AUTHORITY
2026-09-30,SEC-072DF92F58F6CCBF3D7DF29C27A2C2B6,SH.600008,ADJUSTED_DAILY,UNSUPPORTED_OR_UNPROVED_ADJUSTMENT,ACTUAL_TRADED,data/v4/dm01_candidate_staging_r3/durable_r3/27af3624d3a7ec9deb7b3862ea2328918330225fe6ea15f2b5af6d4269649e84/RAW_DAILY/artifact.json,RESOLVE_ACCEPTED_ADJUSTMENT_AUTHORITY
2026-09-30,SEC-09A49B69E80FED7933BCE3C84BA58AAB,SZ.002501,ADJUSTED_DAILY,UNSUPPORTED_OR_UNPROVED_ADJUSTMENT,ACTUAL_TRADED,data/v4/dm01_candidate_staging_r3/durable_r3/27af3624d3a7ec9deb7b3862ea2328918330225fe6ea15f2b5af6d4269649e84/RAW_DAILY/artifact.json,RESOLVE_ACCEPTED_ADJUSTMENT_AUTHORITY
2026-09-30,SEC-0A3E8A5EC0314C33C5459CACC7DF374E,SH.600718,ADJUSTED_DAILY,UNSUPPORTED_OR_UNPROVED_ADJUSTMENT,ACTUAL_TRADED,data/v4/dm01_candidate_staging_r3/durable_r3/27af3624d3a7ec9deb7b3862ea2328918330225fe6ea15f2b5af6d4269649e84/RAW_DAILY/artifact.json,RESOLVE_ACCEPTED_ADJUSTMENT_AUTHORITY
2026-09-30,SEC-0B39C06B70C1DAB53E051334E2FA0530,SH.600715,ADJUSTED_DAILY,UNSUPPORTED_OR_UNPROVED_ADJUSTMENT,ACTUAL_TRADED,data/v4/dm01_candidate_staging_r3/durable_r3/27af3624d3a7ec9deb7b3862ea2328918330225fe6ea15f2b5af6d4269649e84/RAW_DAILY/artifact.json,RESOLVE_ACCEPTED_ADJUSTMENT_AUTHORITY
2026-09-30,SEC-10123CAFD684130652B5947125FEEA1F,SH.600590,ADJUSTED_DAILY,UNSUPPORTED_OR_UNPROVED_ADJUSTMENT,ACTUAL_TRADED,data/v4/dm01_candidate_staging_r3/durable_r3/27af3624d3a7ec9deb7b3862ea2328918330225fe6ea15f2b5af6d4269649e84/RAW_DAILY/artifact.json,RESOLVE_ACCEPTED_ADJUSTMENT_AUTHORITY
2026-09-30,SEC-104601CE87D096403BF0066BCC1DD92D,SZ.000069,ADJUSTED_DAILY,UNSUPPORTED_OR_UNPROVED_ADJUSTMENT,ACTUAL_TRADED,data/v4/dm01_candidate_staging_r3/durable_r3/27af3624d3a7ec9deb7b3862ea2328918330225fe6ea15f2b5af6d4269649e84/RAW_DAILY/artifact.json,RESOLVE_ACCEPTED_ADJUSTMENT_AUTHORITY
2026-09-30,SEC-11792EE8133025DEC2B9E31B57E85AA4,SH.600550,ADJUSTED_DAILY,UNSUPPORTED_OR_UNPROVED_ADJUSTMENT,ACTUAL_TRADED,data/v4/dm01_candidate_staging_r3/durable_r3/27af3624d3a7ec9deb7b3862ea2328918330225fe6ea15f2b5af6d4269649e84/RAW_DAILY/artifact.json,RESOLVE_ACCEPTED_ADJUSTMENT_AUTHORITY
2026-09-30,SEC-11E54DE9C2693CFA40A4C091BCD5ABF9,SH.601059,RAW_DAILY,EXPECTED_NO_BAR_SUSPENDED,SUSPENDED,data/v4/dm01_candidate_staging_r3/durable_r3/27af3624d3a7ec9deb7b3862ea2328918330225fe6ea15f2b5af6d4269649e84/RAW_DAILY/artifact.json,NONE_EXPECTED_SUSPENSION
2026-09-30,SEC-1225E4AE5523DC0BCDCDE764184DB7B5,SZ.000972,ADJUSTED_DAILY,UNSUPPORTED_OR_UNPROVED_ADJUSTMENT,ACTUAL_TRADED,data/v4/dm01_candidate_staging_r3/durable_r3/27af3624d3a7ec9deb7b3862ea2328918330225fe6ea15f2b5af6d4269649e84/RAW_DAILY/artifact.json,RESOLVE_ACCEPTED_ADJUSTMENT_AUTHORITY
2026-09-30,SEC-13893A28A8807423ED10E949AFFF7645,SZ.000898,ADJUSTED_DAILY,UNSUPPORTED_OR_UNPROVED_ADJUSTMENT,ACTUAL_TRADED,data/v4/dm01_candidate_staging_r3/durable_r3/27af3624d3a7ec9deb7b3862ea2328918330225fe6ea15f2b5af6d4269649e84/RAW_DAILY/artifact.json,RESOLVE_ACCEPTED_ADJUSTMENT_AUTHORITY
2026-09-30,SEC-14EFB77ACC4FDEFD153059BEF4254600,SZ.000858,ADJUSTED_DAILY,UNSUPPORTED_OR_UNPROVED_ADJUSTMENT,ACTUAL_TRADED,data/v4/dm01_candidate_staging_r3/durable_r3/27af3624d3a7ec9deb7b3862ea2328918330225fe6ea15f2b5af6d4269649e84/RAW_DAILY/artifact.json,RESOLVE_ACCEPTED_ADJUSTMENT_AUTHORITY
2026-09-30,SEC-1687B2C7769920CD46EE65B844E0C20C,SH.600887,ADJUSTED_DAILY,UNSUPPORTED_OR_UNPROVED_ADJUSTMENT,ACTUAL_TRADED,data/v4/dm01_candidate_staging_r3/durable_r3/27af3624d3a7ec9deb7b3862ea2328918330225fe6ea15f2b5af6d4269649e84/RAW_DAILY/artifact.json,RESOLVE_ACCEPTED_ADJUSTMENT_AUTHORITY
2026-09-30,SEC-18E752D1F19BAB2316F860E36E906C67,SZ.002200,ADJUSTED_DAILY,UNSUPPORTED_OR_UNPROVED_ADJUSTMENT,ACTUAL_TRADED,data/v4/dm01_candidate_staging_r3/durable_r3/27af3624d3a7ec9deb7b3862ea2328918330225fe6ea15f2b5af6d4269649e84/RAW_DAILY/artifact.json,RESOLVE_ACCEPTED_ADJUSTMENT_AUTHORITY
2026-09-30,SEC-19F4A14B2BB2FDC982BE28EC554FD835,SH.601777,ADJUSTED_DAILY,UNSUPPORTED_OR_UNPROVED_ADJUSTMENT,ACTUAL_TRADED,data/v4/dm01_candidate_staging_r3/durable_r3/27af3624d3a7ec9deb7b3862ea2328918330225fe6ea15f2b5af6d4269649e84/RAW_DAILY/artifact.json,RESOLVE_ACCEPTED_ADJUSTMENT_AUTHORITY
2026-09-30,SEC-1E2582ACBAF8B93358A92D8F1FB15FBB,SZ.300125,ADJUSTED_DAILY,UNSUPPORTED_OR_UNPROVED_ADJUSTMENT,ACTUAL_TRADED,data/v4/dm01_candidate_staging_r3/durable_r3/27af3624d3a7ec9deb7b3862ea2328918330225fe6ea15f2b5af6d4269649e84/RAW_DAILY/artifact.json,RESOLVE_ACCEPTED_ADJUSTMENT_AUTHORITY
2026-09-30,SEC-2158C9D64CB95665817BD3419575EDA7,SZ.000629,ADJUSTED_DAILY,UNSUPPORTED_OR_UNPROVED_ADJUSTMENT,ACTUAL_TRADED,data/v4/dm01_candidate_staging_r3/durable_r3/27af3624d3a7ec9deb7b3862ea2328918330225fe6ea15f2b5af6d4269649e84/RAW_DAILY/artifact.json,RESOLVE_ACCEPTED_ADJUSTMENT_AUTHORITY
2026-09-30,SEC-215980AAE897ACCC8D657DB0717A9896,SH.600754,ADJUSTED_DAILY,UNSUPPORTED_OR_UNPROVED_ADJUSTMENT,ACTUAL_TRADED,data/v4/dm01_candidate_staging_r3/durable_r3/27af3624d3a7ec9deb7b3862ea2328918330225fe6ea15f2b5af6d4269649e84/RAW_DAILY/artifact.json,RESOLVE_ACCEPTED_ADJUSTMENT_AUTHORITY
2026-09-30,SEC-25106EB81E18F2C63CA4F3BD11EAD8DD,SH.688496,RAW_DAILY,EXPECTED_NO_BAR_SUSPENDED,SUSPENDED,data/v4/dm01_candidate_staging_r3/durable_r3/27af3624d3a7ec9deb7b3862ea2328918330225fe6ea15f2b5af6d4269649e84/RAW_DAILY/artifact.json,NONE_EXPECTED_SUSPENSION
2026-09-30,SEC-256A3FA23334E7E2A607542269A1B28E,SZ.000839,ADJUSTED_DAILY,UNSUPPORTED_OR_UNPROVED_ADJUSTMENT,ACTUAL_TRADED,data/v4/dm01_candidate_staging_r3/durable_r3/27af3624d3a7ec9deb7b3862ea2328918330225fe6ea15f2b5af6d4269649e84/RAW_DAILY/artifact.json,RESOLVE_ACCEPTED_ADJUSTMENT_AUTHORITY
2026-09-30,SEC-2DAC1026C59FB362988632DF26864E12,SZ.000520,ADJUSTED_DAILY,UNSUPPORTED_OR_UNPROVED_ADJUSTMENT,ACTUAL_TRADED,data/v4/dm01_candidate_staging_r3/durable_r3/27af3624d3a7ec9deb7b3862ea2328918330225fe6ea15f2b5af6d4269649e84/RAW_DAILY/artifact.json,RESOLVE_ACCEPTED_ADJUSTMENT_AUTHORITY
2026-09-30,SEC-2EA13CD9CD4C2CE5B9381B74B71EC2BA,SZ.000932,ADJUSTED_DAILY,UNSUPPORTED_OR_UNPROVED_ADJUSTMENT,ACTUAL_TRADED,data/v4/dm01_candidate_staging_r3/durable_r3/27af3624d3a7ec9deb7b3862ea2328918330225fe6ea15f2b5af6d4269649e84/RAW_DAILY/artifact.json,RESOLVE_ACCEPTED_ADJUSTMENT_AUTHORITY
2026-09-30,SEC-30D1A45742773639EB00C70A711E4C04,SZ.000691,ADJUSTED_DAILY,UNSUPPORTED_OR_UNPROVED_ADJUSTMENT,ACTUAL_TRADED,data/v4/dm01_candidate_staging_r3/durable_r3/27af3624d3a7ec9deb7b3862ea2328918330225fe6ea15f2b5af6d4269649e84/RAW_DAILY/artifact.json,RESOLVE_ACCEPTED_ADJUSTMENT_AUTHORITY
2026-09-30,SEC-35775DA77A69E8EB5ABF64E685EF19FC,SZ.000430,ADJUSTED_DAILY,UNSUPPORTED_OR_UNPROVED_ADJUSTMENT,ACTUAL_TRADED,data/v4/dm01_candidate_staging_r3/durable_r3/27af3624d3a7ec9deb7b3862ea2328918330225fe6ea15f2b5af6d4269649e84/RAW_DAILY/artifact.json,RESOLVE_ACCEPTED_ADJUSTMENT_AUTHORITY
2026-09-30,SEC-35CFD3F3FC189F8E2E8D860FFCEBD290,SH.600221,ADJUSTED_DAILY,UNSUPPORTED_OR_UNPROVED_ADJUSTMENT,ACTUAL_TRADED,data/v4/dm01_candidate_staging_r3/durable_r3/27af3624d3a7ec9deb7b3862ea2328918330225fe6ea15f2b5af6d4269649e84/RAW_DAILY/artifact.json,RESOLVE_ACCEPTED_ADJUSTMENT_AUTHORITY
2026-09-30,SEC-369B96532D70A6BEFD4B9F81861A3AAF,SH.600716,ADJUSTED_DAILY,UNSUPPORTED_OR_UNPROVED_ADJUSTMENT,ACTUAL_TRADED,data/v4/dm01_candidate_staging_r3/durable_r3/27af3624d3a7ec9deb7b3862ea2328918330225fe6ea15f2b5af6d4269649e84/RAW_DAILY/artifact.json,RESOLVE_ACCEPTED_ADJUSTMENT_AUTHORITY
2026-09-30,SEC-3ACE76B18D011AEC6CA16333F702DF42,SH.600399,ADJUSTED_DAILY,UNSUPPORTED_OR_UNPROVED_ADJUSTMENT,ACTUAL_TRADED,data/v4/dm01_candidate_staging_r3/durable_r3/27af3624d3a7ec9deb7b3862ea2328918330225fe6ea15f2b5af6d4269649e84/RAW_DAILY/artifact.json,RESOLVE_ACCEPTED_ADJUSTMENT_AUTHORITY
2026-09-30,SEC-3BB83B6C1300DDF1AF5633BDD7BF35FA,SH.603363,ADJUSTED_DAILY,UNSUPPORTED_OR_UNPROVED_ADJUSTMENT,ACTUAL_TRADED,data/v4/dm01_candidate_staging_r3/durable_r3/27af3624d3a7ec9deb7b3862ea2328918330225fe6ea15f2b5af6d4269649e84/RAW_DAILY/artifact.json,RESOLVE_ACCEPTED_ADJUSTMENT_AUTHORITY
2026-09-30,SEC-3E27A5EA85AC05C936424505D1EFB100,SH.600556,ADJUSTED_DAILY,UNSUPPORTED_OR_UNPROVED_ADJUSTMENT,ACTUAL_TRADED,data/v4/dm01_candidate_staging_r3/durable_r3/27af3624d3a7ec9deb7b3862ea2328918330225fe6ea15f2b5af6d4269649e84/RAW_DAILY/artifact.json,RESOLVE_ACCEPTED_ADJUSTMENT_AUTHORITY
2026-09-30,SEC-3E6E470C803D07EABDCD265C81867B45,SH.600136,ADJUSTED_DAILY,UNSUPPORTED_OR_UNPROVED_ADJUSTMENT,ACTUAL_TRADED,data/v4/dm01_candidate_staging_r3/durable_r3/27af3624d3a7ec9deb7b3862ea2328918330225fe6ea15f2b5af6d4269649e84/RAW_DAILY/artifact.json,RESOLVE_ACCEPTED_ADJUSTMENT_AUTHORITY
2026-09-30,SEC-403C9F3E76FA9724FE02F465BFCAF0DC,SZ.000792,ADJUSTED_DAILY,UNSUPPORTED_OR_UNPROVED_ADJUSTMENT,ACTUAL_TRADED,data/v4/dm01_candidate_staging_r3/durable_r3/27af3624d3a7ec9deb7b3862ea2328918330225fe6ea15f2b5af6d4269649e84/RAW_DAILY/artifact.json,RESOLVE_ACCEPTED_ADJUSTMENT_AUTHORITY
2026-09-30,SEC-4043BDB9C07B6F9E04E53BBA4D954D2C,SH.600004,ADJUSTED_DAILY,UNSUPPORTED_OR_UNPROVED_ADJUSTMENT,ACTUAL_TRADED,data/v4/dm01_candidate_staging_r3/durable_r3/27af3624d3a7ec9deb7b3862ea2328918330225fe6ea15f2b5af6d4269649e84/RAW_DAILY/artifact.json,RESOLVE_ACCEPTED_ADJUSTMENT_AUTHORITY
2026-09-30,SEC-413AF144BAF0DA2D11616E14806EEF42,SH.600900,ADJUSTED_DAILY,UNSUPPORTED_OR_UNPROVED_ADJUSTMENT,ACTUAL_TRADED,data/v4/dm01_candidate_staging_r3/durable_r3/27af3624d3a7ec9deb7b3862ea2328918330225fe6ea15f2b5af6d4269649e84/RAW_DAILY/artifact.json,RESOLVE_ACCEPTED_ADJUSTMENT_AUTHORITY
2026-09-30,SEC-4230FC0E6D8521AE74FF5C1B255E1362,SH.600519,ADJUSTED_DAILY,UNSUPPORTED_OR_UNPROVED_ADJUSTMENT,ACTUAL_TRADED,data/v4/dm01_candidate_staging_r3/durable_r3/27af3624d3a7ec9deb7b3862ea2328918330225fe6ea15f2b5af6d4269649e84/RAW_DAILY/artifact.json,RESOLVE_ACCEPTED_ADJUSTMENT_AUTHORITY
2026-09-30,SEC-4334FE80B5A21FF9E592B692A38BE733,SH.600533,ADJUSTED_DAILY,UNSUPPORTED_OR_UNPROVED_ADJUSTMENT,ACTUAL_TRADED,data/v4/dm01_candidate_staging_r3/durable_r3/27af3624d3a7ec9deb7b3862ea2328918330225fe6ea15f2b5af6d4269649e84/RAW_DAILY/artifact.json,RESOLVE_ACCEPTED_ADJUSTMENT_AUTHORITY
2026-09-30,SEC-436C4B8698CD3F693C1E3035864DE128,SZ.300370,ADJUSTED_DAILY,UNSUPPORTED_OR_UNPROVED_ADJUSTMENT,ACTUAL_TRADED,data/v4/dm01_candidate_staging_r3/durable_r3/27af3624d3a7ec9deb7b3862ea2328918330225fe6ea15f2b5af6d4269649e84/RAW_DAILY/artifact.json,RESOLVE_ACCEPTED_ADJUSTMENT_AUTHORITY
2026-09-30,SEC-4415245F5ACB0AE9A2AED688BCCDB98F,SH.600010,ADJUSTED_DAILY,UNSUPPORTED_OR_UNPROVED_ADJUSTMENT,ACTUAL_TRADED,data/v4/dm01_candidate_staging_r3/durable_r3/27af3624d3a7ec9deb7b3862ea2328918330225fe6ea15f2b5af6d4269649e84/RAW_DAILY/artifact.json,RESOLVE_ACCEPTED_ADJUSTMENT_AUTHORITY
2026-09-30,SEC-458E42ED72931A453BF5E0ADC0E3376D,SZ.000032,ADJUSTED_DAILY,UNSUPPORTED_OR_UNPROVED_ADJUSTMENT,ACTUAL_TRADED,data/v4/dm01_candidate_staging_r3/durable_r3/27af3624d3a7ec9deb7b3862ea2328918330225fe6ea15f2b5af6d4269649e84/RAW_DAILY/artifact.json,RESOLVE_ACCEPTED_ADJUSTMENT_AUTHORITY
2026-09-30,SEC-46E0C592A244A2396F3738D7CDF2FE95,SH.600862,ADJUSTED_DAILY,UNSUPPORTED_OR_UNPROVED_ADJUSTMENT,ACTUAL_TRADED,data/v4/dm01_candidate_staging_r3/durable_r3/27af3624d3a7ec9deb7b3862ea2328918330225fe6ea15f2b5af6d4269649e84/RAW_DAILY/artifact.json,RESOLVE_ACCEPTED_ADJUSTMENT_AUTHORITY
2026-09-30,SEC-4A5B5DF33FDC4B2AEFD8DAA0F6C23084,SH.603559,ADJUSTED_DAILY,UNSUPPORTED_OR_UNPROVED_ADJUSTMENT,ACTUAL_TRADED,data/v4/dm01_candidate_staging_r3/durable_r3/27af3624d3a7ec9deb7b3862ea2328918330225fe6ea15f2b5af6d4269649e84/RAW_DAILY/artifact.json,RESOLVE_ACCEPTED_ADJUSTMENT_AUTHORITY
2026-09-30,SEC-4A975B3AC347CE0857E7E14E5038C7DE,SZ.000620,ADJUSTED_DAILY,UNSUPPORTED_OR_UNPROVED_ADJUSTMENT,ACTUAL_TRADED,data/v4/dm01_candidate_staging_r3/durable_r3/27af3624d3a7ec9deb7b3862ea2328918330225fe6ea15f2b5af6d4269649e84/RAW_DAILY/artifact.json,RESOLVE_ACCEPTED_ADJUSTMENT_AUTHORITY
2026-09-30,SEC-4B54B6CE8238BD6B1E6C9843592A07DE,SH.600400,ADJUSTED_DAILY,UNSUPPORTED_OR_UNPROVED_ADJUSTMENT,ACTUAL_TRADED,data/v4/dm01_candidate_staging_r3/durable_r3/27af3624d3a7ec9deb7b3862ea2328918330225fe6ea15f2b5af6d4269649e84/RAW_DAILY/artifact.json,RESOLVE_ACCEPTED_ADJUSTMENT_AUTHORITY
2026-09-30,SEC-4DA9ADBF77312B8AE394AEA34F5ED7AA,SH.600641,ADJUSTED_DAILY,UNSUPPORTED_OR_UNPROVED_ADJUSTMENT,ACTUAL_TRADED,data/v4/dm01_candidate_staging_r3/durable_r3/27af3624d3a7ec9deb7b3862ea2328918330225fe6ea15f2b5af6d4269649e84/RAW_DAILY/artifact.json,RESOLVE_ACCEPTED_ADJUSTMENT_AUTHORITY
2026-09-30,SEC-4EBD02787ED6E06583AD1FF72FBD0CB5,SZ.000036,ADJUSTED_DAILY,UNSUPPORTED_OR_UNPROVED_ADJUSTMENT,ACTUAL_TRADED,data/v4/dm01_candidate_staging_r3/durable_r3/27af3624d3a7ec9deb7b3862ea2328918330225fe6ea15f2b5af6d4269649e84/RAW_DAILY/artifact.json,RESOLVE_ACCEPTED_ADJUSTMENT_AUTHORITY
2026-09-30,SEC-4F9559FC0ACD59AA3FAB2D6919D2CE04,SH.600861,ADJUSTED_DAILY,UNSUPPORTED_OR_UNPROVED_ADJUSTMENT,ACTUAL_TRADED,data/v4/dm01_candidate_staging_r3/durable_r3/27af3624d3a7ec9deb7b3862ea2328918330225fe6ea15f2b5af6d4269649e84/RAW_DAILY/artifact.json,RESOLVE_ACCEPTED_ADJUSTMENT_AUTHORITY
2026-09-30,SEC-505EE5E71B20C4E20C702384A8486CD3,SH.600761,ADJUSTED_DAILY,UNSUPPORTED_OR_UNPROVED_ADJUSTMENT,ACTUAL_TRADED,data/v4/dm01_candidate_staging_r3/durable_r3/27af3624d3a7ec9deb7b3862ea2328918330225fe6ea15f2b5af6d4269649e84/RAW_DAILY/artifact.json,RESOLVE_ACCEPTED_ADJUSTMENT_AUTHORITY
2026-09-30,SEC-509AAE6E978C108A3C04074CAA20A1FD,SH.600676,ADJUSTED_DAILY,UNSUPPORTED_OR_UNPROVED_ADJUSTMENT,ACTUAL_TRADED,data/v4/dm01_candidate_staging_r3/durable_r3/27af3624d3a7ec9deb7b3862ea2328918330225fe6ea15f2b5af6d4269649e84/RAW_DAILY/artifact.json,RESOLVE_ACCEPTED_ADJUSTMENT_AUTHORITY
2026-09-30,SEC-52BB765425FAC02F25AB6435735C59D9,SH.600759,ADJUSTED_DAILY,UNSUPPORTED_OR_UNPROVED_ADJUSTMENT,ACTUAL_TRADED,data/v4/dm01_candidate_staging_r3/durable_r3/27af3624d3a7ec9deb7b3862ea2328918330225fe6ea15f2b5af6d4269649e84/RAW_DAILY/artifact.json,RESOLVE_ACCEPTED_ADJUSTMENT_AUTHORITY
2026-09-30,SEC-52F252007B34C0BEAA365CEE5D59A347,SZ.000989,ADJUSTED_DAILY,UNSUPPORTED_OR_UNPROVED_ADJUSTMENT,ACTUAL_TRADED,data/v4/dm01_candidate_staging_r3/durable_r3/27af3624d3a7ec9deb7b3862ea2328918330225fe6ea15f2b5af6d4269649e84/RAW_DAILY/artifact.json,RESOLVE_ACCEPTED_ADJUSTMENT_AUTHORITY
2026-09-30,SEC-55D0EE507F97A877879ACD1142CBEA16,SZ.000402,ADJUSTED_DAILY,UNSUPPORTED_OR_UNPROVED_ADJUSTMENT,ACTUAL_TRADED,data/v4/dm01_candidate_staging_r3/durable_r3/27af3624d3a7ec9deb7b3862ea2328918330225fe6ea15f2b5af6d4269649e84/RAW_DAILY/artifact.json,RESOLVE_ACCEPTED_ADJUSTMENT_AUTHORITY
2026-09-30,SEC-56810448CF2F6FC4CB0D129FAD066CE2,SH.600518,ADJUSTED_DAILY,UNSUPPORTED_OR_UNPROVED_ADJUSTMENT,ACTUAL_TRADED,data/v4/dm01_candidate_staging_r3/durable_r3/27af3624d3a7ec9deb7b3862ea2328918330225fe6ea15f2b5af6d4269649e84/RAW_DAILY/artifact.json,RESOLVE_ACCEPTED_ADJUSTMENT_AUTHORITY
2026-09-30,SEC-57BFBA249A27E65A7AD249FFB3F7907D,SZ.002310,ADJUSTED_DAILY,UNSUPPORTED_OR_UNPROVED_ADJUSTMENT,ACTUAL_TRADED,data/v4/dm01_candidate_staging_r3/durable_r3/27af3624d3a7ec9deb7b3862ea2328918330225fe6ea15f2b5af6d4269649e84/RAW_DAILY/artifact.json,RESOLVE_ACCEPTED_ADJUSTMENT_AUTHORITY
2026-09-30,SEC-581D10525B31F1CDBDAD427938A5E4F8,SZ.002713,ADJUSTED_DAILY,UNSUPPORTED_OR_UNPROVED_ADJUSTMENT,ACTUAL_TRADED,data/v4/dm01_candidate_staging_r3/durable_r3/27af3624d3a7ec9deb7b3862ea2328918330225fe6ea15f2b5af6d4269649e84/RAW_DAILY/artifact.json,RESOLVE_ACCEPTED_ADJUSTMENT_AUTHORITY
2026-09-30,SEC-5B590C9442FD526BE2E08E3000AB382F,SH.600827,ADJUSTED_DAILY,UNSUPPORTED_OR_UNPROVED_ADJUSTMENT,ACTUAL_TRADED,data/v4/dm01_candidate_staging_r3/durable_r3/27af3624d3a7ec9deb7b3862ea2328918330225fe6ea15f2b5af6d4269649e84/RAW_DAILY/artifact.json,RESOLVE_ACCEPTED_ADJUSTMENT_AUTHORITY
2026-09-30,SEC-5CFA7CDB76A729D378E47E5F875A0ABF,SH.600666,ADJUSTED_DAILY,UNSUPPORTED_OR_UNPROVED_ADJUSTMENT,ACTUAL_TRADED,data/v4/dm01_candidate_staging_r3/durable_r3/27af3624d3a7ec9deb7b3862ea2328918330225fe6ea15f2b5af6d4269649e84/RAW_DAILY/artifact.json,RESOLVE_ACCEPTED_ADJUSTMENT_AUTHORITY
2026-09-30,SEC-5E1FB39278F400FB4FE566532A2C6D07,SZ.000768,ADJUSTED_DAILY,UNSUPPORTED_OR_UNPROVED_ADJUSTMENT,ACTUAL_TRADED,data/v4/dm01_candidate_staging_r3/durable_r3/27af3624d3a7ec9deb7b3862ea2328918330225fe6ea15f2b5af6d4269649e84/RAW_DAILY/artifact.json,RESOLVE_ACCEPTED_ADJUSTMENT_AUTHORITY
2026-09-30,SEC-5E2BB82CAB36DB385F00C6EA1DE6A5F5,SZ.000700,ADJUSTED_DAILY,UNSUPPORTED_OR_UNPROVED_ADJUSTMENT,ACTUAL_TRADED,data/v4/dm01_candidate_staging_r3/durable_r3/27af3624d3a7ec9deb7b3862ea2328918330225fe6ea15f2b5af6d4269649e84/RAW_DAILY/artifact.json,RESOLVE_ACCEPTED_ADJUSTMENT_AUTHORITY
2026-09-30,SEC-6054AE867A60481EDA16B0E02AF1DB09,SH.601198,RAW_DAILY,EXPECTED_NO_BAR_SUSPENDED,SUSPENDED,data/v4/dm01_candidate_staging_r3/durable_r3/27af3624d3a7ec9deb7b3862ea2328918330225fe6ea15f2b5af6d4269649e84/RAW_DAILY/artifact.json,NONE_EXPECTED_SUSPENSION
2026-09-30,SEC-60FCC9B399F4B0093B2C1853EEFAC9D2,SH.600795,ADJUSTED_DAILY,UNSUPPORTED_OR_UNPROVED_ADJUSTMENT,ACTUAL_TRADED,data/v4/dm01_candidate_staging_r3/durable_r3/27af3624d3a7ec9deb7b3862ea2328918330225fe6ea15f2b5af6d4269649e84/RAW_DAILY/artifact.json,RESOLVE_ACCEPTED_ADJUSTMENT_AUTHORITY
2026-09-30,SEC-62C40F6EEABB12A3B3F00D4FB0B61ED0,SH.600000,ADJUSTED_DAILY,UNSUPPORTED_OR_UNPROVED_ADJUSTMENT,ACTUAL_TRADED,data/v4/dm01_candidate_staging_r3/durable_r3/27af3624d3a7ec9deb7b3862ea2328918330225fe6ea15f2b5af6d4269649e84/RAW_DAILY/artifact.json,RESOLVE_ACCEPTED_ADJUSTMENT_AUTHORITY
2026-09-30,SEC-63FD3C0974681E00F1C3A1D87C75D09B,SH.600375,ADJUSTED_DAILY,UNSUPPORTED_OR_UNPROVED_ADJUSTMENT,ACTUAL_TRADED,data/v4/dm01_candidate_staging_r3/durable_r3/27af3624d3a7ec9deb7b3862ea2328918330225fe6ea15f2b5af6d4269649e84/RAW_DAILY/artifact.json,RESOLVE_ACCEPTED_ADJUSTMENT_AUTHORITY
2026-09-30,SEC-6765D553384B9E7BB7848090E693D277,SH.600660,ADJUSTED_DAILY,UNSUPPORTED_OR_UNPROVED_ADJUSTMENT,ACTUAL_TRADED,data/v4/dm01_candidate_staging_r3/durable_r3/27af3624d3a7ec9deb7b3862ea2328918330225fe6ea15f2b5af6d4269649e84/RAW_DAILY/artifact.json,RESOLVE_ACCEPTED_ADJUSTMENT_AUTHORITY
2026-09-30,SEC-67CBEE0CDF1D71445641D98875D2E238,SH.600036,ADJUSTED_DAILY,UNSUPPORTED_OR_UNPROVED_ADJUSTMENT,ACTUAL_TRADED,data/v4/dm01_candidate_staging_r3/durable_r3/27af3624d3a7ec9deb7b3862ea2328918330225fe6ea15f2b5af6d4269649e84/RAW_DAILY/artifact.json,RESOLVE_ACCEPTED_ADJUSTMENT_AUTHORITY
2026-09-30,SEC-684CC8E923234B4B24F740A20AB309F9,SZ.000711,ADJUSTED_DAILY,UNSUPPORTED_OR_UNPROVED_ADJUSTMENT,ACTUAL_TRADED,data/v4/dm01_candidate_staging_r3/durable_r3/27af3624d3a7ec9deb7b3862ea2328918330225fe6ea15f2b5af6d4269649e84/RAW_DAILY/artifact.json,RESOLVE_ACCEPTED_ADJUSTMENT_AUTHORITY
2026-09-30,SEC-6A3D8F121720DEC4403BCAA7F3C75C6E,SZ.000027,ADJUSTED_DAILY,UNSUPPORTED_OR_UNPROVED_ADJUSTMENT,ACTUAL_TRADED,data/v4/dm01_candidate_staging_r3/durable_r3/27af3624d3a7ec9deb7b3862ea2328918330225fe6ea15f2b5af6d4269649e84/RAW_DAILY/artifact.json,RESOLVE_ACCEPTED_ADJUSTMENT_AUTHORITY
2026-09-30,SEC-6BF06788496FED7C56E98AACED3536E3,SZ.300091,ADJUSTED_DAILY,UNSUPPORTED_OR_UNPROVED_ADJUSTMENT,ACTUAL_TRADED,data/v4/dm01_candidate_staging_r3/durable_r3/27af3624d3a7ec9deb7b3862ea2328918330225fe6ea15f2b5af6d4269649e84/RAW_DAILY/artifact.json,RESOLVE_ACCEPTED_ADJUSTMENT_AUTHORITY
2026-09-30,SEC-6C3A0D3DF2356C7C08617EB9FA22373E,SH.600642,ADJUSTED_DAILY,UNSUPPORTED_OR_UNPROVED_ADJUSTMENT,ACTUAL_TRADED,data/v4/dm01_candidate_staging_r3/durable_r3/27af3624d3a7ec9deb7b3862ea2328918330225fe6ea15f2b5af6d4269649e84/RAW_DAILY/artifact.json,RESOLVE_ACCEPTED_ADJUSTMENT_AUTHORITY
2026-09-30,SEC-6D84A4C76A0CC2B3A7FA63D68C75A433,SH.600293,RAW_DAILY,EXPECTED_NO_BAR_SUSPENDED,SUSPENDED,data/v4/dm01_candidate_staging_r3/durable_r3/27af3624d3a7ec9deb7b3862ea2328918330225fe6ea15f2b5af6d4269649e84/RAW_DAILY/artifact.json,NONE_EXPECTED_SUSPENSION
2026-09-30,SEC-6D96953C4813650A2F06DF53EE7D3FC8,SZ.002076,ADJUSTED_DAILY,UNSUPPORTED_OR_UNPROVED_ADJUSTMENT,ACTUAL_TRADED,data/v4/dm01_candidate_staging_r3/durable_r3/27af3624d3a7ec9deb7b3862ea2328918330225fe6ea15f2b5af6d4269649e84/RAW_DAILY/artifact.json,RESOLVE_ACCEPTED_ADJUSTMENT_AUTHORITY
2026-09-30,SEC-6E5A7E8842DFFFE1CB910FFA75084631,SZ.000796,ADJUSTED_DAILY,UNSUPPORTED_OR_UNPROVED_ADJUSTMENT,ACTUAL_TRADED,data/v4/dm01_candidate_staging_r3/durable_r3/27af3624d3a7ec9deb7b3862ea2328918330225fe6ea15f2b5af6d4269649e84/RAW_DAILY/artifact.json,RESOLVE_ACCEPTED_ADJUSTMENT_AUTHORITY
2026-09-30,SEC-727B4462EB615309F3CF61974E3EF7FC,SH.603183,RAW_DAILY,EXPECTED_NO_BAR_SUSPENDED,SUSPENDED,data/v4/dm01_candidate_staging_r3/durable_r3/27af3624d3a7ec9deb7b3862ea2328918330225fe6ea15f2b5af6d4269649e84/RAW_DAILY/artifact.json,NONE_EXPECTED_SUSPENSION
2026-09-30,SEC-793384D2A43865CEC95DF7A34E324933,SZ.002122,ADJUSTED_DAILY,UNSUPPORTED_OR_UNPROVED_ADJUSTMENT,ACTUAL_TRADED,data/v4/dm01_candidate_staging_r3/durable_r3/27af3624d3a7ec9deb7b3862ea2328918330225fe6ea15f2b5af6d4269649e84/RAW_DAILY/artifact.json,RESOLVE_ACCEPTED_ADJUSTMENT_AUTHORITY
2026-09-30,SEC-79DA87AB15C8B695B574E1818CF11786,SZ.002072,ADJUSTED_DAILY,UNSUPPORTED_OR_UNPROVED_ADJUSTMENT,ACTUAL_TRADED,data/v4/dm01_candidate_staging_r3/durable_r3/27af3624d3a7ec9deb7b3862ea2328918330225fe6ea15f2b5af6d4269649e84/RAW_DAILY/artifact.json,RESOLVE_ACCEPTED_ADJUSTMENT_AUTHORITY
2026-09-30,SEC-7A69B56937CEF89A370966B1216DF226,SZ.000727,ADJUSTED_DAILY,UNSUPPORTED_OR_UNPROVED_ADJUSTMENT,ACTUAL_TRADED,data/v4/dm01_candidate_staging_r3/durable_r3/27af3624d3a7ec9deb7b3862ea2328918330225fe6ea15f2b5af6d4269649e84/RAW_DAILY/artifact.json,RESOLVE_ACCEPTED_ADJUSTMENT_AUTHORITY
2026-09-30,SEC-7D00F4C18778D179CFB91FB2CEB2DF92,SH.600606,ADJUSTED_DAILY,UNSUPPORTED_OR_UNPROVED_ADJUSTMENT,ACTUAL_TRADED,data/v4/dm01_candidate_staging_r3/durable_r3/27af3624d3a7ec9deb7b3862ea2328918330225fe6ea15f2b5af6d4269649e84/RAW_DAILY/artifact.json,RESOLVE_ACCEPTED_ADJUSTMENT_AUTHORITY
2026-09-30,SEC-7DECE2CC07C61E5469B5726443DA3A3F,SZ.002354,ADJUSTED_DAILY,UNSUPPORTED_OR_UNPROVED_ADJUSTMENT,ACTUAL_TRADED,data/v4/dm01_candidate_staging_r3/durable_r3/27af3624d3a7ec9deb7b3862ea2328918330225fe6ea15f2b5af6d4269649e84/RAW_DAILY/artifact.json,RESOLVE_ACCEPTED_ADJUSTMENT_AUTHORITY
2026-09-30,SEC-7F9F5B612586D38EE9395AAACBC91DAA,SH.600309,ADJUSTED_DAILY,UNSUPPORTED_OR_UNPROVED_ADJUSTMENT,ACTUAL_TRADED,data/v4/dm01_candidate_staging_r3/durable_r3/27af3624d3a7ec9deb7b3862ea2328918330225fe6ea15f2b5af6d4269649e84/RAW_DAILY/artifact.json,RESOLVE_ACCEPTED_ADJUSTMENT_AUTHORITY
2026-09-30,SEC-842AD2566EC149CA40DADD50B4AEF6A2,SZ.300159,ADJUSTED_DAILY,UNSUPPORTED_OR_UNPROVED_ADJUSTMENT,ACTUAL_TRADED,data/v4/dm01_candidate_staging_r3/durable_r3/27af3624d3a7ec9deb7b3862ea2328918330225fe6ea15f2b5af6d4269649e84/RAW_DAILY/artifact.json,RESOLVE_ACCEPTED_ADJUSTMENT_AUTHORITY
2026-09-30,SEC-86B52E880E4D734DE7116D78FD84C415,SZ.000518,ADJUSTED_DAILY,UNSUPPORTED_OR_UNPROVED_ADJUSTMENT,ACTUAL_TRADED,data/v4/dm01_candidate_staging_r3/durable_r3/27af3624d3a7ec9deb7b3862ea2328918330225fe6ea15f2b5af6d4269649e84/RAW_DAILY/artifact.json,RESOLVE_ACCEPTED_ADJUSTMENT_AUTHORITY
2026-09-30,SEC-87B79996D81FFB2B6AF2BD725CF56B1C,SZ.000523,ADJUSTED_DAILY,UNSUPPORTED_OR_UNPROVED_ADJUSTMENT,ACTUAL_TRADED,data/v4/dm01_candidate_staging_r3/durable_r3/27af3624d3a7ec9deb7b3862ea2328918330225fe6ea15f2b5af6d4269649e84/RAW_DAILY/artifact.json,RESOLVE_ACCEPTED_ADJUSTMENT_AUTHORITY
2026-09-30,SEC-8846699F149D866751E5B694A2DCAAF3,SH.600860,ADJUSTED_DAILY,UNSUPPORTED_OR_UNPROVED_ADJUSTMENT,ACTUAL_TRADED,data/v4/dm01_candidate_staging_r3/durable_r3/27af3624d3a7ec9deb7b3862ea2328918330225fe6ea15f2b5af6d4269649e84/RAW_DAILY/artifact.json,RESOLVE_ACCEPTED_ADJUSTMENT_AUTHORITY
2026-09-30,SEC-88A30018EC950E51C1A4DFAE1A170D2A,SZ.002219,ADJUSTED_DAILY,UNSUPPORTED_OR_UNPROVED_ADJUSTMENT,ACTUAL_TRADED,data/v4/dm01_candidate_staging_r3/durable_r3/27af3624d3a7ec9deb7b3862ea2328918330225fe6ea15f2b5af6d4269649e84/RAW_DAILY/artifact.json,RESOLVE_ACCEPTED_ADJUSTMENT_AUTHORITY
2026-09-30,SEC-88C3BA6DBAEB723A0AF0CC4EC44B6434,SZ.000917,ADJUSTED_DAILY,UNSUPPORTED_OR_UNPROVED_ADJUSTMENT,ACTUAL_TRADED,data/v4/dm01_candidate_staging_r3/durable_r3/27af3624d3a7ec9deb7b3862ea2328918330225fe6ea15f2b5af6d4269649e84/RAW_DAILY/artifact.json,RESOLVE_ACCEPTED_ADJUSTMENT_AUTHORITY
2026-09-30,SEC-8943D855D94C3B3063EFED90D40F7CAA,SZ.002210,ADJUSTED_DAILY,UNSUPPORTED_OR_UNPROVED_ADJUSTMENT,ACTUAL_TRADED,data/v4/dm01_candidate_staging_r3/durable_r3/27af3624d3a7ec9deb7b3862ea2328918330225fe6ea15f2b5af6d4269649e84/RAW_DAILY/artifact.json,RESOLVE_ACCEPTED_ADJUSTMENT_AUTHORITY
2026-09-30,SEC-8ABF23B1B506CF21B31B77B88A5AD035,SH.600654,ADJUSTED_DAILY,UNSUPPORTED_OR_UNPROVED_ADJUSTMENT,ACTUAL_TRADED,data/v4/dm01_candidate_staging_r3/durable_r3/27af3624d3a7ec9deb7b3862ea2328918330225fe6ea15f2b5af6d4269649e84/RAW_DAILY/artifact.json,RESOLVE_ACCEPTED_ADJUSTMENT_AUTHORITY
2026-09-30,SEC-8BEF56AE112AA814CEDCDC90039545C1,SZ.300278,ADJUSTED_DAILY,UNSUPPORTED_OR_UNPROVED_ADJUSTMENT,ACTUAL_TRADED,data/v4/dm01_candidate_staging_r3/durable_r3/27af3624d3a7ec9deb7b3862ea2328918330225fe6ea15f2b5af6d4269649e84/RAW_DAILY/artifact.json,RESOLVE_ACCEPTED_ADJUSTMENT_AUTHORITY
2026-09-30,SEC-8C61371DAF1F15B8DAAECB9651D3A7D6,SH.600157,ADJUSTED_DAILY,UNSUPPORTED_OR_UNPROVED_ADJUSTMENT,ACTUAL_TRADED,data/v4/dm01_candidate_staging_r3/durable_r3/27af3624d3a7ec9deb7b3862ea2328918330225fe6ea15f2b5af6d4269649e84/RAW_DAILY/artifact.json,RESOLVE_ACCEPTED_ADJUSTMENT_AUTHORITY
2026-09-30,SEC-8C7B0104BCBBE198B25C7A447C445233,SZ.000908,ADJUSTED_DAILY,UNSUPPORTED_OR_UNPROVED_ADJUSTMENT,ACTUAL_TRADED,data/v4/dm01_candidate_staging_r3/durable_r3/27af3624d3a7ec9deb7b3862ea2328918330225fe6ea15f2b5af6d4269649e84/RAW_DAILY/artifact.json,RESOLVE_ACCEPTED_ADJUSTMENT_AUTHORITY
2026-09-30,SEC-8F5A2AC49C96965FFEF9DB8F03E9F09A,SH.600165,ADJUSTED_DAILY,UNSUPPORTED_OR_UNPROVED_ADJUSTMENT,ACTUAL_TRADED,data/v4/dm01_candidate_staging_r3/durable_r3/27af3624d3a7ec9deb7b3862ea2328918330225fe6ea15f2b5af6d4269649e84/RAW_DAILY/artifact.json,RESOLVE_ACCEPTED_ADJUSTMENT_AUTHORITY
2026-09-30,SEC-956E4474160B17BD28418080FB481219,SZ.000607,ADJUSTED_DAILY,UNSUPPORTED_OR_UNPROVED_ADJUSTMENT,ACTUAL_TRADED,data/v4/dm01_candidate_staging_r3/durable_r3/27af3624d3a7ec9deb7b3862ea2328918330225fe6ea15f2b5af6d4269649e84/RAW_DAILY/artifact.json,RESOLVE_ACCEPTED_ADJUSTMENT_AUTHORITY
2026-09-30,SEC-98E560847D910685FC67D1377ACA180C,SZ.000014,ADJUSTED_DAILY,UNSUPPORTED_OR_UNPROVED_ADJUSTMENT,ACTUAL_TRADED,data/v4/dm01_candidate_staging_r3/durable_r3/27af3624d3a7ec9deb7b3862ea2328918330225fe6ea15f2b5af6d4269649e84/RAW_DAILY/artifact.json,RESOLVE_ACCEPTED_ADJUSTMENT_AUTHORITY
2026-09-30,SEC-9925579346C943AD778D53C381063EF1,SZ.000410,ADJUSTED_DAILY,UNSUPPORTED_OR_UNPROVED_ADJUSTMENT,ACTUAL_TRADED,data/v4/dm01_candidate_staging_r3/durable_r3/27af3624d3a7ec9deb7b3862ea2328918330225fe6ea15f2b5af6d4269649e84/RAW_DAILY/artifact.json,RESOLVE_ACCEPTED_ADJUSTMENT_AUTHORITY
2026-09-30,SEC-997943F899ECF567CB30E853E0FEC131,SH.600611,ADJUSTED_DAILY,UNSUPPORTED_OR_UNPROVED_ADJUSTMENT,ACTUAL_TRADED,data/v4/dm01_candidate_staging_r3/durable_r3/27af3624d3a7ec9deb7b3862ea2328918330225fe6ea15f2b5af6d4269649e84/RAW_DAILY/artifact.json,RESOLVE_ACCEPTED_ADJUSTMENT_AUTHORITY
2026-09-30,SEC-9A109B99F6722ABD0E9CE4DC7A891079,SH.600805,ADJUSTED_DAILY,UNSUPPORTED_OR_UNPROVED_ADJUSTMENT,ACTUAL_TRADED,data/v4/dm01_candidate_staging_r3/durable_r3/27af3624d3a7ec9deb7b3862ea2328918330225fe6ea15f2b5af6d4269649e84/RAW_DAILY/artifact.json,RESOLVE_ACCEPTED_ADJUSTMENT_AUTHORITY
2026-09-30,SEC-9C973B4FDFA9C42E9574D1446FF54034,SZ.000016,RAW_DAILY,EXPECTED_NO_BAR_SUSPENDED,SUSPENDED,data/v4/dm01_candidate_staging_r3/durable_r3/27af3624d3a7ec9deb7b3862ea2328918330225fe6ea15f2b5af6d4269649e84/RAW_DAILY/artifact.json,NONE_EXPECTED_SUSPENSION
2026-09-30,SEC-9D8A5E0D60FA682C7D0D31822E769952,SZ.002721,ADJUSTED_DAILY,UNSUPPORTED_OR_UNPROVED_ADJUSTMENT,ACTUAL_TRADED,data/v4/dm01_candidate_staging_r3/durable_r3/27af3624d3a7ec9deb7b3862ea2328918330225fe6ea15f2b5af6d4269649e84/RAW_DAILY/artifact.json,RESOLVE_ACCEPTED_ADJUSTMENT_AUTHORITY
2026-09-30,SEC-9DEA6A61473005AA1961E9C7F7C534ED,SZ.000709,ADJUSTED_DAILY,UNSUPPORTED_OR_UNPROVED_ADJUSTMENT,ACTUAL_TRADED,data/v4/dm01_candidate_staging_r3/durable_r3/27af3624d3a7ec9deb7b3862ea2328918330225fe6ea15f2b5af6d4269649e84/RAW_DAILY/artifact.json,RESOLVE_ACCEPTED_ADJUSTMENT_AUTHORITY
2026-09-30,SEC-A0DE4D3F804A6BBEE74327947B9BFDC3,SZ.000807,ADJUSTED_DAILY,UNSUPPORTED_OR_UNPROVED_ADJUSTMENT,ACTUAL_TRADED,data/v4/dm01_candidate_staging_r3/durable_r3/27af3624d3a7ec9deb7b3862ea2328918330225fe6ea15f2b5af6d4269649e84/RAW_DAILY/artifact.json,RESOLVE_ACCEPTED_ADJUSTMENT_AUTHORITY
2026-09-30,SEC-A15426238891AF44A04C9ECD042CC2E5,SZ.300506,ADJUSTED_DAILY,UNSUPPORTED_OR_UNPROVED_ADJUSTMENT,ACTUAL_TRADED,data/v4/dm01_candidate_staging_r3/durable_r3/27af3624d3a7ec9deb7b3862ea2328918330225fe6ea15f2b5af6d4269649e84/RAW_DAILY/artifact.json,RESOLVE_ACCEPTED_ADJUSTMENT_AUTHORITY
2026-09-30,SEC-A17F411A81787AFD319B23D4882D926A,SZ.002813,RAW_DAILY,EXPECTED_NO_BAR_SUSPENDED,SUSPENDED,data/v4/dm01_candidate_staging_r3/durable_r3/27af3624d3a7ec9deb7b3862ea2328918330225fe6ea15f2b5af6d4269649e84/RAW_DAILY/artifact.json,NONE_EXPECTED_SUSPENSION
2026-09-30,SEC-A19788F5438D07A52DB2041EB8FC184F,SZ.000895,ADJUSTED_DAILY,UNSUPPORTED_OR_UNPROVED_ADJUSTMENT,ACTUAL_TRADED,data/v4/dm01_candidate_staging_r3/durable_r3/27af3624d3a7ec9deb7b3862ea2328918330225fe6ea15f2b5af6d4269649e84/RAW_DAILY/artifact.json,RESOLVE_ACCEPTED_ADJUSTMENT_AUTHORITY
2026-09-30,SEC-A1D8B6546D6E53D19A1FD449F05ADDF1,SZ.000751,ADJUSTED_DAILY,UNSUPPORTED_OR_UNPROVED_ADJUSTMENT,ACTUAL_TRADED,data/v4/dm01_candidate_staging_r3/durable_r3/27af3624d3a7ec9deb7b3862ea2328918330225fe6ea15f2b5af6d4269649e84/RAW_DAILY/artifact.json,RESOLVE_ACCEPTED_ADJUSTMENT_AUTHORITY
2026-09-30,SEC-A40EBF8310B209CE65C64D01B50CFEF4,SH.600595,ADJUSTED_DAILY,UNSUPPORTED_OR_UNPROVED_ADJUSTMENT,ACTUAL_TRADED,data/v4/dm01_candidate_staging_r3/durable_r3/27af3624d3a7ec9deb7b3862ea2328918330225fe6ea15f2b5af6d4269649e84/RAW_DAILY/artifact.json,RESOLVE_ACCEPTED_ADJUSTMENT_AUTHORITY
2026-09-30,SEC-A482162EA9F8F52E445B925F38509EDA,SZ.000708,ADJUSTED_DAILY,UNSUPPORTED_OR_UNPROVED_ADJUSTMENT,ACTUAL_TRADED,data/v4/dm01_candidate_staging_r3/durable_r3/27af3624d3a7ec9deb7b3862ea2328918330225fe6ea15f2b5af6d4269649e84/RAW_DAILY/artifact.json,RESOLVE_ACCEPTED_ADJUSTMENT_AUTHORITY
2026-09-30,SEC-A71EE768008A73C938A7069D83C431FD,SZ.000488,ADJUSTED_DAILY,UNSUPPORTED_OR_UNPROVED_ADJUSTMENT,ACTUAL_TRADED,data/v4/dm01_candidate_staging_r3/durable_r3/27af3624d3a7ec9deb7b3862ea2328918330225fe6ea15f2b5af6d4269649e84/RAW_DAILY/artifact.json,RESOLVE_ACCEPTED_ADJUSTMENT_AUTHORITY
2026-09-30,SEC-A94CC314405C8437CE79555A7DC05B82,SZ.002860,RAW_DAILY,EXPECTED_NO_BAR_SUSPENDED,SUSPENDED,data/v4/dm01_candidate_staging_r3/durable_r3/27af3624d3a7ec9deb7b3862ea2328918330225fe6ea15f2b5af6d4269649e84/RAW_DAILY/artifact.json,NONE_EXPECTED_SUSPENSION
2026-09-30,SEC-A9C18A851E4D913AD4E7048F7550F059,SZ.000958,ADJUSTED_DAILY,UNSUPPORTED_OR_UNPROVED_ADJUSTMENT,ACTUAL_TRADED,data/v4/dm01_candidate_staging_r3/durable_r3/27af3624d3a7ec9deb7b3862ea2328918330225fe6ea15f2b5af6d4269649e84/RAW_DAILY/artifact.json,RESOLVE_ACCEPTED_ADJUSTMENT_AUTHORITY
2026-09-30,SEC-ABF1160A946C4F1321503DF093C24A0F,SZ.000697,ADJUSTED_DAILY,UNSUPPORTED_OR_UNPROVED_ADJUSTMENT,ACTUAL_TRADED,data/v4/dm01_candidate_staging_r3/durable_r3/27af3624d3a7ec9deb7b3862ea2328918330225fe6ea15f2b5af6d4269649e84/RAW_DAILY/artifact.json,RESOLVE_ACCEPTED_ADJUSTMENT_AUTHORITY
2026-09-30,SEC-AD5A64E7BF51F8494C1BEE20F7D879BB,SZ.002482,ADJUSTED_DAILY,UNSUPPORTED_OR_UNPROVED_ADJUSTMENT,ACTUAL_TRADED,data/v4/dm01_candidate_staging_r3/durable_r3/27af3624d3a7ec9deb7b3862ea2328918330225fe6ea15f2b5af6d4269649e84/RAW_DAILY/artifact.json,RESOLVE_ACCEPTED_ADJUSTMENT_AUTHORITY
2026-09-30,SEC-B0558329F4B0DB87F6730BF7F26C5EFF,SZ.300093,ADJUSTED_DAILY,UNSUPPORTED_OR_UNPROVED_ADJUSTMENT,ACTUAL_TRADED,data/v4/dm01_candidate_staging_r3/durable_r3/27af3624d3a7ec9deb7b3862ea2328918330225fe6ea15f2b5af6d4269649e84/RAW_DAILY/artifact.json,RESOLVE_ACCEPTED_ADJUSTMENT_AUTHORITY
2026-09-30,SEC-B06A8B54D5EA70744E8142FEF09ACEE4,SZ.000002,ADJUSTED_DAILY,UNSUPPORTED_OR_UNPROVED_ADJUSTMENT,ACTUAL_TRADED,data/v4/dm01_candidate_staging_r3/durable_r3/27af3624d3a7ec9deb7b3862ea2328918330225fe6ea15f2b5af6d4269649e84/RAW_DAILY/artifact.json,RESOLVE_ACCEPTED_ADJUSTMENT_AUTHORITY
2026-09-30,SEC-B161522F533B555D28566A4F53B0BF7D,SH.600815,ADJUSTED_DAILY,UNSUPPORTED_OR_UNPROVED_ADJUSTMENT,ACTUAL_TRADED,data/v4/dm01_candidate_staging_r3/durable_r3/27af3624d3a7ec9deb7b3862ea2328918330225fe6ea15f2b5af6d4269649e84/RAW_DAILY/artifact.json,RESOLVE_ACCEPTED_ADJUSTMENT_AUTHORITY
2026-09-30,SEC-B17169139D0E3492B2CA012774B6B125,SZ.300082,RAW_DAILY,EXPECTED_NO_BAR_SUSPENDED,SUSPENDED,data/v4/dm01_candidate_staging_r3/durable_r3/27af3624d3a7ec9deb7b3862ea2328918330225fe6ea15f2b5af6d4269649e84/RAW_DAILY/artifact.json,NONE_EXPECTED_SUSPENSION
2026-09-30,SEC-B1DE4E4AAD66F413CCAA12E25819A5EC,SH.600117,ADJUSTED_DAILY,UNSUPPORTED_OR_UNPROVED_ADJUSTMENT,ACTUAL_TRADED,data/v4/dm01_candidate_staging_r3/durable_r3/27af3624d3a7ec9deb7b3862ea2328918330225fe6ea15f2b5af6d4269649e84/RAW_DAILY/artifact.json,RESOLVE_ACCEPTED_ADJUSTMENT_AUTHORITY
2026-09-30,SEC-B35BFC1CA53C4D03FA74AF6002F66628,SZ.000517,ADJUSTED_DAILY,UNSUPPORTED_OR_UNPROVED_ADJUSTMENT,ACTUAL_TRADED,data/v4/dm01_candidate_staging_r3/durable_r3/27af3624d3a7ec9deb7b3862ea2328918330225fe6ea15f2b5af6d4269649e84/RAW_DAILY/artifact.json,RESOLVE_ACCEPTED_ADJUSTMENT_AUTHORITY
2026-09-30,SEC-B369CA5F72A0B06C54D8C971B9075917,SH.600886,ADJUSTED_DAILY,UNSUPPORTED_OR_UNPROVED_ADJUSTMENT,ACTUAL_TRADED,data/v4/dm01_candidate_staging_r3/durable_r3/27af3624d3a7ec9deb7b3862ea2328918330225fe6ea15f2b5af6d4269649e84/RAW_DAILY/artifact.json,RESOLVE_ACCEPTED_ADJUSTMENT_AUTHORITY
2026-09-30,SEC-B39006974E603AB79833A7E36829C0C5,SH.600835,ADJUSTED_DAILY,UNSUPPORTED_OR_UNPROVED_ADJUSTMENT,ACTUAL_TRADED,data/v4/dm01_candidate_staging_r3/durable_r3/27af3624d3a7ec9deb7b3862ea2328918330225fe6ea15f2b5af6d4269649e84/RAW_DAILY/artifact.json,RESOLVE_ACCEPTED_ADJUSTMENT_AUTHORITY
2026-09-30,SEC-B4CE8054B52B7A3C93C5D2D7C2D88D33,SZ.000557,ADJUSTED_DAILY,UNSUPPORTED_OR_UNPROVED_ADJUSTMENT,ACTUAL_TRADED,data/v4/dm01_candidate_staging_r3/durable_r3/27af3624d3a7ec9deb7b3862ea2328918330225fe6ea15f2b5af6d4269649e84/RAW_DAILY/artifact.json,RESOLVE_ACCEPTED_ADJUSTMENT_AUTHORITY
2026-09-30,SEC-B4ECF00CC8C17798682E0D5E8C05C8F1,SZ.002356,ADJUSTED_DAILY,UNSUPPORTED_OR_UNPROVED_ADJUSTMENT,ACTUAL_TRADED,data/v4/dm01_candidate_staging_r3/durable_r3/27af3624d3a7ec9deb7b3862ea2328918330225fe6ea15f2b5af6d4269649e84/RAW_DAILY/artifact.json,RESOLVE_ACCEPTED_ADJUSTMENT_AUTHORITY
2026-09-30,SEC-B60899F589C7A04A916A653B1AEBAA1A,SH.600851,ADJUSTED_DAILY,UNSUPPORTED_OR_UNPROVED_ADJUSTMENT,ACTUAL_TRADED,data/v4/dm01_candidate_staging_r3/durable_r3/27af3624d3a7ec9deb7b3862ea2328918330225fe6ea15f2b5af6d4269649e84/RAW_DAILY/artifact.json,RESOLVE_ACCEPTED_ADJUSTMENT_AUTHORITY
2026-09-30,SEC-BEC87A73DBE4C74B14B709CFA120D075,SZ.002366,ADJUSTED_DAILY,UNSUPPORTED_OR_UNPROVED_ADJUSTMENT,ACTUAL_TRADED,data/v4/dm01_candidate_staging_r3/durable_r3/27af3624d3a7ec9deb7b3862ea2328918330225fe6ea15f2b5af6d4269649e84/RAW_DAILY/artifact.json,RESOLVE_ACCEPTED_ADJUSTMENT_AUTHORITY
2026-09-30,SEC-C030240E8A9AD7DF0B2E47EA189DECD4,SZ.300256,ADJUSTED_DAILY,UNSUPPORTED_OR_UNPROVED_ADJUSTMENT,ACTUAL_TRADED,data/v4/dm01_candidate_staging_r3/durable_r3/27af3624d3a7ec9deb7b3862ea2328918330225fe6ea15f2b5af6d4269649e84/RAW_DAILY/artifact.json,RESOLVE_ACCEPTED_ADJUSTMENT_AUTHORITY
2026-09-30,SEC-C122CA5E22AEBF5068E1A17EF3266901,SH.600496,ADJUSTED_DAILY,UNSUPPORTED_OR_UNPROVED_ADJUSTMENT,ACTUAL_TRADED,data/v4/dm01_candidate_staging_r3/durable_r3/27af3624d3a7ec9deb7b3862ea2328918330225fe6ea15f2b5af6d4269649e84/RAW_DAILY/artifact.json,RESOLVE_ACCEPTED_ADJUSTMENT_AUTHORITY
2026-09-30,SEC-C3C8EEBF0D0896A34E69D08F9629F586,SZ.000912,ADJUSTED_DAILY,UNSUPPORTED_OR_UNPROVED_ADJUSTMENT,ACTUAL_TRADED,data/v4/dm01_candidate_staging_r3/durable_r3/27af3624d3a7ec9deb7b3862ea2328918330225fe6ea15f2b5af6d4269649e84/RAW_DAILY/artifact.json,RESOLVE_ACCEPTED_ADJUSTMENT_AUTHORITY
2026-09-30,SEC-C48260AD8F1986EE8362B0791D4889D6,SZ.002321,ADJUSTED_DAILY,UNSUPPORTED_OR_UNPROVED_ADJUSTMENT,ACTUAL_TRADED,data/v4/dm01_candidate_staging_r3/durable_r3/27af3624d3a7ec9deb7b3862ea2328918330225fe6ea15f2b5af6d4269649e84/RAW_DAILY/artifact.json,RESOLVE_ACCEPTED_ADJUSTMENT_AUTHORITY
2026-09-30,SEC-C51B13C61C4B22DEB861326BFAF8B985,SZ.002157,ADJUSTED_DAILY,UNSUPPORTED_OR_UNPROVED_ADJUSTMENT,ACTUAL_TRADED,data/v4/dm01_candidate_staging_r3/durable_r3/27af3624d3a7ec9deb7b3862ea2328918330225fe6ea15f2b5af6d4269649e84/RAW_DAILY/artifact.json,RESOLVE_ACCEPTED_ADJUSTMENT_AUTHORITY
2026-09-30,SEC-C6D81D46F7DB0E37FFB773D935009B5B,SZ.002608,ADJUSTED_DAILY,UNSUPPORTED_OR_UNPROVED_ADJUSTMENT,ACTUAL_TRADED,data/v4/dm01_candidate_staging_r3/durable_r3/27af3624d3a7ec9deb7b3862ea2328918330225fe6ea15f2b5af6d4269649e84/RAW_DAILY/artifact.json,RESOLVE_ACCEPTED_ADJUSTMENT_AUTHORITY
2026-09-30,SEC-C794DF5A4489054F2E3EB5D32853E0E7,SH.601005,ADJUSTED_DAILY,UNSUPPORTED_OR_UNPROVED_ADJUSTMENT,ACTUAL_TRADED,data/v4/dm01_candidate_staging_r3/durable_r3/27af3624d3a7ec9deb7b3862ea2328918330225fe6ea15f2b5af6d4269649e84/RAW_DAILY/artifact.json,RESOLVE_ACCEPTED_ADJUSTMENT_AUTHORITY
2026-09-30,SEC-C81D396F54785E353029B7739525F865,SH.600351,ADJUSTED_DAILY,UNSUPPORTED_OR_UNPROVED_ADJUSTMENT,ACTUAL_TRADED,data/v4/dm01_candidate_staging_r3/durable_r3/27af3624d3a7ec9deb7b3862ea2328918330225fe6ea15f2b5af6d4269649e84/RAW_DAILY/artifact.json,RESOLVE_ACCEPTED_ADJUSTMENT_AUTHORITY
2026-09-30,SEC-C851A9954DAA1E99F9F6D1BDA2F8BDF4,SZ.000539,ADJUSTED_DAILY,UNSUPPORTED_OR_UNPROVED_ADJUSTMENT,ACTUAL_TRADED,data/v4/dm01_candidate_staging_r3/durable_r3/27af3624d3a7ec9deb7b3862ea2328918330225fe6ea15f2b5af6d4269649e84/RAW_DAILY/artifact.json,RESOLVE_ACCEPTED_ADJUSTMENT_AUTHORITY
2026-09-30,SEC-C8C8C7ED81D35F1E9CC7FF2D2D9D44AA,SZ.000821,ADJUSTED_DAILY,UNSUPPORTED_OR_UNPROVED_ADJUSTMENT,ACTUAL_TRADED,data/v4/dm01_candidate_staging_r3/durable_r3/27af3624d3a7ec9deb7b3862ea2328918330225fe6ea15f2b5af6d4269649e84/RAW_DAILY/artifact.json,RESOLVE_ACCEPTED_ADJUSTMENT_AUTHORITY
2026-09-30,SEC-CA7C653ECF2DBAB6CFCA702D48AF13FF,SH.600734,ADJUSTED_DAILY,UNSUPPORTED_OR_UNPROVED_ADJUSTMENT,ACTUAL_TRADED,data/v4/dm01_candidate_staging_r3/durable_r3/27af3624d3a7ec9deb7b3862ea2328918330225fe6ea15f2b5af6d4269649e84/RAW_DAILY/artifact.json,RESOLVE_ACCEPTED_ADJUSTMENT_AUTHORITY
2026-09-30,SEC-CD1BE8D9644A7555D86EC8BA7191EC8B,SZ.002445,ADJUSTED_DAILY,UNSUPPORTED_OR_UNPROVED_ADJUSTMENT,ACTUAL_TRADED,data/v4/dm01_candidate_staging_r3/durable_r3/27af3624d3a7ec9deb7b3862ea2328918330225fe6ea15f2b5af6d4269649e84/RAW_DAILY/artifact.json,RESOLVE_ACCEPTED_ADJUSTMENT_AUTHORITY
2026-09-30,SEC-CEF69B3292E2AE319FC46216AAAB86DA,SH.603030,ADJUSTED_DAILY,UNSUPPORTED_OR_UNPROVED_ADJUSTMENT,ACTUAL_TRADED,data/v4/dm01_candidate_staging_r3/durable_r3/27af3624d3a7ec9deb7b3862ea2328918330225fe6ea15f2b5af6d4269649e84/RAW_DAILY/artifact.json,RESOLVE_ACCEPTED_ADJUSTMENT_AUTHORITY
2026-09-30,SEC-CEF6DB23042CFA7E242BD62A2C05D8A0,SZ.002086,ADJUSTED_DAILY,UNSUPPORTED_OR_UNPROVED_ADJUSTMENT,ACTUAL_TRADED,data/v4/dm01_candidate_staging_r3/durable_r3/27af3624d3a7ec9deb7b3862ea2328918330225fe6ea15f2b5af6d4269649e84/RAW_DAILY/artifact.json,RESOLVE_ACCEPTED_ADJUSTMENT_AUTHORITY
2026-09-30,SEC-CF1302989D3556131C131254BC499F0F,SH.600894,ADJUSTED_DAILY,UNSUPPORTED_OR_UNPROVED_ADJUSTMENT,ACTUAL_TRADED,data/v4/dm01_candidate_staging_r3/durable_r3/27af3624d3a7ec9deb7b3862ea2328918330225fe6ea15f2b5af6d4269649e84/RAW_DAILY/artifact.json,RESOLVE_ACCEPTED_ADJUSTMENT_AUTHORITY
2026-09-30,SEC-D041DB297109CEAEAF23245CE014FC3F,SZ.002716,ADJUSTED_DAILY,UNSUPPORTED_OR_UNPROVED_ADJUSTMENT,ACTUAL_TRADED,data/v4/dm01_candidate_staging_r3/durable_r3/27af3624d3a7ec9deb7b3862ea2328918330225fe6ea15f2b5af6d4269649e84/RAW_DAILY/artifact.json,RESOLVE_ACCEPTED_ADJUSTMENT_AUTHORITY
2026-09-30,SEC-D0F0DDAC64451CA20CC62383CF08A9E4,SZ.002742,ADJUSTED_DAILY,UNSUPPORTED_OR_UNPROVED_ADJUSTMENT,ACTUAL_TRADED,data/v4/dm01_candidate_staging_r3/durable_r3/27af3624d3a7ec9deb7b3862ea2328918330225fe6ea15f2b5af6d4269649e84/RAW_DAILY/artifact.json,RESOLVE_ACCEPTED_ADJUSTMENT_AUTHORITY
2026-09-30,SEC-D11220120A954D8B9F03A9BB7C31C107,SH.600150,ADJUSTED_DAILY,UNSUPPORTED_OR_UNPROVED_ADJUSTMENT,ACTUAL_TRADED,data/v4/dm01_candidate_staging_r3/durable_r3/27af3624d3a7ec9deb7b3862ea2328918330225fe6ea15f2b5af6d4269649e84/RAW_DAILY/artifact.json,RESOLVE_ACCEPTED_ADJUSTMENT_AUTHORITY
2026-09-30,SEC-D16F1FD665551F1D98304EB41D5AB79E,SZ.002309,ADJUSTED_DAILY,UNSUPPORTED_OR_UNPROVED_ADJUSTMENT,ACTUAL_TRADED,data/v4/dm01_candidate_staging_r3/durable_r3/27af3624d3a7ec9deb7b3862ea2328918330225fe6ea15f2b5af6d4269649e84/RAW_DAILY/artifact.json,RESOLVE_ACCEPTED_ADJUSTMENT_AUTHORITY
2026-09-30,SEC-D25CD1867AE8B886A6DCF8D273DF1E1D,SZ.300209,ADJUSTED_DAILY,UNSUPPORTED_OR_UNPROVED_ADJUSTMENT,ACTUAL_TRADED,data/v4/dm01_candidate_staging_r3/durable_r3/27af3624d3a7ec9deb7b3862ea2328918330225fe6ea15f2b5af6d4269649e84/RAW_DAILY/artifact.json,RESOLVE_ACCEPTED_ADJUSTMENT_AUTHORITY
2026-09-30,SEC-D3A27051D9812A037CF36EC227427543,SH.600667,ADJUSTED_DAILY,UNSUPPORTED_OR_UNPROVED_ADJUSTMENT,ACTUAL_TRADED,data/v4/dm01_candidate_staging_r3/durable_r3/27af3624d3a7ec9deb7b3862ea2328918330225fe6ea15f2b5af6d4269649e84/RAW_DAILY/artifact.json,RESOLVE_ACCEPTED_ADJUSTMENT_AUTHORITY
2026-09-30,SEC-D4117F6E88EBA6031A6B8BAD0C37CA19,SH.600186,ADJUSTED_DAILY,UNSUPPORTED_OR_UNPROVED_ADJUSTMENT,ACTUAL_TRADED,data/v4/dm01_candidate_staging_r3/durable_r3/27af3624d3a7ec9deb7b3862ea2328918330225fe6ea15f2b5af6d4269649e84/RAW_DAILY/artifact.json,RESOLVE_ACCEPTED_ADJUSTMENT_AUTHORITY
2026-09-30,SEC-D67D92B148C0663898C1E52A55B49380,SH.600589,ADJUSTED_DAILY,UNSUPPORTED_OR_UNPROVED_ADJUSTMENT,ACTUAL_TRADED,data/v4/dm01_candidate_staging_r3/durable_r3/27af3624d3a7ec9deb7b3862ea2328918330225fe6ea15f2b5af6d4269649e84/RAW_DAILY/artifact.json,RESOLVE_ACCEPTED_ADJUSTMENT_AUTHORITY
2026-09-30,SEC-D7686A4DD9712DEDBD8048E9EADACE11,SZ.002822,ADJUSTED_DAILY,UNSUPPORTED_OR_UNPROVED_ADJUSTMENT,ACTUAL_TRADED,data/v4/dm01_candidate_staging_r3/durable_r3/27af3624d3a7ec9deb7b3862ea2328918330225fe6ea15f2b5af6d4269649e84/RAW_DAILY/artifact.json,RESOLVE_ACCEPTED_ADJUSTMENT_AUTHORITY
2026-09-30,SEC-D83A4116BFAF204B3E5FEDC5F3D3BC2C,SH.600339,ADJUSTED_DAILY,UNSUPPORTED_OR_UNPROVED_ADJUSTMENT,ACTUAL_TRADED,data/v4/dm01_candidate_staging_r3/durable_r3/27af3624d3a7ec9deb7b3862ea2328918330225fe6ea15f2b5af6d4269649e84/RAW_DAILY/artifact.json,RESOLVE_ACCEPTED_ADJUSTMENT_AUTHORITY
2026-09-30,SEC-D86248C5EE87D92007ABD479CA70FA25,SH.600817,ADJUSTED_DAILY,UNSUPPORTED_OR_UNPROVED_ADJUSTMENT,ACTUAL_TRADED,data/v4/dm01_candidate_staging_r3/durable_r3/27af3624d3a7ec9deb7b3862ea2328918330225fe6ea15f2b5af6d4269649e84/RAW_DAILY/artifact.json,RESOLVE_ACCEPTED_ADJUSTMENT_AUTHORITY
2026-09-30,SEC-D8A112523AD5D0CAA23F11CC38276761,SZ.002251,ADJUSTED_DAILY,UNSUPPORTED_OR_UNPROVED_ADJUSTMENT,ACTUAL_TRADED,data/v4/dm01_candidate_staging_r3/durable_r3/27af3624d3a7ec9deb7b3862ea2328918330225fe6ea15f2b5af6d4269649e84/RAW_DAILY/artifact.json,RESOLVE_ACCEPTED_ADJUSTMENT_AUTHORITY
2026-09-30,SEC-D8A1CCB5D5576B6F4A7D9D639E017655,SH.600009,ADJUSTED_DAILY,UNSUPPORTED_OR_UNPROVED_ADJUSTMENT,ACTUAL_TRADED,data/v4/dm01_candidate_staging_r3/durable_r3/27af3624d3a7ec9deb7b3862ea2328918330225fe6ea15f2b5af6d4269649e84/RAW_DAILY/artifact.json,RESOLVE_ACCEPTED_ADJUSTMENT_AUTHORITY
2026-09-30,SEC-D8C9B37E10006189EF0101637CE93AA8,SH.600601,ADJUSTED_DAILY,UNSUPPORTED_OR_UNPROVED_ADJUSTMENT,ACTUAL_TRADED,data/v4/dm01_candidate_staging_r3/durable_r3/27af3624d3a7ec9deb7b3862ea2328918330225fe6ea15f2b5af6d4269649e84/RAW_DAILY/artifact.json,RESOLVE_ACCEPTED_ADJUSTMENT_AUTHORITY
2026-09-30,SEC-D8CBF449D722752AD1C93D73B5919275,SZ.002015,ADJUSTED_DAILY,UNSUPPORTED_OR_UNPROVED_ADJUSTMENT,ACTUAL_TRADED,data/v4/dm01_candidate_staging_r3/durable_r3/27af3624d3a7ec9deb7b3862ea2328918330225fe6ea15f2b5af6d4269649e84/RAW_DAILY/artifact.json,RESOLVE_ACCEPTED_ADJUSTMENT_AUTHORITY
2026-09-30,SEC-DD31D8CAF1CF04404E91F12B636DFE6C,SZ.002667,RAW_DAILY,EXPECTED_NO_BAR_SUSPENDED,SUSPENDED,data/v4/dm01_candidate_staging_r3/durable_r3/27af3624d3a7ec9deb7b3862ea2328918330225fe6ea15f2b5af6d4269649e84/RAW_DAILY/artifact.json,NONE_EXPECTED_SUSPENSION
2026-09-30,SEC-E11DA4A25B7F65C3E8229D5A76504A94,SZ.002731,RAW_DAILY,EXPECTED_NO_BAR_SUSPENDED,SUSPENDED,data/v4/dm01_candidate_staging_r3/durable_r3/27af3624d3a7ec9deb7b3862ea2328918330225fe6ea15f2b5af6d4269649e84/RAW_DAILY/artifact.json,NONE_EXPECTED_SUSPENSION
2026-09-30,SEC-E176F9C4F9E68C3EE6815CACE8BA0967,SZ.002175,ADJUSTED_DAILY,UNSUPPORTED_OR_UNPROVED_ADJUSTMENT,ACTUAL_TRADED,data/v4/dm01_candidate_staging_r3/durable_r3/27af3624d3a7ec9deb7b3862ea2328918330225fe6ea15f2b5af6d4269649e84/RAW_DAILY/artifact.json,RESOLVE_ACCEPTED_ADJUSTMENT_AUTHORITY
2026-09-30,SEC-E318598F58CBFEA1AEBF7DE6B8887D90,SZ.002766,ADJUSTED_DAILY,UNSUPPORTED_OR_UNPROVED_ADJUSTMENT,ACTUAL_TRADED,data/v4/dm01_candidate_staging_r3/durable_r3/27af3624d3a7ec9deb7b3862ea2328918330225fe6ea15f2b5af6d4269649e84/RAW_DAILY/artifact.json,RESOLVE_ACCEPTED_ADJUSTMENT_AUTHORITY
2026-09-30,SEC-E4A78A1FA6729F84C9A00EDAF032BB2D,SZ.000692,ADJUSTED_DAILY,UNSUPPORTED_OR_UNPROVED_ADJUSTMENT,ACTUAL_TRADED,data/v4/dm01_candidate_staging_r3/durable_r3/27af3624d3a7ec9deb7b3862ea2328918330225fe6ea15f2b5af6d4269649e84/RAW_DAILY/artifact.json,RESOLVE_ACCEPTED_ADJUSTMENT_AUTHORITY
2026-09-30,SEC-E4D13AA4878803234FA7CB84F8207F06,SH.600690,ADJUSTED_DAILY,UNSUPPORTED_OR_UNPROVED_ADJUSTMENT,ACTUAL_TRADED,data/v4/dm01_candidate_staging_r3/durable_r3/27af3624d3a7ec9deb7b3862ea2328918330225fe6ea15f2b5af6d4269649e84/RAW_DAILY/artifact.json,RESOLVE_ACCEPTED_ADJUSTMENT_AUTHORITY
2026-09-30,SEC-E6E4BB0505A8AF8DDC6A0CF698128D6B,SZ.300008,ADJUSTED_DAILY,UNSUPPORTED_OR_UNPROVED_ADJUSTMENT,ACTUAL_TRADED,data/v4/dm01_candidate_staging_r3/durable_r3/27af3624d3a7ec9deb7b3862ea2328918330225fe6ea15f2b5af6d4269649e84/RAW_DAILY/artifact.json,RESOLVE_ACCEPTED_ADJUSTMENT_AUTHORITY
2026-09-30,SEC-E89088E6DA03AFCB6435780B04729A71,SZ.000655,ADJUSTED_DAILY,UNSUPPORTED_OR_UNPROVED_ADJUSTMENT,ACTUAL_TRADED,data/v4/dm01_candidate_staging_r3/durable_r3/27af3624d3a7ec9deb7b3862ea2328918330225fe6ea15f2b5af6d4269649e84/RAW_DAILY/artifact.json,RESOLVE_ACCEPTED_ADJUSTMENT_AUTHORITY
2026-09-30,SEC-E8F172CA42780258DBEEDB78A0E4A75C,SZ.000793,ADJUSTED_DAILY,UNSUPPORTED_OR_UNPROVED_ADJUSTMENT,ACTUAL_TRADED,data/v4/dm01_candidate_staging_r3/durable_r3/27af3624d3a7ec9deb7b3862ea2328918330225fe6ea15f2b5af6d4269649e84/RAW_DAILY/artifact.json,RESOLVE_ACCEPTED_ADJUSTMENT_AUTHORITY
2026-09-30,SEC-E97827449341A20F047D18001BC41D12,SZ.002003,ADJUSTED_DAILY,UNSUPPORTED_OR_UNPROVED_ADJUSTMENT,ACTUAL_TRADED,data/v4/dm01_candidate_staging_r3/durable_r3/27af3624d3a7ec9deb7b3862ea2328918330225fe6ea15f2b5af6d4269649e84/RAW_DAILY/artifact.json,RESOLVE_ACCEPTED_ADJUSTMENT_AUTHORITY
2026-09-30,SEC-EA10622D071183775DA6750F1790A5C9,SZ.002506,ADJUSTED_DAILY,UNSUPPORTED_OR_UNPROVED_ADJUSTMENT,ACTUAL_TRADED,data/v4/dm01_candidate_staging_r3/durable_r3/27af3624d3a7ec9deb7b3862ea2328918330225fe6ea15f2b5af6d4269649e84/RAW_DAILY/artifact.json,RESOLVE_ACCEPTED_ADJUSTMENT_AUTHORITY
2026-09-30,SEC-EE81568DB513EA34C6F04CA6D96D1343,SZ.002217,ADJUSTED_DAILY,UNSUPPORTED_OR_UNPROVED_ADJUSTMENT,ACTUAL_TRADED,data/v4/dm01_candidate_staging_r3/durable_r3/27af3624d3a7ec9deb7b3862ea2328918330225fe6ea15f2b5af6d4269649e84/RAW_DAILY/artifact.json,RESOLVE_ACCEPTED_ADJUSTMENT_AUTHORITY
2026-09-30,SEC-EEA0398C2948E9836A79F02EC1F4ACCE,SH.600456,ADJUSTED_DAILY,UNSUPPORTED_OR_UNPROVED_ADJUSTMENT,ACTUAL_TRADED,data/v4/dm01_candidate_staging_r3/durable_r3/27af3624d3a7ec9deb7b3862ea2328918330225fe6ea15f2b5af6d4269649e84/RAW_DAILY/artifact.json,RESOLVE_ACCEPTED_ADJUSTMENT_AUTHORITY
2026-09-30,SEC-EFAABB52A512633A96C69AE43384C128,SZ.000656,ADJUSTED_DAILY,UNSUPPORTED_OR_UNPROVED_ADJUSTMENT,ACTUAL_TRADED,data/v4/dm01_candidate_staging_r3/durable_r3/27af3624d3a7ec9deb7b3862ea2328918330225fe6ea15f2b5af6d4269649e84/RAW_DAILY/artifact.json,RESOLVE_ACCEPTED_ADJUSTMENT_AUTHORITY
2026-09-30,SEC-F0544A859F44FA1C85000F4EA34E0596,SH.600019,ADJUSTED_DAILY,UNSUPPORTED_OR_UNPROVED_ADJUSTMENT,ACTUAL_TRADED,data/v4/dm01_candidate_staging_r3/durable_r3/27af3624d3a7ec9deb7b3862ea2328918330225fe6ea15f2b5af6d4269649e84/RAW_DAILY/artifact.json,RESOLVE_ACCEPTED_ADJUSTMENT_AUTHORITY
2026-09-30,SEC-F1128559EE27068078D38B30DC507F29,SZ.000595,ADJUSTED_DAILY,UNSUPPORTED_OR_UNPROVED_ADJUSTMENT,ACTUAL_TRADED,data/v4/dm01_candidate_staging_r3/durable_r3/27af3624d3a7ec9deb7b3862ea2328918330225fe6ea15f2b5af6d4269649e84/RAW_DAILY/artifact.json,RESOLVE_ACCEPTED_ADJUSTMENT_AUTHORITY
2026-09-30,SEC-F16A803819DE430E7243D31B0B8336EF,SZ.000039,ADJUSTED_DAILY,UNSUPPORTED_OR_UNPROVED_ADJUSTMENT,ACTUAL_TRADED,data/v4/dm01_candidate_staging_r3/durable_r3/27af3624d3a7ec9deb7b3862ea2328918330225fe6ea15f2b5af6d4269649e84/RAW_DAILY/artifact.json,RESOLVE_ACCEPTED_ADJUSTMENT_AUTHORITY
2026-09-30,SEC-F1BFF442844BD2AC79F63E27F7AF829A,SZ.300071,ADJUSTED_DAILY,UNSUPPORTED_OR_UNPROVED_ADJUSTMENT,ACTUAL_TRADED,data/v4/dm01_candidate_staging_r3/durable_r3/27af3624d3a7ec9deb7b3862ea2328918330225fe6ea15f2b5af6d4269649e84/RAW_DAILY/artifact.json,RESOLVE_ACCEPTED_ADJUSTMENT_AUTHORITY
2026-09-30,SEC-F294D4F353FD19F8CF1F6B27B13D5704,SH.600381,ADJUSTED_DAILY,UNSUPPORTED_OR_UNPROVED_ADJUSTMENT,ACTUAL_TRADED,data/v4/dm01_candidate_staging_r3/durable_r3/27af3624d3a7ec9deb7b3862ea2328918330225fe6ea15f2b5af6d4269649e84/RAW_DAILY/artifact.json,RESOLVE_ACCEPTED_ADJUSTMENT_AUTHORITY
2026-09-30,SEC-F2F5C53740F6B019812080985C3CEADF,SZ.000155,ADJUSTED_DAILY,UNSUPPORTED_OR_UNPROVED_ADJUSTMENT,ACTUAL_TRADED,data/v4/dm01_candidate_staging_r3/durable_r3/27af3624d3a7ec9deb7b3862ea2328918330225fe6ea15f2b5af6d4269649e84/RAW_DAILY/artifact.json,RESOLVE_ACCEPTED_ADJUSTMENT_AUTHORITY
2026-09-30,SEC-F37DB3AB528245787D1A0104B83E67BE,SZ.002024,ADJUSTED_DAILY,UNSUPPORTED_OR_UNPROVED_ADJUSTMENT,ACTUAL_TRADED,data/v4/dm01_candidate_staging_r3/durable_r3/27af3624d3a7ec9deb7b3862ea2328918330225fe6ea15f2b5af6d4269649e84/RAW_DAILY/artifact.json,RESOLVE_ACCEPTED_ADJUSTMENT_AUTHORITY
2026-09-30,SEC-F5C37FC84C5F243E4899F2520237134D,SZ.000035,ADJUSTED_DAILY,UNSUPPORTED_OR_UNPROVED_ADJUSTMENT,ACTUAL_TRADED,data/v4/dm01_candidate_staging_r3/durable_r3/27af3624d3a7ec9deb7b3862ea2328918330225fe6ea15f2b5af6d4269649e84/RAW_DAILY/artifact.json,RESOLVE_ACCEPTED_ADJUSTMENT_AUTHORITY
2026-09-30,SEC-F65C0BE13CD364992F31EEB8344DED1B,SZ.002427,ADJUSTED_DAILY,UNSUPPORTED_OR_UNPROVED_ADJUSTMENT,ACTUAL_TRADED,data/v4/dm01_candidate_staging_r3/durable_r3/27af3624d3a7ec9deb7b3862ea2328918330225fe6ea15f2b5af6d4269649e84/RAW_DAILY/artifact.json,RESOLVE_ACCEPTED_ADJUSTMENT_AUTHORITY
2026-09-30,SEC-F677AC55B0AE04E5E007768259083811,SH.600780,ADJUSTED_DAILY,UNSUPPORTED_OR_UNPROVED_ADJUSTMENT,ACTUAL_TRADED,data/v4/dm01_candidate_staging_r3/durable_r3/27af3624d3a7ec9deb7b3862ea2328918330225fe6ea15f2b5af6d4269649e84/RAW_DAILY/artifact.json,RESOLVE_ACCEPTED_ADJUSTMENT_AUTHORITY
2026-09-30,SEC-F7CCCEA12356A689F3994F07FE9E913B,SH.600423,ADJUSTED_DAILY,UNSUPPORTED_OR_UNPROVED_ADJUSTMENT,ACTUAL_TRADED,data/v4/dm01_candidate_staging_r3/durable_r3/27af3624d3a7ec9deb7b3862ea2328918330225fe6ea15f2b5af6d4269649e84/RAW_DAILY/artifact.json,RESOLVE_ACCEPTED_ADJUSTMENT_AUTHORITY
2026-09-30,SEC-F8746011C899252271AD601EF8110877,SZ.000926,ADJUSTED_DAILY,UNSUPPORTED_OR_UNPROVED_ADJUSTMENT,ACTUAL_TRADED,data/v4/dm01_candidate_staging_r3/durable_r3/27af3624d3a7ec9deb7b3862ea2328918330225fe6ea15f2b5af6d4269649e84/RAW_DAILY/artifact.json,RESOLVE_ACCEPTED_ADJUSTMENT_AUTHORITY
2026-09-30,SEC-FAA2AF960B1FFF5621F947C264FC75BE,SH.600602,ADJUSTED_DAILY,UNSUPPORTED_OR_UNPROVED_ADJUSTMENT,ACTUAL_TRADED,data/v4/dm01_candidate_staging_r3/durable_r3/27af3624d3a7ec9deb7b3862ea2328918330225fe6ea15f2b5af6d4269649e84/RAW_DAILY/artifact.json,RESOLVE_ACCEPTED_ADJUSTMENT_AUTHORITY
2026-09-30,SEC-FB0F4C7656EB8F83398D53487ADD0301,SZ.000828,ADJUSTED_DAILY,UNSUPPORTED_OR_UNPROVED_ADJUSTMENT,ACTUAL_TRADED,data/v4/dm01_candidate_staging_r3/durable_r3/27af3624d3a7ec9deb7b3862ea2328918330225fe6ea15f2b5af6d4269649e84/RAW_DAILY/artifact.json,RESOLVE_ACCEPTED_ADJUSTMENT_AUTHORITY
2026-09-30,SEC-FB63D033043DEEE1BD663E71DD710790,SH.600177,ADJUSTED_DAILY,UNSUPPORTED_OR_UNPROVED_ADJUSTMENT,ACTUAL_TRADED,data/v4/dm01_candidate_staging_r3/durable_r3/27af3624d3a7ec9deb7b3862ea2328918330225fe6ea15f2b5af6d4269649e84/RAW_DAILY/artifact.json,RESOLVE_ACCEPTED_ADJUSTMENT_AUTHORITY
2026-09-30,SEC-FBF7B93F7C2482E8DD518677440E7858,SZ.000980,ADJUSTED_DAILY,UNSUPPORTED_OR_UNPROVED_ADJUSTMENT,ACTUAL_TRADED,data/v4/dm01_candidate_staging_r3/durable_r3/27af3624d3a7ec9deb7b3862ea2328918330225fe6ea15f2b5af6d4269649e84/RAW_DAILY/artifact.json,RESOLVE_ACCEPTED_ADJUSTMENT_AUTHORITY
2026-09-30,SEC-FF545EE1B3721B2E75E525BB96E49C98,SZ.000778,ADJUSTED_DAILY,UNSUPPORTED_OR_UNPROVED_ADJUSTMENT,ACTUAL_TRADED,data/v4/dm01_candidate_staging_r3/durable_r3/27af3624d3a7ec9deb7b3862ea2328918330225fe6ea15f2b5af6d4269649e84/RAW_DAILY/artifact.json,RESOLVE_ACCEPTED_ADJUSTMENT_AUTHORITY
