tests/governance/test_no_symbol_specific_runtime_logic.py::test_complete_repository_has_no_hard_gated_symbols_or_unclassified_paths
tests/governance/test_no_symbol_specific_runtime_logic.py::test_ast_guard_detects_equality_and_set_membership_literals
tests/governance/test_no_symbol_specific_runtime_logic.py::test_numeric_security_literals_are_detected_and_docstrings_are_ignored
tests/governance/test_no_symbol_specific_runtime_logic.py::test_injected_production_equality_and_membership_fail[def f(security_id): return security_id == "SH.123456"]
tests/governance/test_no_symbol_specific_runtime_logic.py::test_injected_production_equality_and_membership_fail[def f(security_id): return security_id in {"SH.123456"}]
tests/governance/test_no_symbol_specific_runtime_logic.py::test_governance_mutation_script_is_hard_gated
tests/governance/test_no_symbol_specific_runtime_logic.py::test_scripts_default_to_system_pipeline_and_audit_role_is_source_hash_bound
tests/governance/test_no_symbol_specific_runtime_logic.py::test_transitive_data_v4_writer_is_governance_mutation
tests/governance/test_no_symbol_specific_runtime_logic.py::test_runtime_json_and_sql_security_filter_fail
tests/governance/test_no_symbol_specific_runtime_logic.py::test_production_imports_cannot_downgrade_qa_or_runner[qa]
tests/governance/test_no_symbol_specific_runtime_logic.py::test_production_imports_cannot_downgrade_qa_or_runner[runner]
tests/governance/test_no_symbol_specific_runtime_logic.py::test_allowed_test_evidence_user_data_and_market_index_reference_pass
tests/phase1/test_atomic_publication.py::test_windows_atomic_parquet_write_and_source_guard
tests/phase1/test_calendar_window_alignment.py::test_suspension_not_removed_from_window
tests/phase1/test_factor_amount.py::test_baseline_amount_ratio
tests/phase1/test_factor_amount.py::test_zero_amount
tests/phase1/test_factor_amount.py::test_concentration_baseline_formula
tests/phase1/test_factor_drawdown.py::test_path_dependent_drawdown
tests/phase1/test_factor_ma.py::test_ma_includes_t
tests/phase1/test_factor_ma.py::test_missing_not_skipped
tests/phase1/test_factor_no_future_leakage.py::test_future_bar_not_used
tests/phase1/test_factor_position.py::test_extrema_and_distance
tests/phase1/test_factor_position.py::test_flat_range_null
tests/phase1/test_factor_returns.py::test_market_session_lag
tests/phase1/test_factor_returns.py::test_strict_minimum
tests/phase1/test_factor_rs.py::test_universe_and_same_date_only
tests/phase1/test_factor_rs.py::test_null_returns_do_not_enter_benchmark
tests/phase1/test_factor_trend.py::test_exponential_trend
tests/phase1/test_factor_trend.py::test_constant_r2_is_null
tests/phase1/test_factor_volatility.py::test_sample_standard_deviation
tests/phase1/test_nonpositive_qfq.py::test_nonpositive_blocks_only_corresponding_price_window
tests/phase1/test_normalized_dataset.py::test_raw_preservation_and_inferred_gap_semantics
tests/phase1/test_normalized_dataset.py::test_negative_decimal_storage
tests/phase1/test_normalized_dataset.py::test_vector_rounding_matches_decimal_engine
tests/phase1/test_normalized_dataset.py::test_future_exday_and_future_bar_excluded
tests/phase1/test_normalized_dataset.py::test_off_calendar_raw_preserved_but_not_in_factor_window
tests/phase1/test_normalized_dataset.py::test_interval_reuse_matches_full_engine_with_suspension_events
tests/phase1/test_phase1_gate.py::test_gate
tests/phase1/test_phase1_gate.py::test_registry_complete
tests/phase2/test_empty_sector.py::test_empty_header_retained_invalid
tests/phase2/test_market_regime_breadth.py::test_breadth_excludes_null
tests/phase2/test_market_regime_medians.py::test_median_and_linear_quantile
tests/phase2/test_membership_snapshot.py::test_current_membership_snapshot_has_stable_keys
tests/phase2/test_membership_snapshot.py::test_industry_snapshot_materializes_audited_parent_memberships
tests/phase2/test_no_historical_membership_backfill.py::test_dates_bound_to_membership
tests/phase2/test_phase1_generation_binding.py::test_mixed_generation_rejected
tests/phase2/test_phase2_gate.py::test_gate
tests/phase2/test_sector_breadth.py::test_zero_not_positive
tests/phase2/test_sector_concentration.py::test_baseline_positive_return_top3
tests/phase2/test_sector_concentration.py::test_small_or_zero_positive_is_null
tests/phase2/test_sector_coverage.py::test_coverage_inclusive_boundary
tests/phase2/test_sector_membership_validity.py::test_minimums_and_excluded
tests/phase2/test_sector_null_handling.py::test_all_missing_is_null_not_zero
tests/phase2/test_sector_rs.py::test_translation_median_equivalence
tests/phase2/test_sector_same_type_rank.py::test_rank_type_ties_and_invalid
tests/phase3/test_breadth_expansion_tag.py::test_two_part_breadth_tag
tests/phase3/test_current_strength_rules.py::test_current_strength_all_conditions
tests/phase3/test_high_concentration_tag.py::test_high_concentration_boundary_and_non_veto
tests/phase3/test_invalid_sector_exclusion.py::test_invalid_and_excluded_absent
tests/phase3/test_low_coverage_tag.py::test_low_coverage_boundaries
tests/phase3/test_no_dynamic_thresholds.py::test_frozen_constants
tests/phase3/test_null_behavior.py::test_required_null_fails_and_concentration_is_unavailable
tests/phase3/test_phase2_generation_binding.py::test_mixed_generation_rejected
tests/phase3/test_phase3_gate.py::test_gate_and_snapshot_semantics
tests/phase3/test_reacceleration_rules.py::test_reacceleration_requires_pullback
tests/phase3/test_reacceleration_rules.py::test_pullback_value_and_coverage_must_come_from_same_branch
tests/phase3/test_rule_boundaries.py::test_current_exact_rs_and_strict_mdd
tests/phase3/test_rule_boundaries.py::test_stabilization_exact_delta
tests/phase3/test_same_type_percentile.py::test_type_isolation_and_average_ties
tests/phase3/test_stabilization_rules.py::test_stabilization_requires_prior_damage
tests/phase3/test_stabilization_rules.py::test_prior_damage_value_and_coverage_must_come_from_same_branch
tests/phase4/test_breakout_prep_rules.py::test_breakout
tests/phase4/test_early_mover_tag.py::test_tag
tests/phase4/test_invalid_sector_context.py::test_no_leader_without_valid_context
tests/phase4/test_market_vs_sector_percentile.py::test_average_market_rank
tests/phase4/test_multi_sector_leader.py::test_warning
tests/phase4/test_no_candidate_rating.py::test_no_rating_or_score
tests/phase4/test_no_dynamic_thresholds.py::test_thresholds_static
tests/phase4/test_normal_universe_gate.py::test_gate
tests/phase4/test_phase4_gate.py::test_gate
tests/phase4/test_sector_leader_rules.py::test_leader
tests/phase4/test_steady_trend_rules.py::test_steady
tests/phase4/test_stock_null_behavior.py::test_null_never_zero
tests/phase4/test_stock_rule_boundaries.py::test_boundaries[RET20-0-steady_trend]
tests/phase4/test_stock_rule_boundaries.py::test_boundaries[MDD20--0.15-steady_trend]
tests/phase4/test_stock_rule_boundaries.py::test_boundaries[POS60-0.549999-steady_trend]
tests/phase4/test_stock_rule_boundaries.py::test_boundaries[DIST_HIGH20--0.050001-breakout_prep]
tests/phase4/test_stock_rule_boundaries.py::test_boundaries[AMOUNT_RATIO_5_20-0.899999-breakout_prep]
tests/phase4/test_stock_rule_boundaries.py::test_boundaries[stock_rs5_pct-0.799999-early_mover]
tests/phase4/test_strong_pullback_rules.py::test_pullback
tests/phase4/test_upstream_generation_binding.py::test_binding_callable
tests/phase5/test_candidate_pool_gate.py::test_gate
tests/phase5/test_no_dynamic_quota.py::test_rating_is_threshold_only
tests/phase5/test_no_leader_sector_count_inflation.py::test_leaders_not_scored
tests/phase5/test_no_membership_inflation.py::test_memberships_not_scored
tests/phase5/test_no_probability_semantics.py::test_no_probability
tests/phase5/test_no_scanner_hit_inflation.py::test_hits_not_scored
tests/phase5/test_no_trade_rating.py::test_no_trade_fields
tests/phase5/test_outside_pool_not_rated.py::test_outside
tests/phase5/test_phase4_generation_binding.py::test_bind_exists
tests/phase5/test_phase5_gate.py::test_gate
tests/phase5/test_primary_pattern_base.py::test_bases
tests/phase5/test_priority_percentile.py::test_pct
tests/phase5/test_priority_rating_boundaries.py::test_boundaries[0.95-A+]
tests/phase5/test_priority_rating_boundaries.py::test_boundaries[0.949999-A]
tests/phase5/test_priority_rating_boundaries.py::test_boundaries[0.85-A]
tests/phase5/test_priority_rating_boundaries.py::test_boundaries[0.849999-B]
tests/phase5/test_priority_rating_boundaries.py::test_boundaries[0.65-B]
tests/phase5/test_priority_rating_boundaries.py::test_boundaries[0.649999-C]
tests/phase5/test_priority_score_range.py::test_range
tests/phase5/test_priority_ties.py::test_average_ties
tests/phase5/test_quality_deductions.py::test_deductions[-10]
tests/phase5/test_quality_deductions.py::test_deductions[LATE_EXTENSION_WARNING-7]
tests/phase5/test_quality_deductions.py::test_deductions[HIGH_CONCENTRATION_SECTOR_CONTEXT-8]
tests/phase5/test_quality_deductions.py::test_deductions[LOW_SECTOR_COVERAGE_CONTEXT-7]
tests/phase5/test_quality_deductions.py::test_deductions[LATE_EXTENSION_WARNING|HIGH_CONCENTRATION_SECTOR_CONTEXT|LOW_SECTOR_COVERAGE_CONTEXT-2]
tests/phase5/test_quality_deductions.py::test_deductions[LATE_EXTENSION_WARNING|LATE_EXTENSION_WARNING-7]
tests/phase5/test_sector_context_cap.py::test_cap
tests/phase5/test_within_pattern_rank.py::test_pattern_rank
tests/phase6/test_daily_failure_atomicity.py::test_failed_swap_restores_old_directory
tests/phase6/test_daily_future_snapshot_guard.py::test_future_blocks
tests/phase6/test_daily_generation_binding.py::test_binding_callable
tests/phase6/test_daily_hash_mismatch_block.py::test_receipt_hash_mismatch_blocks
tests/phase6/test_daily_same_cutoff_idempotency.py::test_same_date_replacement_has_one_key
tests/phase6/test_phase6_gate.py::test_gate
tests/phase6/test_report_candidate_consistency.py::test_exact_id_set
tests/phase6/test_report_html_local_render.py::test_external_resource_blocked
tests/phase6/test_report_manifest.py::test_manifest_hashes_files
tests/phase6/test_report_sector_consistency.py::test_sector_set
tests/phase6/test_report_semantic_guard.py::test_schema_guard
tests/phase6/test_report_stock_consistency.py::test_stock_count_contract
tests/phase6/test_report_utf8_bom.py::test_bom
tests/phase6/test_run_daily_latest_resolution.py::test_latest_is_local_and_calendar
tests/phase6/test_run_daily_no_new_data.py::test_historical_rejected
tests/phase6/test_run_daily_stage_order.py::test_order
tests/phase6_1/test_best_vs_primary_leader_semantics.py::test_distinct_fields
tests/phase6_1/test_phase6_1_gate.py::test_gate
tests/phase6_1/test_primary_leader_sector_join.py::test_exact_join_resolves
tests/phase6_1/test_report_leader_fields.py::test_published_fields_exist
tests/phase6_1/test_same_cutoff_day_tail_revision.py::test_tail_revision_changes_fingerprint
tests/phase6_1/test_same_cutoff_gbbq_revision.py::test_gbbq_revision
tests/phase6_1/test_same_cutoff_membership_revision.py::test_membership_revision
tests/phase6_1/test_same_cutoff_same_fingerprint.py::test_same_is_no_data
tests/phase6_1/test_same_cutoff_tnf_revision.py::test_tnf_revision
tests/phase6_1/test_source_fingerprint.py::test_real_fingerprint_components
tests/phase6_1/test_source_revision_atomic_republish.py::test_revision_not_no_data
tests/r0/test_r0_final_gate.py::test_all_release_failure_points_preserve_old_pointer[FAIL_BEFORE_REPORT_BUILD]
tests/r0/test_r0_final_gate.py::test_all_release_failure_points_preserve_old_pointer[FAIL_AFTER_SECTORS_CSV]
tests/r0/test_r0_final_gate.py::test_all_release_failure_points_preserve_old_pointer[FAIL_AFTER_STOCKS_CSV]
tests/r0/test_r0_final_gate.py::test_all_release_failure_points_preserve_old_pointer[FAIL_AFTER_CANDIDATES_CSV]
tests/r0/test_r0_final_gate.py::test_all_release_failure_points_preserve_old_pointer[FAIL_AFTER_HTML]
tests/r0/test_r0_final_gate.py::test_all_release_failure_points_preserve_old_pointer[FAIL_BEFORE_MANIFEST]
tests/r0/test_r0_final_gate.py::test_all_release_failure_points_preserve_old_pointer[FAIL_AFTER_MANIFEST]
tests/r0/test_r0_final_gate.py::test_all_release_failure_points_preserve_old_pointer[FAIL_BEFORE_RECEIPT]
tests/r0/test_r0_final_gate.py::test_all_release_failure_points_preserve_old_pointer[FAIL_AFTER_RECEIPT]
tests/r0/test_r0_final_gate.py::test_all_release_failure_points_preserve_old_pointer[FAIL_BEFORE_POINTER_SWAP]
tests/r0/test_r0_final_gate.py::test_all_release_failure_points_preserve_old_pointer[FAIL_DURING_POINTER_SWAP]
tests/r0/test_r0_final_gate.py::test_successful_pointer_swap_exposes_full_new_and_has_no_post_swap_veto
tests/r0/test_r0_final_gate.py::test_normal_new_trading_day_is_not_ambiguous[20260904-20260907]
tests/r0/test_r0_final_gate.py::test_normal_new_trading_day_is_not_ambiguous[20260907-20260908]
tests/r0/test_r0_final_gate.py::test_weekend_and_holiday_no_new_data
tests/r0/test_r0_final_gate.py::test_partial_market_update_is_blocked[SH]
tests/r0/test_r0_final_gate.py::test_partial_market_update_is_blocked[SZ]
tests/r0/test_r0_final_gate.py::test_partial_market_update_is_blocked[BJ]
tests/r0/test_r0_final_gate.py::test_small_future_outlier_is_invalid
tests/r0/test_r0_final_gate.py::test_new_listing_and_suspended_file_do_not_block_broad_update
tests/r0/test_r0_final_gate.py::test_input_not_ready_when_all_sources_lag_calendar
tests/r0/test_r0_final_gate.py::test_dynamic_universe_accepts_variable_valid_counts[5460]
tests/r0/test_r0_final_gate.py::test_dynamic_universe_accepts_variable_valid_counts[5461]
tests/r0/test_r0_final_gate.py::test_dynamic_universe_accepts_variable_valid_counts[5462]
tests/r0/test_r0_final_gate.py::test_dynamic_universe_rejects_all_identity_binding_failures
tests/r0/test_r0_final_gate.py::test_multidate_single_two_three_revision_and_future
tests/r0/test_r0_final_gate.py::test_all_identity_decisions_and_computation_contents
tests/r0/test_r0_final_gate.py::test_single_cutoff_authority_is_passed_to_phase1
tests/r0/test_r0_final_gate.py::test_single_writer_records_owner_and_recovers_crash_lock
tests/r0/test_r0_final_gate.py::test_failure_handler_preserves_phase_and_hash_errors[failure0-3]
tests/r0/test_r0_final_gate.py::test_failure_handler_preserves_phase_and_hash_errors[failure1-1]
tests/r0/test_r0_final_gate.py::test_missing_input_and_report_failure_exit_codes
tests/r0/test_r0_final_gate.py::test_pointer_failure_preserves_old_pointer_and_original_error
tests/r0/test_r0_final_gate.py::test_failure_log_write_failure_cannot_mask_original
tests/r0/test_r0_final_gate.py::test_empty_candidate_pool_writes_fixed_schema_and_html
tests/r0/test_r0_infrastructure.py::test_multidate_snapshot_reader_and_future_guard
tests/r0/test_r0_infrastructure.py::test_dynamic_universe_is_exact_set_not_count
tests/r0/test_r0_infrastructure.py::test_identity_revision_is_not_no_new_data
tests/r0/test_r0_infrastructure.py::test_single_writer_and_stale_recovery
tests/r0/test_r0_infrastructure.py::test_generation_validation_failure_does_not_touch_old_pointer
tests/r1/test_confirmed_suspension_semantics.py::test_confirmed_suspension_requires_explicit_local_evidence
tests/r1/test_future_guard_before_write.py::test_future_guard_blocks_before_any_staged_canonical_write
tests/r1/test_future_guard_before_write.py::test_guard_call_precedes_staged_path_creation
tests/r1/test_inferred_gap_semantics.py::test_unknown_internal_gap_is_inferred_not_confirmed
tests/r1/test_input_snapshot_manifest.py::test_input_snapshot_manifest_is_complete_hashed_and_immutable
tests/r1/test_input_snapshot_manifest.py::test_input_snapshot_is_release_required_and_built_before_manifest
tests/r1/test_r1_gate.py::test_r1_gate_requires_every_principle
tests/r1/test_raw_gap_fields_remain_null.py::test_inferred_gap_raw_and_derived_observations_remain_null
tests/r1/test_runtime_does_not_rewrite_spec.py::test_runtime_status_writes_only_runtime_paths
tests/r1/test_runtime_does_not_rewrite_spec.py::test_phase1_runtime_no_longer_rewrites_specification
tests/r1/test_same_cutoff_revision_archive.py::test_same_cutoff_source_revisions_are_append_only
tests/r1/test_source_changed_during_run.py::test_source_change_blocks_before_pointer_publication
tests/r1/test_source_changed_during_run.py::test_unchanged_source_passes
tests/r1/test_source_changed_during_run.py::test_full_source_recheck_precedes_manifest_receipt_and_pointer
tests/r1/test_trade_status_semantics.py::test_trade_and_data_status_are_separate
tests/r2/test_common_member_breadth.py::test_common_breadth_uses_same_members
tests/r2/test_common_member_coverage_gate.py::test_common_coverage_required
tests/r2/test_computation_revision_identity.py::test_computation_revision_is_not_no_data
tests/r2/test_equal_economic_input_equal_score.py::test_equal_economic_input_equal_score
tests/r2/test_factor_coverage_gate.py::test_low_required_factor_coverage_cannot_hit
tests/r2/test_leader_eligibility_equivalence.py::test_old_new_equivalent_on_shared_rank
tests/r2/test_priority_tie_average_rank.py::test_average_rank
tests/r2/test_r2_gate.py::test_gate_requires_every_principle
tests/r2/test_r2_impact_audit.py::test_impact_audit_schema
tests/r2/test_row_shuffle_invariance.py::test_shuffle_invariance
tests/r2/test_rs_ret_rank_equivalence.py::test_constant_shift_preserves_average_rank
tests/r2/test_scanner_data_insufficient.py::test_insufficient_is_not_none_semantics
tests/r2/test_security_id_rename_invariance.py::test_rename_invariance
tests/r3/test_leader_quality_percentiles.py::test_directions
tests/r3/test_limit_up_not_exclusion.py::test_limit_up_is_not_exclusion
tests/r3/test_non_overlapping_range_contraction.py::test_nonoverlap_contraction
tests/r3/test_peak_tie_deterministic.py::test_most_recent_tie
tests/r3/test_r3_00_gate.py::test_gate
tests/r3/test_realized_vol_contraction.py::test_vol_contraction
tests/r3/test_recent_peak_no_future.py::test_peak_uses_supplied_past_only
tests/r3/test_return_concentration_reuse.py::test_reused_not_redefined
tests/r3/test_shadow_does_not_change_v1_identity.py::test_shadow_excluded_from_v1_identity
tests/r3/test_shadow_entry_does_not_publish_v1.py::test_entry_targets_shadow_only
tests/r3/test_shadow_identity_isolated.py::test_identity_binds_baseline
tests/r3/test_style_semantic_classification.py::test_conservative_style
tests/r3/test_up_day_ratio20.py::test_ratio_and_missing_not_zero
tests/r3/test_v1_baseline_freeze.py::test_current_release_is_bound
tests/r3_01/test_continuity_weak.py::test_weak
tests/r3_01/test_data_insufficient.py::test_missing_does_not_become_zero_or_pulse
tests/r3_01/test_limit_up_not_exclusion_semantics.py::test_large_day_does_not_exist_as_classifier_input
tests/r3_01/test_pulse_dominated.py::test_single_pulse_is_diagnostic
tests/r3_01/test_r3_01_gate.py::test_gate_outputs_and_partition
tests/r3_01/test_return_concentration_reused.py::test_concentration_is_exact_reuse
tests/r3_01/test_shadow_only.py::test_all_rows_shadow_only
tests/r3_01/test_steady_acceptable.py::test_acceptable_and_base_gate
tests/r3_01/test_steady_core.py::test_core
tests/r3_01/test_up_day_ratio_validity.py::test_validity_is_first_class
tests/r3_01/test_v1_base_unchanged.py::test_v1_steady_baseline_is_198
tests/r3_01/test_v1_identity_unchanged.py::test_v1_computation_identity_is_frozen
tests/r3_02/test_actual_peak_depth.py::test_frozen_depth_boundaries
tests/r3_02/test_data_insufficient.py::test_missing_amount_is_not_zero_filled
tests/r3_02/test_depth_mismatch.py::test_shallow_and_deep_mismatch
tests/r3_02/test_early_pullback.py::test_one_day_is_not_mature
tests/r3_02/test_peak_no_future.py::test_future_peak_does_not_change_cutoff_result
tests/r3_02/test_peak_tie_deterministic.py::test_latest_tie_wins
tests/r3_02/test_pullback_core.py::test_core_fixture
tests/r3_02/test_pullback_structure_only.py::test_noncontracted_structure_fixture
tests/r3_02/test_r3_02_gate.py::test_outputs_partition_base
tests/r3_02/test_segment_status.py::test_duration_bands
tests/r3_02/test_shadow_only.py::test_output_is_never_production_eligible
tests/r3_02/test_v1_identity_unchanged.py::test_identity_frozen
tests/r3_02/test_v1_pullback_base_unchanged.py::test_v1_count_is_345
tests/r3_02/test_volume_not_automatic_exclusion.py::test_volume_is_independent_confirmation
tests/r3_03/test_breakout_core.py::test_core
tests/r3_03/test_breakout_range_only.py::test_range_only_is_hit
tests/r3_03/test_breakout_vol_only.py::test_vol_only_not_hit
tests/r3_03/test_data_insufficient.py::test_missing_first_class
tests/r3_03/test_gap_not_zero_filled.py::test_insufficient_valid_observations_remain_missing
tests/r3_03/test_late_extension_not_automatic_exclusion.py::test_warning_not_classifier_input
tests/r3_03/test_near_high_no_contraction.py::test_neither
tests/r3_03/test_nested_window_false_contraction.py::test_old_extreme_rollout_does_not_override_nonoverlap_evidence
tests/r3_03/test_no_future_leakage.py::test_future_high_excluded_by_cutoff_slice
tests/r3_03/test_non_overlapping_range.py::test_windows_are_prior_then_recent_ten
tests/r3_03/test_r3_03_gate.py::test_outputs_and_partition
tests/r3_03/test_range_contraction.py::test_range_threshold
tests/r3_03/test_realized_vol_contraction.py::test_vol_threshold
tests/r3_03/test_shadow_only.py::test_shadow_flags
tests/r3_03/test_v1_breakout_base_unchanged.py::test_v1_count_304
tests/r3_03/test_v1_identity_unchanged.py::test_identity
tests/r3_04/test_data_insufficient.py::test_unknown
tests/r3_04/test_economic_sector_preferred.py::test_reacceleration_then_rs_then_id
tests/r3_04/test_independent_support_counts.py::test_counts
tests/r3_04/test_leader_core.py::test_core
tests/r3_04/test_leader_supported.py::test_supported
tests/r3_04/test_membership_count_not_score.py::test_membership_absent
tests/r3_04/test_price_behavior_style_deprioritized.py::test_price_style_loses_to_economic
tests/r3_04/test_primary_sector_single_semantics.py::test_one_relation_returned
tests/r3_04/test_quality_percentile_direction.py::test_directions
tests/r3_04/test_r3_04_gate.py::test_gate
tests/r3_04/test_return_leader_only.py::test_return_only
tests/r3_04/test_rs_ret_not_double_evidence.py::test_ret_rank_absent_from_classifier
tests/r3_04/test_security_id_invariance.py::test_security_id_not_used
tests/r3_04/test_shadow_only.py::test_flags
tests/r3_04/test_style_self_reinforced.py::test_style
tests/r3_04/test_v1_identity_unchanged.py::test_identity
tests/r3_04/test_v1_leader_base_unchanged.py::test_v1_count
tests/r3_05/test_context_uncertain.py::test_uncertain
tests/r3_05/test_continuity_support_reuse.py::test_reuse
tests/r3_05/test_data_insufficient.py::test_missing
tests/r3_05/test_early_core.py::test_core
tests/r3_05/test_early_supported.py::test_supported_requires_trend_or_position_support
tests/r3_05/test_future_sector_state_not_backwritten.py::test_current_inputs_only
tests/r3_05/test_position_support.py::test_position
tests/r3_05/test_price_behavior_style_not_independent_signal.py::test_economic_no_signal_wins
tests/r3_05/test_pulse_dependence_reuse.py::test_reuse
tests/r3_05/test_r3_05_gate.py::test_gate
tests/r3_05/test_sector_already_stabilizing.py::test_stabilizing_priority
tests/r3_05/test_security_id_invariance.py::test_no_id_input
tests/r3_05/test_shadow_only.py::test_flags
tests/r3_05/test_short_term_pulse.py::test_pulse
tests/r3_05/test_temporal_claim_guard.py::test_guard
tests/r3_05/test_trend_support.py::test_bands
tests/r3_05/test_v1_early_base_unchanged.py::test_count
tests/r3_05/test_v1_identity_unchanged.py::test_identity
tests/r3_06/test_breakout_queue_mapping.py::test_map
tests/r3_06/test_core_not_cancelled_by_other_weak_structure.py::test_no_cancel
tests/r3_06/test_core_research_band.py::test_core
tests/r3_06/test_data_insufficient_not_negative_score.py::test_missing_not_input
tests/r3_06/test_diagnostic_only_band.py::test_diag
tests/r3_06/test_early_queue_mapping.py::test_map
tests/r3_06/test_leader_not_global_priority.py::test_equal_core
tests/r3_06/test_leader_queue_mapping.py::test_map
tests/r3_06/test_no_global_weighted_score.py::test_false
tests/r3_06/test_no_structure_count_stacking.py::test_no_stack
tests/r3_06/test_no_v2_abcd_rating.py::test_no_rating
tests/r3_06/test_one_security_one_unified_row.py::test_unique
tests/r3_06/test_pullback_queue_mapping.py::test_map
tests/r3_06/test_queue_membership_long_table.py::test_long_schema
tests/r3_06/test_r3_06_gate.py::test_gate
tests/r3_06/test_row_order_invariance.py::test_order
tests/r3_06/test_security_id_economic_invariance.py::test_no_id
tests/r3_06/test_shadow_only.py::test_flags
tests/r3_06/test_source_shadow_receipts_bound.py::test_bound
tests/r3_06/test_steady_queue_mapping.py::test_map
tests/r3_06/test_supported_research_band.py::test_supported
tests/r3_06/test_v1_identity_unchanged.py::test_id
tests/r3_seal/test_data_insufficient_neutrality.py::test_neutral
tests/r3_seal/test_integrated_identity.py::test_identity
tests/r3_seal/test_no_cancellation.py::test_fixture
tests/r3_seal/test_no_count_stacking.py::test_fixture
tests/r3_seal/test_no_leader_privilege.py::test_equal
tests/r3_seal/test_no_score_or_rating.py::test_absent
tests/r3_seal/test_one_security_one_row.py::test_unique
tests/r3_seal/test_receipt_chain.py::test_chain
tests/r3_seal/test_semantic_freezes.py::test_frozen
tests/r3_seal/test_v1_identity.py::test_v1
tests/r4_00/test_baseline_seed.py::test_final_seed
tests/r4_00/test_conflicting_overwrite_blocked.py::test_diff
tests/r4_00/test_context_change_not_structure_change.py::test_context
tests/r4_00/test_data_unavailable_state.py::test_unavailable
tests/r4_00/test_exited_state.py::test_exit
tests/r4_00/test_idempotent_replay.py::test_same
tests/r4_00/test_material_field_contract.py::test_fields
tests/r4_00/test_model_identity_change_not_market_change.py::test_model_change
tests/r4_00/test_new_state.py::test_new
tests/r4_00/test_no_future_outcome_generation.py::test_no_future_outcomes_are_generated
tests/r4_00/test_no_historical_backfill.py::test_guards
tests/r4_00/test_observation_immutable.py::test_true
tests/r4_00/test_outcome_schema.py::test_schema
tests/r4_00/test_persistent_state.py::test_persistent
tests/r4_00/test_r4_00_gate.py::test_artifacts
tests/r4_00/test_reentered_state.py::test_reentry
tests/r4_00/test_same_cutoff_source_revision.py::test_revision
tests/r4_00/test_structure_changed_state.py::test_changed
tests/r4_00/test_v1_identity_unchanged.py::test_v1
tests/r4_00/test_v1_v2_identity_binding.py::test_binding
tests/r4_01/test_due_horizon_only.py::test_due
tests/r4_01/test_exit_retained.py::test_exit
tests/r4_01/test_exited_signal_still_settles.py::test_exited_still_due
tests/r4_01/test_live_orchestration_order.py::test_order
tests/r4_01/test_model_version_change_guard.py::test_model_guard
tests/r4_01/test_new_cutoff_capture.py::test_new
tests/r4_01/test_new_transition.py::test_new
tests/r4_01/test_no_new_cutoff_noop.py::test_noop
tests/r4_01/test_observation_cannot_mutate_model.py::test_guard
tests/r4_01/test_outcome_append_only.py::test_append_only
tests/r4_01/test_outcome_conflict_block.py::test_conflict
tests/r4_01/test_outcome_idempotency.py::test_idempotent
tests/r4_01/test_outcome_uses_forward_sequence_only.py::test_sequence_only
tests/r4_01/test_persistent_transition.py::test_persistent
tests/r4_01/test_r4_01_gate.py::test_gate
tests/r4_01/test_reentry.py::test_reentry
tests/r4_01/test_runner_does_not_modify_tdx.py::test_no_write_api
tests/r4_01/test_same_cutoff_revision.py::test_revision
tests/r4_01/test_structure_changed_transition.py::test_changed
tests/r4_01/test_trading_day_horizon.py::test_trading_days
tests/r4_01/test_v1_rules_unchanged.py::test_v1_identity
tests/r4_01/test_v2_rules_unchanged.py::test_v2_identity
tests/r4_01a/test_prior_latest_revision_selected.py::test_latest_ignores_incomplete_revision
tests/r4_01a/test_r4_01a_gate.py::test_gate
tests/r4_01a/test_revision_does_not_cross_day_transition.py::test_source_revised
tests/r4_01a/test_runner_due_outcome_settlement.py::test_due
tests/r4_01a/test_runner_exited_signal_settlement.py::test_exited
tests/r4_01a/test_runner_identity_guard.py::test_identity
tests/r4_01a/test_runner_model_rules_unchanged.py::test_no_rules
tests/r4_01a/test_runner_new_day_all_9_steps.py::test_nine
tests/r4_01a/test_runner_noop_path.py::test_noop
tests/r4_01a/test_runner_observation_atomic_publish.py::test_atomic
tests/r4_01a/test_runner_observation_conflict_block.py::test_conflict
tests/r4_01a/test_runner_outcome_conflict_block.py::test_conflict
tests/r4_01a/test_runner_outcome_forward_sequence_only.py::test_sequence
tests/r4_01a/test_runner_outcome_idempotency.py::test_idempotent
tests/r4_01a/test_runner_real_new_day_full_path.py::test_full
tests/r4_01a/test_runner_same_cutoff_revision_full_path.py::test_revision
tests/r4_01a/test_runner_tdx_readonly.py::test_readonly
tests/r4_01a/test_runner_v2_cutoff_alignment.py::test_alignment
tests/r4_repair/test_configured_tdx_path.py::test_configured_tdx_root_has_priority_over_environment
tests/r4_repair/test_configured_tdx_path.py::test_environment_is_used_when_config_has_no_root
tests/r4_repair/test_forward_evaluation.py::test_metrics_hidden_until_both_sample_gates_pass
tests/r4_repair/test_forward_evaluation.py::test_outcome_must_bind_to_original_signal
tests/r4_repair/test_forward_revision_tombstone.py::test_invalid_revision_tombstone_preserves_evidence
tests/r4_repair/test_identity_layer_separation.py::test_v2_runtime_files_are_not_v1_computation_files
tests/r4_repair/test_phase1_repairs.py::test_calendar_fills_every_local_index_session
tests/r4_repair/test_phase1_repairs.py::test_day_identity_detects_metadata_preserving_middle_revision
tests/r4_repair/test_phase1_repairs.py::test_nulls_are_persistent_and_exited_candidate_reenters
tests/r4_repair/test_phase1_repairs.py::test_missing_current_price_is_data_unavailable
tests/r4_repair/test_phase1_repairs.py::test_two_security_outcomes_have_distinct_keys
tests/r4_repair/test_phase1_repairs.py::test_default_outcome_service_computes_security_level_result
tests/r4_repair/test_phase1_repairs.py::test_publish_checks_content_and_ignores_incomplete_revision
tests/r4_repair/test_phase1_repairs.py::test_publish_recovers_orphaned_data_directory
tests/r4_repair/test_phase1_repairs.py::test_noop_binding_returns_existing_release_not_invocation
tests/r4_repair/test_post_reaudit_blockers.py::test_integrated_seal_accepts_unmodified_bound_artifacts
tests/r4_repair/test_post_reaudit_blockers.py::test_integrated_seal_binds_cutoff_release_when_current_pointer_is_newer
tests/r4_repair/test_post_reaudit_blockers.py::test_forward_cli_block_does_not_overwrite_committed_revision
tests/r4_repair/test_post_reaudit_blockers.py::test_invalid_revision_is_preserved_and_next_number_skips_it
tests/r4_repair/test_post_reaudit_blockers.py::test_integrated_seal_rejects_artifact_or_membership_mutation[swapped_classes]
tests/r4_repair/test_post_reaudit_blockers.py::test_integrated_seal_rejects_artifact_or_membership_mutation[duplicate_membership]
tests/r4_repair/test_post_reaudit_blockers.py::test_entrypoint_threshold_change_is_a_model_change
tests/r4_repair/test_pullback_v21_anchor.py::test_latest_equal_peak_is_shared_by_depth_duration_and_amount_segments
tests/r4_repair/test_pullback_v21_anchor.py::test_no_post_peak_bar_is_data_insufficient_not_zero
tests/r4_repair/test_queue_ranking_contract.py::test_queue_ranks_are_independent_and_exact_ties_share_rank
tests/test_ab_decomposition.py::test_exact_affine_and_residuals
tests/test_ab_decomposition.py::test_flat_day_cannot_identify_a_b
tests/test_ab_decomposition.py::test_nonfinite_rejected
tests/test_adjustment_contract_status.py::test_release_contract_and_dataset_permissions_agree
tests/test_adjustment_contract_status.py::test_required_limitations_and_examples_present
tests/test_adjustment_engine.py::test_cash_dividend_sample
tests/test_adjustment_engine.py::test_share_bonus_sample
tests/test_adjustment_engine.py::test_rights_issue_sample
tests/test_adjustment_engine.py::test_multiple_actions_are_affine_and_ohlc_consistent
tests/test_adjustment_engine.py::test_no_action_control_is_identity
tests/test_adjustment_engine.py::test_unknown_action_is_rejected
tests/test_adjustment_rebuild.py::test_adjustment_history_change_triggers_rebuild
tests/test_audit_safety.py::test_atomic_output_refuses_tdx_root
tests/test_audit_safety.py::test_atomic_output_outside_tdx_root
tests/test_audit_status_transition.py::test_degraded_to_full_transition
tests/test_audit_status_transition.py::test_failed_day_ui_check_blocks
tests/test_block_reader.py::test_infoharbor_sections
tests/test_day_reader.py::test_decode_record_units
tests/test_day_reader.py::test_validate_rejects_incomplete_tail
tests/test_day_reader.py::test_validate_complete_file
tests/test_eastmoney_connectivity_budget.py::test_gate_a_cap_and_provider_shared_modes
tests/test_eastmoney_connectivity_budget.py::test_three_failures_across_logical_queries_and_immediate_http_block
tests/test_eastmoney_connectivity_budget.py::test_success_resets_failure_counter_and_total_limit
tests/test_eastmoney_connectivity_budget.py::test_resume_preserves_circuit
tests/test_eastmoney_connectivity_budget.py::test_connectivity_distinguishes_transport_and_parameters
tests/test_external_qfq_compare.py::test_eastmoney_daily_qfq_field_order
tests/test_external_qfq_compare.py::test_tencent_daily_qfq_field_order_and_tolerance
tests/test_external_qfq_compare.py::test_unavailable_external_bar_is_explicit
tests/test_external_request_safety.py::test_501_opens_circuit_and_skips_later_queries
tests/test_external_request_safety.py::test_raw_and_qfq_share_provider_request_budget
tests/test_external_request_safety.py::test_raw_payload_does_not_silently_satisfy_qfq
tests/test_external_request_safety.py::test_wrong_date_is_unverifiable
tests/test_external_source_mapping.py::test_external_security_mappings
tests/test_fixed_qfq_samples.py::test_phase0_2a_sample_selection_is_current_universe_bounded_and_deterministic
tests/test_fixed_qfq_samples.py::test_phase0_2a_selector_excludes_non_current_ids_and_caps_the_selection
tests/test_future_exday.py::test_future_exday_is_ignored
tests/test_gbbq_local_decode.py::test_local_first_record_decodes_to_known_plain_fields
tests/test_gbbq_reader.py::test_gbbq_declared_size_must_close
tests/test_network_run_write_once.py::test_no_overwrite_or_postfreeze_write
tests/test_network_run_write_once.py::test_tamper_and_source_write_rejected
tests/test_phase0_2a_gate.py::test_unrelated_source_conflict_cannot_hide_contract_sample_failure
tests/test_phase0_2a_gate.py::test_full_gate_requires_all_deterministic_contract_samples_and_batch_evidence
tests/test_phase0_2a_gate.py::test_external_disagreement_remains_degraded
tests/test_phase0_2a_gate.py::test_systematic_sample_mismatch_blocks_formal_adjustment
tests/test_phase0_2c_release_gate.py::test_external_difference_does_not_block_verified_local_release
tests/test_phase0_2c_release_gate.py::test_proven_local_bug_revokes_permissions
tests/test_phase0_2c_release_gate.py::test_incomplete_evidence_cannot_silently_release[local_raw]
tests/test_phase0_2c_release_gate.py::test_incomplete_evidence_cannot_silently_release[gbbq]
tests/test_phase0_2c_release_gate.py::test_incomplete_evidence_cannot_silently_release[xrxd]
tests/test_phase0_2c_release_gate.py::test_incomplete_evidence_cannot_silently_release[affine]
tests/test_phase0_2c_release_gate.py::test_incomplete_evidence_cannot_silently_release[source_unchanged]
tests/test_phase1_qa_sample_selector.py::test_phase1_selector_is_deterministic_current_universe_and_board_stratified
tests/test_phase1_qa_sample_selector.py::test_phase1_sample_selection_does_not_change_factor_frame_digest
tests/test_provider_basis_classification.py::test_cash_offset_and_multiplicative_difference
tests/test_provider_basis_classification.py::test_nonaffine_cannot_refute_local
tests/test_raw_crosscheck_gate.py::test_mismatching_raw_blocks_algorithm_inference
tests/test_raw_crosscheck_gate.py::test_missing_is_not_false_match
tests/test_raw_crosscheck_gate.py::test_equal_decimal_representations_match
tests/test_root_cause_gate.py::test_mismatch_without_causal_evidence_is_inconclusive
tests/test_root_cause_gate.py::test_only_proven_causes_change_status
tests/test_round_half_up.py::test_round_half_up_boundaries
tests/test_security_master.py::test_classification_prefers_tdx_industry_membership
tests/test_security_master.py::test_b_shares_are_not_promoted_by_industry_membership
tests/test_suspension_compound_actions.py::test_600519_two_events_in_one_suspension_gap_are_both_applied
tests/test_tdx_adjustment.py::test_single_xrxd_affine_formula
tests/test_tdx_adjustment_reference_cases.py::test_000651_rights_issue_and_large_bonus_reference_cases
tests/test_tdx_adjustment_reference_cases.py::test_hfq_is_derived_consistently_from_qfq_anchor
tests/test_tdx_adjustment_reference_cases.py::test_locked_reference_tdx_price_assertions
tests/test_trading_calendar.py::test_calendar_alignment_and_closed_weekend
tests/test_trading_calendar.py::test_suspended_day_gets_explicit_synthetic_fill
tests/test_trading_calendar.py::test_missing_states_are_distinct
tests/test_universe_recent_window.py::test_recent_window_uses_master_sessions
tests/test_universe_recent_window.py::test_latest_missing_bar_excludes_current_scan
tests/upgrade_m1/test_digest_contract.py::test_digest_is_order_independent_but_column_order_bound
tests/upgrade_m1/test_digest_contract.py::test_csv_empty_is_null_and_string_precision_is_preserved
tests/upgrade_m1/test_digest_contract.py::test_temporal_values_use_reconstructable_json_transport_form
tests/upgrade_m1/test_owner_and_repository.py::test_single_owner_blocks_second_handle
tests/upgrade_m1/test_owner_and_repository.py::test_schema_and_repository_allowlist
tests/upgrade_m1/test_owner_and_repository.py::test_success_shortcut_rejects_incomplete_existing_publication
tests/upgrade_m1/test_owner_and_repository.py::test_head_acceptance_query_rejects_non_success_head
tests/upgrade_m10/test_mainline_page_contract.py::test_mainline_page_has_filters_table_and_evidence_route
tests/upgrade_m10/test_mainline_page_contract.py::test_mainline_api_paginates_without_double_slicing_and_catalogs_fields
tests/upgrade_m10/test_mainline_slice_granularity.py::test_split_mainline_daily_frames_isolates_each_trade_date
tests/upgrade_m10/test_mainline_slice_granularity.py::test_split_mainline_daily_frames_rejects_missing_trade_date
tests/upgrade_m10/test_mainline_state.py::test_three_valid_days_enter_observation_pool_and_never_fading
tests/upgrade_m10/test_mainline_state.py::test_window_counts_are_null_until_the_full_window_exists
tests/upgrade_m10/test_mainline_state.py::test_fewer_than_three_valid_days_are_data_insufficient
tests/upgrade_m10/test_mainline_state.py::test_five_valid_days_can_enter_fast_observation_state
tests/upgrade_m10/test_mainline_state.py::test_high_level_contraction_has_priority_when_strength_remains_high
tests/upgrade_m10/test_mainline_state.py::test_fading_is_selected_when_a_previously_strong_sector_breaks_down
tests/upgrade_m10/test_mainline_state.py::test_fading_does_not_treat_flat_breadth_or_amount_as_decline
tests/upgrade_m10/test_mainline_state.py::test_coverage_unknown_is_data_insufficient_even_with_three_valid_days
tests/upgrade_m10/test_mainline_state.py::test_reaccelerating_is_available_after_ten_valid_days
tests/upgrade_m10/test_mainline_state.py::test_new_counts_prior_high_percentiles_instead_of_boolean_identity
tests/upgrade_m10/test_mainline_state.py::test_fading_uses_only_the_available_recent_twenty_day_history
tests/upgrade_m10/test_mainline_state.py::test_sustained_requires_stable_history_and_member_retention
tests/upgrade_m10/test_mainline_state.py::test_retention_denominator_is_previous_strong_members_in_common_set
tests/upgrade_m10/test_mainline_state.py::test_retention_uses_both_known_states_and_returns_null_for_zero_comparable_denominator
tests/upgrade_m10/test_mainline_state.py::test_mainline_breadth_uses_common_breadth_fields_not_all_member_breadth
tests/upgrade_m10/test_mainline_state.py::test_broadening_is_selected_when_strength_and_width_expand
tests/upgrade_m10/test_mainline_state.py::test_new_mainline_precedes_broadening_when_all_new_conditions_pass
tests/upgrade_m10/test_mainline_state.py::test_unknown_higher_priority_blocks_a_lower_priority_class
tests/upgrade_m10/test_mainline_state.py::test_unknown_predicate_is_not_treated_as_false
tests/upgrade_m10/test_mainline_state.py::test_same_identity_produces_unchanged_or_class_transition
tests/upgrade_m10/test_mainline_state.py::test_contract_or_config_change_is_model_change
tests/upgrade_m10/test_mainline_state.py::test_history_basis_change_is_not_a_market_transition
tests/upgrade_m10/test_mainline_state.py::test_model_change_takes_precedence_when_contract_and_basis_both_change
tests/upgrade_m10/test_mainline_state.py::test_new_publication_compares_current_cutoff_with_previous_snapshot
tests/upgrade_m10/test_mainline_state.py::test_formal_v24_uses_common_amount_a_delta_for_fading_not_legacy_proxy
tests/upgrade_m10/test_mainline_state.py::test_formal_v24_does_not_fallback_to_legacy_amount_proxy
tests/upgrade_m10/test_sector_amount.py::test_plan_uses_master_calendar_positions_and_exact_24_session_union
tests/upgrade_m10/test_sector_amount.py::test_formal_a_is_common_member_aggregate_not_member_median
tests/upgrade_m10/test_sector_amount.py::test_three_members_are_not_formal_even_when_the_ratio_is_calculable
tests/upgrade_m10/test_sector_amount.py::test_observed_new_member_is_excluded_from_common_formal_a_but_stays_in_target_denominator
tests/upgrade_m10/test_sector_amount.py::test_missing_amount_in_fixed_calendar_window_is_not_replaced_by_an_earlier_observation
tests/upgrade_m10/test_sector_amount.py::test_confirmed_zero_numerator_is_valid_zero_but_unknown_zero_is_not_filled
tests/upgrade_m10/test_sector_amount.py::test_comparison_delta_uses_fixed_common_members_over_24_sessions
tests/upgrade_m10/test_sector_amount.py::test_reconstructed_uses_one_fixed_snapshot_for_all_h21_dates
tests/upgrade_m10/test_sector_amount.py::test_reconstructed_target_path_preserves_formula_and_snapshot_identity
tests/upgrade_m10/test_sector_amount.py::test_quality_gates_keep_current_and_window_denominators_separate
tests/upgrade_m10/test_sector_amount.py::test_structural_calendar_and_duplicate_inputs_are_rejected
tests/upgrade_m11/test_association_parity.py::test_leave_one_out_rejects_target_self_reinforcement_with_reason
tests/upgrade_m11/test_association_parity.py::test_valid_relation_is_ranked_and_limited_to_primary_plus_two_alternatives
tests/upgrade_m11/test_association_parity.py::test_non_normal_semantic_bucket_is_rejected_and_never_ranked
tests/upgrade_m11/test_association_parity.py::test_reacceleration_requires_independent_five_day_support
tests/upgrade_m11/test_attribute_library.py::test_m11_01_contract_and_client_wrappers_are_present
tests/upgrade_m11/test_attribute_library.py::test_sector_library_filters_by_type_and_preserves_traceability
tests/upgrade_m11/test_attribute_library.py::test_stock_memberships_use_same_snapshot_and_keep_tags_out_of_association
tests/upgrade_m11/test_attribute_library.py::test_explicit_semantic_tag_is_not_a_normal_attribute
tests/upgrade_m11/test_intersection_and_rank.py::test_union_and_intersection_match_membership_truth_and_are_traceable
tests/upgrade_m11/test_intersection_and_rank.py::test_exclude_has_priority_and_duplicate_include_is_idempotent
tests/upgrade_m11/test_intersection_and_rank.py::test_null_and_empty_array_filters_are_explicit_and_four_sector_limit_is_enforced
tests/upgrade_m11/test_linkage_consistency.py::test_forward_and_reverse_linkage_reuse_same_member_rank_and_count
tests/upgrade_m11/test_linkage_consistency.py::test_query_filter_does_not_renumber_sector_member_rank
tests/upgrade_m11/test_linkage_consistency.py::test_linkage_history_is_date_ordered_and_traceable
tests/upgrade_m11/test_linkage_consistency.py::test_linkage_contract_and_client_wrappers_are_present
tests/upgrade_m11/test_linkage_ui.py::test_m11_linkage_ui_has_three_subpages_and_collapsible_selection_bar
tests/upgrade_m11/test_linkage_ui.py::test_m11_linkage_ui_keeps_explicit_basis_and_non_reordering_copy
tests/upgrade_m12/test_browser_behavior.py::test_browser_deeplink_escape_focus_and_route_cleanup
tests/upgrade_m12/test_browser_behavior.py::test_browser_evidence_sections_are_static_and_history_uses_days
tests/upgrade_m12/test_drawer_route.py::test_m12_route_contains_publication_security_tab_and_days_and_restores_on_popstate
tests/upgrade_m12/test_drawer_route.py::test_m12_insight_cancels_inflight_requests_and_ignores_abort_errors
tests/upgrade_m12/test_drawer_route.py::test_m12_modal_has_accessible_title_and_focus_trap
tests/upgrade_m12/test_insight_api.py::test_api29_default_is_compact_and_traceable
tests/upgrade_m12/test_insight_api.py::test_api29_include_is_explicit_and_cache_key_includes_shape
tests/upgrade_m12/test_insight_api.py::test_api29_cache_isolated_by_requested_basis
tests/upgrade_m12/test_insight_api.py::test_api15_groups_include_m11_association_evidence
tests/upgrade_m12/test_insight_api.py::test_api29_rejects_unknown_include
tests/upgrade_m12/test_insight_api.py::test_api29_contract_and_client_wrapper_are_present
tests/upgrade_m12/test_insight_ui.py::test_stock_insight_has_shared_entry_and_explicit_tabs
tests/upgrade_m12/test_insight_ui.py::test_stock_insight_is_available_from_stock_result_tables
tests/upgrade_m12/test_insight_ui.py::test_modal_exposes_close_state_for_late_response_guard
tests/upgrade_m12/test_insight_ui.py::test_insight_tabs_have_visible_contract_styles
tests/upgrade_m12/test_insight_ui.py::test_history_tab_uses_one_date_anchored_chart_with_visible_gaps
tests/upgrade_m12/test_insight_ui.py::test_structure_history_window_is_date_based_and_association_evidence_is_structured
tests/upgrade_m12/test_insight_ui.py::test_evidence_tab_uses_grouped_api15_details_and_safe_text_rendering
tests/upgrade_m12/test_insight_ui.py::test_online_evidence_is_a_collapsed_non_blocking_m14_placeholder
tests/upgrade_m13/test_limit_display.py::test_m13b_display_contract_binds_plan_and_empty_state_rules
tests/upgrade_m13/test_limit_display.py::test_m13b_display_is_bound_to_api34_api35_and_explicit_capabilities
tests/upgrade_m13/test_limit_display.py::test_m13b_display_does_not_use_html_injection
tests/upgrade_m13/test_limit_ladder.py::test_canonical_state_does_not_turn_unknown_into_none
tests/upgrade_m13/test_limit_ladder.py::test_ladder_recursion_tracks_known_up_streak_and_suspension_break
tests/upgrade_m13/test_limit_ladder.py::test_left_censor_missing_observation_and_unknown_are_not_none
tests/upgrade_m13/test_limit_ladder.py::test_duplicate_security_date_is_rejected
tests/upgrade_m13/test_limit_ladder.py::test_limit_ladder_migration_is_atomic_and_has_contract_fields
tests/upgrade_m13/test_limit_ladder.py::test_api34_is_explicitly_not_built_without_m8c_materialization
tests/upgrade_m13/test_limit_ladder.py::test_api34_reads_fixed_snapshot_and_applies_level_filter
tests/upgrade_m13/test_limit_promotion.py::test_promotion_uses_confirmed_denominator_and_keeps_exclusions_separate
tests/upgrade_m13/test_limit_promotion.py::test_promotion_excludes_no_limit_and_unconfirmed_previous_up
tests/upgrade_m13/test_limit_promotion.py::test_promotion_missing_current_is_unknown_exclusion
tests/upgrade_m13/test_limit_promotion.py::test_promotion_unconfirmed_is_global_not_other_confirmed_levels
tests/upgrade_m13/test_limit_promotion.py::test_promotion_unconfirmed_count_is_zero_for_confirmed_rows_across_levels
tests/upgrade_m13/test_limit_promotion.py::test_row_level_promotion_state_is_annotated_for_api34_filter
tests/upgrade_m13/test_limit_promotion.py::test_promotion_rejects_duplicate_security_date
tests/upgrade_m13/test_limit_promotion.py::test_promotion_migration_is_atomic_and_has_contract_fields
tests/upgrade_m13/test_limit_promotion.py::test_api35_reads_fixed_snapshot_and_filters_level
tests/upgrade_m13/test_limit_promotion.py::test_api35_days_limits_actual_points_query
tests/upgrade_m13/test_limit_promotion.py::test_api35_is_explicitly_not_built_without_m8c_materialization
tests/upgrade_m13/test_m13_materializer.py::test_m13_materializer_builds_bound_domains_and_is_idempotent
tests/upgrade_m13/test_m13_materializer.py::test_m13_materializer_blocks_without_m8c_inputs
tests/upgrade_m13/test_m13_materializer.py::test_m13_materializer_requires_explicit_reference_registry_id
tests/upgrade_m13/test_m13_materializer.py::test_m13_materializer_preserves_known_empty_technical_date
tests/upgrade_m13/test_market_cycle.py::test_market_breadth_identity_and_field_specific_denominators
tests/upgrade_m13/test_market_cycle.py::test_market_point_deduplicates_security_rows_before_aggregation
tests/upgrade_m13/test_market_cycle.py::test_queue_counts_keep_two_queues_and_deduplicate_unique_stock
tests/upgrade_m13/test_market_cycle.py::test_queue_counts_deduplicate_duplicate_stock_queue_rows
tests/upgrade_m13/test_market_cycle.py::test_sector_state_counts_deduplicate_sector_rows_and_preserve_unknown
tests/upgrade_m13/test_market_cycle.py::test_market_cycle_api_returns_compact_points_and_metadata
tests/upgrade_m13/test_market_cycle.py::test_market_cycle_rejects_unknown_metric_and_day_detail_is_snapshot_bound
tests/upgrade_m13/test_market_cycle.py::test_market_ui_and_client_contract_are_present
tests/upgrade_m14/test_eastmoney_hot_rank.py::test_eastmoney_adapter_preserves_platform_rank_and_source_time
tests/upgrade_m14/test_eastmoney_hot_rank.py::test_eastmoney_decoder_rejects_missing_encoded_variable
tests/upgrade_m14/test_eastmoney_hot_rank.py::test_eastmoney_mapping_rejects_history_without_current_rank_match
tests/upgrade_m14/test_eastmoney_quotes.py::test_eastmoney_quote_batch_normalizes_units_and_observed_time
tests/upgrade_m14/test_eastmoney_quotes.py::test_eastmoney_quote_rejects_unmapped_or_oversized_requests
tests/upgrade_m14/test_eastmoney_quotes.py::test_eastmoney_quote_rejects_non_numeric_source_fields
tests/upgrade_m14/test_external_evidence.py::test_external_evidence_is_fail_closed_when_no_source_is_verified
tests/upgrade_m14/test_external_evidence.py::test_external_evidence_as_of_rejects_missing_anchor
tests/upgrade_m14/test_external_evidence.py::test_external_evidence_keeps_post_hoc_items_separate
tests/upgrade_m14/test_external_evidence.py::test_external_evidence_as_of_keeps_pre_as_of_items
tests/upgrade_m14/test_external_evidence.py::test_external_evidence_rejects_missing_time_for_strict_record
tests/upgrade_m14/test_hot_rank_api.py::test_direct_hot_rank_returns_ephemeral_rows_with_local_names
tests/upgrade_m14/test_hot_rank_api.py::test_direct_hot_rank_keeps_source_views_separate_and_does_not_compare
tests/upgrade_m14/test_hot_rank_api.py::test_direct_hot_rank_marks_unmapped_rows_without_reordering
tests/upgrade_m14/test_hot_rank_capture_retired.py::test_legacy_capture_fails_before_creating_storage[collect_ths_hot_rank]
tests/upgrade_m14/test_hot_rank_capture_retired.py::test_legacy_capture_fails_before_creating_storage[collect_eastmoney_hot_rank]
tests/upgrade_m14/test_hot_rank_ui.py::test_hot_rank_is_mounted_in_market_cycle_view
tests/upgrade_m14/test_hot_rank_ui.py::test_hot_rank_ui_declares_ephemeral_and_degraded_fields
tests/upgrade_m14/test_hot_rank_view.py::test_hot_rank_view_keeps_platform_order_and_calculates_previous_capture_delta
tests/upgrade_m14/test_hot_rank_view.py::test_hot_rank_view_blocks_comparison_outside_fifteen_minute_window
tests/upgrade_m14/test_hot_rank_view.py::test_hot_rank_view_does_not_fabricate_comparison_without_source_time
tests/upgrade_m14/test_hot_rank_view.py::test_hot_rank_view_rejects_duplicate_source_codes
tests/upgrade_m14/test_lh_list_capability.py::test_lh_list_is_fail_closed_without_verified_source
tests/upgrade_m14/test_lh_list_capability.py::test_lh_list_requires_trade_date_not_after_publication
tests/upgrade_m14/test_lh_list_capability.py::test_lh_list_rejects_evidence_after_as_of
tests/upgrade_m14/test_lh_list_capability.py::test_lh_list_requires_seat_trade_fields_and_amount_unit
tests/upgrade_m14/test_lh_list_capability.py::test_lh_list_rejects_non_http_source_url
tests/upgrade_m14/test_lh_list_capability.py::test_lh_unavailable_view_keeps_trade_date_and_as_of_explicit
tests/upgrade_m14/test_m14_artifact_consistency.py::test_m14_contract_hashes_and_view_hashes_are_current
tests/upgrade_m14/test_m14_artifact_consistency.py::test_m14_source_bound_hashes_are_current
tests/upgrade_m14/test_m14_artifact_consistency.py::test_m14_personal_branch_reopen_is_bound_to_batch_foundation
tests/upgrade_m14/test_m14_artifact_consistency.py::test_m14_online_migration_covers_evidence_and_quotes
tests/upgrade_m14/test_quotes_capability.py::test_quote_capability_is_not_verified_and_does_not_use_hot_rank_rows
tests/upgrade_m14/test_quotes_capability.py::test_quote_as_of_requires_no_future_quote
tests/upgrade_m14/test_quotes_capability.py::test_quote_requires_explicit_units_and_mapping_identity
tests/upgrade_m14/test_quotes_capability.py::test_unavailable_quote_view_has_explicit_empty_state
tests/upgrade_m14/test_source_registry.py::test_m14_registry_is_fail_closed_and_has_four_datasets
tests/upgrade_m14/test_source_registry.py::test_no_source_or_dataset_can_claim_verified_or_enabled
tests/upgrade_m14/test_source_registry.py::test_review_closes_unlicensed_candidates_without_enabling_them
tests/upgrade_m14/test_source_registry.py::test_contract_and_plan_are_present
tests/upgrade_m14/test_source_registry.py::test_probe_report_is_metadata_only_and_keeps_capabilities_unverified
tests/upgrade_m15/test_overview.py::test_api30_is_snapshot_bound_and_keeps_fixed_sector_groups
tests/upgrade_m15/test_overview.py::test_api30_representatives_are_unique_and_keep_all_sector_sources
tests/upgrade_m15/test_overview.py::test_api31_keeps_priority_pagination_and_contract
tests/upgrade_m15/test_overview.py::test_v3_final_candidates_are_bounded_and_exclude_style_sectors
tests/upgrade_m15/test_overview.py::test_api30_rejects_future_overview_date
tests/upgrade_m15/test_overview.py::test_overview_contract_and_ui_mount_are_declared
tests/upgrade_m15/test_performance.py::test_api_has_bounded_cache_and_perf_contract
tests/upgrade_m15/test_performance.py::test_hot_rankings_is_request_time_only
tests/upgrade_m15/test_performance.py::test_view_requests_cancel_and_reject_stale_results
tests/upgrade_m15/test_performance.py::test_assets_are_versioned_for_m15_04
tests/upgrade_m15/test_performance.py::test_layout_keeps_only_intentional_internal_vertical_scrollers
tests/upgrade_m15/test_performance.py::test_stage_contract_records_targets_and_degraded_evidence
tests/upgrade_m15/test_post_m15_ui_repairs.py::test_overview_has_ten_rows_and_priority_filters
tests/upgrade_m15/test_post_m15_ui_repairs.py::test_user_facing_mainline_and_sector_controls_exclude_style
tests/upgrade_m15/test_post_m15_ui_repairs.py::test_linkage_accepts_names_and_translates_evidence
tests/upgrade_m15/test_post_m15_ui_repairs.py::test_m13_binds_hierarchy_to_new_snapshot
tests/upgrade_m15/test_ui_flows.py::test_m15_v2_has_exactly_six_first_level_routes_and_secondary_pages
tests/upgrade_m15/test_ui_flows.py::test_m15_router_whitelists_pages_and_persists_publication_context
tests/upgrade_m15/test_ui_flows.py::test_m15_app_restores_page_route_and_keeps_insight_route_compatible
tests/upgrade_m15/test_ui_flows.py::test_m15_v2_has_no_iframe_and_legacy_view_stays_bound
tests/upgrade_m15/test_ui_flows.py::test_m15_data_info_and_explicit_empty_states_are_present
tests/upgrade_m2/test_strength_association.py::test_price_behavior_is_tag_and_never_primary
tests/upgrade_m2/test_strength_association.py::test_first_board_multi_board_and_sentiment_names_are_price_tags
tests/upgrade_m2/test_strength_association.py::test_stronger_concept_can_beat_industry_without_fixed_type_priority
tests/upgrade_m2/test_strength_association.py::test_leave_one_out_rejects_self_reinforced_sector_and_does_not_fallback_to_tag
tests/upgrade_m2/test_strength_association.py::test_selection_is_deterministic_and_limits_alternatives
tests/upgrade_m3/test_automatic_input.py::test_half_package_never_becomes_final
tests/upgrade_m3/test_automatic_input.py::test_html_challenge_is_rejected
tests/upgrade_m3/test_automatic_input.py::test_unsafe_zip_paths_are_rejected[../escape.day]
tests/upgrade_m3/test_automatic_input.py::test_unsafe_zip_paths_are_rejected[/absolute.day]
tests/upgrade_m3/test_automatic_input.py::test_unsafe_zip_paths_are_rejected[C:/escape.day]
tests/upgrade_m3/test_automatic_input.py::test_case_collision_and_expansion_limits
tests/upgrade_m3/test_automatic_input.py::test_extraction_replace_retries_transient_windows_lock
tests/upgrade_m3/test_automatic_input.py::test_metadata_change_during_stability_is_blocked
tests/upgrade_m3/test_automatic_input.py::test_missing_required_metadata_is_blocked
tests/upgrade_m3/test_automatic_input.py::test_new_security_new_concept_and_member_are_discovered
tests/upgrade_m3/test_automatic_input.py::test_missing_membership_reference_blocks
tests/upgrade_m3/test_automatic_input.py::test_valid_package_extract_metadata_and_seal_read_only_bundle
tests/upgrade_m3/test_automatic_input.py::test_package_trade_date_is_inferred_instead_of_using_upload_day
tests/upgrade_m3/test_automatic_input.py::test_bundle_verification_prefers_recorded_staging_path_over_trade_date_fallback
tests/upgrade_m3/test_automatic_input.py::test_bundle_verifier_returns_sealed_manifest_and_package_identities
tests/upgrade_m3/test_automatic_input.py::test_same_upload_day_uses_content_versioned_staging_paths
tests/upgrade_m4/test_one_click_publication.py::test_crash_before_commit_has_no_half_publication_and_retry_is_clean
tests/upgrade_m4/test_one_click_publication.py::test_crash_after_commit_recovers_without_duplicate_observation
tests/upgrade_m4/test_one_click_publication.py::test_same_day_same_identity_is_idempotent
tests/upgrade_m4/test_one_click_publication.py::test_same_day_different_model_creates_audited_revision
tests/upgrade_m4/test_one_click_publication.py::test_invalid_compute_result_fails_before_publication
tests/upgrade_m4/test_one_click_publication.py::test_missing_bundle_and_dangling_outcome_are_blocked
tests/upgrade_m4/test_one_click_publication.py::test_background_submit_returns_job_and_finishes
tests/upgrade_m4/test_one_click_publication.py::test_recovered_publication_clears_transient_progress
tests/upgrade_m4/test_one_click_publication.py::test_restart_recovers_persisted_request_and_creates_new_attempt
tests/upgrade_m4/test_one_click_publication.py::test_all_workbench_result_groups_commit_together
tests/upgrade_m4/test_one_click_publication.py::test_publication_relation_binding_requires_content_hash_not_only_row_count
tests/upgrade_m4/test_one_click_publication.py::test_conflicting_outcome_payload_is_blocked
tests/upgrade_m4/test_one_click_publication.py::test_repeated_submit_does_not_start_a_second_running_job
tests/upgrade_m4/test_one_click_publication.py::test_failed_status_keeps_the_in_memory_error
tests/upgrade_m4/test_one_click_publication.py::test_new_publication_observation_ids_are_distinct_from_historical_outcome_binding
tests/upgrade_m4/test_workbench_command.py::test_controlled_compute_uses_fixed_project_entry_and_timeout
tests/upgrade_m4/test_workbench_command.py::test_workbench_post_returns_job_and_get_reads_status
tests/upgrade_m4/test_workbench_command.py::test_read_api_remains_available_during_publisher_transaction
tests/upgrade_m5/test_backup_restore.py::test_backup_requires_maintenance_window
tests/upgrade_m5/test_backup_restore.py::test_verified_backup_and_restore_drill
tests/upgrade_m5/test_config_lifecycle.py::test_draft_validate_apply_and_version_conflict
tests/upgrade_m5/test_config_lifecycle.py::test_config_file_rolls_back_when_version_persistence_fails
tests/upgrade_m5/test_config_lifecycle.py::test_invalid_or_unsafe_drafts_are_blocked[draft0-CONFIG_RETENTION_MINIMUM_THREE_DAYS]
tests/upgrade_m5/test_config_lifecycle.py::test_invalid_or_unsafe_drafts_are_blocked[draft1-CONFIG_TDX_WRITE_FORBIDDEN]
tests/upgrade_m5/test_config_lifecycle.py::test_invalid_or_unsafe_drafts_are_blocked[draft2-CONFIG_PROTECTED_ROOT]
tests/upgrade_m5/test_config_lifecycle.py::test_invalid_or_unsafe_drafts_are_blocked[draft3-CONFIG_UNKNOWN_KEYS]
tests/upgrade_m5/test_database_migration.py::test_migration_requires_drained_window
tests/upgrade_m5/test_database_migration.py::test_migration_prepares_verified_copy_without_removing_old_database
tests/upgrade_m5/test_database_migration.py::test_migration_rejects_configured_tdx_target
tests/upgrade_m5/test_operations_ui_contract.py::test_operations_ui_exposes_every_m5_module_in_chinese
tests/upgrade_m5/test_operations_ui_contract.py::test_every_operations_button_is_bound_to_a_real_api
tests/upgrade_m5/test_operations_ui_contract.py::test_windows_tray_exposes_service_controls
tests/upgrade_m5/test_operations_ui_contract.py::test_raw_boolean_is_not_accepted_as_maintenance_authority
tests/upgrade_m5/test_restart_supervisor.py::test_restart_happy_path_has_required_order
tests/upgrade_m5/test_restart_supervisor.py::test_restart_failed_health_restores_old_config
tests/upgrade_m5/test_storage_governance.py::test_cleanup_preview_only_selects_old_unreferenced_unleased_objects
tests/upgrade_m5/test_storage_governance.py::test_quarantine_can_be_restored_or_confirmed_deleted
tests/upgrade_m5/test_storage_governance.py::test_database_and_wal_are_never_cleanup_candidates
tests/upgrade_m6/test_m6_acceptance_contract.py::test_m6_starts_only_after_m5_full_pass
tests/upgrade_m6/test_m6_acceptance_contract.py::test_user_internal_acceptance_replaces_external_audit_gate
tests/upgrade_m6/test_m6_acceptance_contract.py::test_m6_acceptance_dates_are_real_published_days
tests/upgrade_m7/test_analysis_activation.py::test_activation_creates_new_revision_and_is_idempotent
tests/upgrade_m7/test_analysis_activation.py::test_activation_checks_head_and_identity_conflicts
tests/upgrade_m7/test_analysis_activation.py::test_prepare_rejects_conflicting_existing_snapshot_entry
tests/upgrade_m7/test_display_scope.py::test_display_scope_includes_star_and_bj_with_statistical_scope
tests/upgrade_m7/test_display_scope.py::test_sql_scope_keeps_a_share_identity_and_includes_star_and_bj
tests/upgrade_m7/test_display_scope.py::test_statistical_sql_is_independent_from_stock_display_scope
tests/upgrade_m7/test_display_scope.py::test_api_separates_full_stock_query_from_stock_facing_pages
tests/upgrade_m7/test_history_jobs.py::test_submit_is_idempotent_and_success_keeps_slices
tests/upgrade_m7/test_history_jobs.py::test_cancel_at_batch_boundary_does_not_delete_completed_slice
tests/upgrade_m7/test_history_jobs.py::test_missing_manifest_fails_closed
tests/upgrade_m7/test_m7b_07_recovery_cleanup.py::test_history_backup_restores_database_and_referenced_object
tests/upgrade_m7/test_m7b_07_recovery_cleanup.py::test_restore_rejects_database_hash_change_even_when_counts_match
tests/upgrade_m7/test_m7b_07_recovery_cleanup.py::test_cleanup_preview_protects_active_lease_and_preparing_job
tests/upgrade_m7/test_m7b_07_recovery_cleanup.py::test_unbound_analysis_slice_can_be_previewed_after_retention
tests/upgrade_m7/test_migration_executor.py::test_007_applies_atomically_and_records_hash_identity
tests/upgrade_m7/test_migration_executor.py::test_failed_sql_rolls_back_tables_and_version_registration
tests/upgrade_m7/test_migration_executor.py::test_applied_sql_change_is_rejected
tests/upgrade_m7/test_preview_slice_granularity.py::test_split_daily_frames_normalizes_and_isolates_trade_dates
tests/upgrade_m7/test_preview_slice_granularity.py::test_split_daily_frames_rejects_missing_trade_date
tests/upgrade_m7/test_preview_slice_granularity.py::test_quote_quality_gate_rejects_missing_adjustment_metadata
tests/upgrade_m7/test_quotes_universe.py::test_reference_prev_close_has_priority_and_raw_close_is_displayed
tests/upgrade_m7/test_quotes_universe.py::test_raw_close_fallback_is_marked_and_adjustment_change_is_not_calculated
tests/upgrade_m7/test_quotes_universe.py::test_raw_close_fallback_requires_comparable_adjustment_metadata
tests/upgrade_m7/test_quotes_universe.py::test_missing_previous_close_is_explicitly_unavailable
tests/upgrade_m7/test_quotes_universe.py::test_real_service_uses_previous_market_session_not_previous_publication
tests/upgrade_m7/test_quotes_universe.py::test_api_refuses_quote_when_bound_source_hash_has_drifted
tests/upgrade_m7/test_quotes_universe.py::test_api_refuses_publication_without_a_matching_quote_manifest
tests/upgrade_m7/test_quotes_universe.py::test_quote_contract_is_versioned_and_preserves_legacy_fields
tests/upgrade_m7/test_semantic_registry.py::test_known_type_is_a_normal_attribute
tests/upgrade_m7/test_semantic_registry.py::test_keyword_is_only_a_review_hint_and_cannot_enter_normal_rank
tests/upgrade_m7/test_semantic_registry.py::test_exact_sector_id_override_wins_over_keyword_hint
tests/upgrade_m7/test_semantic_registry.py::test_excluded_role_remains_separate_from_attribute_class
tests/upgrade_m7/test_semantic_registry.py::test_unknown_sector_type_is_visible_but_not_a_normal_attribute
tests/upgrade_m7/test_semantic_registry.py::test_semantic_snapshot_rows_are_idempotent_and_immutable
tests/upgrade_m7/test_semantics_and_catalog.py::test_field_catalog_has_unique_fields_units_and_chinese_enum_mappings
tests/upgrade_m7/test_semantics_and_catalog.py::test_catalog_endpoint_and_versioned_contract_are_local
tests/upgrade_m7/test_semantics_and_catalog.py::test_publication_and_identity_analysis_extensions_are_opt_in
tests/upgrade_m7/test_semantics_and_catalog.py::test_v2_preview_requests_analysis_capabilities
tests/upgrade_m7/test_slice_coordinator.py::test_same_content_is_reused_and_sealed_once
tests/upgrade_m7/test_slice_coordinator.py::test_dependency_hash_changes_slice_and_missing_dependency_fails_closed
tests/upgrade_m7/test_slice_coordinator.py::test_security_batch_reader_filters_date_and_security
tests/upgrade_m7/test_source_freezer.py::test_manifest_is_versioned_atomic_and_verifiable
tests/upgrade_m7/test_source_freezer.py::test_manifest_detects_source_change_and_immutable_conflict
tests/upgrade_m7/test_source_freezer.py::test_manifest_rejects_workspace_escape
tests/upgrade_m7/test_source_freezer.py::test_directory_tree_hash_detects_content_change_without_count_change
tests/upgrade_m7/test_universe_scope.py::test_hushenbei_prefixes_are_one_shared_a_share_scope
tests/upgrade_m7/test_universe_scope.py::test_b_share_and_new_third_board_are_displayable_but_out_of_scope
tests/upgrade_m7/test_universe_scope.py::test_unknown_status_is_not_delisted
tests/upgrade_m7/test_universe_scope.py::test_identity_mismatch_cannot_promote_an_id
tests/upgrade_m7/test_universe_scope.py::test_summary_keeps_three_eligibility_denominators_explainable
tests/upgrade_m7/test_v2_ui_contract.py::test_v2_preview_assets_are_modular_and_not_the_legacy_iframe
tests/upgrade_m7/test_v2_ui_contract.py::test_v2_public_layer_has_versioned_contract_and_safe_evidence_flow
tests/upgrade_m7/test_v2_ui_contract.py::test_legacy_view_route_and_v2_route_are_both_bound
tests/upgrade_m7/test_v2_ui_contract.py::test_v2_http_serializes_duckdb_decimal_values
tests/upgrade_m7/test_v2_ui_contract.py::test_v2_renders_modal_rows_and_compacts_amounts
tests/upgrade_m7/test_window_planner.py::test_window_plan_uses_longest_dependency_and_separates_output_from_read_window
tests/upgrade_m7/test_window_planner.py::test_window_plan_reports_missing_observed_sessions_without_filling_them
tests/upgrade_m7/test_window_planner.py::test_window_plan_validates_maximum_output_window
tests/upgrade_m7/test_window_planner.py::test_api03_returns_publication_bound_plan
tests/upgrade_m8/test_chart_transform.py::test_raw_and_adjusted_chart_use_one_consistent_anchor
tests/upgrade_m8/test_chart_transform.py::test_missing_master_session_is_explicit_gap_and_breaks_ma
tests/upgrade_m8/test_chart_transform.py::test_chart_rejects_future_input_and_cache_key_separates_basis_and_fields
tests/upgrade_m8/test_chart_transform.py::test_chart_rejects_future_calendar_dates_and_duplicate_security_dates
tests/upgrade_m8/test_daily_coverage.py::test_coverage_is_date_local_and_separates_not_built_from_zero_hit
tests/upgrade_m8/test_daily_coverage.py::test_coverage_is_order_invariant_and_marks_missing_expected_universe
tests/upgrade_m8/test_daily_coverage.py::test_coverage_rejects_future_duplicate_and_non_reconstructed_inputs
tests/upgrade_m8/test_daily_coverage.py::test_coverage_never_falls_back_to_a_different_price_basis
tests/upgrade_m8/test_historical_structures.py::test_historical_structure_rows_reuse_mappings_and_keep_unknown_distinct_from_false
tests/upgrade_m8/test_historical_structures.py::test_summary_counts_unique_hits_and_marks_unknown_quality
tests/upgrade_m8/test_historical_structures.py::test_future_and_duplicate_structure_inputs_are_rejected
tests/upgrade_m8/test_historical_structures.py::test_unrecognized_string_flags_remain_unknown
tests/upgrade_m8/test_history_adapter.py::test_cross_sectional_rs_is_date_local_and_small_rps_is_null
tests/upgrade_m8/test_history_adapter.py::test_history_guard_rejects_current_snapshot_backfill_and_missing_membership_date
tests/upgrade_m8/test_history_adapter.py::test_sector_base_and_scanner_pipeline_are_deterministic_and_explicitly_reconstructed
tests/upgrade_m8/test_history_adapter.py::test_sector_base_requires_aligned_trade_dates
tests/upgrade_m8/test_history_adapter.py::test_conflicting_duplicate_membership_is_rejected_instead_of_last_wins
tests/upgrade_m8/test_limit_rules.py::test_decimal_prices_and_exact_limit_state_have_no_float_tolerance
tests/upgrade_m8/test_limit_rules.py::test_st_rule_is_selected_by_versioned_risk_status_and_new_period_is_unknown_not_none
tests/upgrade_m8/test_limit_rules.py::test_missing_rule_reference_and_ex_rights_are_unknown
tests/upgrade_m8/test_limit_rules.py::test_string_boolean_flags_are_parsed_explicitly
tests/upgrade_m8/test_limit_rules.py::test_rule_ranges_must_not_overlap_and_rounding_is_decimal
tests/upgrade_m8/test_limit_rules.py::test_price_boundary_moves_at_least_one_tick_when_rounding_collapses_to_previous_close
tests/upgrade_m8/test_limit_rules.py::test_public_rule_special_phase_is_unknown_without_treating_it_as_not_limit
tests/upgrade_m8/test_limit_rules.py::test_v11_missing_phase_or_ex_rights_evidence_is_unknown
tests/upgrade_m8/test_limit_rules.py::test_v11_unverified_rule_and_outside_boundary_are_not_exact
tests/upgrade_m8/test_local_reference_materializer.py::test_local_ohlc_reference_uses_previous_valid_raw_close_only
tests/upgrade_m8/test_local_reference_materializer.py::test_local_ohlc_does_not_promote_synthetic_bar_to_exact_reference
tests/upgrade_m8/test_local_reference_materializer.py::test_local_continuous_bars_stay_approximate_without_independent_reference_event
tests/upgrade_m8/test_local_reference_materializer.py::test_board_identity_is_configured_scope_only_and_not_a_limit_rule
tests/upgrade_m8/test_local_reference_materializer.py::test_normalized_input_gate_rejects_non_finite_values_and_duplicate_dates
tests/upgrade_m8/test_local_reference_materializer.py::test_normalized_input_gate_rejects_unknown_adjustment_status
tests/upgrade_m8/test_public_rule_registry_v11.py::test_public_registry_v11_is_effective_dated_and_source_bound
tests/upgrade_m8/test_public_rule_registry_v11.py::test_unresolved_bse_risk_branch_cannot_become_verified
tests/upgrade_m8/test_reference_capability.py::test_reference_capabilities_require_source_and_verified_share_unit
tests/upgrade_m8/test_reference_capability.py::test_report_counts_exact_unknown_unavailable_and_keeps_missing_null
tests/upgrade_m8/test_reference_capability.py::test_reference_input_future_and_duplicate_rows_are_rejected
tests/upgrade_m8/test_reference_capability.py::test_reference_storage_is_date_keyed_and_content_immutable
tests/upgrade_m8/test_reference_gate.py::test_gate_separates_exact_approximate_unknown_and_requires_verified_rule
tests/upgrade_m8/test_reference_gate.py::test_gate_is_order_invariant_and_json_report_has_no_nan
tests/upgrade_m8/test_reference_gate.py::test_gate_rejects_duplicate_keys
tests/upgrade_m8/test_reference_gate.py::test_string_false_rule_verification_cannot_open_capability
tests/upgrade_m8/test_rps_windows.py::test_new_high_uses_prior_window_only_and_equal_high_is_not_new
tests/upgrade_m8/test_rps_windows.py::test_each_high_window_has_its_own_streak_and_missing_is_unknown
tests/upgrade_m8/test_rps_windows.py::test_rps_uses_average_ties_divided_by_same_date_n
tests/upgrade_m8/test_rps_windows.py::test_rps_is_null_when_same_date_valid_universe_is_below_100
tests/upgrade_m8/test_rps_windows.py::test_high_and_strength_rows_write_to_immutable_m8a02_tables
tests/upgrade_m8/test_rps_windows.py::test_api11_reads_only_snapshot_bound_high_slices
tests/upgrade_m8/test_technical_contracts.py::test_technical_contract_uses_same_anchor_and_keeps_legacy_amount_ratio
tests/upgrade_m8/test_technical_contracts.py::test_missing_observation_is_not_skipped_to_fill_a_window
tests/upgrade_m8/test_technical_contracts.py::test_amount_classes_and_ma_alignment_have_explicit_boundaries
tests/upgrade_m8/test_technical_contracts.py::test_future_rows_are_rejected_before_factor_output
tests/upgrade_m8/test_technical_contracts.py::test_technical_rows_are_immutable_and_written_to_008_table
tests/upgrade_m8/test_technical_page_contract.py::test_technical_page_exposes_m8a04_filters_and_pagination
tests/upgrade_m8/test_technical_page_contract.py::test_technical_page_calls_api10_api11_api12_and_keeps_null_quality_visible
tests/upgrade_m9/test_member_state.py::test_strong_state_uses_three_state_predicates_and_separates_membership_changes
tests/upgrade_m9/test_member_state.py::test_unknown_is_not_false_and_future_duplicate_inputs_are_rejected
tests/upgrade_m9/test_member_state.py::test_member_rank_uses_ret20_without_rs20_fallback_or_preference
tests/upgrade_m9/test_member_state.py::test_diagnostic_only_hit_does_not_participate_in_strong_state
tests/upgrade_m9/test_representative_state.py::test_candidate_is_confirmed_on_second_consecutive_day
tests/upgrade_m9/test_representative_state.py::test_a_b_a_does_not_confirm_b_and_missing_day_makes_confirmed_stale
tests/upgrade_m9/test_sector_cycle.py::test_daily_vector_keeps_board_quote_separate_and_deduplicates_by_sector
tests/upgrade_m9/test_sector_cycle.py::test_daily_vector_is_stable_under_input_order_and_rejects_future_or_conflict
tests/upgrade_m9/test_sector_cycle.py::test_common_breadth_excludes_added_members_and_uses_same_valid_denominator
tests/upgrade_m9/test_sector_cycle.py::test_cycle_state_metrics_follow_m9_comparable_set_and_high_denominators
tests/upgrade_m9/test_sector_cycle.py::test_cycle_diffusion_is_expansion_when_comparison_coverage_is_sufficient
tests/upgrade_m9/test_sector_cycle.py::test_cycle_and_timeline_apis_read_only_bound_sector_cycle_snapshot
tests/upgrade_m9/test_sector_cycle_correctness.py::test_ma20_width_uses_adjusted_close_and_rs_does_not_fall_back_to_return
tests/upgrade_m9/test_sector_hierarchy.py::test_industry_root_and_leaf_ranks_are_separate
tests/upgrade_m9/test_sector_hierarchy.py::test_non_industry_sectors_remain_flat
tests/upgrade_m9/test_sector_layout_contract.py::test_sector_page_uses_separate_industry_tables_and_flat_table
tests/upgrade_v3/test_daily_research_metadata_binding.py::test_research_builder_uses_versioned_metadata_root_from_source_bundle
tests/upgrade_v3/test_daily_research_metadata_binding.py::test_research_builder_fails_closed_on_metadata_hash_mismatch
tests/upgrade_v3/test_daily_research_metadata_binding.py::test_v3_page_renders_the_service_error_instead_of_generic_log_message
tests/upgrade_v3/test_focus_00_contracts.py::test_sources_have_separate_episode_ids_and_canonical_hash_input
tests/upgrade_v3/test_focus_00_contracts.py::test_upgrade_twice_is_one_episode_with_two_distinct_anchors
tests/upgrade_v3/test_focus_00_contracts.py::test_complete_absence_exits_but_unavailable_source_does_not
tests/upgrade_v3/test_focus_00_contracts.py::test_reentry_new_episode_and_exit_stays_in_tracking_union
tests/upgrade_v3/test_focus_00_contracts.py::test_model_boundary_is_not_market_entry_or_exit
tests/upgrade_v3/test_focus_00_contracts.py::test_boundary_only_old_is_unknown_and_only_new_is_baseline
tests/upgrade_v3/test_focus_00_contracts.py::test_ast_unknown_is_not_false_and_missing_bar_breaks_consecutive
tests/upgrade_v3/test_focus_00_contracts.py::test_reanchored_path_uses_same_adjustment_basis_and_trading_calendar
tests/upgrade_v3/test_focus_00_contracts.py::test_frozen_coefficients_remove_future_adjustment_from_prior_observation
tests/upgrade_v3/test_focus_00_contracts.py::test_still_listed_but_invalidated_is_orthogonal_to_membership
tests/upgrade_v3/test_focus_00_contracts.py::test_unknown_higher_priority_does_not_become_false
tests/upgrade_v3/test_focus_00_contracts.py::test_weakening_precedes_sideways_secondary_tag
tests/upgrade_v3/test_focus_00_contracts.py::test_sector_exit_and_path_damage_remain_separate
tests/upgrade_v3/test_focus_00_contracts.py::test_compiled_invalidation_preserves_unknown_frozen_price
tests/upgrade_v3/test_focus_00_contracts.py::test_outcome_uses_fixed_session_and_audited_gap_statuses
tests/upgrade_v3/test_focus_00_contracts.py::test_completed_episode_leaves_daily_pool_only_after_all_mandatory_outcomes
tests/upgrade_v3/test_focus_00_contracts.py::test_invalidation_and_later_sector_support_do_not_change_membership
tests/upgrade_v3/test_focus_00_contracts.py::test_scenario_change_and_same_day_revision_do_not_split_episode
tests/upgrade_v3/test_focus_02_daily_plan.py::test_cross_source_same_stock_keeps_two_decisions_one_shared_path
tests/upgrade_v3/test_focus_02_daily_plan.py::test_exited_pending_episode_remains_in_fact_union
tests/upgrade_v3/test_focus_02_daily_plan.py::test_union_hard_gates_cover_pending_and_due_entities
tests/upgrade_v3/test_focus_02_daily_plan.py::test_contract_rekey_still_covers_same_entity
tests/upgrade_v3/test_focus_02_daily_plan.py::test_selection_contract_boundary_rekeys_without_losing_pending_entity
tests/upgrade_v3/test_focus_02_daily_plan.py::test_reentry_tracks_old_followup_and_new_episode_independently
tests/upgrade_v3/test_focus_02_daily_plan.py::test_reentered_sector_keeps_both_episode_baskets
tests/upgrade_v3/test_focus_02_daily_plan.py::test_predecessor_reader_rejects_replay_required_head
tests/upgrade_v3/test_focus_02_daily_plan.py::test_sector_entry_basket_stays_frozen_while_contemporary_changes
tests/upgrade_v3/test_focus_02_daily_plan.py::test_new_sector_episode_freezes_current_publication_basket
tests/upgrade_v3/test_focus_02_materialize.py::test_materialize_real_bar_path_and_immutable_artifact
tests/upgrade_v3/test_focus_02_materialize.py::test_materialize_missing_bar_fails_closed
tests/upgrade_v3/test_focus_02_materialize.py::test_shared_scan_projects_two_anchors_without_merging_source_semantics
tests/upgrade_v3/test_focus_02_materialize.py::test_materialize_rejects_artifact_identity_mismatch
tests/upgrade_v3/test_focus_02_materialize.py::test_sector_basket_uses_bound_revision_and_deduplicates_members
tests/upgrade_v3/test_focus_02_materialize.py::test_sector_median_and_coverage_gate
tests/upgrade_v3/test_focus_02_materialize.py::test_frozen_sector_nav_breaks_at_gap_and_does_not_bridge
tests/upgrade_v3/test_focus_02_materialize.py::test_frozen_sector_anchor_requires_actual_covered_members
tests/upgrade_v3/test_focus_02_member_strength.py::test_retention_uses_previously_strong_members_only
tests/upgrade_v3/test_focus_02_member_strength.py::test_retention_unknown_for_membership_drift_or_missing_strong_member
tests/upgrade_v3/test_focus_03_capabilities.py::test_unpublished_extended_and_unstructured_v3_invalidation_are_not_applicable
tests/upgrade_v3/test_focus_03_capabilities.py::test_unknown_source_contract_fails_closed
tests/upgrade_v3/test_focus_03_capabilities.py::test_unprovided_paths_are_not_advertised
tests/upgrade_v3/test_focus_03_capabilities.py::test_runtime_missing_provider_is_contract_error_but_null_value_is_allowed
tests/upgrade_v3/test_focus_03_capabilities.py::test_static_claim_without_registered_provider_is_contract_error
tests/upgrade_v3/test_focus_03_core_input_closure.py::test_exact_batch_has_stable_closure_digest
tests/upgrade_v3/test_focus_03_core_input_closure.py::test_missing_or_duplicate_observation_blocks_core_batch
tests/upgrade_v3/test_focus_03_core_input_closure.py::test_pending_followup_not_covered_by_plan_blocks_publication
tests/upgrade_v3/test_focus_03_core_input_closure.py::test_changed_source_or_stock_digest_blocks_core_batch
tests/upgrade_v3/test_focus_03_date_resolution.py::test_explicit_trade_date_matches_postgres_date_value
tests/upgrade_v3/test_focus_03_manifest.py::test_manifest_records_release_gates_and_is_immutable
tests/upgrade_v3/test_focus_03_manifest.py::test_manifest_rejects_missing_shared_fact
tests/upgrade_v3/test_focus_03_observation.py::test_six_dimensions_keep_missing_factor_as_unknown
tests/upgrade_v3/test_focus_03_observation.py::test_nonapplicable_structure_branch_is_explicit
tests/upgrade_v3/test_focus_03_observation.py::test_price_fact_cannot_be_overridden_by_predicate_inputs
tests/upgrade_v3/test_focus_03_observation.py::test_active_membership_cannot_be_marked_complete
tests/upgrade_v3/test_focus_03_observation.py::test_unknown_high_priority_keeps_known_lower_priority_evidence
tests/upgrade_v3/test_focus_03_recovery_invalidation.py::test_recovery_uses_the_signal_day_frozen_ma_kind
tests/upgrade_v3/test_focus_03_recovery_invalidation.py::test_recovery_missing_frozen_ma_kind_fails_closed
tests/upgrade_v3/test_focus_03_replay_gate.py::test_replay_gate_composes_schema_and_date_cutoff
tests/upgrade_v3/test_focus_03_replay_gate.py::test_replay_gate_rejects_first_pending_earlier_head
tests/upgrade_v3/test_focus_03_v33_scanner_facts.py::test_exact_source_check_inverts_to_structure_break
tests/upgrade_v3/test_focus_03_v33_scanner_facts.py::test_missing_check_stays_unknown
tests/upgrade_v3/test_focus_03_v33_scanner_facts.py::test_conflicting_branches_and_wrong_identity_fail_closed
tests/upgrade_v3/test_focus_07a_continuation_transaction.py::test_continuation_persistent_exit_reentry_and_rollback
tests/upgrade_v3/test_focus_07a_continuation_transaction.py::test_continuation_failure_rolls_back_before_head_commit
tests/upgrade_v3/test_focus_07a_continuation_transaction.py::test_continuation_projection_failure_rolls_back_head_activation
tests/upgrade_v3/test_focus_07a_continuation_transaction.py::test_continuation_commits_only_after_projection_check
tests/upgrade_v3/test_focus_07a_continuation_transaction.py::test_reentry_writes_old_followup_and_new_episode_observations
tests/upgrade_v3/test_focus_07a_daily_runner.py::test_next_day_preflight_uses_continuation_batch
tests/upgrade_v3/test_focus_07a_daily_runner.py::test_preflight_does_not_publish_or_settle
tests/upgrade_v3/test_focus_07a_daily_runner.py::test_apply_settles_only_after_core_activation
tests/upgrade_v3/test_focus_07a_daily_runner.py::test_outcome_failure_does_not_relabel_committed_core
tests/upgrade_v3/test_focus_07a_daily_runner.py::test_next_day_apply_uses_continuation_writer
tests/upgrade_v3/test_focus_07a_head_plan.py::test_initial_and_next_day_are_distinct
tests/upgrade_v3/test_focus_07a_head_plan.py::test_same_day_revision_keeps_previous_date_predecessor
tests/upgrade_v3/test_focus_07a_head_plan.py::test_replay_and_invalid_predecessor_fail_closed
tests/upgrade_v3/test_focus_07a_history_window.py::test_long_episode_start_is_not_truncated_to_fixed_days
tests/upgrade_v3/test_focus_07a_history_window.py::test_previous_session_is_kept_when_no_stock_path_exists
tests/upgrade_v3/test_focus_07a_history_window.py::test_required_lookback_can_extend_before_episode_start
tests/upgrade_v3/test_focus_07a_history_window.py::test_missing_anchor_or_previous_session_fails_closed
tests/upgrade_v3/test_focus_07a_path_fact_index.py::test_continuing_episode_uses_original_start_key
tests/upgrade_v3/test_focus_07a_path_fact_index.py::test_multiple_anchors_for_same_security_stay_distinct
tests/upgrade_v3/test_focus_07a_path_fact_index.py::test_missing_or_duplicate_fact_fails_before_observation
tests/upgrade_v3/test_focus_07a_post_sync_stage.py::test_focus_runs_only_after_exact_accepted_sync
tests/upgrade_v3/test_focus_07a_post_sync_stage.py::test_preflight_then_apply_and_report_ready
tests/upgrade_v3/test_focus_07a_post_sync_stage.py::test_preflight_failure_never_applies
tests/upgrade_v3/test_focus_07a_post_sync_stage.py::test_settlement_degradation_preserves_core_activation
tests/upgrade_v3/test_focus_07a_post_sync_stage.py::test_closed_release_gate_runs_preflight_only
tests/upgrade_v3/test_focus_07a_post_sync_stage.py::test_identity_failure_is_reported_without_blocking_focus_preflight
tests/upgrade_v3/test_focus_07a_post_sync_stage.py::test_identity_registration_precedes_focus_preflight
tests/upgrade_v3/test_focus_07a_tracking_context.py::test_exited_key_uses_exact_frozen_episode_source
tests/upgrade_v3/test_focus_07a_tracking_context.py::test_missing_or_wrong_historical_identity_fails_closed
tests/upgrade_v3/test_focus_07a_tracking_context.py::test_new_episode_uses_today_source
tests/upgrade_v3/test_focus_07a_tracking_context.py::test_reentry_source_row_does_not_replace_old_episode_origin
tests/upgrade_v3/test_focus_07a_tracking_context.py::test_source_model_boundary_keeps_old_episode_and_uses_current_source_context
tests/upgrade_v3/test_focus_07b_actual_traded_path.py::test_resumed_stock_path_uses_traded_bars_and_records_suspension
tests/upgrade_v3/test_focus_07b_actual_traded_path.py::test_unverified_gap_stays_unavailable_after_trading_resumes
tests/upgrade_v3/test_focus_07b_actual_traded_path.py::test_suspension_does_not_count_as_consecutive_predicate_day
tests/upgrade_v3/test_focus_07b_actual_traded_path.py::test_anchor_or_target_suspension_cannot_make_ready_path
tests/upgrade_v3/test_focus_07b_actual_traded_path.py::test_confirmed_suspension_requires_consistent_audited_status_flags
tests/upgrade_v3/test_focus_07b_capability_preflight.py::test_release_preflight_rejects_advertised_path_without_provider
tests/upgrade_v3/test_focus_07b_frozen_invalidation_facts.py::test_only_explicit_launch_threshold_is_frozen
tests/upgrade_v3/test_focus_07b_frozen_invalidation_facts.py::test_missing_threshold_does_not_fall_back_to_unrelated_low
tests/upgrade_v3/test_focus_07b_frozen_invalidation_facts.py::test_recovery_ma_identity_requires_unique_true_branch
tests/upgrade_v3/test_focus_07b_frozen_invalidation_facts.py::test_same_day_revision_keeps_old_frozen_facts_and_selects_accepted_revision
tests/upgrade_v3/test_focus_07b_pit_rps.py::test_pit_rps20_delta_uses_accepted_date_universes_and_t_minus_3
tests/upgrade_v3/test_focus_07b_pit_rps.py::test_pit_rps20_excludes_security_outside_t_minus_3_universe
tests/upgrade_v3/test_focus_07b_pit_rps.py::test_pit_rps20_fails_closed_below_minimum_cross_section
tests/upgrade_v3/test_focus_07b_pit_rps.py::test_pit_rps20_requires_120_actual_bars_within_bounded_history
tests/upgrade_v3/test_focus_07b_post_exit_invalidation.py::test_post_exit_keeps_evaluating_frozen_price_thesis
tests/upgrade_v3/test_focus_07b_predicate_facts_by_date.py::test_minimal_window_prices_ma_and_frozen_basis
tests/upgrade_v3/test_focus_07b_predicate_facts_by_date.py::test_missing_actual_bar_never_forward_fills
tests/upgrade_v3/test_focus_07b_predicate_facts_by_date.py::test_gap_session_state_is_explicit_and_distinguishes_source_coverage
tests/upgrade_v3/test_focus_07b_predicate_facts_by_date.py::test_rps_history_requires_explicit_provider_identity_and_identity_mismatch_fails
tests/upgrade_v3/test_focus_07b_predicate_facts_by_date.py::test_pre_signal_day_cannot_satisfy_two_day_invalidation
tests/upgrade_v3/test_focus_07b_predicate_facts_by_date.py::test_second_episode_day_uses_both_actual_bars
tests/upgrade_v3/test_focus_07b_predicate_requirements.py::test_launch_requires_two_sessions_and_frozen_price
tests/upgrade_v3/test_focus_07b_predicate_requirements.py::test_recovery_requires_dynamic_ma_history_and_rps_delta
tests/upgrade_v3/test_focus_07b_predicate_requirements.py::test_nested_consecutive_windows_overlap
tests/upgrade_v3/test_focus_07b_predicate_requirements.py::test_invalid_ast_fails_closed[ast0]
tests/upgrade_v3/test_focus_07b_predicate_requirements.py::test_invalid_ast_fails_closed[ast1]
tests/upgrade_v3/test_focus_07b_predicate_requirements.py::test_invalid_ast_fails_closed[ast2]
tests/upgrade_v3/test_focus_07b_technical_identity.py::test_json_text_and_decoded_json_have_same_canonical_identity
tests/upgrade_v3/test_focus_07b_technical_identity.py::test_canonical_identity_rejects_semantic_change_and_invalid_json
tests/upgrade_v3/test_focus_07b_validity_capability.py::test_v3_formal_rule_is_not_applicable
tests/upgrade_v3/test_focus_07b_validity_capability.py::test_v33_missing_window_is_unavailable
tests/upgrade_v3/test_focus_07b_validity_capability.py::test_v33_known_rule_result_is_applicable
tests/upgrade_v3/test_focus_07b_validity_capability.py::test_v3_cannot_claim_executable_invalidation
tests/upgrade_v3/test_focus_07b_validity_capability.py::test_known_result_without_rule_evidence_fails_closed
tests/upgrade_v3/test_focus_07c_gap_semantics.py::test_session_classification_keeps_suspension_gap_and_source_unavailable_distinct
tests/upgrade_v3/test_focus_07c_gap_semantics.py::test_unverified_suspension_markers_fail_closed
tests/upgrade_v3/test_focus_07c_gap_semantics.py::test_session_predicates_do_not_skip_confirmed_suspension[CONSECUTIVE]
tests/upgrade_v3/test_focus_07c_gap_semantics.py::test_session_predicates_do_not_skip_confirmed_suspension[ROLLING]
tests/upgrade_v3/test_focus_07c_gap_semantics.py::test_price_path_bridges_only_internal_confirmed_suspensions
tests/upgrade_v3/test_focus_07c_gap_semantics.py::test_consecutive_predicate_is_unknown_with_auditable_gap_reason[SUSPENDED]
tests/upgrade_v3/test_focus_07c_gap_semantics.py::test_consecutive_predicate_is_unknown_with_auditable_gap_reason[DATA_GAP]
tests/upgrade_v3/test_focus_07c_gap_semantics.py::test_consecutive_predicate_is_unknown_with_auditable_gap_reason[SOURCE_UNAVAILABLE]
tests/upgrade_v3/test_focus_07c_path_state_v2.py::test_unresolved_higher_priority_keeps_confirmed_candidate
tests/upgrade_v3/test_focus_07c_path_state_v2.py::test_lower_priority_unknown_does_not_block_confirmed_primary
tests/upgrade_v3/test_focus_07c_path_state_v2.py::test_false_higher_priority_allows_lower_true_primary
tests/upgrade_v3/test_focus_07c_path_state_v2.py::test_higher_priority_true_wins_over_lower_true
tests/upgrade_v3/test_focus_07c_path_state_v2.py::test_resolution_uses_versioned_order_not_json_object_key_order
tests/upgrade_v3/test_focus_07c_path_state_v2.py::test_no_confirmed_predicate_with_gap_is_unavailable
tests/upgrade_v3/test_focus_07c_path_state_v2.py::test_all_false_is_ready_unclassified
tests/upgrade_v3/test_focus_07c_path_state_v2.py::test_same_priority_confirmed_states_are_ambiguous
tests/upgrade_v3/test_focus_07c_path_state_v2.py::test_higher_unknown_with_same_tier_confirmed_states_is_partial
tests/upgrade_v3/test_focus_07c_path_state_v2.py::test_incomplete_priority_contract_is_rejected
tests/upgrade_v3/test_focus_ordered_replay_writer.py::test_replay_preview_is_bounded_and_does_not_write
tests/upgrade_v3/test_focus_ordered_replay_writer.py::test_replay_apply_rebuilds_and_activates_dates_in_order
tests/upgrade_v3/test_p00_03_contracts.py::test_p00_03_contract_bundle_is_frozen_and_single_sourced
tests/upgrade_v3/test_p00_03_contracts.py::test_p00_03_reason_catalog_labels_are_stable
tests/upgrade_v3/test_p00_03_contracts.py::test_p00_03_synthetic_fixture_set_is_not_market_evidence
tests/upgrade_v3/test_p00_03_contracts.py::test_p00_03_request_schema_rejects_invalid_enum_and_unknown_field
tests/upgrade_v3/test_p00_03_contracts.py::test_p00_03_dto_rejects_null_nonnullable_and_reason_label_drift
tests/upgrade_v3/test_p00_03_contracts.py::test_r19_01_context_discriminates_ready_not_built_and_online_without_fake_run
tests/upgrade_v3/test_p00_03_contracts.py::test_c20_13_current_sector_card_may_have_no_potential_lifecycle
tests/upgrade_v3/test_p00_03_contracts.py::test_c20_12_page_envelope_can_report_eligible_total_and_display_limit
tests/upgrade_v3/test_p00_03_contracts.py::test_c20_12_accepts_legacy_total_eligible_only_and_rejects_alias_drift
tests/upgrade_v3/test_p00_03_contracts.py::test_r19_01_page_context_accepts_not_built_without_fake_snapshot
tests/upgrade_v3/test_p00_03_contracts.py::test_c20_01_date_requires_real_calendar_day_and_accepts_leap_day
tests/upgrade_v3/test_p00_03_contracts.py::test_c20_01_timestamp_requires_iso8601_timezone
tests/upgrade_v3/test_p00_03_contracts.py::test_c20_01_numbers_and_scalar_numbers_must_be_finite
tests/upgrade_v3/test_p01_01_lock_scope.py::test_hot_rank_route_skips_request_scope
tests/upgrade_v3/test_p01_01_lock_scope.py::test_hot_rank_network_wait_does_not_block_short_local_read
tests/upgrade_v3/test_p01_01_lock_scope.py::test_send_marks_disconnected_client_closed
tests/upgrade_v3/test_p01_02_hot_rank.py::test_local_pagination_slices_before_quote_and_keeps_total
tests/upgrade_v3/test_p01_02_hot_rank.py::test_upstream_page_is_not_offset_again
tests/upgrade_v3/test_p01_02_hot_rank.py::test_all_sources_run_independently_and_report_partial_failure
tests/upgrade_v3/test_p01_02_hot_rank.py::test_all_sources_are_submitted_concurrently
tests/upgrade_v3/test_p01_02_hot_rank.py::test_total_timeout_fails_only_the_slow_source
tests/upgrade_v3/test_p01_03_evidence_modal.py::test_evidence_is_a_static_modal_section_not_a_table_expansion
tests/upgrade_v3/test_p01_03_evidence_modal.py::test_modal_boundaries_and_focus_contract_remain_explicit
tests/upgrade_v3/test_p01_03_evidence_modal.py::test_modal_async_paths_reject_stale_responses
tests/upgrade_v3/test_p02_01_relations.py::test_hashes_ignore_observation_date_and_name_but_attribute_hash_changes_on_name
tests/upgrade_v3/test_p02_01_relations.py::test_diff_reports_add_remove_and_source_kind_change
tests/upgrade_v3/test_p02_01_relations.py::test_repository_writes_only_changed_intervals_and_resolves_old_revisions
tests/upgrade_v3/test_p02_01_relations.py::test_invalid_empty_or_incomplete_source_does_not_close_existing_edges
tests/upgrade_v3/test_p02_02_relations.py::test_imports_legacy_snapshots_and_preserves_date_and_derived_basis
tests/upgrade_v3/test_p02_03_hierarchy.py::test_semantic_version_ignores_observation_identity_and_names
tests/upgrade_v3/test_p02_03_hierarchy.py::test_ensure_hierarchy_reuses_semantic_tree_when_source_observation_changes
tests/upgrade_v3/test_p02_03_hierarchy.py::test_parent_members_union_direct_and_derived_without_duplicates
tests/upgrade_v3/test_p02_03_hierarchy.py::test_parent_members_cache_is_namespaced_by_source_scope
tests/upgrade_v3/test_p02_04_publication_binding.py::test_publication_binds_relation_observation_and_reuses_stable_edges
tests/upgrade_v3/test_p02_04_publication_binding.py::test_relation_binding_is_atomic_with_publication_commit
tests/upgrade_v3/test_p02_04_publication_binding.py::test_same_members_on_new_trade_date_adds_observation_not_edges
tests/upgrade_v3/test_p02_04_publication_binding.py::test_publication_binding_refuses_ambiguous_source_namespace
tests/upgrade_v3/test_p03_01_result_objects.py::test_same_value_different_slice_identity_shares_one_verified_object
tests/upgrade_v3/test_p03_01_result_objects.py::test_quality_or_semantic_contract_change_does_not_share_object
tests/upgrade_v3/test_p03_01_result_objects.py::test_missing_result_binding_fails_closed
tests/upgrade_v3/test_p03_02_high.py::test_high_result_rows_preserve_all_four_windows_and_share_content
tests/upgrade_v3/test_p03_02_high.py::test_high_value_change_does_not_share_object
tests/upgrade_v3/test_p03_02_strength.py::test_strength_result_rows_share_content_but_preserve_slice_bindings
tests/upgrade_v3/test_p03_02_strength.py::test_strength_quality_change_does_not_share_object
tests/upgrade_v3/test_p03_02_technical.py::test_technical_result_rows_share_content_but_preserve_slice_bindings
tests/upgrade_v3/test_p03_02_technical.py::test_technical_result_quality_change_does_not_share_object
tests/upgrade_v3/test_p03_03_member_state.py::test_member_state_result_rows_share_content_and_preserve_binding
tests/upgrade_v3/test_p03_03_member_state.py::test_member_state_json_value_change_does_not_share_object
tests/upgrade_v3/test_p03_03_structure.py::test_structure_result_rows_share_content_and_preserve_binding
tests/upgrade_v3/test_p03_03_structure.py::test_structure_evidence_change_does_not_share_object
tests/upgrade_v3/test_p03_03_summary.py::test_summary_result_rows_share_content_preserve_identity_and_cut_read
tests/upgrade_v3/test_p03_03_summary.py::test_summary_value_or_quality_change_does_not_share_object
tests/upgrade_v3/test_p04_01_build_planner.py::test_new_trading_day_only_appends_the_new_day
tests/upgrade_v3/test_p04_01_build_planner.py::test_sector_name_change_does_not_recompute_stock_indicators
tests/upgrade_v3/test_p04_01_build_planner.py::test_relation_change_stays_inside_affected_sector_and_has_no_technical_work
tests/upgrade_v3/test_p04_01_build_planner.py::test_price_revision_replans_rps_cross_section_and_propagates_state
tests/upgrade_v3/test_p04_01_build_planner.py::test_price_revision_updates_market_and_requires_a_known_sector_mapping
tests/upgrade_v3/test_p04_01_build_planner.py::test_explicit_empty_membership_does_not_fallback_to_all_securities
tests/upgrade_v3/test_p04_01_build_planner.py::test_missing_membership_mapping_fails_closed
tests/upgrade_v3/test_p04_01_build_planner.py::test_unknown_parameter_domain_is_not_silently_skipped
tests/upgrade_v3/test_p04_01_build_planner.py::test_identical_dependency_input_has_no_work_and_is_idempotent
tests/upgrade_v3/test_p04_01_build_planner.py::test_adjustment_anchor_change_reaches_cutoff_without_rewriting_unrelated_stock_history
tests/upgrade_v3/test_p04_01_build_planner.py::test_adjustment_anchor_change_closes_sector_member_and_market_dependencies
tests/upgrade_v3/test_p04_02_incremental_writer.py::test_real_technical_writer_repeated_three_times_adds_no_business_rows_on_retries
tests/upgrade_v3/test_p04_02_incremental_writer.py::test_snapshot_binding_is_committed_only_after_all_planned_objects_succeed
tests/upgrade_v3/test_p04_02_incremental_writer.py::test_same_domain_date_tasks_can_share_one_slice_before_snapshot_binding
tests/upgrade_v3/test_p04_02_incremental_writer.py::test_failed_domain_writer_rolls_back_rows_and_does_not_bind_snapshot
tests/upgrade_v3/test_p04_02_incremental_writer.py::test_partial_target_cannot_bind_publication
tests/upgrade_v3/test_p04_02_incremental_writer.py::test_frame_business_keys_must_match_covered_plan_tasks
tests/upgrade_v3/test_p04_02_incremental_writer.py::test_default_executor_matrix_is_explicit_and_unsupported_domain_fails_closed
tests/upgrade_v3/test_p04_02_incremental_writer.py::test_execute_daily_calculates_from_raw_input_and_binds_complete_scoped_plan
tests/upgrade_v3/test_p04_02_incremental_writer.py::test_reuse_reference_requires_existing_bound_slice_and_can_complete_snapshot
tests/upgrade_v3/test_p04_02_incremental_writer.py::test_reuse_reference_cannot_cross_security_scope_on_same_domain_date
tests/upgrade_v3/test_p04_02_incremental_writer.py::test_object_outside_build_plan_is_rejected_before_database_write
tests/upgrade_v3/test_p04_02_integration.py::test_daily_source_reader_materializes_only_the_task_lookback
tests/upgrade_v3/test_p04_02_integration.py::test_default_daily_targets_are_only_bound_v3_result_domains
tests/upgrade_v3/test_p04_02_integration.py::test_v3_daily_entry_calculates_reuses_binds_and_is_idempotent
tests/upgrade_v3/test_p04_02_integration.py::test_v3_daily_entry_builds_two_adjacent_cutoffs_without_multiplying_rows
tests/upgrade_v3/test_p04_02_integration.py::test_v3_daily_entry_accepts_historical_price_revision_plan_scope
tests/upgrade_v3/test_p04_02_integration.py::test_v3_daily_entry_accepts_relation_change_without_technical_recalculation
tests/upgrade_v3/test_p04_02_remediation.py::test_run_today_uses_single_incremental_analysis_process
tests/upgrade_v3/test_p04_02_remediation.py::test_incremental_preview_filters_inputs_and_preserves_history
tests/upgrade_v3/test_p04_02_remediation.py::test_incremental_preview_preserves_prior_dates_without_rewriting_them
tests/upgrade_v3/test_p04_03_02_resolver.py::test_resolver_rebuilds_missing_extraction_from_retained_package
tests/upgrade_v3/test_p04_03_02_resolver.py::test_resolver_supports_legacy_receipt_without_staged_path
tests/upgrade_v3/test_p04_03_02_resolver.py::test_resolver_rejects_tampered_retained_package_before_writing
tests/upgrade_v3/test_p04_03_03_storage_preview.py::test_v3_preview_retains_recent_two_and_never_writes_cleanup_plan
tests/upgrade_v3/test_p04_03_03_storage_preview.py::test_v3_cache_preview_fails_closed_when_budget_is_exceeded
tests/upgrade_v3/test_p04_03_03_storage_preview.py::test_storage_reference_audit_reports_stale_flag_without_mutation
tests/upgrade_v3/test_p04_03_03_storage_preview.py::test_source_catalog_audit_keeps_unregistered_receipts_read_only
tests/upgrade_v3/test_p04_03_04_backup_audit.py::test_daily_preview_builder_has_no_automatic_full_backup_call
tests/upgrade_v3/test_p04_03_04_backup_audit.py::test_manual_recovery_and_migration_paths_remain_explicit_maintenance_operations
tests/upgrade_v3/test_p04_03_05_backup_chain_audit.py::test_audit_reconciles_database_manifest_and_objects_without_writing_catalog
tests/upgrade_v3/test_p04_03_05_backup_chain_audit.py::test_audit_marks_missing_database_and_keeps_orphan_objects_visible
tests/upgrade_v3/test_p04_03_06_backup_chain_classification.py::test_chain_classification_is_conservative_and_non_destructive
tests/upgrade_v3/test_p04_03_07_backup_orphan_provenance.py::test_orphan_manifest_links_to_active_storage_object_but_stays_user_decision
tests/upgrade_v3/test_p04_03_07_backup_orphan_provenance.py::test_orphan_database_self_hash_is_evidence_not_catalog_ownership
tests/upgrade_v3/test_p04_03_source_catalog.py::test_sealed_bundle_catalog_records_metadata_files_idempotently
tests/upgrade_v3/test_p04_03_source_catalog.py::test_same_package_retains_changed_metadata_snapshot_as_versioned_file
tests/upgrade_v3/test_p04_03_source_catalog.py::test_backfill_source_file_catalog_is_atomic_and_retains_shared_bundle_refs
tests/upgrade_v3/test_p04_03_source_catalog.py::test_backfill_source_file_catalog_rolls_back_on_invalid_bundle
tests/upgrade_v3/test_p05_01_research_features.py::test_manual_raw_windows_units_and_bound_identity
tests/upgrade_v3/test_p05_01_research_features.py::test_missing_calendar_day_does_not_compress_and_future_is_ignored
tests/upgrade_v3/test_p05_01_research_features.py::test_suspension_zero_volatility_and_ex_right_use_fail_closed_or_adjusted_price
tests/upgrade_v3/test_p05_01_research_features.py::test_turnover_and_price_basis_fail_closed
tests/upgrade_v3/test_p05_01_research_features.py::test_missing_or_unverified_adjustment_identity_fails_closed
tests/upgrade_v3/test_p05_01_research_features.py::test_context_duplicate_and_cutoff_guards
tests/upgrade_v3/test_p05_02_stock_attention.py::test_setup_accepts_micro_decline_and_all_predicates_are_explained
tests/upgrade_v3/test_p05_02_stock_attention.py::test_liquidity_is_required_for_setup_and_recovery
tests/upgrade_v3/test_p05_02_stock_attention.py::test_breakout_boundary_and_new_high_not_automatically_extended
tests/upgrade_v3/test_p05_02_stock_attention.py::test_extended_rejects_research_but_not_trend_fact
tests/upgrade_v3/test_p05_02_stock_attention.py::test_recovery_and_two_session_structure_break_are_strict
tests/upgrade_v3/test_p05_02_stock_attention.py::test_trend_background_does_not_create_focus_and_null_is_unknown
tests/upgrade_v3/test_p05_03_distribution.py::test_distribution_separates_true_false_unknown_and_explains_each
tests/upgrade_v3/test_p06_01_sector_current.py::test_current_is_same_type_relative_member_quote_fact_not_long_term_rank
tests/upgrade_v3/test_p06_01_sector_current.py::test_current_excludes_style_sectors_even_when_their_numbers_pass
tests/upgrade_v3/test_p06_01_sector_current.py::test_concentration_and_downward_breadth_are_not_waived_by_amount_or_rank
tests/upgrade_v3/test_p06_01_sector_current.py::test_weak_second_branch_uses_bound_common_member_breadth_delta
tests/upgrade_v3/test_p06_01_sector_current.py::test_market_coverage_failure_is_unknown_not_a_silent_pass
tests/upgrade_v3/test_p06_01_sector_current.py::test_potential_breadth_uses_full_member_signals_and_is_mutually_exclusive_with_current
tests/upgrade_v3/test_p06_01_sector_current.py::test_potential_missing_risk_or_common_history_is_unknown_not_false
tests/upgrade_v3/test_p06_03_episode.py::test_episode_first_signal_is_not_backwritten_and_confirms_current
tests/upgrade_v3/test_p06_03_episode.py::test_episode_has_one_monitoring_day_then_condition_lost_and_requires_two_day_reset
tests/upgrade_v3/test_p06_03_episode.py::test_data_gap_advances_age_without_becoming_failure_and_hard_invalidation_wins
tests/upgrade_v3/test_p06_03_episode.py::test_ten_session_sequence_expires_on_fifth_qualified_age_without_resetting
tests/upgrade_v3/test_p07_01_member_roles.py::test_today_leader_uses_same_day_rank_not_ret20_and_keeps_extended_fact
tests/upgrade_v3/test_p07_01_member_roles.py::test_early_watch_is_independent_and_does_not_fill_from_current_or_old_leader
tests/upgrade_v3/test_p07_01_member_roles.py::test_role_qualification_is_complete_and_missing_quote_is_explainable
tests/upgrade_v3/test_p07_02_association.py::test_primary_is_not_fixed_to_first_sector_and_loo_failure_keeps_alternative
tests/upgrade_v3/test_p07_02_association.py::test_current_and_early_lists_are_independent_but_dual_hit_stays_out_of_early_focus
tests/upgrade_v3/test_p07_02_association.py::test_early_loo_requires_two_other_early_members_and_preserves_waiting_reason
tests/upgrade_v3/test_p07_02_association.py::test_current_focus_uses_configured_cap_instead_of_hiding_after_three_members
tests/upgrade_v3/test_p07_03_research_runs.py::test_input_key_is_stable_and_same_run_is_idempotently_reused
tests/upgrade_v3/test_p07_03_research_runs.py::test_complete_is_atomic_and_failed_run_is_not_visible
tests/upgrade_v3/test_p07_03_research_runs.py::test_complete_seals_compact_sector_role_and_shortlist_rows_in_one_visibility_boundary
tests/upgrade_v3/test_p07_03_research_runs.py::test_job_contract_rejects_unknown_and_invalid_date
tests/upgrade_v3/test_p07_03_research_runs.py::test_builder_declares_the_complete_stage_order_and_job_entrypoint
tests/upgrade_v3/test_p08_01_research_api.py::test_context_is_not_built_without_complete_run_and_unknown_id_is_rejected
tests/upgrade_v3/test_p08_01_research_api.py::test_context_and_sector_queries_only_expose_complete_run_and_total_precedes_page
tests/upgrade_v3/test_p08_01_research_api.py::test_context_date_and_filter_contracts_fail_closed
tests/upgrade_v3/test_p08_01_research_api.py::test_context_http_route_returns_not_built_without_starting_a_build
tests/upgrade_v3/test_p08_02_research_ui.py::test_v3_page_has_two_tracks_member_preview_and_race_protection
tests/upgrade_v3/test_p08_02_research_ui.py::test_v3_route_serves_page_without_touching_research_storage
tests/upgrade_v3/test_p08_03_research_detail.py::test_global_shortlist_and_stock_evidence_are_run_bound_and_sectioned
tests/upgrade_v3/test_p08_03_research_detail.py::test_p08_03_ui_has_global_lists_modal_tabs_and_legacy_candidate_label
tests/upgrade_v3/test_p09_01_b_ext11_probe.py::test_ext11_current_probe_receipt_separates_observed_quote_from_timestamped_rank
tests/upgrade_v3/test_p09_01_b_ext11_probe.py::test_ext11_probe_fail_closed_on_source_failure_without_persisting_partial_data
tests/upgrade_v3/test_p09_01_b_ext11_probe.py::test_ext11_receipt_keeps_current_probe_bound_to_v3_contract
tests/upgrade_v3/test_p09_01_b_lz_ext01.py::test_new_longzijue_ext01_contract_supersedes_old_static_runtime_path_without_enabling_it
tests/upgrade_v3/test_p09_01_b_lz_ext01.py::test_valid_current_json_is_degraded_until_field_scale_and_pagination_are_fixed
tests/upgrade_v3/test_p09_01_b_lz_ext01.py::test_invalid_ext01_response_is_unavailable_and_fail_closed
tests/upgrade_v3/test_p09_01_b_lz_ext01.py::test_checked_in_ext01_receipt_is_bound_to_the_new_contract
tests/upgrade_v3/test_p09_01_source_registry.py::test_static_registry_matches_v3_known_endpoints_and_is_fail_closed
tests/upgrade_v3/test_p09_01_source_registry.py::test_seven_event_pools_have_distinct_semantics_and_no_invented_field_codes
tests/upgrade_v3/test_p09_01_source_registry.py::test_hot_rank_and_quote_sources_are_request_time_only
tests/upgrade_v3/test_p09_01_source_registry.py::test_report_is_scoped_full_pass_and_requires_manual_current_probe
tests/upgrade_v3/test_p09_01_source_registry.py::test_checked_in_receipt_has_the_same_static_scope
tests/upgrade_v3/test_p09_02_a_ext01_event_dto.py::test_ext01_adapter_separates_header_and_member_and_fails_closed_on_unresolved_scales
tests/upgrade_v3/test_p09_02_a_ext01_event_dto.py::test_ext01_adapter_does_not_treat_header_counts_as_member_rows
tests/upgrade_v3/test_p09_02_a_ext01_event_dto.py::test_ext01_adapter_rejects_schema_drift_and_bad_status
tests/upgrade_v3/test_p09_02_a_ext01_event_dto.py::test_ext01_dragon_high_days_distinguishes_consecutive_and_m_days_n_boards[\u9996\u677f-expected0]
tests/upgrade_v3/test_p09_02_a_ext01_event_dto.py::test_ext01_dragon_high_days_distinguishes_consecutive_and_m_days_n_boards[2\u59292\u677f-expected1]
tests/upgrade_v3/test_p09_02_a_ext01_event_dto.py::test_ext01_dragon_high_days_distinguishes_consecutive_and_m_days_n_boards[9\u59295\u677f-expected2]
tests/upgrade_v3/test_p09_02_b_ext01_batch_read.py::test_ext01_batch_read_paginates_and_dedupes_same_bundle_without_claiming_raw_storage
tests/upgrade_v3/test_p09_02_b_ext01_batch_read.py::test_ext01_batch_read_marks_later_page_failure_as_degraded_partial_not_empty_success
tests/upgrade_v3/test_p09_02_b_ext01_batch_read.py::test_ext01_batch_read_fails_closed_when_first_page_is_unavailable
tests/upgrade_v3/test_p09_02_c_ext01_close_batch_store.py::test_p09_02_c_migration_creates_bounded_close_event_tables_and_required_fields
tests/upgrade_v3/test_p09_02_c_ext01_close_batch_store.py::test_p09_02_c_stores_header_separately_and_keeps_unknowns_null
tests/upgrade_v3/test_p09_02_d_ext01_close_batch_writer.py::test_close_batch_writer_commits_source_fetch_batch_bundle_header_and_members_atomically
tests/upgrade_v3/test_p09_02_d_ext01_close_batch_writer.py::test_close_batch_writer_is_idempotent_and_does_not_overwrite_existing_batch
tests/upgrade_v3/test_p09_02_d_ext01_close_batch_writer.py::test_close_batch_writer_rejects_incomplete_batch_without_writing_anything
tests/upgrade_v3/test_p09_02_d_ext01_close_batch_writer.py::test_close_batch_writer_rolls_back_if_a_member_field_is_not_json_serializable
tests/upgrade_v3/test_p09_03_ext01_evidence_ui_regression.py::test_evidence_page_contract_has_modal_focus_escape_overlay_and_source_time
tests/upgrade_v3/test_p09_03_ext01_evidence_ui_regression.py::test_evidence_page_keeps_explicit_empty_state_and_pagination_contract
tests/upgrade_v3/test_p09_03_ext01_ladder_evidence.py::test_ext01_single_stock_evidence_has_source_time_and_field_statuses
tests/upgrade_v3/test_p09_03_ext01_ladder_evidence.py::test_ext01_single_stock_evidence_accepts_source_code_and_missing_member_is_explicit
tests/upgrade_v3/test_p09_03_ext01_ladder_evidence.py::test_ext01_single_stock_evidence_route_and_page_contract
tests/upgrade_v3/test_p09_03_ext01_ladder_slice.py::test_ext01_ladder_query_has_explicit_status_header_pagination_and_two_sort_modes
tests/upgrade_v3/test_p09_03_ext01_ladder_slice.py::test_ext01_ladder_query_returns_explicit_empty_state_without_batch
tests/upgrade_v3/test_p09_03_ext01_ladder_slice.py::test_ext01_ladder_api_and_page_are_independently_reachable
tests/upgrade_v3/test_p09_context_mapping.py::test_mapping_never_uses_name_or_substring_and_requires_evidence
tests/upgrade_v3/test_p09_context_mapping.py::test_current_mapping_contract_contains_only_evidence_bound_related_pairs
tests/upgrade_v3/test_p09_context_mapping.py::test_online_context_uses_bound_mapping_and_hash_mismatch_fails_closed
tests/upgrade_v3/test_p09_remaining_products.py::test_ext02_and_ext05_normalize_event_fields_without_raw_payload
tests/upgrade_v3/test_p09_remaining_products.py::test_ext03_ext04_join_counts_unique_members_and_limit_up_separately
tests/upgrade_v3/test_p09_remaining_products.py::test_dragon_topic_estimate_is_separate_from_verified_amount_and_deduplicated
tests/upgrade_v3/test_p09_remaining_products.py::test_topic_array_mismatch_fails_closed
tests/upgrade_v3/test_p09_remaining_products.py::test_hot_rankings_are_four_request_time_views_and_never_persisted
tests/upgrade_v3/test_p09_remaining_products.py::test_hot_plate_and_topic_contracts_preserve_source_order
tests/upgrade_v3/test_p09_remaining_products.py::test_source_failure_is_independent_and_explicit
tests/upgrade_v3/test_p09_remaining_products.py::test_partial_batch_is_degraded_not_available
tests/upgrade_v3/test_p09_remaining_products.py::test_global_batch_budget_returns_without_waiting_for_all_sources
tests/upgrade_v3/test_p09_remaining_products.py::test_invalid_pool_and_source_are_contract_errors
tests/upgrade_v3/test_p09_remaining_products.py::test_source_date_contract_conversions_are_explicit
tests/upgrade_v3/test_p09_remaining_products.py::test_ext05_current_beijing_day_uses_live_endpoint_but_history_stays_scoped
tests/upgrade_v3/test_p09_remaining_products.py::test_seven_pool_enum_is_versioned_and_complete
tests/upgrade_v3/test_p09_remaining_products.py::test_limit_up_time_sort_precedes_pagination_and_missing_time_has_stable_fallback
tests/upgrade_v3/test_p09_remaining_products.py::test_disabled_capability_never_calls_network
tests/upgrade_v3/test_p09_remaining_products.py::test_runtime_capability_contract_matches_reprobe_and_opens_ext06
tests/upgrade_v3/test_p09_remaining_products.py::test_ext06_longzijue_overview_groups_are_exposed_without_guessing_turnover_unit
tests/upgrade_v3/test_p09_remaining_products.py::test_dragon_yesterday_pool_promotion_uses_source_transition_fields_and_keeps_unknown_out
tests/upgrade_v3/test_p09_remaining_products.py::test_topic_join_uses_all_rows_before_display_paging
tests/upgrade_v3/test_p09_remaining_products.py::test_verified_source_time_and_date_mismatch_fail_closed
tests/upgrade_v3/test_p09_remaining_products.py::test_source_field_semantics_and_external_link_validation
tests/upgrade_v3/test_p09_remaining_products.py::test_hot_topic_empty_second_page_is_valid_and_full_page_invites_next
tests/upgrade_v3/test_p09_remaining_routes.py::test_p09_api_routes_and_page_are_reachable_without_source_network
tests/upgrade_v3/test_p10_01_legacy_matrix.py::test_p10_01_matrix_covers_every_v3_section_2_row_without_silent_hide
tests/upgrade_v3/test_p10_01_legacy_matrix.py::test_p10_01_matrix_preserves_legacy_routes_and_v3_semantic_relabels
tests/upgrade_v3/test_p10_01_legacy_matrix.py::test_p10_01_api_query_is_read_only_and_returns_all_rows
tests/upgrade_v3/test_p10_01_legacy_matrix.py::test_p10_01_page_exposes_matrix_and_context_preserving_legacy_entry
tests/upgrade_v3/test_p10_02_sector_set_linkage.py::test_p10_02_name_selection_resolves_two_to_four_sectors_server_side
tests/upgrade_v3/test_p10_02_sector_set_linkage.py::test_p10_02_research_role_filter_runs_after_set_calculation_and_before_paging
tests/upgrade_v3/test_p10_02_sector_set_linkage.py::test_p10_02_old_request_without_new_parameters_preserves_legacy_shape
tests/upgrade_v3/test_p10_02_sector_set_linkage.py::test_p10_02_ui_exposes_name_picker_context_links_and_returnable_selection
tests/upgrade_v3/test_p10_03_signal_evaluation.py::test_first_signal_deduplicates_repeated_episode_days_and_excludes_signal_day_current
tests/upgrade_v3/test_p10_03_signal_evaluation.py::test_pending_and_observed_outcomes_keep_fixed_member_diagnostic
tests/upgrade_v3/test_p10_03_signal_evaluation.py::test_missing_future_date_or_member_basis_is_data_gap_not_negative_confirmation
tests/upgrade_v3/test_p10_03_signal_evaluation.py::test_unknown_future_current_state_is_data_gap_not_false_confirmation
tests/upgrade_v3/test_p10_03_signal_evaluation.py::test_future_payload_cannot_change_signal_hash
tests/upgrade_v3/test_p10_03_signal_evaluation.py::test_three_baselines_use_same_day_type_and_target_equal_size
tests/upgrade_v3/test_p10_03_signal_evaluation.py::test_outcome_store_is_idempotent_and_never_updates_signal_state
tests/upgrade_v3/test_p10_03_signal_evaluation.py::test_task_can_persist_and_reports_effect_gate_without_claiming_effect
tests/upgrade_v3/test_p10_03_signal_evaluation.py::test_read_only_query_exposes_pending_gate_and_v3_page_status
tests/upgrade_v3/test_p11_02_old_write_recovery_preview.py::test_p11_02_report_records_read_only_acceptance
tests/upgrade_v3/test_p11_02_old_write_recovery_preview.py::test_p11_02_core_migrated_domains_have_no_legacy_writer_call_sites
tests/upgrade_v3/test_p11_03_old_table_retention_decision.py::test_old_tables_are_frozen_until_v3_and_ui_migration_complete
tests/upgrade_v3/test_p11_03_recovery_execution.py::test_p11_03_authorized_recovery_postconditions
tests/upgrade_v3/test_p11_03_recovery_waiting_decision.py::test_p11_03_register_is_waiting_decision_and_no_recovery_executed
tests/upgrade_v3/test_p11_03_recovery_waiting_decision.py::test_p11_03_register_has_exact_targets_and_carries_open_audits
tests/upgrade_v3/test_p11_04_entry_handoff.py::test_p11_04_switches_primary_entry_and_preserves_fallback
tests/upgrade_v3/test_p11_04_handoff_preflight.py::test_p11_04_handoff_preflight_is_ready_without_switching_entry
tests/upgrade_v3/test_p11_auxiliary_writer_boundary.py::test_auxiliary_writer_audit_is_bounded_without_table_cleanup
tests/upgrade_v3/test_p11_daily_operation.py::test_p11_daily_operation_receipt_is_full_pass_and_effect_gate_is_honest
tests/upgrade_v3/test_p11_post_handoff_daily_preflight.py::test_p11_post_handoff_daily_preflight_receipt_is_full_pass_and_read_only
tests/upgrade_v3/test_p11_storage_reference_graph.py::test_storage_reference_graph_is_fully_reconciled_without_mutation
tests/upgrade_v3/test_p11_storage_stop_growth.py::test_p11_storage_stop_growth_gate_is_ready_for_separate_handoff
tests/upgrade_v3/test_p11_v3_daily_activation.py::test_p11_v3_daily_activation_receipt_is_full_pass_and_bounded
tests/upgrade_v3/test_p11_v3_snapshot_compatibility_repair.py::test_p11_v3_snapshot_compatibility_repair_is_full_pass_without_deletion
tests/upgrade_v3/test_p12_02_pullback_episode.py::test_ordered_pullback_uses_separate_contraction_and_confirmation_amounts
tests/upgrade_v3/test_p12_02_pullback_episode.py::test_new_high_resets_old_episode_before_confirmation
tests/upgrade_v3/test_p12_02_pullback_episode.py::test_left_censored_and_gap_do_not_create_new_seed
tests/upgrade_v3/test_p12_02_pullback_episode.py::test_anchor_and_master_session_identity_fail_closed
tests/upgrade_v3/test_p12_02_pullback_episode.py::test_event_and_pullback_window_limits_are_inclusive
tests/upgrade_v3/test_p12_02_pullback_episode.py::test_unknown_initial_seed_requires_known_false_before_new_event
tests/upgrade_v3/test_p12_02_pullback_episode.py::test_equal_peak_uses_latest_date_and_damage_precedes_peak_reset
tests/upgrade_v3/test_p12_02_pullback_episode.py::test_same_input_is_deterministic_and_terminal_cannot_repeat_confirmation
tests/upgrade_v3/test_p12_02_today_factors.py::test_platform_mean_median_and_ddof_are_distinct
tests/upgrade_v3/test_p12_02_today_factors.py::test_known_absolute_drop_survives_unknown_prior_sigma
tests/upgrade_v3/test_p12_02_today_factors.py::test_missing_session_is_not_compressed_and_price_basis_fails_closed
tests/upgrade_v3/test_p12_02_today_factors.py::test_rps_cross_section_gate
tests/upgrade_v3/test_p12_02_today_factors.py::test_prior_sigma_floor_and_flat_bar_are_explicit
tests/upgrade_v3/test_p12_02_today_factors.py::test_return_window_requires_every_master_session
tests/upgrade_v3/test_p12_02_today_factors.py::test_legacy_pullback_amount_diagnostic_is_separate_from_prior_gate
tests/upgrade_v3/test_p12_02_today_factors.py::test_factor_anchor_and_calendar_gap_are_rejected
tests/upgrade_v3/test_p12_03_scanner.py::test_launch_preserves_platform_type_and_independent_support
tests/upgrade_v3/test_p12_03_scanner.py::test_known_failure_and_unknown_are_both_explained
tests/upgrade_v3/test_p12_03_scanner.py::test_safety_unknown_never_admits_scenario
tests/upgrade_v3/test_p12_03_scanner.py::test_absolute_safety_vetoes_all_four_scenarios
tests/upgrade_v3/test_p12_03_scanner.py::test_recovery_r20_is_independent_of_legacy_recovery
tests/upgrade_v3/test_p12_03_scanner.py::test_continue_keeps_stock_only_shadow_but_requires_current_loo
tests/upgrade_v3/test_p12_03_scanner.py::test_setup_watch_only_when_no_confirmed_scenario_and_lists_waiting
tests/upgrade_v3/test_p12_03_scanner.py::test_setup_watch_survives_unavailable_pullback_and_loo_as_observation_only
tests/upgrade_v3/test_p12_03_scanner.py::test_one_price_bar_cannot_pass_launch_clv
tests/upgrade_v3/test_p12_03_scanner.py::test_legacy_signal_or_grade_cannot_bypass_common_and_safety_gates
tests/upgrade_v3/test_p12_03_scanner.py::test_failed_launch_never_gets_platform_type_even_if_high_break_fact_true
tests/upgrade_v3/test_p12_04_rank_loo.py::test_six_stock_loo_passes_after_target_removed
tests/upgrade_v3/test_p12_04_rank_loo.py::test_five_member_sector_cannot_pass_after_target_removed
tests/upgrade_v3/test_p12_04_rank_loo.py::test_track_false_is_known_failure_when_sample_complete
tests/upgrade_v3/test_p12_04_rank_loo.py::test_missing_historic_membership_keeps_change_unknown
tests/upgrade_v3/test_p12_04_rank_loo.py::test_support_dedup_and_industry_theme_audit
tests/upgrade_v3/test_p12_04_rank_loo.py::test_rank_keeps_unscored_and_primary_is_fixed_not_highest_score
tests/upgrade_v3/test_p12_04_rank_loo.py::test_continue_score_is_bounded_and_missing_required_field_is_null
tests/upgrade_v3/test_p12_06_bundle.py::test_complete_bundle_is_idempotent_and_readable
tests/upgrade_v3/test_p12_06_bundle.py::test_incomplete_identity_rejected
tests/upgrade_v3/test_p12_06_bundle.py::test_tamper_rejected
tests/upgrade_v3/test_p12_06_bundle.py::test_failure_before_swap_preserves_previous_pointer
tests/upgrade_v3/test_p12_07_today_research_ui.py::test_list_filter_pagination_and_detail_share_verified_identity
tests/upgrade_v3/test_p12_07_today_research_ui.py::test_missing_and_tampered_bundle_fail_closed_without_results
tests/upgrade_v3/test_p12_07_today_research_ui.py::test_detail_is_bound_to_the_list_bundle_digest
tests/upgrade_v3/test_p12_07_today_research_ui.py::test_http_routes_and_static_page_use_new_bundle_without_legacy_candidate_fallback
tests/upgrade_v3/test_p12_07_today_research_ui.py::test_page_has_narrow_layout_filters_pagination_and_detail
tests/upgrade_v3/test_p12_08_forward_v3_3.py::test_observation_is_deterministic_and_sealed_idempotently
tests/upgrade_v3/test_p12_08_forward_v3_3.py::test_transition_reports_entry_exit_category_mode_and_continuation
tests/upgrade_v3/test_p12_08_forward_v3_3.py::test_report_stays_pending_below_preregistered_gate_and_stratifies_relations
tests/upgrade_v3/test_p12_08_forward_v3_3.py::test_report_counts_generated_episode_identities
tests/upgrade_v3/test_p12_08_forward_v3_3.py::test_episode_identity_continues_until_exit_or_category_change
tests/upgrade_v3/test_p12_08_forward_v3_3.py::test_report_counts_distinct_dates_and_accepts_continuing_episode_identity
tests/upgrade_v3/test_p12_08_forward_v3_3.py::test_report_preserves_available_dimensions_and_marks_missing_ones
tests/upgrade_v3/test_p12_08_forward_v3_3.py::test_digest_changes_when_signal_fact_changes
tests/upgrade_v3/test_p12_08b_forward_outcome.py::test_first_episode_signal_deduplicates_continuation_days
tests/upgrade_v3/test_p12_08b_forward_outcome.py::test_last_available_session_keeps_every_horizon_not_due
tests/upgrade_v3/test_p12_08b_forward_outcome.py::test_due_rows_are_exposed_without_fabricating_returns
tests/upgrade_v3/test_p12_08b_forward_outcome.py::test_identity_changes_with_horizon_and_end_date
tests/upgrade_v3/test_p12_08c_outcome_materializer.py::test_not_due_rows_never_gain_return_fields
tests/upgrade_v3/test_p12_08c_outcome_materializer.py::test_missing_quote_is_classified_as_suspended
tests/upgrade_v3/test_p12_08c_outcome_materializer.py::test_missing_quote_is_classified_as_delisted
tests/upgrade_v3/test_p12_08c_outcome_materializer.py::test_horizon_end_affine_anchor_handles_bonus_event
tests/upgrade_v3/test_p12_08c_outcome_materializer.py::test_due_missing_bar_is_data_gap_without_zero_metrics
tests/upgrade_v3/test_p12_08e_reporting_bundle.py::test_enrich_binds_same_day_market_and_volatility
tests/upgrade_v3/test_p12_08e_reporting_bundle.py::test_missing_or_cross_day_dimensions_fail_closed
tests/upgrade_v3/test_p12_11_v3_3_registry.py::test_registers_verified_bundle_and_full_payload_idempotently
tests/upgrade_v3/test_p12_11_v3_3_registry.py::test_rejects_cross_date_row_without_partial_database_write
tests/upgrade_v3/test_p12_12_full_loo.py::test_full_loo_removes_target_globally_and_recomputes_cross_section
tests/upgrade_v3/test_p12_12_full_loo.py::test_target_with_no_relationship_is_known_false
tests/upgrade_v3/test_p12_13_170_materialization.py::test_170_contract_is_explicit_and_separate_from_pilot
tests/upgrade_v3/test_p12_13_170_materialization.py::test_170_contract_keeps_sources_read_only_and_binds_implementation
tests/upgrade_v3/test_p12_13_history_materialization.py::test_pilot_contract_is_bounded_and_reconstructed
tests/upgrade_v3/test_p12_13_history_materialization.py::test_pilot_does_not_enter_170_day_or_production_database_write
tests/upgrade_v3/test_p12_14_daily_turnover.py::test_daily_turnover_retries_failed_existing_bundle_observation
tests/upgrade_v3/test_p12_14_daily_turnover.py::test_daily_turnover_identity_mismatch_skips_without_network
tests/upgrade_v3/test_p12_14_daily_turnover.py::test_main_pipeline_reports_optional_failure_but_remains_ready
tests/upgrade_v3/test_p12_14_daily_turnover.py::test_optional_subprocess_report_failure_is_nonblocking
tests/upgrade_v3/test_p12_14_daily_turnover.py::test_optional_subprocess_timeout_is_nonblocking
tests/upgrade_v3/test_p12_14_tencent_turnover_fallback.py::test_tencent_fallback_normalizes_turnover_amount_and_lot_volume
tests/upgrade_v3/test_p12_14_tencent_turnover_fallback.py::test_tencent_fallback_rejects_more_than_one_bounded_batch
tests/upgrade_v3/test_p12_14_turnover_enrichment.py::test_source_contract_is_bounded_optional_and_fail_closed
tests/upgrade_v3/test_p12_14_turnover_enrichment.py::test_candidate_selection_is_stable_deduplicated_and_market_bounded
tests/upgrade_v3/test_p12_14_turnover_enrichment.py::test_turnover_binds_only_when_local_session_fingerprint_matches
tests/upgrade_v3/test_p12_14_turnover_enrichment.py::test_source_failure_and_unsupported_market_do_not_fabricate_zero
tests/upgrade_v3/test_p12_14_turnover_enrichment.py::test_source_timestamp_must_match_target_session_when_present
tests/upgrade_v3/test_p12_14_turnover_enrichment.py::test_matching_post_close_source_timestamp_is_session_verified
tests/upgrade_v3/test_p12_14_turnover_enrichment.py::test_turnover_enhancement_orders_only_qualified_unranked_and_preserves_core_fields
tests/upgrade_v3/test_p12_14_turnover_probe.py::test_probe_uses_bounded_sequential_batches_and_never_persists_raw_payload
tests/upgrade_v3/test_p12_14_turnover_probe.py::test_probe_binds_to_active_bundle_date_and_local_daily_fingerprint
tests/upgrade_v3/test_p12_14_turnover_shadow.py::test_failure_attempt_is_auditable_but_not_a_bound_sample
tests/upgrade_v3/test_p12_14_turnover_shadow.py::test_only_bound_normalized_rows_are_sealed
tests/upgrade_v3/test_p12_14_turnover_shadow.py::test_canonical_revision_prefers_more_bound_rows
tests/upgrade_v3/test_p12_14_turnover_shadow.py::test_coverage_gate_needs_twenty_distinct_bound_days_and_fifty_rows
tests/upgrade_v3/test_p12_14_turnover_ui.py::test_ui_service_binds_once_and_reuses_failure_or_success_cache
tests/upgrade_v3/test_p12_14_turnover_ui.py::test_ui_service_source_failure_is_visible_and_nonblocking
tests/upgrade_v3/test_p12_14_turnover_ui.py::test_page_api_reads_materialized_enhancement_without_calling_source
tests/upgrade_v3/test_p12_14_turnover_ui.py::test_ui_service_enriches_every_supported_candidate_in_sequential_batches
tests/upgrade_v3/test_p12_14_turnover_ui.py::test_page_exposes_turnover_context_and_core_rank_guardrail
tests/upgrade_v3/test_p12_14_turnover_ui.py::test_http_turnover_route_is_not_misread_as_security_detail
tests/upgrade_v3/test_p12_15_turnover_context.py::test_mid_distribution_ties_and_five_row_gate
tests/upgrade_v3/test_p12_15_turnover_context.py::test_small_group_and_unverified_tencent_basis_fail_closed
tests/upgrade_v3/test_p12_15_turnover_context.py::test_context_matrix_and_missing_slot_locking
tests/upgrade_v3/test_p12_15_turnover_context.py::test_scored_rank_and_core_projection_are_unchanged
tests/upgrade_v3/test_p12_15_turnover_context.py::test_out_of_scope_and_conflicting_evidence_do_not_affect_distribution
tests/upgrade_v3/test_p12_16_history_170_consumer.py::test_checked_in_170_dataset_is_verified_and_consumable
tests/upgrade_v3/test_p12_16_history_170_consumer.py::test_daily_funnel_binds_170_identity_and_consumes_facts
tests/upgrade_v3/test_p12_16_turnover_fallbacks.py::test_sohu_single_normalizes_quote
tests/upgrade_v3/test_p12_16_turnover_fallbacks.py::test_stcn_single_normalizes_quote
tests/upgrade_v3/test_p12_16_turnover_fallbacks.py::test_router_contract_uses_requested_priority
tests/upgrade_v3/test_p12_daily_build_busy_ui.py::test_build_lock_keeps_reads_closed_and_exposes_active_jobs
tests/upgrade_v3/test_p12_daily_build_busy_ui.py::test_v3_busy_ui_retries_catalog_and_does_not_report_data_failure
tests/upgrade_v3/test_p12_daily_pipeline.py::test_failed_stage_restores_previous_active_pointer
tests/upgrade_v3/test_p12_daily_pipeline.py::test_daily_funnel_uses_dynamic_population_and_expected_identity
tests/upgrade_v3/test_postgres_daily_sync_contract.py::test_runtime_heads_are_postgres_projections_not_compute_source_tables
tests/upgrade_v3/test_postgres_daily_sync_contract.py::test_daily_v33_sync_fails_closed_when_bundle_tables_are_missing
tests/upgrade_v3/test_postgres_daily_sync_contract.py::test_runtime_projection_missing_in_postgres_fails_closed
tests/upgrade_v3/test_research_history_alignment.py::test_calendar_t_minus_three_is_not_third_available_materialization
tests/upgrade_v3/test_research_history_alignment.py::test_ma20_change_uses_same_valid_members_on_both_dates
tests/upgrade_v3/test_research_rank_correctness.py::test_only_eligible_sectors_receive_stable_contiguous_ranks
tests/upgrade_v3/test_v3_home_modal_live.py::test_v3_home_modals_show_local_details
tests/upgrade_v3/test_v3_unified_entry.py::test_v3_is_the_single_unified_workbench_entry
tests/upgrade_v3/test_v3_unified_entry.py::test_job_status_route_does_not_acquire_page_database_request_scope
tests/v4_01/test_r8_1_identity_event_discovery.py::test_non_overlapping_code_transition_without_linkage_remains_atomic
tests/v4_01/test_r8_1_identity_event_discovery.py::test_roster_exit_entry_boundary_is_atomic_without_linkage_signal
tests/v4_01/test_r8_1_identity_event_discovery.py::test_lifecycle_boundary_without_shared_bar_is_candidate
tests/v4_01/test_r8_1_identity_event_discovery.py::test_overlapping_retrospective_alias_is_candidate
tests/v4_01/test_r8_1_identity_event_discovery.py::test_existing_alias_fact_is_candidate_and_verified_fact_confirms_it
tests/v4_01/test_r8_1_identity_event_discovery.py::test_disjoint_lifecycle_and_listing_dates_remain_unresolved_without_relation_evidence
tests/v4_01/test_r8_1_identity_event_discovery.py::test_weak_name_match_is_candidate_only_and_never_merges
tests/v4_01/test_r8_1_identity_event_discovery.py::test_unresolved_candidate_fails_closed
tests/v4_01/test_r8_1_identity_event_discovery.py::test_candidate_signal_union_deduplicates_the_same_event
tests/v4_01/test_r8_1_identity_event_discovery.py::test_no_specific_security_literals_in_discovery_logic
tests/v4_01/test_r8_1_identity_event_discovery.py::test_known_transition_codes_are_fixture_data_only
tests/v4_01/test_r8_1_identity_event_discovery.py::test_different_listing_dates_alone_do_not_clear_required_scope
tests/v4_01/test_r8_1_identity_event_discovery.py::test_official_distinct_issuer_evidence_confirms_distinct_entities
tests/v4_01/test_r8_1_identity_event_discovery.py::test_official_code_change_notice_confirms_same_entity
tests/v4_01/test_r8_1_identity_event_discovery.py::test_daily_incremental_rejects_non_session_target
tests/v4_01/test_r8_2_identity_relation_evidence.py::test_different_listing_dates_do_not_confirm_distinct_without_identity_evidence
tests/v4_01/test_r8_2_identity_relation_evidence.py::test_versioned_listing_anchor_alone_is_weak_evidence
tests/v4_01/test_r8_2_identity_relation_evidence.py::test_official_distinct_entity_evidence_confirms_distinct
tests/v4_01/test_r8_2_identity_relation_evidence.py::test_official_same_entity_code_change_confirms_same
tests/v4_01/test_r8_2_identity_relation_evidence.py::test_versioned_alias_revision_must_bind_the_verified_capture_digest
tests/v4_01/test_r8_2_identity_relation_evidence.py::test_nonoverlap_transition_without_identity_evidence_remains_unresolved
tests/v4_01/test_r8_2_identity_relation_evidence.py::test_required_scope_unresolved_blocks_gate
tests/v4_01/test_r8_2_identity_relation_evidence.py::test_candidate_discovery_remains_generic_and_codes_are_fixture_only
tests/v4_01/test_r8_3_identity_event_linkage.py::test_single_exit_three_unrelated_ipos_does_not_create_three_pairs
tests/v4_01/test_r8_3_identity_event_linkage.py::test_multiple_exit_entry_same_day_has_no_cartesian_product
tests/v4_01/test_r8_3_identity_event_linkage.py::test_roster_boundary_without_link_signal_remains_atomic_event
tests/v4_01/test_r8_3_identity_event_linkage.py::test_lifecycle_boundary_without_link_signal_remains_atomic_event
tests/v4_01/test_r8_3_identity_event_linkage.py::test_official_code_change_links_nonoverlap_symbols
tests/v4_01/test_r8_3_identity_event_linkage.py::test_same_issuer_id_creates_candidate_but_does_not_confirm_same
tests/v4_01/test_r8_3_identity_event_linkage.py::test_same_company_entity_id_creates_candidate_only
tests/v4_01/test_r8_3_identity_event_linkage.py::test_same_normalized_name_creates_candidate_but_does_not_confirm_same
tests/v4_01/test_r8_3_identity_event_linkage.py::test_different_listing_dates_never_confirm_distinct_alone
tests/v4_01/test_r8_3_identity_event_linkage.py::test_official_distinct_issuer_evidence_confirms_distinct
tests/v4_01/test_r8_3_identity_event_linkage.py::test_symbol_reuse_disjoint_lifecycle_is_candidate
tests/v4_01/test_r8_3_identity_event_linkage.py::test_official_event_index_coverage_is_required
tests/v4_01/test_r8_3_identity_event_linkage.py::test_complete_official_event_index_coverage_passes
tests/v4_01/test_r8_3_identity_event_linkage.py::test_missing_exchange_event_index_blocks_completeness
tests/v4_01/test_r8_3_identity_event_linkage.py::test_known_300114_302132_fixture_passes
tests/v4_01/test_r8_3_identity_event_linkage.py::test_no_specific_security_literals_in_generic_linkage_runtime
tests/v4_01/test_r8_3_identity_event_linkage.py::test_incomplete_coverage_window_blocks_even_with_all_exchange_rows
tests/v4_01/test_r8_3_official_search_capture.py::test_supplemental_search_capture_requires_hash_bound_successful_queries
tests/v4_01/test_r8_3_official_search_capture.py::test_supplemental_search_capture_rejects_changed_raw_response_hash
tests/v4_01/test_r8_generic_alias_completeness.py::test_same_entity_code_change_not_split_into_two_entities
tests/v4_01/test_r8_generic_alias_completeness.py::test_distinct_entity_code_reuse_not_merged
tests/v4_01/test_r8_generic_alias_completeness.py::test_unresolved_code_change_candidate_fails_closed
tests/v4_01/test_r8_generic_alias_completeness.py::test_alias_effective_interval_non_overlapping
tests/v4_01/test_r8_generic_alias_completeness.py::test_dated_board_follows_alias_fact_not_prefix_only
tests/v4_01/test_r8_generic_alias_completeness.py::test_duplicate_stable_id_trade_date_rejected
tests/v4_01/test_r8_generic_alias_completeness.py::test_generic_candidate_discovery_catches_split_ids
tests/v4_01/test_r8_generic_alias_completeness.py::test_known_300114_302132_case_passes_as_fact_fixture_not_hardcoded_logic
tests/v4_01/test_r8_generic_alias_completeness.py::test_all_day_required_coverage_still_zero
tests/v4_01/test_r8_generic_alias_completeness.py::test_final_receipt_requires_alias_completeness_gate
tests/v4_01/test_source_fingerprint_candidate.py::test_blind_sample_predictions_match_frozen_candidate_study
tests/v4_01/test_source_fingerprint_candidate.py::test_reserved_bytes_and_identical_dual_bar_do_not_veto_candidate
tests/v4_01/test_source_fingerprint_candidate.py::test_empty_old_tdx_file_does_not_count_as_a_full_prefix
tests/v4_01/test_source_fingerprint_candidate.py::test_f6_identical_alias_bars_are_not_substantive_dual_trading
tests/v4_01/test_source_fingerprint_candidate.py::test_frozen_v1_thresholds_include_exact_095_and_099_boundaries
tests/v4_01/test_source_fingerprint_candidate.py::test_frozen_v1_thresholds_reject_values_below_095_and_099
tests/v4_01/test_source_fingerprint_candidate.py::test_suspended_blank_and_zero_representation_is_normalized
tests/v4_01/test_source_fingerprint_candidate.py::test_substantive_dual_actual_bar_difference_fails_closed
tests/v4_01/test_source_fingerprint_candidate.py::test_provider_code_mismatch_duplicate_dates_and_incomplete_query_fail_closed
tests/v4_01/test_source_fingerprint_candidate.py::test_shared_ipo_metadata_alone_does_not_emit_candidate
tests/v4_01/test_v4_01_generic_candidate_union.py::test_two_candidates_with_two_resolutions_pass
tests/v4_01/test_v4_01_generic_candidate_union.py::test_two_candidates_with_one_unresolved_block
tests/v4_01/test_v4_01_generic_candidate_union.py::test_extra_r8_generic_candidate_is_added_to_union
tests/v4_01/test_v4_01_generic_candidate_union.py::test_in_window_known_official_candidate_is_added_to_union
tests/v4_01/test_v4_01_generic_candidate_union.py::test_resolution_key_outside_union_blocks
tests/v4_01/test_v4_01_generic_candidate_union.py::test_dated_identity_evidence_is_resolved_generically
tests/v4_01/test_v4_01_receipt_parsing.py::test_pytest_short_summary_header_does_not_replace_test_counts
tests/v4_01/test_v4_01_receipt_parsing.py::test_required_scope_skip_is_marked_as_blocking
tests/v4_02/test_final_closure_pack.py::test_tdx_actual_bar_overrides_baostock_status_conflict
tests/v4_02/test_final_closure_pack.py::test_missing_bar_never_implies_suspension_without_provider_fact
tests/v4_02/test_final_closure_pack.py::test_unknown_gbbq_category_blocks_only_affected_security
tests/v4_02/test_final_closure_pack.py::test_qfq_blocked_never_falls_back_raw
tests/v4_02/test_final_closure_pack.py::test_closed_only_rejects_unknown_gap
tests/v4_02/test_final_closure_pack.py::test_asof_partial_never_consumes_future_daily
tests/v4_02/test_final_closure_pack.py::test_temporal_required_8_cases_present
tests/v4_02/test_final_closure_pack.py::test_future_corporate_action_perturbation_does_not_change_t0
tests/v4_02/test_final_closure_pack.py::test_historical_adjusted_lineage_never_claims_pit_without_snapshot
tests/v4_02/test_final_closure_pack.py::test_go_forward_gbbq_snapshot_hash_bound
tests/v4_02/test_final_closure_pack.py::test_price_limit_registry_uses_effective_dated_authority_at_2026_boundary
tests/v4_02/test_final_closure_pack.py::test_xrxd_reference_uses_adjustment_transform_and_tick_rounding
tests/v4_02/test_final_r3_repairs.py::test_suspension_carries_previous_close_state
tests/v4_02/test_final_r3_repairs.py::test_multiple_suspended_sessions_carry_previous_close
tests/v4_02/test_final_r3_repairs.py::test_supported_xrxd_during_reference_chain_updates_reference
tests/v4_02/test_final_r3_repairs.py::test_unsupported_action_blocks_reference_chain
tests/v4_02/test_final_r3_repairs.py::test_resume_day_uses_carried_previous_close_not_previous_market_session_bar
tests/v4_02/test_final_r3_repairs.py::test_dated_alias_resolution_is_data_driven
tests/v4_02/test_final_r3_repairs.py::test_final_gate_rejects_open_engineering_price_limit_exception
tests/v4_02/test_final_r4_special_price_phase.py::test_delisting_first_day_is_no_limit
tests/v4_02/test_final_r4_special_price_phase.py::test_delisting_phase_is_not_projected_before_effective_date
tests/v4_02/test_final_r4_special_price_phase.py::test_delisting_second_day_uses_effective_board_policy
tests/v4_02/test_final_r4_special_price_phase.py::test_relisting_first_day_is_consumed_as_no_limit
tests/v4_02/test_final_r4_special_price_phase.py::test_special_reference_reset_uses_official_reference
tests/v4_02/test_final_r4_special_price_phase.py::test_special_reference_missing_fails_closed
tests/v4_02/test_final_r4_special_price_phase.py::test_range_exception_audit_gate_requires_complete_disposition
tests/v4_02/test_go_forward_r3.py::test_valid_new_listing_included
tests/v4_02/test_go_forward_r3.py::test_unresolved_future_or_ambiguous_new_key_blocks[records0]
tests/v4_02/test_go_forward_r3.py::test_unresolved_future_or_ambiguous_new_key_blocks[records1]
tests/v4_02/test_go_forward_r3.py::test_unresolved_future_or_ambiguous_new_key_blocks[records2]
tests/v4_02/test_go_forward_r3.py::test_delayed_publication_valid_and_negative_times
tests/v4_02/test_go_forward_r3.py::test_zip_target_date_and_future_row
tests/v4_02/test_go_forward_r3.py::test_real_antibot_html_then_official_curl_fallback
tests/v4_02/test_go_forward_r3.py::test_overlap_mismatch_is_blocking_condition
tests/v4_02/test_go_forward_r3.py::test_no_bar_and_unsupported_event_fail_closed
tests/v4_02/test_go_forward_r3.py::test_supported_category_one_and_later_event_not_backdated
tests/v4_02/test_go_forward_r3.py::test_later_non_price_revision_and_deterministic_output
tests/v4_02/test_r5_generic_runtime.py::test_synthetic_alias_changes_at_effective_boundary_and_keeps_identity
tests/v4_02/test_r5_generic_runtime.py::test_any_synthetic_delisting_start_is_no_limit_without_code_branch
tests/v4_02/test_r5_generic_runtime.py::test_synthetic_ipo_phase_uses_contract_and_dispatches_no_limit
tests/v4_02/test_r5_generic_runtime.py::test_duration_follows_contract_value_of_ten_sessions
tests/v4_02/test_r5_generic_runtime.py::test_synthetic_relisting_first_day_consumed_as_no_limit
tests/v4_02/test_r5_generic_runtime.py::test_synthetic_special_reference_reset_supports_official_formula
tests/v4_02/test_r5_generic_runtime.py::test_synthetic_unknown_special_phase_fails_closed
tests/v4_02/test_r5_generic_runtime.py::test_generic_runtime_and_builders_contain_no_security_specific_branches
tests/v4_02/test_r5_generic_runtime.py::test_source_capture_rejects_non_allowlisted_redirect_and_over_limit
tests/v4_02/test_r6_generic_production_builder.py::test_generic_builder_invokes_phase_runtime
tests/v4_02/test_r6_generic_production_builder.py::test_generic_builder_delisting_first_day_recomputes_no_limit
tests/v4_02/test_r6_generic_production_builder.py::test_generic_builder_delisting_period_recomputes_prices_from_policy_and_close
tests/v4_02/test_r6_generic_production_builder.py::test_generic_builder_relisting_recomputes_no_limit
tests/v4_02/test_r6_generic_production_builder.py::test_generic_builder_special_reference_reset_uses_formula_and_standard_rule
tests/v4_02/test_r6_generic_production_builder.py::test_generic_builder_unknown_phase_is_fail_closed
tests/v4_02/test_r6_generic_production_builder.py::test_generic_builder_does_not_copy_r4_specialized_output_as_truth
tests/v4_02/test_r6_generic_production_builder.py::test_generic_builder_validates_dated_alias_facts_without_symbol_guessing
tests/v4_03/test_algorithm_contract_v12.py::test_v12_window_aggregate_contract_validates_and_v11_stays_valid
tests/v4_03/test_algorithm_contract_v12.py::test_v12_rejects_future_lag_and_forward_window
tests/v4_03/test_algorithm_contract_v12.py::test_v12_rejects_unregistered_window_literals
tests/v4_03/test_algorithm_contract_v12.py::test_v12_binds_contract_to_exact_extension_digest
tests/v4_03/test_algorithm_contract_v12.py::test_v12_field_local_cross_section_quality_is_explicit
tests/v4_03/test_algorithm_contract_v12.py::test_all_47_serialized_field_contracts_validate_and_reject_undeclared_input
tests/v4_03/test_algorithm_contract_v12.py::test_numeric_validator_rejects_falsified_expected_value_and_missing_negative_vector
tests/v4_03/test_ast_golden_r3.py::test_r3_named_case_boundaries_and_tamper_detection
tests/v4_03/test_ast_golden_r3.py::test_source_identity_change_rejects_technical_window
tests/v4_03/test_core_vectors.py::test_core_exact_windows_and_ddof_zero
tests/v4_03/test_core_vectors.py::test_suspension_crosses_technical_but_blocks_vol
tests/v4_03/test_core_vectors.py::test_endpoint_and_unexplained_gap_fail_closed
tests/v4_03/test_core_vectors.py::test_short_history_zero_denominator_and_coordinate
tests/v4_03/test_core_vectors.py::test_five_session_suspension_and_zero_amount_volume_denominators
tests/v4_03/test_core_vectors.py::test_prior_extrema_and_technical_windows_at_suspended_asof
tests/v4_03/test_core_vectors.py::test_nonpositive_price_invalidates_required_window
tests/v4_03/test_core_vectors.py::test_rps_and_market_reference_boundaries
tests/v4_03/test_core_vectors.py::test_native_boundaries
tests/v4_03/test_core_vectors.py::test_market_axis_exact_thresholds_and_conflict
tests/v4_03/test_core_vectors.py::test_market_trend_weak_erratum_and_mixed_neutral_states
tests/v4_03/test_core_vectors.py::test_relative_factors_keep_rps_and_reference_separate
tests/v4_03/test_core_vectors.py::test_temporal_prefix_and_cross_section_order_determinism
tests/v4_03/test_core_vectors.py::test_market_path_unknown_suffix_requires_new_version_to_rebase
tests/v4_03/test_r3_closure.py::test_prior_artifact_score_and_universe_tamper
tests/v4_03/test_r3_closure.py::test_market_path_daily_return_tamper_breaks_output_digest
tests/v4_03/test_r3_closure.py::test_native_vectors_and_sector_missing_identity
tests/v4_03/test_r3_closure.py::test_market_regime_raw_contract_excludes_membership_churn_and_uses_member_median
tests/v4_03/test_r3_closure.py::test_trend_producer_identity_tamper
tests/v4_03/test_r3_closure.py::test_market_regime_receipt_and_independent_replay
tests/v4_03/test_r3_closure.py::test_sector_capability_remains_blocked_without_accepted_pit_membership
tests/v4_04/test_accepted_input.py::test_real_accepted_chain_resolves_expected_sources
tests/v4_04/test_accepted_input.py::test_hash_mismatch_fails_closed
tests/v4_04/test_accepted_input.py::test_cutoff_mismatch_fails_before_data_reads
tests/v4_04/test_all_rule_branches.py::test_trend_branches[override0-DOWNTREND_STRONG]
tests/v4_04/test_all_rule_branches.py::test_trend_branches[override1-UPTREND_STRONG]
tests/v4_04/test_all_rule_branches.py::test_trend_branches[override2-DOWNTREND]
tests/v4_04/test_all_rule_branches.py::test_trend_branches[override3-UPTREND]
tests/v4_04/test_all_rule_branches.py::test_trend_branches[override4-SIDEWAYS_WEAK]
tests/v4_04/test_all_rule_branches.py::test_trend_branches[override5-SIDEWAYS_STRONG]
tests/v4_04/test_all_rule_branches.py::test_trend_branches[override6-SIDEWAYS]
tests/v4_04/test_all_rule_branches.py::test_trend_branches[override7-SIDEWAYS_STRONG]
tests/v4_04/test_all_rule_branches.py::test_trend_branches[override8-UNKNOWN]
tests/v4_04/test_all_rule_branches.py::test_position_buckets[3-0.1-EXTENDED]
tests/v4_04/test_all_rule_branches.py::test_position_buckets[0-0.8-HIGH_ZONE]
tests/v4_04/test_all_rule_branches.py::test_position_buckets[0-0.6-MID_HIGH]
tests/v4_04/test_all_rule_branches.py::test_position_buckets[0-0.4-MID_ZONE]
tests/v4_04/test_all_rule_branches.py::test_position_buckets[0-0.2-MID_LOW]
tests/v4_04/test_all_rule_branches.py::test_position_buckets[0-0.1999-LOW_ZONE]
tests/v4_04/test_all_rule_branches.py::test_ma_structure_branches[12-11-10-0.01-BULL_ALIGNED]
tests/v4_04/test_all_rule_branches.py::test_ma_structure_branches[8-9-10--0.01-BEAR_ALIGNED]
tests/v4_04/test_all_rule_branches.py::test_ma_structure_branches[12-13-10-0-BULL_TRANSITION]
tests/v4_04/test_all_rule_branches.py::test_ma_structure_branches[8-7-10-0-BEAR_TRANSITION]
tests/v4_04/test_all_rule_branches.py::test_ma_structure_branches[10-10-10-0-MIXED]
tests/v4_04/test_all_rule_branches.py::test_compression_branches[1.5-0.5-0.3-0.5-True-EXPANDING_EXTREME]
tests/v4_04/test_all_rule_branches.py::test_compression_branches[1.1-0.5-0.3-0.5-True-EXPANDING]
tests/v4_04/test_all_rule_branches.py::test_compression_branches[0.7-0.7-0.35-0.8-True-COMPRESSING_STRONG]
tests/v4_04/test_all_rule_branches.py::test_compression_branches[0.9-0.9-0.6-2-True-COMPRESSING]
tests/v4_04/test_all_rule_branches.py::test_compression_branches[0.7-0.7-0.35-0.8-False-NORMAL]
tests/v4_04/test_all_rule_branches.py::test_amount_volume_buckets[0.49-VERY_DRY]
tests/v4_04/test_all_rule_branches.py::test_amount_volume_buckets[0.5-CONTRACTED]
tests/v4_04/test_all_rule_branches.py::test_amount_volume_buckets[0.8-NORMAL]
tests/v4_04/test_all_rule_branches.py::test_amount_volume_buckets[1.2-EXPANDED]
tests/v4_04/test_all_rule_branches.py::test_amount_volume_buckets[2-VERY_EXPANDED]
tests/v4_04/test_all_rule_branches.py::test_participation_branches[1.2--0.01-0.8-HIGH_PARTICIPATION_REVERSAL]
tests/v4_04/test_all_rule_branches.py::test_participation_branches[1.2-0.01-0.7-HIGH_PARTICIPATION_EFFECTIVE_ADVANCE]
tests/v4_04/test_all_rule_branches.py::test_participation_branches[1.2-0.01-0.6-HIGH_PARTICIPATION_LOW_EFFICIENCY]
tests/v4_04/test_all_rule_branches.py::test_participation_branches[0.7-0.01-0.5-LOW_PARTICIPATION_ADVANCE]
tests/v4_04/test_all_rule_branches.py::test_participation_branches[0.7--0.01-0.5-LOW_PARTICIPATION_DECLINE]
tests/v4_04/test_all_rule_branches.py::test_participation_branches[1-0-0.5-NORMAL_PARTICIPATION]
tests/v4_04/test_all_rule_branches.py::test_participation_branches[1.2-0.01-None-UNKNOWN]
tests/v4_04/test_all_rule_branches.py::test_relative_branches[10-50-0-COMPRESSING-MIXED-ACTIVE_EMERGENCE]
tests/v4_04/test_all_rule_branches.py::test_relative_branches[0-50-0.1-NORMAL-MIXED-PASSIVE_RESILIENCE]
tests/v4_04/test_all_rule_branches.py::test_relative_branches[1-80-0-NORMAL-MIXED-LEADING_ACCELERATING]
tests/v4_04/test_all_rule_branches.py::test_relative_branches[-3-80-0-NORMAL-MIXED-LEADING_STABLE]
tests/v4_04/test_all_rule_branches.py::test_relative_branches[4-50-0-NORMAL-MIXED-IMPROVING]
tests/v4_04/test_all_rule_branches.py::test_relative_branches[-4-50-0-NORMAL-MIXED-WEAKENING]
tests/v4_04/test_all_rule_branches.py::test_relative_branches[0-19-0-NORMAL-MIXED-LAGGING]
tests/v4_04/test_all_rule_branches.py::test_relative_branches[0-50-0-NORMAL-MIXED-NEUTRAL]
tests/v4_04/test_all_rule_branches.py::test_relative_branches[10-50-0-UNKNOWN-MIXED-UNKNOWN]
tests/v4_04/test_all_rule_branches.py::test_extension_branches[4-None-None-None-EXTREME]
tests/v4_04/test_all_rule_branches.py::test_extension_branches[3-None-None-None-HIGH]
tests/v4_04/test_all_rule_branches.py::test_extension_branches[1-0.4-2-0-HIGH]
tests/v4_04/test_all_rule_branches.py::test_extension_branches[2-0-1-0-MEDIUM]
tests/v4_04/test_all_rule_branches.py::test_extension_branches[1-0-1-0-LOW]
tests/v4_04/test_all_rule_branches.py::test_extension_branches[1-None-1-0-UNKNOWN]
tests/v4_04/test_all_rule_branches.py::test_position_descriptions[11-ABOVE_PRIOR_HIGH-SHALLOW]
tests/v4_04/test_all_rule_branches.py::test_position_descriptions[9-NEAR-MODERATE]
tests/v4_04/test_all_rule_branches.py::test_position_descriptions[7-BELOW-DEEP]
tests/v4_04/test_all_rule_branches.py::test_closed_period_boundaries
tests/v4_04/test_contract_semantics_r4.py::test_liquidity_is_independent_of_unknown_amount_ratio[20000000.0-True]
tests/v4_04/test_contract_semantics_r4.py::test_liquidity_is_independent_of_unknown_amount_ratio[19000000.0-False]
tests/v4_04/test_contract_semantics_r4.py::test_machine_enum_unknown_matches_production
tests/v4_04/test_contract_semantics_r4.py::test_inclusive_drawdown_boundaries_match_machine_and_production[9.51-SHALLOW-20]
tests/v4_04/test_contract_semantics_r4.py::test_inclusive_drawdown_boundaries_match_machine_and_production[9.51-SHALLOW-60]
tests/v4_04/test_contract_semantics_r4.py::test_inclusive_drawdown_boundaries_match_machine_and_production[9.5-SHALLOW-20]
tests/v4_04/test_contract_semantics_r4.py::test_inclusive_drawdown_boundaries_match_machine_and_production[9.5-SHALLOW-60]
tests/v4_04/test_contract_semantics_r4.py::test_inclusive_drawdown_boundaries_match_machine_and_production[9.49-MODERATE-20]
tests/v4_04/test_contract_semantics_r4.py::test_inclusive_drawdown_boundaries_match_machine_and_production[9.49-MODERATE-60]
tests/v4_04/test_contract_semantics_r4.py::test_inclusive_drawdown_boundaries_match_machine_and_production[8.51-MODERATE-20]
tests/v4_04/test_contract_semantics_r4.py::test_inclusive_drawdown_boundaries_match_machine_and_production[8.51-MODERATE-60]
tests/v4_04/test_contract_semantics_r4.py::test_inclusive_drawdown_boundaries_match_machine_and_production[8.5-MODERATE-20]
tests/v4_04/test_contract_semantics_r4.py::test_inclusive_drawdown_boundaries_match_machine_and_production[8.5-MODERATE-60]
tests/v4_04/test_contract_semantics_r4.py::test_inclusive_drawdown_boundaries_match_machine_and_production[8.49-DEEP-20]
tests/v4_04/test_contract_semantics_r4.py::test_inclusive_drawdown_boundaries_match_machine_and_production[8.49-DEEP-60]
tests/v4_04/test_contract_semantics_r4.py::test_semantic_vector_coverage
tests/v4_04/test_full_market_schema.py::test_full_market_row_schema_and_unknown_propagation
tests/v4_04/test_machine_contracts.py::test_machine_registry_and_parameter_references_complete
tests/v4_04/test_machine_contracts.py::test_no_turnover_or_sector_contract_leakage
tests/v4_04/test_machine_executor_r2.py::test_declared_operator_and_rule_coverage
tests/v4_04/test_machine_executor_r2.py::test_operator_positive_negative_threshold_unknown_vectors
tests/v4_04/test_machine_executor_r2.py::test_each_rule_has_executable_unknown_vector
tests/v4_04/test_machine_executor_r2.py::test_closed_period_threshold_and_unknown
tests/v4_04/test_machine_vectors_r3.py::test_all_machine_rules_have_branch_threshold_and_unknown_vectors
tests/v4_04/test_market_regime_ui.py::test_candidate_first_true[item0-CAPITULATION]
tests/v4_04/test_market_regime_ui.py::test_candidate_first_true[item1-RECOVERY_ATTEMPT]
tests/v4_04/test_market_regime_ui.py::test_candidate_first_true[item2-RISK_ON]
tests/v4_04/test_market_regime_ui.py::test_candidate_first_true[item3-RISK_OFF]
tests/v4_04/test_market_regime_ui.py::test_candidate_first_true[item4-NEUTRAL]
tests/v4_04/test_market_regime_ui.py::test_candidate_first_true[item5-UNKNOWN]
tests/v4_04/test_market_regime_ui.py::test_two_session_hysteresis_capitulation_immediate_and_unknown_last_known
tests/v4_04/test_profile_core_rules.py::test_first_true_precedence_and_unknown_gates
tests/v4_04/test_profile_core_rules.py::test_no_unearned_risk_or_trend
tests/v4_04/test_profile_core_rules.py::test_closed_period_and_position_descriptions
tests/v4_04/test_profile_primitives.py::test_prior20_excludes_current_and_missing_window_unknown
tests/v4_04/test_profile_primitives.py::test_formal_closed_period_filter_and_blocked_period
tests/v4_04/test_profile_primitives.py::test_ma10_is_independent_of_unavailable_ma20
tests/v4_04/test_profile_primitives.py::test_window_traceability_with_confirmed_suspension_and_unknown_gap
tests/v4_04/test_profile_primitives.py::test_monthly_closed_period_lineage_input
tests/v4_04/test_profile_status_r2.py::test_component_status_mapping[3-3-False-READY]
tests/v4_04/test_profile_status_r2.py::test_component_status_mapping[2-3-False-PARTIAL]
tests/v4_04/test_profile_status_r2.py::test_component_status_mapping[0-3-False-UNKNOWN_DATA]
tests/v4_04/test_profile_status_r2.py::test_component_status_mapping[2-3-True-DEGRADED]
tests/v4_04/test_profile_status_r2.py::test_component_status_rejects_invalid_availability
tests/v4_04/test_technical_window_status_r3.py::test_ma10_and_prior20_status_gate[extra0-False-False-False-OBSERVED-0]
tests/v4_04/test_technical_window_status_r3.py::test_ma10_and_prior20_status_gate[extra1-False-False-False-OBSERVED-1]
tests/v4_04/test_technical_window_status_r3.py::test_ma10_and_prior20_status_gate[extra2-False-False-False-OBSERVED-2]
tests/v4_04/test_technical_window_status_r3.py::test_ma10_and_prior20_status_gate[extra3-False-False-False-UNKNOWN-0]
tests/v4_04/test_technical_window_status_r3.py::test_ma10_and_prior20_status_gate[extra4-True-False-False-UNKNOWN-0]
tests/v4_04/test_technical_window_status_r3.py::test_ma10_and_prior20_status_gate[extra5-False-True-False-UNKNOWN-0]
tests/v4_04/test_technical_window_status_r3.py::test_ma10_and_prior20_status_gate[extra6-False-False-True-UNKNOWN-0]
tests/v4_05/test_replay_gate_a_r2.py::test_forward_daily_digest_matches_accepted_head
tests/v4_05/test_replay_gate_a_r2.py::test_incomplete_capabilities_cannot_claim_factor_replay_pass
tests/v4_05/test_replay_gate_a_r3.py::test_future_raw_price_does_not_enter_t0_history
tests/v4_05/test_replay_gate_a_r3.py::test_future_sessions_cannot_change_monday_or_month_asof[WEEKLY]
tests/v4_05/test_replay_gate_a_r3.py::test_future_sessions_cannot_change_monday_or_month_asof[MONTHLY]
tests/v4_05/test_replay_gate_a_r3.py::test_future_identity_metadata_cannot_change_target_membership
tests/v4_05/test_replay_gate_a_r3.py::test_later_gbbq_revision_cannot_replace_accepted_snapshot
tests/v4_05/test_replay_gate_a_r3.py::test_late_provider_is_excluded
tests/v4_05/test_replay_gate_a_r3.py::test_future_factor_source_is_hard_blocked
tests/v4_05/test_replay_gate_a_r3.py::test_future_market_regime_input_is_hard_blocked
tests/v4_05/test_replay_gate_a_r3.py::test_target_profile_preserves_row_set_and_unknowns
tests/v4_05/test_replay_gate_a_r3.py::test_factor_rows_expose_source_time_and_bootstrap_unknown
tests/v4_05/test_v4_05_r4_1_canonical_hash.py::test_canonical_json_identity_ignores_lf_crlf_and_object_key_order
tests/v4_05/test_v4_05_r4_1_canonical_hash.py::test_canonical_text_identity_normalizes_crlf
tests/v4_05/test_v4_05_r4_1_canonical_hash.py::test_canonical_json_identity_rejects_non_json_numbers
tests/v4_05/test_v4_05_r4_2_exact_candidate_binding.py::test_g08_baseline_binds_exact_r4_1_candidate_artifacts
tests/v4_05/test_v4_05_r4_2_exact_candidate_binding.py::test_r4_1_candidate_manifest_binds_all_exact_receipts_and_artifacts
tests/v4_05/test_v4_05_r4_contract_repairs.py::test_p01_closed_qfq_unavailable_keeps_temporal_view_and_blocks_data
tests/v4_05/test_v4_05_r4_contract_repairs.py::test_p02_active_period_qfq_unavailable_keeps_partial_view
tests/v4_05/test_v4_05_r4_contract_repairs.py::test_p03_closed_period_consumer_unknown_is_due_to_missing_qfq_inputs
tests/v4_05/test_v4_05_r4_contract_repairs.py::test_snapshot_and_basis_ids_bind_all_identity_dimensions
tests/v4_05/test_v4_05_r4_contract_repairs.py::test_mixed_coordinate_factor_window_fails_closed
tests/v4_05/test_v4_05_r4_contract_repairs.py::test_market_path_unknown_suffix_does_not_resume_without_new_series_version
tests/v4_05/test_v4_05_r4_contract_repairs.py::test_market_path_fail_closed_and_revision_ledger_cases_are_observed
tests/v4_05/test_v4_05_r4_contract_repairs.py::test_remote_lfs_pointer_parser_requires_oid_size_and_restored_bytes
tests/v4_05/test_v4_05_r4_contract_repairs.py::test_independent_numeric_postcheck_has_required_samples_and_recalculations
tests/v4_05/test_v4_05_r4_contract_repairs.py::test_r4_period_artifact_contains_only_accepted_temporal_enums
tests/v4_06/test_v4_06_supplemental.py::test_percent_points_normalize_to_fraction_and_preserve_raw_source_value
tests/v4_06/test_v4_06_supplemental.py::test_security_mapping_uses_accepted_local_identity_and_market_case_map
tests/v4_06/test_v4_06_supplemental.py::test_security_code_change_requires_explicit_accepted_map
tests/v4_06/test_v4_06_supplemental.py::test_exact_trade_date_and_source_identity_are_required_for_binding
tests/v4_06/test_v4_06_supplemental.py::test_binding_statuses_fail_closed_and_conflicts_remain_diagnostic
tests/v4_06/test_v4_06_supplemental.py::test_tolerance_plus_minus_epsilon_boundaries_and_outside_fail_closed
tests/v4_06/test_v4_06_supplemental.py::test_real_persisted_tolerance_schema_is_consumed_and_current_config_forbids_strict
tests/v4_06/test_v4_06_supplemental.py::test_tolerance_acceptance_gates_fail_closed[changes0]
tests/v4_06/test_v4_06_supplemental.py::test_tolerance_acceptance_gates_fail_closed[changes1]
tests/v4_06/test_v4_06_supplemental.py::test_tolerance_acceptance_gates_fail_closed[changes2]
tests/v4_06/test_v4_06_supplemental.py::test_tolerance_acceptance_gates_fail_closed[changes3]
tests/v4_06/test_v4_06_supplemental.py::test_tolerance_acceptance_gates_fail_closed[changes4]
tests/v4_06/test_v4_06_supplemental.py::test_tolerance_acceptance_gates_fail_closed[changes5]
tests/v4_06/test_v4_06_supplemental.py::test_tolerance_acceptance_gates_fail_closed[changes6]
tests/v4_06/test_v4_06_supplemental.py::test_tolerance_acceptance_gates_fail_closed[changes7]
tests/v4_06/test_v4_06_supplemental.py::test_tolerance_acceptance_gates_fail_closed[changes8]
tests/v4_06/test_v4_06_supplemental.py::test_tolerance_acceptance_gates_fail_closed[changes9]
tests/v4_06/test_v4_06_supplemental.py::test_tolerance_acceptance_gates_fail_closed[changes10]
tests/v4_06/test_v4_06_supplemental.py::test_tolerance_acceptance_gates_fail_closed[changes11]
tests/v4_06/test_v4_06_supplemental.py::test_denominator_acceptance_requires_reviewer_evidence_and_timestamp[accepted_by]
tests/v4_06/test_v4_06_supplemental.py::test_denominator_acceptance_requires_reviewer_evidence_and_timestamp[evidence_digest]
tests/v4_06/test_v4_06_supplemental.py::test_denominator_acceptance_requires_reviewer_evidence_and_timestamp[accepted_at_utc]
tests/v4_06/test_v4_06_supplemental.py::test_denominator_basis_must_match_exact_provider_semantics
tests/v4_06/test_v4_06_supplemental.py::test_runtime_and_frozen_v2_contract_agree_on_percentile_and_state_fields
tests/v4_06/test_v4_06_supplemental.py::test_pct60_canonical_state_boundaries[19.999999-LOW]
tests/v4_06/test_v4_06_supplemental.py::test_pct60_canonical_state_boundaries[20-NORMAL]
tests/v4_06/test_v4_06_supplemental.py::test_pct60_canonical_state_boundaries[69.999999-NORMAL]
tests/v4_06/test_v4_06_supplemental.py::test_pct60_canonical_state_boundaries[70-ELEVATED]
tests/v4_06/test_v4_06_supplemental.py::test_pct60_canonical_state_boundaries[89.999999-ELEVATED]
tests/v4_06/test_v4_06_supplemental.py::test_pct60_canonical_state_boundaries[90-HIGH]
tests/v4_06/test_v4_06_supplemental.py::test_pct60_canonical_state_boundaries[96.999999-HIGH]
tests/v4_06/test_v4_06_supplemental.py::test_pct60_canonical_state_boundaries[97-EXTREME]
tests/v4_06/test_v4_06_supplemental.py::test_pct60_canonical_state_boundaries[100-EXTREME]
tests/v4_06/test_v4_06_supplemental.py::test_pct60_missing_and_reason_state_registry_are_explicit
tests/v4_06/test_v4_06_supplemental.py::test_percentile_uses_0_to_100_midpoint_formula_with_independent_expected_value
tests/v4_06/test_v4_06_supplemental.py::test_percentile_all_higher_all_lower_and_all_equal_boundaries
tests/v4_06/test_v4_06_supplemental.py::test_supplemental_extension_note_propagates_source_state_without_effects[PENDING]
tests/v4_06/test_v4_06_supplemental.py::test_supplemental_extension_note_propagates_source_state_without_effects[UNAVAILABLE]
tests/v4_06/test_v4_06_supplemental.py::test_supplemental_extension_note_propagates_source_state_without_effects[UNKNOWN_DATA]
tests/v4_06/test_v4_06_supplemental.py::test_supplemental_extension_note_binds_accepted_core_fact_and_source_revision
tests/v4_06/test_v4_06_supplemental.py::test_target_date_is_excluded_from_prior_windows_and_metrics_are_explainable
tests/v4_06/test_v4_06_supplemental.py::test_confirmed_suspension_can_be_skipped_but_never_enters_baseline
tests/v4_06/test_v4_06_supplemental.py::test_unknown_missing_session_stops_baseline_instead_of_skipping
tests/v4_06/test_v4_06_supplemental.py::test_insufficient_history_degrades_only_turnover_metrics
tests/v4_06/test_v4_06_supplemental.py::test_sixty_prior_strict_actual_samples_is_the_available_lower_boundary
tests/v4_06/test_v4_06_supplemental.py::test_lookback_is_capped_at_250_market_sessions
tests/v4_06/test_v4_06_supplemental.py::test_nonpositive_median_denominator_returns_unavailable_ratio_without_epsilon
tests/v4_06/test_v4_06_supplemental.py::test_delta3_is_unavailable_when_endpoint_sample_is_missing
tests/v4_06/test_v4_06_supplemental.py::test_soft_or_unbound_target_never_enters_turnover_factor
tests/v4_06/test_v4_06_supplemental.py::test_binding_failure_maps_unavailable_while_valid_strict_short_history_maps_unknown_data
tests/v4_06/test_v4_06_supplemental.py::test_timeout_and_provider_not_ready_are_supplemental_only_states
tests/v4_06/test_v4_06_supplemental.py::test_priority_order_is_deterministic_and_p0_runs_first
tests/v4_06/test_v4_06_supplemental.py::test_backfill_cannot_consume_reserved_daily_incremental_headroom
tests/v4_06/test_v4_06_supplemental.py::test_worker_checkpoint_resume_is_idempotent_and_contains_no_source_rows
tests/v4_06/test_v4_06_supplemental.py::test_worker_circuit_breaks_on_source_not_ready_and_keeps_checkpoint
tests/v4_06/test_v4_06_supplemental.py::test_sdk_retry_is_charged_to_the_shared_request_ledger
tests/v4_06/test_v4_06_supplemental.py::test_request_priority_budget_rejects_invalid_and_unbounded_inputs
tests/v4_06/test_v4_06_supplemental.py::test_revision_manifest_counts_bindings_and_source_revision_set_deterministically
tests/v4_06/test_v4_06_supplemental.py::test_supplemental_revision_is_append_only_and_same_publication_can_advance_revision
tests/v4_06/test_v4_06_supplemental.py::test_each_supplemental_row_requires_auditable_query_identity
tests/v4_06/test_v4_06_supplemental.py::test_query_identity_must_match_the_normalized_source_row
tests/v4_06/test_v4_06_supplemental.py::test_duplicate_publication_revision_security_provider_is_rejected
tests/v4_06/test_v4_06_supplemental.py::test_manifest_rejects_duplicate_security_provider_within_one_revision
tests/v4_06/test_v4_06_supplemental.py::test_source_digest_is_stable_and_commits_raw_unit_and_value
tests/v4_06/test_v4_06_supplemental.py::test_core_isolation_matrix_keeps_six_digest_components_for_a_through_e
tests/v4_06/test_v4_06_supplemental.py::test_core_isolation_rejects_supplemental_channel_core_mutation
tests/v4_06/test_v4_06_supplemental.py::test_turnover_context_is_only_a_deprecated_exact_alias
tests/v4_06/test_v4_06_supplemental.py::test_persisted_semantic_state_must_match_pct60_and_strict_binding
tests/v4_06/test_v4_06_supplemental.py::test_factor_contract_source_gate_remains_fail_closed
tests/v4_07/test_base_seed.py::test_frozen_machine_vectors[SAFETY_ALL_TRUE]
tests/v4_07/test_base_seed.py::test_frozen_machine_vectors[SAFETY_HARD_FALSE]
tests/v4_07/test_base_seed.py::test_frozen_machine_vectors[SAFETY_REQUIRED_UNKNOWN]
tests/v4_07/test_base_seed.py::test_frozen_machine_vectors[SAFETY_FALSE_DOMINATES_UNKNOWN]
tests/v4_07/test_base_seed.py::test_frozen_machine_vectors[SAFETY_SEVERE_EXTENSION_TRUE]
tests/v4_07/test_base_seed.py::test_frozen_machine_vectors[SAFETY_MINIMUM_LIQUIDITY_FALSE]
tests/v4_07/test_base_seed.py::test_frozen_machine_vectors[SAFETY_MINIMUM_LIQUIDITY_UNKNOWN]
tests/v4_07/test_base_seed.py::test_frozen_machine_vectors[S1_BIAS_EQ_3]
tests/v4_07/test_base_seed.py::test_frozen_machine_vectors[S1_BIAS_JUST_BELOW_3]
tests/v4_07/test_base_seed.py::test_frozen_machine_vectors[S1_COMPRESSING_STRONG]
tests/v4_07/test_base_seed.py::test_frozen_machine_vectors[S1_NON_COMPRESSING]
tests/v4_07/test_base_seed.py::test_frozen_machine_vectors[S1_DELTA_EQ_3]
tests/v4_07/test_base_seed.py::test_frozen_machine_vectors[S1_DELTA_JUST_BELOW_3]
tests/v4_07/test_base_seed.py::test_frozen_machine_vectors[S1_DELTA_UNKNOWN]
tests/v4_07/test_base_seed.py::test_frozen_machine_vectors[S2_DELTA_EQ_10]
tests/v4_07/test_base_seed.py::test_frozen_machine_vectors[S2_DELTA_JUST_BELOW_10]
tests/v4_07/test_base_seed.py::test_frozen_machine_vectors[S2_BULL_TRANSITION]
tests/v4_07/test_base_seed.py::test_frozen_machine_vectors[S2_RECLAIM_PREVIOUS_EQUALITY]
tests/v4_07/test_base_seed.py::test_frozen_machine_vectors[S2_RECLAIM_CURRENT_EQUALITY_NOT_ABOVE]
tests/v4_07/test_base_seed.py::test_frozen_machine_vectors[S2_T_MINUS_1_UNKNOWN]
tests/v4_07/test_base_seed.py::test_frozen_machine_vectors[S2_T_CURRENT_UNKNOWN]
tests/v4_07/test_base_seed.py::test_frozen_machine_vectors[OR_S1_TRUE_S2_UNKNOWN]
tests/v4_07/test_base_seed.py::test_frozen_machine_vectors[OR_S1_FALSE_S2_UNKNOWN]
tests/v4_07/test_base_seed.py::test_frozen_machine_vectors[OR_BOTH_FALSE]
tests/v4_07/test_base_seed.py::test_frozen_machine_vectors[BASE_SAFETY_FALSE_DOMINATES_UNKNOWN_PATHS]
tests/v4_07/test_base_seed.py::test_frozen_machine_vectors[ANNOTATION_SUPPORTED]
tests/v4_07/test_base_seed.py::test_frozen_machine_vectors[ANNOTATION_REVERSAL_CONFLICTING]
tests/v4_07/test_base_seed.py::test_frozen_machine_vectors[ANNOTATION_LOW_EFFICIENCY_CONFLICTING]
tests/v4_07/test_base_seed.py::test_frozen_machine_vectors[ANNOTATION_NEUTRAL]
tests/v4_07/test_base_seed.py::test_frozen_machine_vectors[ANNOTATION_UNKNOWN]
tests/v4_07/test_base_seed.py::test_parameter_instance_drives_machine_production_and_independent_evaluators[V4_07_POSITION_BIAS20_ATR_MAX-2.5-overrides0-position_ok-TRUE-FALSE]
tests/v4_07/test_base_seed.py::test_parameter_instance_drives_machine_production_and_independent_evaluators[V4_07_DELTA3_IMPROVING_MIN_POINTS-4-overrides1-relative_change_improving-TRUE-FALSE]
tests/v4_07/test_base_seed.py::test_parameter_instance_drives_machine_production_and_independent_evaluators[V4_07_DELTA3_STRONG_MIN_POINTS-11-overrides2-relative_change_strong-TRUE-FALSE]
tests/v4_07/test_base_seed.py::test_evaluator_has_no_threshold_literal_fallback
tests/v4_07/test_base_seed.py::test_future_row_cannot_change_target_candidate
tests/v4_07/test_base_seed.py::test_v4_06_forbidden_input_matrix_isolation[B_PENDING_SIDECAR]
tests/v4_07/test_base_seed.py::test_v4_06_forbidden_input_matrix_isolation[C_SYNTHETIC_TURNOVER]
tests/v4_07/test_base_seed.py::test_v4_06_forbidden_input_matrix_isolation[D_EXTENSION_NOTE_CHANGED]
tests/v4_07/test_base_seed.py::test_v4_06_forbidden_input_matrix_isolation[E_BINDING_QUALITY_CONFLICT]
tests/v4_07/test_base_seed.py::test_two_fresh_source_loads_are_deterministic
tests/v4_07/test_base_seed.py::test_producer_uses_two_accepted_run_contexts_without_cross_date_identity_leakage
tests/v4_08/test_membership_contract.py::test_current_snapshot_observed_at_t_cannot_be_used_as_pit_at_t_minus_100
tests/v4_08/test_membership_contract.py::test_historical_replay_is_diagnostic_only
tests/v4_08/test_membership_contract.py::test_formal_membership_requires_provider_and_system_availability_within_cutoff
tests/v4_08/test_membership_contract.py::test_t_snapshot_is_unchanged_by_t_plus_1_correction
tests/v4_08/test_membership_contract.py::test_late_correction_is_a_new_revision
tests/v4_08/test_membership_contract.py::test_revision_fork_fails_closed
tests/v4_08/test_membership_contract.py::test_duplicate_sector_security_fact_fails_closed
tests/v4_08/test_membership_contract.py::test_unknown_security_identity_is_retained_and_reported
tests/v4_08/test_membership_contract.py::test_unresolved_non_core_and_bse_do_not_block_four_board_identity_gate
tests/v4_08/test_membership_contract.py::test_ambiguous_required_board_identity_blocks_only_affected_scope
tests/v4_08/test_membership_contract.py::test_forward_candidate_date_cannot_precede_complete_source_observation
tests/v4_08/test_membership_contract.py::test_style_is_excluded_from_formal_sector_and_rotation_qualification
tests/v4_08/test_membership_contract.py::test_unknown_sector_type_is_excluded_but_source_type_is_preserved
tests/v4_08/test_membership_contract.py::test_parent_industry_is_child_union_and_deduplicates_members
tests/v4_08/test_membership_contract.py::test_parent_replay_keeps_parent_basis_and_is_separate_from_raw_replay_snapshot
tests/v4_08/test_membership_contract.py::test_same_bytes_with_new_temporal_evidence_creates_new_append_only_revision_identity
tests/v4_08/test_membership_contract.py::test_revision_identity_rejects_invalid_source_bytes_digest
tests/v4_08/test_membership_contract.py::test_parent_derivation_rejects_impossible_cross_industry_identity
tests/v4_08/test_membership_contract.py::test_derived_parent_is_diagnostic_until_independently_accepted
tests/v4_08/test_membership_contract.py::test_snapshot_hash_is_deterministic_under_row_order
tests/v4_08/test_membership_contract.py::test_same_day_revision_chain_is_allowed_without_fork
tests/v4_08/test_membership_contract.py::test_source_file_hash_mismatch_fails_closed
tests/v4_08/test_membership_contract.py::test_cutoff_cannot_see_fact_before_system_available_at
tests/v4_08/test_membership_contract.py::test_missing_system_available_time_fails_closed
tests/v4_08/test_membership_contract.py::test_daily_identity_changes_only_when_date_or_truth_changes
tests/v4_08/test_membership_contract.py::test_seed_dependent_fields_remain_unknown_while_upstream_signal_degraded
tests/v4_08/test_membership_source_parser.py::test_infoharbor_source_parser_preserves_registered_and_unknown_types
tests/v4_08/test_membership_source_parser.py::test_industry_parser_uses_frozen_bytes_and_keeps_raw_code_and_line
tests/v4_08/test_r2_contract_vectors.py::test_rotation_r1_strong_previous_zero_keeps_early_path_open
tests/v4_08/test_r2_contract_vectors.py::test_rotation_r2_retention_and_breadth_deterioration_block_mature_upgrade
tests/v4_08/test_r2_contract_vectors.py::test_rotation_r3_concentrated_single_leader_blocks_acceptance_and_expansion
tests/v4_08/test_r2_contract_vectors.py::test_rotation_unknown_seed_fields_are_not_coerced_to_zero_or_false
tests/v4_08/test_r2_contract_vectors.py::test_contracts_have_no_full_market_permission_and_preserve_forbidden_inputs
tests/v4_08/test_r3_admission_and_ast.py::test_B07_accepted_looking_current_revision_is_rejected
tests/v4_08/test_r3_admission_and_ast.py::test_basis_compatible_pairs[PIT_OBSERVED_ACCEPTED-PIT_OBSERVED]
tests/v4_08/test_r3_admission_and_ast.py::test_basis_compatible_pairs[CURRENT_TDX_DIAGNOSTIC-CURRENT_TDX_MEMBERSHIP]
tests/v4_08/test_r3_admission_and_ast.py::test_basis_compatible_pairs[CURRENT_REPLAY_DIAGNOSTIC-CURRENT_MEMBERSHIP_REPLAY]
tests/v4_08/test_r3_admission_and_ast.py::test_basis_compatible_pairs[DERIVED_PARENT_DIAGNOSTIC-DERIVED_PARENT_MEMBERSHIP]
tests/v4_08/test_r3_admission_and_ast.py::test_active_universe_exclusions[change0-NOT_LISTED_AT_TARGET]
tests/v4_08/test_r3_admission_and_ast.py::test_active_universe_exclusions[change1-DELISTED_AT_TARGET]
tests/v4_08/test_r3_admission_and_ast.py::test_active_universe_exclusions[change2-NON_EQUITY]
tests/v4_08/test_r3_admission_and_ast.py::test_active_universe_exclusions[change3-OPTIONAL_BOARD_OUTSIDE_REQUIRED_SCOPE]
tests/v4_08/test_r3_admission_and_ast.py::test_active_universe_exclusions[change4-IDENTITY_UNAVAILABLE_AT_CUTOFF]
tests/v4_08/test_r3_admission_and_ast.py::test_formal_eligibility_never_self_promotes_incremental_identity
tests/v4_08/test_r3_admission_and_ast.py::test_machine_ast_is_fully_bound_and_serializable[v4_08_sector_prewatch_contract_v2.json]
tests/v4_08/test_r3_admission_and_ast.py::test_machine_ast_is_fully_bound_and_serializable[v4_08_rotation_core_contract_v2.json]
tests/v4_08/test_r3_admission_and_ast.py::test_independent_rotation_R1A_R1B_R2_R3_vectors[R1A]
tests/v4_08/test_r3_admission_and_ast.py::test_independent_rotation_R1A_R1B_R2_R3_vectors[R1B]
tests/v4_08/test_r3_admission_and_ast.py::test_independent_rotation_R1A_R1B_R2_R3_vectors[R2]
tests/v4_08/test_r3_admission_and_ast.py::test_independent_rotation_R1A_R1B_R2_R3_vectors[R3]
tests/v4_08/test_r3_admission_and_ast.py::test_ast_unknown_quality_and_unfrozen_parameters_remain_unknown
tests/v4_08/test_r3_admission_and_ast.py::test_boolean_AST_preserves_valid_OR_and_unknown_AND
tests/v4_08/test_r3_admission_and_ast.py::test_accepted_MAIN_board_normalization_uses_exchange_contract[SH]
tests/v4_08/test_r3_admission_and_ast.py::test_accepted_MAIN_board_normalization_uses_exchange_contract[SZ]
tests/v4_08/test_r3_admission_and_ast.py::test_canonical_AST_state_qualifications_with_frozen_synthetic_predicate_premises[R1A]
tests/v4_08/test_r3_admission_and_ast.py::test_canonical_AST_state_qualifications_with_frozen_synthetic_predicate_premises[R1B]
tests/v4_08/test_r3_admission_and_ast.py::test_canonical_AST_state_qualifications_with_frozen_synthetic_predicate_premises[R2]
tests/v4_08/test_r3_admission_and_ast.py::test_canonical_AST_state_qualifications_with_frozen_synthetic_predicate_premises[R3]
tests/v4_08/test_r3_admission_and_ast.py::test_terminal_and_fallback_machine_predicates[ROTATION_FAILED-values0-True]
tests/v4_08/test_r3_admission_and_ast.py::test_terminal_and_fallback_machine_predicates[ROTATION_FAILED-values1-False]
tests/v4_08/test_r3_admission_and_ast.py::test_terminal_and_fallback_machine_predicates[ROTATION_OUT-values2-True]
tests/v4_08/test_r3_admission_and_ast.py::test_terminal_and_fallback_machine_predicates[UNACCEPTED_EPISODE_EXPIRED-values3-True]
tests/v4_08/test_r3_admission_and_ast.py::test_terminal_and_fallback_machine_predicates[UNACCEPTED_EPISODE_EXPIRED-values4-False]
tests/v4_08/test_r3_admission_and_ast.py::test_terminal_and_fallback_machine_predicates[NO_ACTIVE_EPISODE-values5-True]
tests/v4_08/test_r3_admission_and_ast.py::test_four_state_OR_retention_branch_truth_table[True-NOT_APPLICABLE-True-None]
tests/v4_08/test_r3_admission_and_ast.py::test_four_state_OR_retention_branch_truth_table[NOT_APPLICABLE-True-True-None]
tests/v4_08/test_r3_admission_and_ast.py::test_four_state_OR_retention_branch_truth_table[False-NOT_APPLICABLE-False-NOT_APPLICABLE_BRANCH_SKIPPED]
tests/v4_08/test_r3_admission_and_ast.py::test_four_state_OR_retention_branch_truth_table[NOT_APPLICABLE-False-False-NOT_APPLICABLE_BRANCH_SKIPPED]
tests/v4_08/test_r3_admission_and_ast.py::test_four_state_OR_retention_branch_truth_table[NOT_APPLICABLE-NOT_APPLICABLE-None-NO_USABLE_RETENTION_BRANCH]
tests/v4_08/test_r3_admission_and_ast.py::test_four_state_OR_retention_branch_truth_table[None-NOT_APPLICABLE-None-REQUIRED_VALUE_UNKNOWN]
tests/v4_08/test_r3_admission_and_ast.py::test_four_state_OR_retention_branch_truth_table[False-None-None-REQUIRED_VALUE_UNKNOWN]
tests/v4_08/test_r3_admission_and_ast.py::test_four_state_AND_branch_truth_table[False-NOT_APPLICABLE-False]
tests/v4_08/test_r3_admission_and_ast.py::test_four_state_AND_branch_truth_table[True-NOT_APPLICABLE-True]
tests/v4_08/test_r3_admission_and_ast.py::test_four_state_AND_branch_truth_table[NOT_APPLICABLE-True-True]
tests/v4_08/test_r3_admission_and_ast.py::test_four_state_AND_branch_truth_table[NOT_APPLICABLE-NOT_APPLICABLE-NOT_APPLICABLE]
tests/v4_08/test_r3_admission_and_ast.py::test_four_state_AND_branch_truth_table[None-NOT_APPLICABLE-None]
tests/v4_08/test_r3_admission_and_ast.py::test_four_state_AND_branch_truth_table[False-None-False]
tests/v4_08/test_r3_admission_and_ast.py::test_canonical_early_retention_OR_has_explicit_na_behavior[True-NOT_APPLICABLE-True]
tests/v4_08/test_r3_admission_and_ast.py::test_canonical_early_retention_OR_has_explicit_na_behavior[NOT_APPLICABLE-True-True]
tests/v4_08/test_r3_admission_and_ast.py::test_canonical_early_retention_OR_has_explicit_na_behavior[False-NOT_APPLICABLE-False]
tests/v4_08/test_r3_admission_and_ast.py::test_canonical_early_retention_OR_has_explicit_na_behavior[NOT_APPLICABLE-False-False]
tests/v4_08/test_r3_admission_and_ast.py::test_canonical_early_retention_OR_has_explicit_na_behavior[NOT_APPLICABLE-NOT_APPLICABLE-None]
tests/v4_08/test_r3_admission_and_ast.py::test_strong_prev_zero_is_na_for_mature_and_cannot_qualify_expanding_or_reacceleration
tests/v4_08/test_r5_1_accepted_adapter.py::test_raw_amount_adapter_concentration[amounts0-0.125-0.375-ACCEPTED-None]
tests/v4_08/test_r5_1_accepted_adapter.py::test_raw_amount_adapter_concentration[amounts1-0.14285714285714285-0.42857142857142855-ACCEPTED-None]
tests/v4_08/test_r5_1_accepted_adapter.py::test_raw_amount_adapter_concentration[amounts2-None-None-UNKNOWN-ZERO_OR_UNKNOWN_AMOUNT_DENOMINATOR]
tests/v4_08/test_r5_1_accepted_adapter.py::test_raw_amount_adapter_concentration[amounts3-0.14285714285714285-0.42857142857142855-ACCEPTED-None]
tests/v4_08/test_r5_1_accepted_adapter.py::test_raw_amount_adapter_concentration[amounts4-0.14285714285714285-0.42857142857142855-ACCEPTED-None]
tests/v4_08/test_r5_1_accepted_adapter.py::test_target_date_mismatch_unknown
tests/v4_08/test_r5_1_accepted_adapter.py::test_future_source_rejected
tests/v4_08/test_r5_1_accepted_adapter.py::test_digest_mismatch_rejected
tests/v4_08/test_r5_1_accepted_adapter.py::test_price_logical_digest_mismatch_rejected
tests/v4_08/test_r5_1_accepted_adapter.py::test_unaccepted_source_rejected
tests/v4_08/test_r5_1_accepted_adapter.py::test_missing_source_payload_degrades_unknown
tests/v4_08/test_r5_1_accepted_adapter.py::test_accepted_head_newline_identity_uses_existing_canonical_policy
tests/v4_08/test_r5_1_accepted_adapter.py::test_price_basis_pulse_adapter[sha256-fixture-adjustment-ROTATION_PULSE]
tests/v4_08/test_r5_1_accepted_adapter.py::test_price_basis_pulse_adapter[sha256-new-corporate-action-UNKNOWN]
tests/v4_08/test_r5_1_accepted_adapter.py::test_price_basis_pulse_adapter[None-UNKNOWN]
tests/v4_08/test_r5_1_accepted_adapter.py::test_future_adjustment_revision_rejected
tests/v4_08/test_r5_1_accepted_adapter.py::test_semantic_mapping_formal_producer_unavailable[False-True-None]
tests/v4_08/test_r5_1_accepted_adapter.py::test_semantic_mapping_formal_producer_unavailable[False-False-None]
tests/v4_08/test_r5_1_accepted_adapter.py::test_semantic_mapping_formal_producer_unavailable[True-True-None]
tests/v4_08/test_r5_1_accepted_adapter.py::test_actual_legacy_current_function_against_pit_adapter[4]
tests/v4_08/test_r5_1_accepted_adapter.py::test_actual_legacy_current_function_against_pit_adapter[5]
tests/v4_08/test_r5_2_context_authority.py::test_multi_context_without_source_or_fixed_heads_edits
tests/v4_08/test_r5_2_context_authority.py::test_frozen_t_result_and_digest_survive_t_plus_one_change
tests/v4_08/test_r5_2_context_authority.py::test_daily_moving_head_routes_both_sessions
tests/v4_08/test_r5_2_context_authority.py::test_daily_stale_head_no_static_fallback
tests/v4_08/test_r5_2_context_authority.py::test_context_negative_vectors[future_date-FUTURE_ACCEPTED_CONTEXT_DATE]
tests/v4_08/test_r5_2_context_authority.py::test_context_negative_vectors[sha-DIGEST]
tests/v4_08/test_r5_2_context_authority.py::test_context_negative_vectors[raw_logical-LOGICAL_DIGEST]
tests/v4_08/test_r5_2_context_authority.py::test_context_negative_vectors[price_logical-LOGICAL_DIGEST]
tests/v4_08/test_r5_2_context_authority.py::test_context_negative_vectors[future_revision-FUTURE_ACCEPTED_CONTEXT_REVISION]
tests/v4_08/test_r5_2_context_authority.py::test_blocked_component_preserves_independent_core[raw_daily-amount]
tests/v4_08/test_r5_2_context_authority.py::test_blocked_component_preserves_independent_core[adjusted_price-close]
tests/v4_08/test_r5_2_context_authority.py::test_daily_context_cannot_override_manifest_bindings
tests/v4_08/test_r5_2_context_authority.py::test_b05_capability_downgrade_ignores_final_boolean_injection
tests/v4_08/test_r5_runtime.py::test_common_member_does_not_count_membership_changes
tests/v4_08/test_r5_runtime.py::test_missing_history_not_current_membership_replay
tests/v4_08/test_r5_runtime.py::test_absent_target_publication_does_not_create_zero_quote_coverage
tests/v4_08/test_r5_runtime.py::test_native_midrank_is_section_10a0_not_legacy_display_percentile
tests/v4_08/test_r5_runtime.py::test_frozen_denominator[old0-now0-NOT_APPLICABLE]
tests/v4_08/test_r5_runtime.py::test_frozen_denominator[old1-now1-UNKNOWN]
tests/v4_08/test_r5_runtime.py::test_frozen_denominator[old2-now2-ACCEPTED]
tests/v4_08/test_r5_runtime.py::test_parameter_instance_digest_rejects_unbound_mutation
tests/v4_08/test_r5_runtime.py::test_all_five_parameters_change_runtime_predicates[V4_08_EARLY_SEED_RETENTION_MIN-base_seed_retention-early_retained]
tests/v4_08/test_r5_runtime.py::test_all_five_parameters_change_runtime_predicates[V4_08_EARLY_BREADTH_RETENTION_MIN-breadth_retention-early_retained]
tests/v4_08/test_r5_runtime.py::test_all_five_parameters_change_runtime_predicates[V4_08_EARLY_BREADTH_DELTA_MIN-breadth_delta1-early_retained]
tests/v4_08/test_r5_runtime.py::test_all_five_parameters_change_runtime_predicates[V4_08_EARLY_TOP1_CONCENTRATION_MAX-top1_concentration-early_retained]
tests/v4_08/test_r5_runtime.py::test_all_five_parameters_change_runtime_predicates[V4_08_MATURE_STRONG_RETENTION_MIN-strong_member_retention_1-mature_retained]
tests/v4_08/test_r5_runtime.py::test_b0_missing_seed_is_unknown_even_when_safety_false
tests/v4_08/test_r5_runtime.py::test_first_pit_rotation_unknown
tests/v4_08/test_r5_runtime.py::test_pulse_then_in_with_empty_prior_strong_cohort_and_degraded_seed
tests/v4_08/test_r5_runtime.py::test_independent_b2_golden_current[patch0-TRUE]
tests/v4_08/test_r5_runtime.py::test_independent_b2_golden_current[patch1-FALSE]
tests/v4_08/test_r5_runtime.py::test_independent_b2_golden_current[patch2-TRUE]
tests/v4_08/test_r5_runtime.py::test_independent_b2_golden_current[patch3-UNKNOWN]
tests/v4_08/test_r5_runtime.py::test_independent_b2_golden_current[patch4-FALSE]
tests/v4_08/test_r5_runtime.py::test_b2_unknown_not_false
tests/v4_08/test_r5_runtime.py::test_actual_legacy_homogeneous_current_baseline
tests/v4_08/test_r5_runtime.py::test_all_actual_legacy_potential_branches_keep_amount_a_diagnostic[1.1-TRUE]
tests/v4_08/test_r5_runtime.py::test_all_actual_legacy_potential_branches_keep_amount_a_diagnostic[None-UNKNOWN]
tests/v4_08/test_r5_runtime.py::test_all_actual_legacy_potential_branches_keep_amount_a_diagnostic[0.1-FALSE]
tests/v4_08/test_r5_runtime.py::test_b2_feedback_isolation[PREWATCH]
tests/v4_08/test_r5_runtime.py::test_b2_feedback_isolation[Focus]
tests/v4_08/test_r5_runtime.py::test_b2_feedback_isolation[Radar]
tests/v4_08/test_r5_runtime.py::test_b2_feedback_isolation[Support]
tests/v4_08/test_r5_runtime.py::test_b2_feedback_isolation[turnover]
tests/v4_08/test_r5_runtime.py::test_b2_feedback_isolation[future_confirmation]
tests/v4_08/test_r5_runtime.py::test_b2_feedback_isolation[future_outcome]
tests/v4_08/test_r5_runtime.py::test_full_market_exact_scoped_membership
tests/v4_09/test_r1_1_lineage_immutability.py::test_state_contract_and_parameter_identity_negative_vectors[compression_state_correct]
tests/v4_09/test_r1_1_lineage_immutability.py::test_state_contract_and_parameter_identity_negative_vectors[compression_state_wrong_contract]
tests/v4_09/test_r1_1_lineage_immutability.py::test_state_contract_and_parameter_identity_negative_vectors[compression_state_missing_contract]
tests/v4_09/test_r1_1_lineage_immutability.py::test_state_contract_and_parameter_identity_negative_vectors[compression_state_wrong_parameter]
tests/v4_09/test_r1_1_lineage_immutability.py::test_state_contract_and_parameter_identity_negative_vectors[compression_state_missing_parameter]
tests/v4_09/test_r1_1_lineage_immutability.py::test_state_contract_and_parameter_identity_negative_vectors[ma_structure_state_correct]
tests/v4_09/test_r1_1_lineage_immutability.py::test_state_contract_and_parameter_identity_negative_vectors[ma_structure_state_wrong_contract]
tests/v4_09/test_r1_1_lineage_immutability.py::test_state_contract_and_parameter_identity_negative_vectors[ma_structure_state_missing_contract]
tests/v4_09/test_r1_1_lineage_immutability.py::test_state_contract_and_parameter_identity_negative_vectors[ma_structure_state_wrong_parameter]
tests/v4_09/test_r1_1_lineage_immutability.py::test_state_contract_and_parameter_identity_negative_vectors[ma_structure_state_missing_parameter]
tests/v4_09/test_r1_1_lineage_immutability.py::test_state_contract_and_parameter_identity_negative_vectors[core_extension_risk_correct]
tests/v4_09/test_r1_1_lineage_immutability.py::test_state_contract_and_parameter_identity_negative_vectors[core_extension_risk_wrong_contract]
tests/v4_09/test_r1_1_lineage_immutability.py::test_state_contract_and_parameter_identity_negative_vectors[core_extension_risk_missing_contract]
tests/v4_09/test_r1_1_lineage_immutability.py::test_state_contract_and_parameter_identity_negative_vectors[core_extension_risk_wrong_parameter]
tests/v4_09/test_r1_1_lineage_immutability.py::test_state_contract_and_parameter_identity_negative_vectors[core_extension_risk_missing_parameter]
tests/v4_09/test_r1_1_lineage_immutability.py::test_priority_failures_never_change_false_or_unknown_raw
tests/v4_09/test_r1_1_lineage_immutability.py::test_b0_validator_rejects_self_consistent_wrong_producer_or_contract[b0_contract]
tests/v4_09/test_r1_1_lineage_immutability.py::test_b0_validator_rejects_self_consistent_wrong_producer_or_contract[b0_producer]
tests/v4_09/test_r1_1_lineage_immutability.py::test_immutable_writer_exclusive_create_retry_and_conflict
tests/v4_09/test_r1_1_lineage_immutability.py::test_concurrent_conflicting_creates_preserve_one_complete_payload
tests/v4_09/test_r1_1_lineage_immutability.py::test_materialized_t_next_day_and_same_day_revision_do_not_replace_t
tests/v4_09/test_r1_1_lineage_immutability.py::test_legacy_fixed_output_is_prohibited_before_loading_inputs
tests/v4_09/test_stock_prewatch.py::test_independent_frozen_vector[RAW_TRUE_TRUE]
tests/v4_09/test_stock_prewatch.py::test_independent_frozen_vector[RAW_TRUE_UNKNOWN]
tests/v4_09/test_stock_prewatch.py::test_independent_frozen_vector[RAW_FALSE_TRUE]
tests/v4_09/test_stock_prewatch.py::test_independent_frozen_vector[RAW_FALSE_UNKNOWN]
tests/v4_09/test_stock_prewatch.py::test_independent_frozen_vector[RAW_UNKNOWN_TRUE]
tests/v4_09/test_stock_prewatch.py::test_independent_frozen_vector[RAW_UNKNOWN_UNKNOWN]
tests/v4_09/test_stock_prewatch.py::test_independent_frozen_vector[AXES_6]
tests/v4_09/test_stock_prewatch.py::test_independent_frozen_vector[AXES_7]
tests/v4_09/test_stock_prewatch.py::test_independent_frozen_vector[AXES_8]
tests/v4_09/test_stock_prewatch.py::test_independent_frozen_vector[AXES_9]
tests/v4_09/test_stock_prewatch.py::test_independent_frozen_vector[AXES_10]
tests/v4_09/test_stock_prewatch.py::test_independent_frozen_vector[AXES_11]
tests/v4_09/test_stock_prewatch.py::test_independent_frozen_vector[AXES_12]
tests/v4_09/test_stock_prewatch.py::test_independent_frozen_vector[AXES_13]
tests/v4_09/test_stock_prewatch.py::test_independent_frozen_vector[AXES_14]
tests/v4_09/test_stock_prewatch.py::test_independent_frozen_vector[AXES_15]
tests/v4_09/test_stock_prewatch.py::test_independent_frozen_vector[AXES_16]
tests/v4_09/test_stock_prewatch.py::test_independent_frozen_vector[AXES_17]
tests/v4_09/test_stock_prewatch.py::test_independent_frozen_vector[AXES_18]
tests/v4_09/test_stock_prewatch.py::test_independent_frozen_vector[AXES_19]
tests/v4_09/test_stock_prewatch.py::test_independent_frozen_vector[AXES_20]
tests/v4_09/test_stock_prewatch.py::test_independent_frozen_vector[AXES_21]
tests/v4_09/test_stock_prewatch.py::test_independent_frozen_vector[AXES_22]
tests/v4_09/test_stock_prewatch.py::test_independent_frozen_vector[AXES_23]
tests/v4_09/test_stock_prewatch.py::test_independent_frozen_vector[AXES_24]
tests/v4_09/test_stock_prewatch.py::test_independent_frozen_vector[AXES_25]
tests/v4_09/test_stock_prewatch.py::test_independent_frozen_vector[AXES_26]
tests/v4_09/test_stock_prewatch.py::test_independent_frozen_vector[AXES_27]
tests/v4_09/test_stock_prewatch.py::test_independent_frozen_vector[AXES_28]
tests/v4_09/test_stock_prewatch.py::test_independent_frozen_vector[AXES_29]
tests/v4_09/test_stock_prewatch.py::test_independent_frozen_vector[AXES_30]
tests/v4_09/test_stock_prewatch.py::test_independent_frozen_vector[AXES_31]
tests/v4_09/test_stock_prewatch.py::test_independent_frozen_vector[AXES_32]
tests/v4_09/test_stock_prewatch.py::test_independent_frozen_vector[AXES_33]
tests/v4_09/test_stock_prewatch.py::test_independent_frozen_vector[AXES_34]
tests/v4_09/test_stock_prewatch.py::test_independent_frozen_vector[AXES_35]
tests/v4_09/test_stock_prewatch.py::test_independent_frozen_vector[AXES_36]
tests/v4_09/test_stock_prewatch.py::test_independent_frozen_vector[AXES_37]
tests/v4_09/test_stock_prewatch.py::test_independent_frozen_vector[AXES_38]
tests/v4_09/test_stock_prewatch.py::test_independent_frozen_vector[AXES_39]
tests/v4_09/test_stock_prewatch.py::test_independent_frozen_vector[AXES_40]
tests/v4_09/test_stock_prewatch.py::test_independent_frozen_vector[AXES_41]
tests/v4_09/test_stock_prewatch.py::test_independent_frozen_vector[AXES_42]
tests/v4_09/test_stock_prewatch.py::test_independent_frozen_vector[AXES_43]
tests/v4_09/test_stock_prewatch.py::test_independent_frozen_vector[AXES_44]
tests/v4_09/test_stock_prewatch.py::test_independent_frozen_vector[AXES_45]
tests/v4_09/test_stock_prewatch.py::test_independent_frozen_vector[AXES_46]
tests/v4_09/test_stock_prewatch.py::test_independent_frozen_vector[AXES_47]
tests/v4_09/test_stock_prewatch.py::test_independent_frozen_vector[AXES_48]
tests/v4_09/test_stock_prewatch.py::test_independent_frozen_vector[AXES_49]
tests/v4_09/test_stock_prewatch.py::test_independent_frozen_vector[AXES_50]
tests/v4_09/test_stock_prewatch.py::test_independent_frozen_vector[AXES_51]
tests/v4_09/test_stock_prewatch.py::test_independent_frozen_vector[AXES_52]
tests/v4_09/test_stock_prewatch.py::test_independent_frozen_vector[AXES_53]
tests/v4_09/test_stock_prewatch.py::test_independent_frozen_vector[AXES_54]
tests/v4_09/test_stock_prewatch.py::test_independent_frozen_vector[AXES_55]
tests/v4_09/test_stock_prewatch.py::test_independent_frozen_vector[AXES_56]
tests/v4_09/test_stock_prewatch.py::test_independent_frozen_vector[AXES_57]
tests/v4_09/test_stock_prewatch.py::test_independent_frozen_vector[AXES_58]
tests/v4_09/test_stock_prewatch.py::test_independent_frozen_vector[AXES_59]
tests/v4_09/test_stock_prewatch.py::test_independent_frozen_vector[AXES_60]
tests/v4_09/test_stock_prewatch.py::test_independent_frozen_vector[AXES_61]
tests/v4_09/test_stock_prewatch.py::test_independent_frozen_vector[AXES_62]
tests/v4_09/test_stock_prewatch.py::test_independent_frozen_vector[AXES_63]
tests/v4_09/test_stock_prewatch.py::test_independent_frozen_vector[AXES_64]
tests/v4_09/test_stock_prewatch.py::test_independent_frozen_vector[AXES_65]
tests/v4_09/test_stock_prewatch.py::test_independent_frozen_vector[AXES_66]
tests/v4_09/test_stock_prewatch.py::test_independent_frozen_vector[AXES_67]
tests/v4_09/test_stock_prewatch.py::test_independent_frozen_vector[AXES_68]
tests/v4_09/test_stock_prewatch.py::test_independent_frozen_vector[AXES_69]
tests/v4_09/test_stock_prewatch.py::test_independent_frozen_vector[AXES_70]
tests/v4_09/test_stock_prewatch.py::test_independent_frozen_vector[AXES_71]
tests/v4_09/test_stock_prewatch.py::test_independent_frozen_vector[AXES_72]
tests/v4_09/test_stock_prewatch.py::test_independent_frozen_vector[AXES_73]
tests/v4_09/test_stock_prewatch.py::test_independent_frozen_vector[AXES_74]
tests/v4_09/test_stock_prewatch.py::test_independent_frozen_vector[AXES_75]
tests/v4_09/test_stock_prewatch.py::test_independent_frozen_vector[AXES_76]
tests/v4_09/test_stock_prewatch.py::test_independent_frozen_vector[AXES_77]
tests/v4_09/test_stock_prewatch.py::test_independent_frozen_vector[AXES_78]
tests/v4_09/test_stock_prewatch.py::test_independent_frozen_vector[AXES_79]
tests/v4_09/test_stock_prewatch.py::test_independent_frozen_vector[AXES_80]
tests/v4_09/test_stock_prewatch.py::test_independent_frozen_vector[AXES_81]
tests/v4_09/test_stock_prewatch.py::test_independent_frozen_vector[AXES_82]
tests/v4_09/test_stock_prewatch.py::test_independent_frozen_vector[AXES_83]
tests/v4_09/test_stock_prewatch.py::test_independent_frozen_vector[AXES_84]
tests/v4_09/test_stock_prewatch.py::test_independent_frozen_vector[AXES_85]
tests/v4_09/test_stock_prewatch.py::test_independent_frozen_vector[AXES_86]
tests/v4_09/test_stock_prewatch.py::test_independent_frozen_vector[AXES_87]
tests/v4_09/test_stock_prewatch.py::test_independent_frozen_vector[AXES_88]
tests/v4_09/test_stock_prewatch.py::test_independent_frozen_vector[AXES_89]
tests/v4_09/test_stock_prewatch.py::test_independent_frozen_vector[AXES_90]
tests/v4_09/test_stock_prewatch.py::test_independent_frozen_vector[AXES_91]
tests/v4_09/test_stock_prewatch.py::test_independent_frozen_vector[AXES_92]
tests/v4_09/test_stock_prewatch.py::test_independent_frozen_vector[AXES_93]
tests/v4_09/test_stock_prewatch.py::test_independent_frozen_vector[AXES_94]
tests/v4_09/test_stock_prewatch.py::test_independent_frozen_vector[AXES_95]
tests/v4_09/test_stock_prewatch.py::test_independent_frozen_vector[AXES_96]
tests/v4_09/test_stock_prewatch.py::test_independent_frozen_vector[AXES_97]
tests/v4_09/test_stock_prewatch.py::test_independent_frozen_vector[AXES_98]
tests/v4_09/test_stock_prewatch.py::test_independent_frozen_vector[AXES_99]
tests/v4_09/test_stock_prewatch.py::test_independent_frozen_vector[AXES_100]
tests/v4_09/test_stock_prewatch.py::test_independent_frozen_vector[AXES_101]
tests/v4_09/test_stock_prewatch.py::test_independent_frozen_vector[AXES_102]
tests/v4_09/test_stock_prewatch.py::test_independent_frozen_vector[AXES_103]
tests/v4_09/test_stock_prewatch.py::test_independent_frozen_vector[AXES_104]
tests/v4_09/test_stock_prewatch.py::test_independent_frozen_vector[AXES_105]
tests/v4_09/test_stock_prewatch.py::test_independent_frozen_vector[AXES_106]
tests/v4_09/test_stock_prewatch.py::test_independent_frozen_vector[AXES_107]
tests/v4_09/test_stock_prewatch.py::test_independent_frozen_vector[AXES_108]
tests/v4_09/test_stock_prewatch.py::test_independent_frozen_vector[AXES_109]
tests/v4_09/test_stock_prewatch.py::test_independent_frozen_vector[AXES_110]
tests/v4_09/test_stock_prewatch.py::test_independent_frozen_vector[AXES_111]
tests/v4_09/test_stock_prewatch.py::test_independent_frozen_vector[AXES_112]
tests/v4_09/test_stock_prewatch.py::test_independent_frozen_vector[AXES_113]
tests/v4_09/test_stock_prewatch.py::test_independent_frozen_vector[AXES_114]
tests/v4_09/test_stock_prewatch.py::test_independent_frozen_vector[AXES_115]
tests/v4_09/test_stock_prewatch.py::test_independent_frozen_vector[AXES_116]
tests/v4_09/test_stock_prewatch.py::test_independent_frozen_vector[AXES_117]
tests/v4_09/test_stock_prewatch.py::test_independent_frozen_vector[AXES_118]
tests/v4_09/test_stock_prewatch.py::test_independent_frozen_vector[AXES_119]
tests/v4_09/test_stock_prewatch.py::test_independent_frozen_vector[AXES_120]
tests/v4_09/test_stock_prewatch.py::test_independent_frozen_vector[AXES_121]
tests/v4_09/test_stock_prewatch.py::test_independent_frozen_vector[AXES_122]
tests/v4_09/test_stock_prewatch.py::test_independent_frozen_vector[AXES_123]
tests/v4_09/test_stock_prewatch.py::test_independent_frozen_vector[AXES_124]
tests/v4_09/test_stock_prewatch.py::test_independent_frozen_vector[AXES_125]
tests/v4_09/test_stock_prewatch.py::test_independent_frozen_vector[AXES_126]
tests/v4_09/test_stock_prewatch.py::test_independent_frozen_vector[AXES_127]
tests/v4_09/test_stock_prewatch.py::test_independent_frozen_vector[AXES_128]
tests/v4_09/test_stock_prewatch.py::test_independent_frozen_vector[AXES_129]
tests/v4_09/test_stock_prewatch.py::test_independent_frozen_vector[AXES_130]
tests/v4_09/test_stock_prewatch.py::test_independent_frozen_vector[AXES_131]
tests/v4_09/test_stock_prewatch.py::test_independent_frozen_vector[AXES_132]
tests/v4_09/test_stock_prewatch.py::test_independent_frozen_vector[AXES_133]
tests/v4_09/test_stock_prewatch.py::test_independent_frozen_vector[AXES_134]
tests/v4_09/test_stock_prewatch.py::test_independent_frozen_vector[AXES_135]
tests/v4_09/test_stock_prewatch.py::test_independent_frozen_vector[AXES_136]
tests/v4_09/test_stock_prewatch.py::test_independent_frozen_vector[AXES_137]
tests/v4_09/test_stock_prewatch.py::test_independent_frozen_vector[AXES_138]
tests/v4_09/test_stock_prewatch.py::test_independent_frozen_vector[AXES_139]
tests/v4_09/test_stock_prewatch.py::test_independent_frozen_vector[AXES_140]
tests/v4_09/test_stock_prewatch.py::test_independent_frozen_vector[AXES_141]
tests/v4_09/test_stock_prewatch.py::test_independent_frozen_vector[AXES_142]
tests/v4_09/test_stock_prewatch.py::test_independent_frozen_vector[AXES_143]
tests/v4_09/test_stock_prewatch.py::test_independent_frozen_vector[AXES_144]
tests/v4_09/test_stock_prewatch.py::test_independent_frozen_vector[AXES_145]
tests/v4_09/test_stock_prewatch.py::test_independent_frozen_vector[UNKNOWN_146]
tests/v4_09/test_stock_prewatch.py::test_independent_frozen_vector[UNKNOWN_147]
tests/v4_09/test_stock_prewatch.py::test_independent_frozen_vector[UNKNOWN_148]
tests/v4_09/test_stock_prewatch.py::test_independent_frozen_vector[UNKNOWN_149]
tests/v4_09/test_stock_prewatch.py::test_required_unknown_dominates_false_seed[damage]
tests/v4_09/test_stock_prewatch.py::test_required_unknown_dominates_false_seed[seed]
tests/v4_09/test_stock_prewatch.py::test_required_unknown_dominates_false_seed[source_date]
tests/v4_09/test_stock_prewatch.py::test_required_unknown_dominates_false_seed[availability]
tests/v4_09/test_stock_prewatch.py::test_required_unknown_dominates_false_seed[basis]
tests/v4_09/test_stock_prewatch.py::test_required_unknown_dominates_false_seed[publication]
tests/v4_09/test_stock_prewatch.py::test_required_unknown_dominates_false_seed[identity]
tests/v4_09/test_stock_prewatch.py::test_priority_unknown_does_not_gate_true_seed
tests/v4_09/test_stock_prewatch.py::test_partial_seed_does_not_require_all_profile_fields
tests/v4_09/test_stock_prewatch.py::test_forbidden_fields_do_not_change_any_result_bytes[sector_prewatch]
tests/v4_09/test_stock_prewatch.py::test_forbidden_fields_do_not_change_any_result_bytes[rotation_core_state]
tests/v4_09/test_stock_prewatch.py::test_forbidden_fields_do_not_change_any_result_bytes[B2]
tests/v4_09/test_stock_prewatch.py::test_forbidden_fields_do_not_change_any_result_bytes[state_reducer]
tests/v4_09/test_stock_prewatch.py::test_forbidden_fields_do_not_change_any_result_bytes[final_eligibility]
tests/v4_09/test_stock_prewatch.py::test_forbidden_fields_do_not_change_any_result_bytes[confirmation]
tests/v4_09/test_stock_prewatch.py::test_forbidden_fields_do_not_change_any_result_bytes[anchor]
tests/v4_09/test_stock_prewatch.py::test_forbidden_fields_do_not_change_any_result_bytes[support]
tests/v4_09/test_stock_prewatch.py::test_forbidden_fields_do_not_change_any_result_bytes[radar]
tests/v4_09/test_stock_prewatch.py::test_forbidden_fields_do_not_change_any_result_bytes[focus]
tests/v4_09/test_stock_prewatch.py::test_forbidden_fields_do_not_change_any_result_bytes[ui]
tests/v4_09/test_stock_prewatch.py::test_forbidden_fields_do_not_change_any_result_bytes[future_outcome]
tests/v4_09/test_stock_prewatch.py::test_forbidden_fields_do_not_change_any_result_bytes[forward_return]
tests/v4_09/test_stock_prewatch.py::test_forbidden_fields_do_not_change_any_result_bytes[turnover]
tests/v4_09/test_stock_prewatch.py::test_parameter_instance_and_numeric_enum_order
tests/v4_09/test_stock_prewatch.py::test_context_drives_dates_publications_counts[2030-01-02-1]
tests/v4_09/test_stock_prewatch.py::test_context_drives_dates_publications_counts[2030-02-04-3]
tests/v4_09/test_stock_prewatch.py::test_context_drives_dates_publications_counts[2031-03-05-4]
tests/v4_09/test_stock_prewatch.py::test_duplicate_missing_and_board_scope_rejected
tests/v4_09/test_stock_prewatch.py::test_production_and_v4_09_acceptance_stay_disabled
tests/v4_10/test_accepted_head_r1.py::test_promotion_and_all_25_independent_checks
tests/v4_10/test_accepted_head_r1.py::test_changed_authority_or_overclaim_rejected[implementation_commit-wrong]
tests/v4_10/test_accepted_head_r1.py::test_changed_authority_or_overclaim_rejected[audited_sealed_head-wrong]
tests/v4_10/test_accepted_head_r1.py::test_changed_authority_or_overclaim_rejected[external_acceptance_decision-wrong]
tests/v4_10/test_accepted_head_r1.py::test_changed_authority_or_overclaim_rejected[production_permission-True]
tests/v4_10/test_accepted_head_r1.py::test_changed_authority_or_overclaim_rejected[parent_binding-value4]
tests/v4_10/test_accepted_head_r1.py::test_changed_authority_or_overclaim_rejected[capabilities-value5]
tests/v4_10/test_accepted_head_r1.py::test_changed_authority_or_overclaim_rejected[open_audit_registry-value6]
tests/v4_10/test_accepted_head_r1.py::test_changed_authority_or_overclaim_rejected[global_head_parent_archive-value7]
tests/v4_10/test_promotion.py::test_promoted_exact
tests/v4_10/test_promotion.py::test_overclaim_or_wrong_authority_rejected[capabilities-value0]
tests/v4_10/test_promotion.py::test_overclaim_or_wrong_authority_rejected[implementation_commit-wrong]
tests/v4_10/test_promotion.py::test_overclaim_or_wrong_authority_rejected[external_acceptance_decision-wrong]
tests/v4_10/test_promotion.py::test_overclaim_or_wrong_authority_rejected[production_permission-True]
tests/v4_10/test_promotion.py::test_overclaim_or_wrong_authority_rejected[upstream_binding-value4]
tests/v4_10/test_promotion.py::test_overclaim_or_wrong_authority_rejected[artifact-value5]
tests/v4_10/test_r1_1_lineage.py::test_r1_1_adversarial_api_vector[partial_prior_payload_rejected_in_accepted_mode]
tests/v4_10/test_r1_1_lineage.py::test_r1_1_adversarial_api_vector[self_consistent_fake_prior_digest_rejected]
tests/v4_10/test_r1_1_lineage.py::test_r1_1_adversarial_api_vector[prior_content_address_publication_id_mismatch_rejected]
tests/v4_10/test_r1_1_lineage.py::test_r1_1_adversarial_api_vector[prior_missing_calendar_publication_rejected]
tests/v4_10/test_r1_1_lineage.py::test_r1_1_adversarial_api_vector[prior_calendar_identity_mismatch_rejected]
tests/v4_10/test_r1_1_lineage.py::test_r1_1_adversarial_api_vector[prior_trade_date_session_index_inconsistent_rejected]
tests/v4_10/test_r1_1_lineage.py::test_r1_1_adversarial_api_vector[same_day_revision_exact_session_binding_pass]
tests/v4_10/test_r1_1_lineage.py::test_r1_1_adversarial_api_vector[prior_session_transition_bound_calendar_pass]
tests/v4_10/test_r1_1_lineage.py::test_r1_1_adversarial_api_vector[synthetic_prior_cannot_enter_accepted_mode]
tests/v4_10/test_r1_1_lineage.py::test_r1_1_adversarial_api_vector[wrong_prior_ledger_identity_rejected]
tests/v4_10/test_r1_1_lineage.py::test_r1_1_adversarial_api_vector[bare_true_model_boundary_rejected]
tests/v4_10/test_r1_1_lineage.py::test_r1_1_adversarial_api_vector[authorized_boundary_pass]
tests/v4_10/test_r1_1_lineage.py::test_r1_1_adversarial_api_vector[boundary_missing_manifest_rejected]
tests/v4_10/test_r1_1_lineage.py::test_r1_1_adversarial_api_vector[boundary_wrong_from_model_contract_id_rejected]
tests/v4_10/test_r1_1_lineage.py::test_r1_1_adversarial_api_vector[boundary_wrong_to_model_contract_id_rejected]
tests/v4_10/test_r1_1_lineage.py::test_r1_1_adversarial_api_vector[boundary_wrong_effective_trade_date_rejected]
tests/v4_10/test_r1_1_lineage.py::test_r1_1_adversarial_api_vector[boundary_manifest_digest_mismatch_rejected]
tests/v4_10/test_r1_1_lineage.py::test_r1_1_adversarial_api_vector[boundary_unpublished_manifest_rejected]
tests/v4_10/test_r1_1_lineage.py::test_r1_1_adversarial_api_vector[unbound_core_price_damage_cannot_change_state]
tests/v4_10/test_r1_1_lineage.py::test_r1_1_adversarial_api_vector[unbound_risk_cannot_change_state]
tests/v4_10/test_r1_1_lineage.py::test_r1_1_adversarial_api_vector[unbound_delta3_cannot_change_state]
tests/v4_10/test_r1_1_lineage.py::test_r1_1_adversarial_api_vector[unbound_suspended_cannot_change_state]
tests/v4_10/test_r1_1_lineage.py::test_r1_1_adversarial_api_vector[wrong_core_price_damage_producer_rejected]
tests/v4_10/test_r1_1_lineage.py::test_r1_1_adversarial_api_vector[frozen_invalidation_true_before_owner_producer_rejected]
tests/v4_10/test_r1_1_lineage.py::test_r1_1_adversarial_api_vector[episode_invalidation_contract_id_true_before_owner_producer_rejected]
tests/v4_10/test_r1_1_lineage.py::test_r1_1_adversarial_api_vector[followup_complete_true_before_owner_producer_rejected]
tests/v4_10/test_r1_1_lineage.py::test_r1_1_adversarial_api_vector[scenario_true_before_owner_producer_rejected]
tests/v4_10/test_r1_1_lineage.py::test_r1_1_adversarial_api_vector[invalidation_wrong_publication_rejected]
tests/v4_10/test_r1_1_lineage.py::test_r1_1_adversarial_api_vector[invalidation_contract_matches_but_unbound_rejected]
tests/v4_10/test_r1_1_lineage.py::test_r1_1_adversarial_api_vector[not_implemented_fact_never_coerced_false]
tests/v4_10/test_r1_1_lineage.py::test_r1_1_adversarial_api_vector[unbound_dq5_cannot_move_sector_health_or_expiry]
tests/v4_10/test_r1_1_lineage.py::test_r1_1_adversarial_api_vector[wrong_risk_parameter_rejected]
tests/v4_10/test_r1_1_lineage.py::test_r1_1_adversarial_api_vector[wrong_delta3_time_role_rejected]
tests/v4_10/test_r1_1_lineage.py::test_r1_1_adversarial_api_vector[future_available_fact_rejected]
tests/v4_10/test_r1_1_lineage.py::test_r1_1_adversarial_api_vector[published_future_timestamp_still_unavailable_at_T]
tests/v4_10/test_r1_1_lineage.py::test_r1_1_adversarial_api_vector[registered_stock_producer_relabelled_sector_rejected]
tests/v4_10/test_r1_1_lineage.py::test_r1_1_adversarial_api_vector[input_publication_ids_string_rejected]
tests/v4_10/test_r1_1_lineage.py::test_r1_1_adversarial_api_vector[input_publication_ids_empty_rejected]
tests/v4_10/test_r1_1_lineage.py::test_r1_1_adversarial_api_vector[input_publication_ids_empty_id_rejected]
tests/v4_10/test_r1_1_lineage.py::test_r1_1_adversarial_api_vector[input_publication_ids_duplicate_rejected]
tests/v4_10/test_r1_1_lineage.py::test_r1_1_adversarial_api_vector[input_publication_ids_nested_rejected]
tests/v4_10/test_r1_1_lineage.py::test_r1_1_adversarial_api_vector[input_publication_ids_nonstr_rejected]
tests/v4_10/test_r1_1_lineage.py::test_r1_1_adversarial_api_vector[exact_publication_membership_no_substring_match]
tests/v4_10/test_r1_1_lineage.py::test_r1_1_adversarial_api_vector[input_manifest_digest_wrong_rejected]
tests/v4_10/test_r1_1_lineage.py::test_r1_1_adversarial_api_vector[real_old_to_current_preserves_followup]
tests/v4_10/test_r1_1_lineage.py::test_r1_1_adversarial_api_vector[real_boundary_current_episode_namespace_separate]
tests/v4_10/test_r1_1_lineage.py::test_r1_1_adversarial_api_vector[old_model_prior_without_boundary_rejected]
tests/v4_10/test_r1_1_lineage.py::test_r1_1_adversarial_api_vector[wrong_real_from_model]
tests/v4_10/test_r1_1_lineage.py::test_r1_1_adversarial_api_vector[wrong_real_from_parameter]
tests/v4_10/test_r1_1_lineage.py::test_r1_1_adversarial_api_vector[wrong_real_to_model]
tests/v4_10/test_r1_1_lineage.py::test_r1_1_adversarial_api_vector[wrong_real_effective_date]
tests/v4_10/test_r1_1_lineage.py::test_r1_1_adversarial_api_vector[missing_old_source_publication]
tests/v4_10/test_r1_1_lineage.py::test_r1_1_adversarial_api_vector[old_payload_digest_mismatch]
tests/v4_10/test_r1_1_lineage.py::test_r1_1_adversarial_api_vector[old_source_authority_digest_mismatch]
tests/v4_10/test_r1_1_lineage.py::test_r1_1_adversarial_api_vector[noop_model_boundary_rejected]
tests/v4_10/test_r1_1_lineage.py::test_r1_1_adversarial_api_vector[SEED_cannot_suppress_trusted_fact]
tests/v4_10/test_r1_1_lineage.py::test_r1_1_adversarial_api_vector[PREWATCH_cannot_suppress_trusted_fact]
tests/v4_10/test_r1_1_lineage.py::test_r1_1_adversarial_api_vector[core_price_damage_cannot_suppress_trusted_fact]
tests/v4_10/test_r1_1_lineage.py::test_r1_1_adversarial_api_vector[suspended_cannot_suppress_trusted_fact]
tests/v4_10/test_r1_1_lineage.py::test_r1_1_adversarial_api_vector[risk_cannot_suppress_trusted_fact]
tests/v4_10/test_r1_1_lineage.py::test_r1_1_adversarial_api_vector[delta3_cannot_suppress_trusted_fact]
tests/v4_10/test_r1_1_lineage.py::test_r1_1_adversarial_api_vector[dq5_cannot_claim_not_implemented]
tests/v4_10/test_r1_1_lineage.py::test_r1_1_adversarial_api_vector[dq5_implemented_unknown_publication_pass]
tests/v4_10/test_r1_1_lineage.py::test_r1_1_adversarial_api_vector[delta3_implemented_unknown_publication_pass]
tests/v4_10/test_r1_1_lineage.py::test_r1_1_adversarial_api_vector[stock_core_cannot_use_not_applicable]
tests/v4_10/test_r1_1_lineage.py::test_r1_1_adversarial_api_vector[trusted_true_cannot_be_relabelled_implemented_unknown]
tests/v4_10/test_r1_1_lineage.py::test_r1_1_adversarial_api_vector[PREWATCH_owner_mismatch_cannot_hide_fact]
tests/v4_10/test_r1_1_lineage.py::test_r1_1_adversarial_api_vector[SEED_owner_mismatch_cannot_hide_fact]
tests/v4_10/test_r1_1_lineage.py::test_direct_sql_forgery_gate_has_exact_rejection_reasons
tests/v4_10/test_r1_1_lineage.py::test_publication_manifest_shape_both_modes[PUB-SYNTHETIC_CONTRACT_VECTOR]
tests/v4_10/test_r1_1_lineage.py::test_publication_manifest_shape_both_modes[PUB-ACCEPTED_FACT_INTERFACE]
tests/v4_10/test_r1_1_lineage.py::test_publication_manifest_shape_both_modes[bad1-SYNTHETIC_CONTRACT_VECTOR]
tests/v4_10/test_r1_1_lineage.py::test_publication_manifest_shape_both_modes[bad1-ACCEPTED_FACT_INTERFACE]
tests/v4_10/test_r1_1_lineage.py::test_publication_manifest_shape_both_modes[bad2-SYNTHETIC_CONTRACT_VECTOR]
tests/v4_10/test_r1_1_lineage.py::test_publication_manifest_shape_both_modes[bad2-ACCEPTED_FACT_INTERFACE]
tests/v4_10/test_r1_1_lineage.py::test_publication_manifest_shape_both_modes[bad3-SYNTHETIC_CONTRACT_VECTOR]
tests/v4_10/test_r1_1_lineage.py::test_publication_manifest_shape_both_modes[bad3-ACCEPTED_FACT_INTERFACE]
tests/v4_10/test_r1_1_lineage.py::test_publication_manifest_shape_both_modes[bad4-SYNTHETIC_CONTRACT_VECTOR]
tests/v4_10/test_r1_1_lineage.py::test_publication_manifest_shape_both_modes[bad4-ACCEPTED_FACT_INTERFACE]
tests/v4_10/test_r1_1_lineage.py::test_publication_manifest_shape_both_modes[bad5-SYNTHETIC_CONTRACT_VECTOR]
tests/v4_10/test_r1_1_lineage.py::test_publication_manifest_shape_both_modes[bad5-ACCEPTED_FACT_INTERFACE]
tests/v4_10/test_r1_1_lineage.py::test_publication_manifest_shape_both_modes[bad6-SYNTHETIC_CONTRACT_VECTOR]
tests/v4_10/test_r1_1_lineage.py::test_publication_manifest_shape_both_modes[bad6-ACCEPTED_FACT_INTERFACE]
tests/v4_10/test_r1_1_lineage.py::test_accepted_interface_never_accepts_a_caller_supplied_fake_resolver
tests/v4_10/test_r1_1_lineage.py::test_independent_python_and_sql_canonical_numeric_unicode_identity[0]
tests/v4_10/test_r1_1_lineage.py::test_independent_python_and_sql_canonical_numeric_unicode_identity[-0.0]
tests/v4_10/test_r1_1_lineage.py::test_independent_python_and_sql_canonical_numeric_unicode_identity[1.0]
tests/v4_10/test_r1_1_lineage.py::test_independent_python_and_sql_canonical_numeric_unicode_identity[1e-07]
tests/v4_10/test_r1_1_lineage.py::test_independent_python_and_sql_canonical_numeric_unicode_identity[1200000000000.0]
tests/v4_10/test_r1_1_lineage.py::test_independent_python_and_sql_canonical_numeric_unicode_identity[-3.01]
tests/v4_10/test_r1_1_lineage.py::test_independent_python_and_sql_canonical_numeric_unicode_identity[value6]
tests/v4_10/test_r1_1_lineage.py::test_future_published_fact_not_available_by_cutoff_is_rejected
tests/v4_10/test_r1_1_lineage.py::test_output_schema_rejects_complete_but_wrong_counter_type
tests/v4_10/test_r1_2_publisher.py::test_output_rows_are_not_a_controlled_publisher_input
tests/v4_10/test_r1_2_publisher.py::test_owner_connection_does_not_implicitly_become_reducer_publisher
tests/v4_10/test_research_state.py::test_independent_vector[STOCK_NONE]
tests/v4_10/test_research_state.py::test_independent_vector[STOCK_SEED]
tests/v4_10/test_research_state.py::test_independent_vector[STOCK_PREWATCH]
tests/v4_10/test_research_state.py::test_independent_vector[STOCK_CONFIRMED]
tests/v4_10/test_research_state.py::test_independent_vector[SECTOR_NONE]
tests/v4_10/test_research_state.py::test_independent_vector[SECTOR_SEED]
tests/v4_10/test_research_state.py::test_independent_vector[SECTOR_PREWATCH]
tests/v4_10/test_research_state.py::test_independent_vector[SECTOR_CONFIRMED]
tests/v4_10/test_research_state.py::test_independent_vector[SECTOR_WARM]
tests/v4_10/test_research_state.py::test_independent_vector[prewatch_over_seed]
tests/v4_10/test_research_state.py::test_independent_vector[confirmed_over_prewatch]
tests/v4_10/test_research_state.py::test_independent_vector[STOCK_health_-3.01]
tests/v4_10/test_research_state.py::test_independent_vector[STOCK_health_-3]
tests/v4_10/test_research_state.py::test_independent_vector[STOCK_health_-2.99]
tests/v4_10/test_research_state.py::test_independent_vector[STOCK_health_0]
tests/v4_10/test_research_state.py::test_independent_vector[STOCK_health_2.99]
tests/v4_10/test_research_state.py::test_independent_vector[STOCK_health_3]
tests/v4_10/test_research_state.py::test_independent_vector[STOCK_health_3.01]
tests/v4_10/test_research_state.py::test_independent_vector[STOCK_health_None]
tests/v4_10/test_research_state.py::test_independent_vector[STOCK_extreme]
tests/v4_10/test_research_state.py::test_independent_vector[SECTOR_health_-3.01]
tests/v4_10/test_research_state.py::test_independent_vector[SECTOR_health_-3]
tests/v4_10/test_research_state.py::test_independent_vector[SECTOR_health_-2.99]
tests/v4_10/test_research_state.py::test_independent_vector[SECTOR_health_0]
tests/v4_10/test_research_state.py::test_independent_vector[SECTOR_health_2.99]
tests/v4_10/test_research_state.py::test_independent_vector[SECTOR_health_3]
tests/v4_10/test_research_state.py::test_independent_vector[SECTOR_health_3.01]
tests/v4_10/test_research_state.py::test_independent_vector[SECTOR_health_None]
tests/v4_10/test_research_state.py::test_independent_vector[SECTOR_extreme]
tests/v4_10/test_research_state.py::test_independent_vector[unknown_SEED]
tests/v4_10/test_research_state.py::test_independent_vector[unknown_PREWATCH]
tests/v4_10/test_research_state.py::test_independent_vector[unknown_CONFIRMED]
tests/v4_10/test_research_state.py::test_independent_vector[unknown_core_price_damage]
tests/v4_10/test_research_state.py::test_independent_vector[unknown_frozen_invalidation]
tests/v4_10/test_research_state.py::test_independent_vector[hard_core_price_damage]
tests/v4_10/test_research_state.py::test_independent_vector[hard_frozen_invalidation]
tests/v4_10/test_research_state.py::test_independent_vector[unrelated_anchor_fail_closed]
tests/v4_10/test_research_state.py::test_independent_vector[downgrade_NONE_day1]
tests/v4_10/test_research_state.py::test_independent_vector[downgrade_NONE_day2]
tests/v4_10/test_research_state.py::test_independent_vector[downgrade_SEED_day1]
tests/v4_10/test_research_state.py::test_independent_vector[downgrade_SEED_day2]
tests/v4_10/test_research_state.py::test_independent_vector[upgrade_immediate]
tests/v4_10/test_research_state.py::test_independent_vector[break_UNKNOWN]
tests/v4_10/test_research_state.py::test_independent_vector[break_SUSPENSION]
tests/v4_10/test_research_state.py::test_independent_vector[break_SESSION_GAP]
tests/v4_10/test_research_state.py::test_independent_vector[expiry_9]
tests/v4_10/test_research_state.py::test_independent_vector[expiry_10]
tests/v4_10/test_research_state.py::test_independent_vector[expiry_improvement_2.99]
tests/v4_10/test_research_state.py::test_independent_vector[expiry_improvement_3]
tests/v4_10/test_research_state.py::test_independent_vector[expiry_improvement_3.01]
tests/v4_10/test_research_state.py::test_independent_vector[expiry_pause_UNKNOWN]
tests/v4_10/test_research_state.py::test_independent_vector[expiry_pause_SUSPENSION]
tests/v4_10/test_research_state.py::test_independent_vector[expiry_pause_HEALTH_HISTORY]
tests/v4_10/test_research_state.py::test_independent_vector[expiry_na_STOCKCONFIRMED]
tests/v4_10/test_research_state.py::test_independent_vector[expiry_na_SECTORCONFIRMED]
tests/v4_10/test_research_state.py::test_independent_vector[expiry_na_SECTORWARM]
tests/v4_10/test_research_state.py::test_independent_vector[reentry_session_20]
tests/v4_10/test_research_state.py::test_independent_vector[reentry_session_21]
tests/v4_10/test_research_state.py::test_independent_vector[reentry_session_22]
tests/v4_10/test_research_state.py::test_independent_vector[model_boundary]
tests/v4_10/test_research_state.py::test_independent_vector[tracking_complete_False]
tests/v4_10/test_research_state.py::test_independent_vector[tracking_complete_True]
tests/v4_10/test_research_state.py::test_independent_vector[STOCK_scenario_SETUP]
tests/v4_10/test_research_state.py::test_independent_vector[STOCK_scenario_LAUNCH_CONFIRM]
tests/v4_10/test_research_state.py::test_independent_vector[STOCK_scenario_RECOVERY_TURN]
tests/v4_10/test_research_state.py::test_independent_vector[STOCK_scenario_STRONG_PULLBACK]
tests/v4_10/test_research_state.py::test_independent_vector[STOCK_scenario_TREND_CONTINUE]
tests/v4_10/test_research_state.py::test_independent_vector[STOCK_scenario_NONE]
tests/v4_10/test_research_state.py::test_independent_vector[SECTOR_scenario_BASE_BUILD]
tests/v4_10/test_research_state.py::test_independent_vector[SECTOR_scenario_BREADTH_BUILD]
tests/v4_10/test_research_state.py::test_independent_vector[SECTOR_scenario_RECOVERY_BUILD]
tests/v4_10/test_research_state.py::test_independent_vector[SECTOR_scenario_BROADENING]
tests/v4_10/test_research_state.py::test_independent_vector[SECTOR_scenario_REACCELERATING]
tests/v4_10/test_research_state.py::test_independent_vector[SECTOR_scenario_SUSTAINED]
tests/v4_10/test_research_state.py::test_independent_vector[SECTOR_scenario_NONE]
tests/v4_10/test_research_state.py::test_independent_vector[scenario_unknown]
tests/v4_10/test_research_state.py::test_independent_vector[last_known_NONE]
tests/v4_10/test_research_state.py::test_independent_vector[last_known_SEED]
tests/v4_10/test_research_state.py::test_independent_vector[last_known_PREWATCH]
tests/v4_10/test_research_state.py::test_independent_vector[last_known_WARM]
tests/v4_10/test_research_state.py::test_independent_vector[last_known_CONFIRMED]
tests/v4_10/test_research_state.py::test_independent_vector[tracking_unknown_ACTIVE]
tests/v4_10/test_research_state.py::test_independent_vector[tracking_unknown_FOLLOWUP]
tests/v4_10/test_research_state.py::test_independent_vector[tracking_unknown_CLOSED]
tests/v4_10/test_research_state.py::test_independent_vector[missing_CONFIRMED]
tests/v4_10/test_research_state.py::test_independent_vector[missing_WARM]
tests/v4_10/test_research_state.py::test_independent_vector[stock_warm_illegal_TRUE]
tests/v4_10/test_research_state.py::test_independent_vector[stock_warm_illegal_FALSE]
tests/v4_10/test_research_state.py::test_independent_vector[synthetic_in_real_input_reject]
tests/v4_10/test_research_state.py::test_independent_vector[prior_digest_reject]
tests/v4_10/test_research_state.py::test_independent_vector[unmarked_boundary_reject]
tests/v4_10/test_research_state.py::test_independent_vector[unknown_false_coercion_reject]
tests/v4_10/test_research_state.py::test_independent_vector[stock_prior_warm_reject]
tests/v4_10/test_research_state.py::test_independent_vector[producer_wrong_contract_id]
tests/v4_10/test_research_state.py::test_independent_vector[producer_wrong_parameter_set_id]
tests/v4_10/test_research_state.py::test_independent_vector[producer_wrong_publication_id]
tests/v4_10/test_research_state.py::test_independent_vector[downgrade_same_session_revision]
tests/v4_10/test_research_state.py::test_independent_vector[expiry_same_session_revision]
tests/v4_10/test_research_state.py::test_independent_postcheck_has_complete_axis_and_transition_coverage
tests/v4_10/test_research_state.py::test_unknown_interrupts_actual_downgrade_sequence
tests/v4_10/test_research_state.py::test_expiry_baseline_accumulates_and_unknown_keeps_market_age
tests/v4_10/test_research_state.py::test_real_input_missing_confirmation_is_unknown
tests/v4_10/test_research_state.py::test_false_or_unknown_cannot_be_coerced_from_python_boolean
tests/v4_10/test_research_state.py::test_next_session_reentry_keeps_old_episode_work
tests/v4_10/test_research_state.py::test_same_session_revision_does_not_increment_counters
tests/v4_11/test_confirmation.py::test_stage_to_confirmed[NONE]
tests/v4_11/test_confirmation.py::test_stage_to_confirmed[SEED]
tests/v4_11/test_confirmation.py::test_stage_to_confirmed[PREWATCH]
tests/v4_11/test_confirmation.py::test_persistent
tests/v4_11/test_confirmation.py::test_same_day_r1_r2_r3
tests/v4_11/test_confirmation.py::test_reconfirmed
tests/v4_11/test_confirmation.py::test_reconfirmed_after_exit_keeps_confirmed_episode_history
tests/v4_11/test_confirmation.py::test_forged_frozen_calendar_rejected
tests/v4_11/test_confirmation.py::test_d2_parent_must_equal_event_prior
tests/v4_11/test_confirmation.py::test_scenario_events[TREND_CONTINUE-LAUNCH_CONFIRM-SCENARIO_UPGRADED]
tests/v4_11/test_confirmation.py::test_scenario_events[LAUNCH_CONFIRM-TREND_CONTINUE-SCENARIO_CHANGED]
tests/v4_11/test_confirmation.py::test_weakening
tests/v4_11/test_confirmation.py::test_hard_invalidation
tests/v4_11/test_confirmation.py::test_required_fact_unknown
tests/v4_11/test_confirmation.py::test_stock_amr20_and_multiscenario_dedup
tests/v4_11/test_confirmation.py::test_identity_rejected[producer_contract_id-wrong-PRODUCER_MISMATCH]
tests/v4_11/test_confirmation.py::test_identity_rejected[parameter_set_id-wrong-PARAMETER_MISMATCH]
tests/v4_11/test_confirmation.py::test_identity_rejected[source_publication_ids-value2-PUBLICATION_MISMATCH]
tests/v4_11/test_confirmation.py::test_provenance_rejected[future-FUTURE_TIMESTAMP_REJECTED]
tests/v4_11/test_confirmation.py::test_provenance_rejected[feedback-SAME_DAY_FEEDBACK_REJECTED]
tests/v4_11/test_confirmation.py::test_provenance_rejected[role-FACT_TIME_ROLE_MISMATCH]
tests/v4_11/test_confirmation.py::test_provenance_rejected[unit-INPUT_UNIT_MISMATCH]
tests/v4_11/test_confirmation.py::test_provenance_rejected[prior-PRIOR_WINDOW_MUST_END_BEFORE_TARGET]
tests/v4_11/test_confirmation.py::test_provenance_rejected[hash-EXACT_INPUT_BINDING_INVALID]
tests/v4_11/test_confirmation.py::test_provenance_rejected[head-UNACCEPTED_DATA_HEAD]
tests/v4_11/test_confirmation.py::test_full_market_and_false_acceptance
tests/v4_11/test_confirmation.py::test_d2_output_cannot_be_manufactured
tests/v4_11/test_confirmation.py::test_first_observed_and_none
tests/v4_11/test_confirmation.py::test_raw_source_oracle_each_scenario
tests/v4_11/test_confirmation.py::test_no_symbol
tests/v4_11/test_confirmation.py::test_expected_inventory_complete
tests/v4_11/test_confirmation.py::test_future_publication_cutoff_rejected
tests/v4_11/test_persistence.py::test_retry_consumer_and_append_only
tests/v4_11/test_persistence.py::test_event_publish_and_readback
tests/v4_11/test_persistence.py::test_atomic_failure
tests/v4_11/test_persistence.py::test_migration_rollback
tests/v4_11/test_persistence.py::test_semantic_migration_rollback_and_reapply
tests/v4_11/test_persistence.py::test_direct_ordinary_writer_and_consumer_bypass_rejected
tests/v4_11/test_persistence.py::test_incomplete_publication_cannot_commit
tests/v4_11/test_semantic_r2.py::test_source_formula_and_scenario_oracles
tests/v4_11/test_semantic_r2.py::test_real_target_amr20_unavailable_remains_unknown
tests/v4_11/test_semantic_r2.py::test_sector_payload_cannot_alias_stock_ratio
tests/v4_11_r3a/test_target_fact_oracle.py::test_price_ma_return_slope_and_damage_families_against_independent_arithmetic[positive]
tests/v4_11_r3a/test_target_fact_oracle.py::test_price_ma_return_slope_and_damage_families_against_independent_arithmetic[negative]
tests/v4_11_r3a/test_target_fact_oracle.py::test_price_ma_return_slope_and_damage_families_against_independent_arithmetic[boundary]
tests/v4_11_r3a/test_target_fact_oracle.py::test_price_ma_return_slope_and_damage_families_against_independent_arithmetic[missing]
tests/v4_11_r3a/test_target_fact_oracle.py::test_amr_amount_fraction_positive_negative_boundary_missing[24000000]
tests/v4_11_r3a/test_target_fact_oracle.py::test_amr_amount_fraction_positive_negative_boundary_missing[16000000]
tests/v4_11_r3a/test_target_fact_oracle.py::test_amr_amount_fraction_positive_negative_boundary_missing[20000000]
tests/v4_11_r3a/test_target_fact_oracle.py::test_amr_amount_fraction_positive_negative_boundary_missing[None]
tests/v4_11_r3a/test_target_fact_oracle.py::test_twenty_prior_master_sessions_and_target_exclusion_mean_vs_median
tests/v4_11_r3a/test_target_fact_oracle.py::test_liquidity_prior_median_threshold_and_missing_session[20000001-True]
tests/v4_11_r3a/test_target_fact_oracle.py::test_liquidity_prior_median_threshold_and_missing_session[19999999-False]
tests/v4_11_r3a/test_target_fact_oracle.py::test_liquidity_prior_median_threshold_and_missing_session[20000000-True]
tests/v4_11_r3a/test_target_fact_oracle.py::test_liquidity_prior_median_threshold_and_missing_session[None-None]
tests/v4_11_r3a/test_target_fact_oracle.py::test_clv_positive_negative_lower_upper_and_zero_denominator[10.8-11-10-0.8]
tests/v4_11_r3a/test_target_fact_oracle.py::test_clv_positive_negative_lower_upper_and_zero_denominator[10.2-11-10-0.2]
tests/v4_11_r3a/test_target_fact_oracle.py::test_clv_positive_negative_lower_upper_and_zero_denominator[10-11-10-0]
tests/v4_11_r3a/test_target_fact_oracle.py::test_clv_positive_negative_lower_upper_and_zero_denominator[11-11-10-1]
tests/v4_11_r3a/test_target_fact_oracle.py::test_clv_positive_negative_lower_upper_and_zero_denominator[10-10-10-None]
tests/v4_11_r3a/test_target_fact_oracle.py::test_missing_raw_master_slot_does_not_compress_window_or_become_false
tests/v4_11_r3a/test_target_fact_oracle.py::test_compressed_master_calendar_gap_is_rejected
tests/v4_11_r3a/test_target_fact_oracle.py::test_nonpositive_required_amount_is_unknown_not_numeric_zero[0]
tests/v4_11_r3a/test_target_fact_oracle.py::test_nonpositive_required_amount_is_unknown_not_numeric_zero[-1]
tests/v4_11_r3a/test_target_fact_oracle.py::test_first_candidate_decimal_coordinate_defect_is_preserved_as_fail_evidence
tests/v4_11_r3a/test_target_fact_oracle.py::test_heterogeneous_accepted_mean_execution_preserves_prior_count_boundary
tests/v4_11_r3a/test_target_fact_oracle.py::test_normal_universe_known_false_requires_accepted_eligibility_fact[ACTUAL_TRADED-True-True]
tests/v4_11_r3a/test_target_fact_oracle.py::test_normal_universe_known_false_requires_accepted_eligibility_fact[SUSPENDED-False-False]
tests/v4_11_r3a/test_target_fact_oracle.py::test_raw_absence_conflicting_with_accepted_actual_status_fails_closed
tests/v4_11_r3a/test_target_fact_oracle.py::test_rps_exact_prior_fraction_positive_negative_boundary_missing[80-70]
tests/v4_11_r3a/test_target_fact_oracle.py::test_rps_exact_prior_fraction_positive_negative_boundary_missing[60-70]
tests/v4_11_r3a/test_target_fact_oracle.py::test_rps_exact_prior_fraction_positive_negative_boundary_missing[70-70]
tests/v4_11_r3a/test_target_fact_oracle.py::test_rps_exact_prior_fraction_positive_negative_boundary_missing[None-70]
tests/v4_11_r3a/test_target_fact_oracle.py::test_rps_exact_prior_fraction_positive_negative_boundary_missing[70-None]
tests/v4_11_r3a/test_target_fact_oracle.py::test_admission_negative_vectors_begin_with_valid_oracle_only_candidate
tests/v4_11_r3a/test_target_fact_oracle.py::test_admission_rejects_wrong_source_future_feedback_and_missing_fabrication[wrong_source]
tests/v4_11_r3a/test_target_fact_oracle.py::test_admission_rejects_wrong_source_future_feedback_and_missing_fabrication[source_hash]
tests/v4_11_r3a/test_target_fact_oracle.py::test_admission_rejects_wrong_source_future_feedback_and_missing_fabrication[future_cutoff]
tests/v4_11_r3a/test_target_fact_oracle.py::test_admission_rejects_wrong_source_future_feedback_and_missing_fabrication[future_fact]
tests/v4_11_r3a/test_target_fact_oracle.py::test_admission_rejects_wrong_source_future_feedback_and_missing_fabrication[same_day_feedback]
tests/v4_11_r3a/test_target_fact_oracle.py::test_admission_rejects_wrong_source_future_feedback_and_missing_fabrication[focus]
tests/v4_11_r3a/test_target_fact_oracle.py::test_admission_rejects_wrong_source_future_feedback_and_missing_fabrication[final_state]
tests/v4_11_r3a/test_target_fact_oracle.py::test_admission_rejects_wrong_source_future_feedback_and_missing_fabrication[unknown_zero]
tests/v4_11_r3a/test_target_fact_oracle.py::test_admission_rejects_wrong_source_future_feedback_and_missing_fabrication[unknown_false]
tests/v4_11_r3a/test_target_fact_oracle.py::test_admission_rejects_wrong_source_future_feedback_and_missing_fabrication[no_reason]
tests/v4_11_r3a/test_target_fact_oracle.py::test_admission_rejects_wrong_source_future_feedback_and_missing_fabrication[diagnostic_true]
tests/v4_11_r3a/test_target_fact_oracle.py::test_real_source_oracle_report_has_exact_rps_prior_binding_and_full_market_readback
tests/v4_11_r3a/test_target_fact_oracle.py::test_new_oracle_and_producer_sources_have_no_literal_market_symbol
tests/v4_11_r3b/test_input_closure.py::test_valid_prior_episode_evidence_is_validated_without_promotion
tests/v4_11_r3b/test_input_closure.py::test_episode_downstream_and_focus_rejected[V4_10_D2]
tests/v4_11_r3b/test_input_closure.py::test_episode_downstream_and_focus_rejected[FINAL_STATE]
tests/v4_11_r3b/test_input_closure.py::test_episode_downstream_and_focus_rejected[FOCUS]
tests/v4_11_r3b/test_input_closure.py::test_episode_downstream_and_focus_rejected[V4_11_D0]
tests/v4_11_r3b/test_input_closure.py::test_episode_downstream_and_focus_rejected[SAME_DAY_DOWNSTREAM]
tests/v4_11_r3b/test_input_closure.py::test_episode_negative_identity_and_time[episode_start-2026-10-02-FUTURE_OR_SAME_DAY]
tests/v4_11_r3b/test_input_closure.py::test_episode_negative_identity_and_time[prior_session_trade_date-2026-09-30-FUTURE_OR_SAME_DAY]
tests/v4_11_r3b/test_input_closure.py::test_episode_negative_identity_and_time[system_available_at-2026-10-01T13:00:00+00:00-FUTURE_EPISODE]
tests/v4_11_r3b/test_input_closure.py::test_episode_negative_identity_and_time[episode_id-made-up-FAKE_EPISODE_ID]
tests/v4_11_r3b/test_input_closure.py::test_episode_negative_identity_and_time[producer_contract_id-wrong-WRONG_EPISODE_PRODUCER]
tests/v4_11_r3b/test_input_closure.py::test_episode_negative_identity_and_time[parameter_set_id-wrong-WRONG_EPISODE_PARAMETER_SET]
tests/v4_11_r3b/test_input_closure.py::test_same_day_revision_cannot_be_laundered_as_prior_session_episode
tests/v4_11_r3b/test_input_closure.py::test_older_episode_is_not_immediate_prior_master_session
tests/v4_11_r3b/test_input_closure.py::test_episode_publication_identity_and_cutoff_bound[publication_id-fake-publication-EPISODE_PUBLICATION_DIGEST_MISMATCH]
tests/v4_11_r3b/test_input_closure.py::test_episode_publication_identity_and_cutoff_bound[knowledge_cutoff-2026-10-01T11:00:00+00:00-EPISODE_KNOWLEDGE_CUTOFF_MISMATCH]
tests/v4_11_r3b/test_input_closure.py::test_canonical_episode_id_without_matching_upstream_row_is_not_evidence
tests/v4_11_r3b/test_input_closure.py::test_prior_episode_publication_contract_is_bound[producer_contract_id-wrong-WRONG_PRIOR_EPISODE_PRODUCER]
tests/v4_11_r3b/test_input_closure.py::test_prior_episode_publication_contract_is_bound[parameter_set_id-wrong-WRONG_PRIOR_EPISODE_PARAMETER_SET]
tests/v4_11_r3b/test_input_closure.py::test_prior_episode_publication_contract_is_bound[system_available_at-2026-10-01T13:00:00+00:00-FUTURE_EPISODE_SOURCE]
tests/v4_11_r3b/test_input_closure.py::test_same_day_d2_and_focus_loo_feedback_rejected[V4_10_D2]
tests/v4_11_r3b/test_input_closure.py::test_same_day_d2_and_focus_loo_feedback_rejected[FOCUS]
tests/v4_11_r3b/test_input_closure.py::test_same_day_d2_and_focus_loo_feedback_rejected[V4_11_D0]
tests/v4_11_r3b/test_input_closure.py::test_same_day_d2_and_focus_loo_feedback_rejected[FINAL_STATE]
tests/v4_11_r3b/test_input_closure.py::test_same_day_d2_and_focus_loo_feedback_rejected[SAME_DAY_DOWNSTREAM]
tests/v4_11_r3b/test_input_closure.py::test_loo_circular_dependency_detected
tests/v4_11_r3b/test_input_closure.py::test_loo_cutoff_and_producer_proof_fail_closed[trade_date-2026-10-01-LOO_FUTURE_INPUT_REJECTED]
tests/v4_11_r3b/test_input_closure.py::test_loo_cutoff_and_producer_proof_fail_closed[system_available_at-2026-10-01T13:00:00+00:00-LOO_FUTURE_INPUT_REJECTED]
tests/v4_11_r3b/test_input_closure.py::test_loo_cutoff_and_producer_proof_fail_closed[pure_upstream-False-LOO_PURE_UPSTREAM_PROOF_REQUIRED]
tests/v4_11_r3b/test_input_closure.py::test_loo_cutoff_and_producer_proof_fail_closed[publication_id-None-LOO_VERSIONED_PUBLICATION_REQUIRED]
tests/v4_11_r3b/test_input_closure.py::test_disconnected_feedback_node_is_not_hidden
tests/v4_11_r3b/test_input_closure.py::test_pure_graph_proof_does_not_silently_promote_frozen_loo_role
tests/v4_11_r3b/test_input_closure.py::test_diagnostic_only_cannot_enter_formal_d0[STRONG_PULLBACK]
tests/v4_11_r3b/test_input_closure.py::test_diagnostic_only_cannot_enter_formal_d0[TREND_CONTINUE]
tests/v4_11_r3b/test_input_closure.py::test_r3a_dependency_is_explicit_per_scenario
tests/v4_11_r3b/test_input_closure.py::test_common_safety_does_not_replace_exact_individual_facts
tests/v4_11_r3b/test_input_closure.py::test_diagnostic_facts_are_unknown_never_fake_false
tests/v4_11_r3c/test_d2_bridge.py::test_real_candidate_mode_uses_exact_rules_without_accepted_or_synthetic_namespace
tests/v4_11_r3c/test_d2_bridge.py::test_real_prior_d2_file_is_frozen_and_v4_12_missing_stays_unknown
tests/v4_11_r3c/test_d2_bridge.py::test_legacy_modes_cannot_enter_candidate_admission[SYNTHETIC_CONTRACT_VECTOR]
tests/v4_11_r3c/test_d2_bridge.py::test_legacy_modes_cannot_enter_candidate_admission[ACCEPTED_FACT_INTERFACE]
tests/v4_11_r3c/test_d2_bridge.py::test_self_attested_field_change_rejected_despite_new_input_digest
tests/v4_11_r3c/test_d2_bridge.py::test_producer_parameter_and_synthetic_envelope_rejected[producer_contract_id-WRONG-WRONG_FIELD_PRODUCER]
tests/v4_11_r3c/test_d2_bridge.py::test_producer_parameter_and_synthetic_envelope_rejected[producer_parameter_set_id-WRONG-WRONG_FIELD_PRODUCER]
tests/v4_11_r3c/test_d2_bridge.py::test_producer_parameter_and_synthetic_envelope_rejected[status-SYNTHETIC-SYNTHETIC_OR_INVALID_FIELD_STATUS]
tests/v4_11_r3c/test_d2_bridge.py::test_bare_model_boundary_rejected
tests/v4_11_r3c/test_d2_bridge.py::test_serialized_prior_is_not_trusted_without_byte_bound_real_publication
tests/v4_11_r3c/test_d2_bridge.py::test_candidate_d2_row_tampering_rejected_by_rule_reexecution
tests/v4_11_r3c/test_d2_bridge.py::test_byte_bound_source_tampering_rejected
tests/v4_11_r3c/test_d2_bridge.py::test_self_sealed_source_set_not_in_external_authority_is_rejected
tests/v4_11_r3c/test_d2_bridge.py::test_same_day_revision_cannot_become_prior_d2
tests/v4_11_r3c/test_d2_bridge.py::test_admission_rejects_future_and_focus_even_in_issuer_envelope[system_available_at-2026-10-01T13:00:00+00:00-FUTURE_FIELD]
tests/v4_11_r3c/test_d2_bridge.py::test_admission_rejects_future_and_focus_even_in_issuer_envelope[time_role-FOCUS-FIELD_POLICY]
tests/v4_11_r3c/test_d2_bridge.py::test_frozen_invalidation_cannot_be_fake_false_to_avoid_unknown
tests/v4_11_r3c/test_d2_bridge.py::test_adapter_ast_diff_is_limited_to_six_explicit_admission_identity_changes
tests/v4_11_r3c/test_event_publication_quality.py::test_unknown_prior_never_becomes_known_new_confirmed[change0]
tests/v4_11_r3c/test_event_publication_quality.py::test_unknown_prior_never_becomes_known_new_confirmed[change1]
tests/v4_11_r3c/test_event_publication_quality.py::test_unknown_prior_never_becomes_known_new_confirmed[change2]
tests/v4_11_r3c/test_event_publication_quality.py::test_fresh_known_unconfirmed_prior_allows_new_confirmed
tests/v4_11_r3c/test_event_publication_quality.py::test_new_entity_remains_first_observed_without_invented_prior
tests/v4_11_r3c/test_event_publication_quality.py::test_missing_current_required_facts_still_fail_closed
tests/v4_11_r3c/test_event_publication_quality.py::test_unknown_prior_scenario_cannot_publish_known_scenario_change
tests/v4_11_r3c/test_event_publication_quality.py::test_same_day_revision_does_not_replace_unknown_frozen_prior
tests/v4_11_r3c/test_scenario_oracle.py::test_independent_literal_oracle_all_formal_scenarios
tests/v4_11_r3c/test_upstream_source_admission.py::test_numerically_equal_coordinates_do_not_make_a_mixed_adjustment_window[multipliers0-additions0]
tests/v4_11_r3c/test_upstream_source_admission.py::test_numerically_equal_coordinates_do_not_make_a_mixed_adjustment_window[multipliers1-additions1]
tests/v4_11_r3c/test_upstream_source_admission.py::test_signed_zero_is_numerically_the_same_additive_coordinate
tests/v4_11_r3c/test_upstream_source_admission.py::test_distinct_high_precision_coordinates_must_not_be_rounded_into_one_identity
tests/v4_11_r3c/test_upstream_source_admission.py::test_only_explicit_accepted_suspension_can_bridge_an_actual_bar_window[SUSPENDED-CONFIRMED_SUSPENSION-True]
tests/v4_11_r3c/test_upstream_source_admission.py::test_only_explicit_accepted_suspension_can_bridge_an_actual_bar_window[None-UNKNOWN-False]
tests/v4_11_r3c/test_upstream_source_admission.py::test_only_explicit_accepted_suspension_can_bridge_an_actual_bar_window[UNKNOWN-UNKNOWN-False]
tests/v4_11_r3c/test_upstream_source_admission.py::test_only_explicit_accepted_suspension_can_bridge_an_actual_bar_window[MISSING-UNKNOWN-False]
tests/v4_11_r3c/test_upstream_source_admission.py::test_raw_bar_with_unavailable_adjustment_is_not_reclassified_as_suspension
tests/v4_11_r3c/test_upstream_source_admission.py::test_prior_close_and_ma20_exclude_the_target_session
tests/v4_11_r3c/test_upstream_source_admission.py::test_immediate_prior_session_gap_is_not_replaced_by_last_observed_close
tests/v4_11_r4/test_adjustment_basis.py::test_independent_admission[changes0-None]
tests/v4_11_r4/test_adjustment_basis.py::test_independent_admission[changes1-MIXED_ADJUSTMENT_IDENTITY]
tests/v4_11_r4/test_adjustment_basis.py::test_independent_admission[changes2-MIXED_ADJUSTMENT_IDENTITY]
tests/v4_11_r4/test_adjustment_basis.py::test_independent_admission[changes3-ADJUSTMENT_UNKNOWN]
tests/v4_11_r4/test_adjustment_basis.py::test_independent_admission[changes4-ADJUSTMENT_UNKNOWN]
tests/v4_11_r4/test_adjustment_basis.py::test_confirmed_suspension_crossing_accepted_rule
tests/v4_11_r4/test_adjustment_basis.py::test_unexplained_gap_fails_closed
tests/v4_11_r4/test_adjustment_basis.py::test_actual_basis_change_unknown
tests/v4_11_r4/test_adjustment_basis.py::test_affine_evidence_not_basis
tests/v4_11_r4/test_event_safety.py::test_unknown_prior_cannot_be_false[changes0]
tests/v4_11_r4/test_event_safety.py::test_unknown_prior_cannot_be_false[changes1]
tests/v4_11_r4/test_event_safety.py::test_unknown_prior_cannot_be_false[changes2]
tests/v4_11_r4/test_event_safety.py::test_unknown_prior_cannot_be_false[changes3]
tests/v4_11_r4/test_event_safety.py::test_unknown_current_not_deterministic[changes0]
tests/v4_11_r4/test_event_safety.py::test_unknown_current_not_deterministic[changes1]
tests/v4_11_r4/test_event_safety.py::test_unknown_current_not_deterministic[changes2]
tests/v4_11_r4/test_event_safety.py::test_unknown_prior_scenario_with_active_endpoints
tests/v4_11_r4/test_event_safety.py::test_true_prior_false_current_is_known_transition
tests/v4_11_r4/test_real_upstream_window.py::test_core_window_basis_not_coefficient_digest
tests/v4_11_r4/test_real_upstream_window.py::test_r4b_rejects_unpassed_parity_before_target_generation
tests/v4_a02_a05_formal_r1/test_formal_amendments.py::test_exact_actual_external_authority_pinned
tests/v4_a02_a05_formal_r1/test_formal_amendments.py::test_accepted_scores_are_only_scoped_producer_acceptance
tests/v4_a02_a05_formal_r1/test_formal_amendments.py::test_formal_reader_does_not_recalculate_rps
tests/v4_a02_a05_formal_r1/test_formal_amendments.py::test_A05_current_snapshot_observation_scope_is_exact
tests/v4_a02_a05_formal_r1/test_formal_amendments.py::test_A02_counterfeit_record_publications_rejected_before_loading
tests/v4_a02_a05_formal_r1/test_formal_amendments.py::test_B2_rejects_historical_scope_or_stale_current_snapshot
tests/v4_a02_a05_formal_r1/test_formal_amendments.py::test_A02_full_independent_replay_and_prior_big_diff
tests/v4_a02_a05_formal_r1/test_formal_amendments.py::test_A05_full_real_snapshot_independent_AST_readback
tests/v4_a02_a05_formal_r1/test_formal_amendments.py::test_old_head_and_rotation_context_immutable
tests/v4_a02_r2/test_rps_history.py::test_frozen_midrank_ties_and_single_evaluable_unknown
tests/v4_a02_r2/test_rps_history.py::test_strict_compatible_producer_reports_rank_warmup_and_rejects_boolean
tests/v4_a02_r2/test_rps_history.py::test_append_only_and_tampered_byte_binding
tests/v4_a02_r2/test_rps_history.py::test_calendar_schema_and_cutoff_fail_closed
tests/v4_a02_r2/test_rps_history.py::test_exact_prior_session_and_warmup
tests/v4_a02_r2/test_rps_history.py::test_revision_vectors[calendar_identity-CALENDAR_REVISION]
tests/v4_a02_r2/test_rps_history.py::test_revision_vectors[algorithm_identity-ALGORITHM_REVISION]
tests/v4_a02_r2/test_rps_history.py::test_revision_vectors[universe_identity-UNIVERSE_AUTHORITY_REVISION]
tests/v4_a02_r2/test_rps_history.py::test_date_effective_universe_new_member_remains_unknown
tests/v4_a02_r2/test_rps_history.py::test_reader_consumes_exact_artifacts_and_denies_formal_self_acceptance
tests/v4_a02_r2/test_rps_history.py::test_real_six_publication_source_rank_and_delta_oracle
tests/v4_a02_r2/test_rps_history.py::test_real_downstream_diff_is_amendment_only_and_parameters_frozen
tests/v4_a03_a04_a07_r2/test_candidate_boundaries.py::test_pit_no_backdate_duplicate_and_crash_recovery
tests/v4_a03_a04_a07_r2/test_candidate_boundaries.py::test_same_day_revision_immutable
tests/v4_a03_a04_a07_r2/test_candidate_boundaries.py::test_same_source_repeat_retains_original_first_availability
tests/v4_a03_a04_a07_r2/test_candidate_boundaries.py::test_partial_source_detectors[missing-MISSING_EXPECTED_SOURCE]
tests/v4_a03_a04_a07_r2/test_candidate_boundaries.py::test_partial_source_detectors[schema-SCHEMA_DRIFT]
tests/v4_a03_a04_a07_r2/test_candidate_boundaries.py::test_partial_source_detectors[target-TARGET_DATE_MISMATCH]
tests/v4_a03_a04_a07_r2/test_candidate_boundaries.py::test_partial_source_detectors[calendar-CALENDAR_GAP]
tests/v4_a03_a04_a07_r2/test_candidate_boundaries.py::test_partial_source_detectors[identity-IDENTITY_GAP]
tests/v4_a03_a04_a07_r2/test_candidate_boundaries.py::test_calendar_gap_between_observations
tests/v4_a03_a04_a07_r2/test_candidate_boundaries.py::test_binding_and_capture_id_fail_closed
tests/v4_a03_a04_a07_r2/test_candidate_boundaries.py::test_currency_is_explicit
tests/v4_a03_a04_a07_r2/test_candidate_boundaries.py::test_exact_twenty_and_concentration_no_threshold_grant
tests/v4_a03_a04_a07_r2/test_candidate_boundaries.py::test_listing_suspension_gap_and_zero_unknown
tests/v4_a03_a04_a07_r2/test_candidate_boundaries.py::test_amount_calendar_warmup_and_duplicate_calendar
tests/v4_a03_a04_a07_r2/test_candidate_boundaries.py::test_capture_knowledge_cannot_rewrite_past
tests/v4_a03_a04_a07_r2/test_candidate_boundaries.py::test_as_recorded_each_requirement[first_available_at]
tests/v4_a03_a04_a07_r2/test_candidate_boundaries.py::test_as_recorded_each_requirement[source_revision]
tests/v4_a03_a04_a07_r2/test_candidate_boundaries.py::test_as_recorded_each_requirement[knowledge_time]
tests/v4_a03_a04_a07_r2/test_candidate_boundaries.py::test_as_recorded_each_requirement[source_bytes]
tests/v4_a03_a04_a07_r2/test_candidate_boundaries.py::test_price_event_independent_arithmetic
tests/v4_a03_a04_a07_r2/test_candidate_boundaries.py::test_same_day_adjustment_revision_appends_immutable_sources
tests/v4_a03_a04_a07_r2/test_payload_governance_r2_1.py::test_declared_schema_and_target_cannot_hide_actual_payload[payload0-SCHEMA_DRIFT]
tests/v4_a03_a04_a07_r2/test_payload_governance_r2_1.py::test_declared_schema_and_target_cannot_hide_actual_payload[payload1-TARGET_DATE_MISMATCH]
tests/v4_a03_a04_a07_r2/test_payload_governance_r2_1.py::test_declared_schema_and_target_cannot_hide_actual_payload[payload2-SCHEMA_DRIFT]
tests/v4_a03_a04_a07_r2/test_payload_governance_r2_1.py::test_declared_schema_and_target_cannot_hide_actual_payload[payload3-SCHEMA_DRIFT]
tests/v4_a03_a04_a07_r2/test_payload_governance_r2_1.py::test_declared_schema_and_target_cannot_hide_actual_payload[payload4-SCHEMA_DRIFT]
tests/v4_a03_a04_a07_r2/test_payload_governance_r2_1.py::test_real_accepted_baseline_r2_1_replay_retains_original_identity
tests/v4_a03_a04_a07_r2/test_payload_governance_r2_1.py::test_undeclared_source_family_rejected
tests/v4_a03_a04_a07_r2/test_real_candidate_readback.py::test_real_accepted_baseline_immutable_pit_readback
tests/v4_a03_a04_a07_r2/test_real_candidate_readback.py::test_real_amount_raw_bytes_and_independent_exact_twenty_arithmetic
tests/v4_a03_a04_a07_r2/test_real_candidate_readback.py::test_real_gbbq_capture_and_historical_fail_closed_readback
tests/v4_a03_a04_a07_r2/test_real_candidate_readback.py::test_final_durable_inventory_byte_archives_and_runtime_handoffs
tests/v4_a04_r3/test_amount_a_go_forward.py::test_complete_h21_value_known_without_universal_threshold_or_consumer_permission
tests/v4_a04_r3/test_amount_a_go_forward.py::test_low_coverage_is_consumer_decision_not_null_arithmetic
tests/v4_a04_r3/test_amount_a_go_forward.py::test_actual_source_or_membership_gap_remains_unknown[membership_gap-ACCEPTED_PIT_MEMBERSHIP_OBSERVATION_GAP]
tests/v4_a04_r3/test_amount_a_go_forward.py::test_actual_source_or_membership_gap_remains_unknown[basis-PIT_MEMBERSHIP_NOT_PROVED]
tests/v4_a04_r3/test_amount_a_go_forward.py::test_actual_source_or_membership_gap_remains_unknown[amount_gap-COMMON_MEMBER_SOURCE_GAP_UNKNOWN]
tests/v4_a04_r3/test_amount_a_go_forward.py::test_actual_source_or_membership_gap_remains_unknown[unknown_zero-COMMON_MEMBER_SOURCE_GAP_UNKNOWN]
tests/v4_a04_r3/test_amount_a_go_forward.py::test_actual_source_or_membership_gap_remains_unknown[bad_unit-COMMON_MEMBER_SOURCE_GAP_UNKNOWN]
tests/v4_a04_r3/test_amount_a_go_forward.py::test_confirmed_suspension_zero_known_and_conflict_unknown
tests/v4_a04_r3/test_amount_a_go_forward.py::test_no_twenty_rows_backfill_for_missing_market_session
tests/v4_a04_r3/test_amount_a_go_forward.py::test_namespace_excludes_stock_amr_and_ordinary_amount
tests/v4_a04_r3/test_amount_a_go_forward.py::test_currency_and_order_strict
tests/v4_a04_r3/test_amount_a_go_forward.py::test_real_warmup_historical_block_no_head_move_and_exact_observation_readback
tests/v4_a04_r3/test_independent_arithmetic_and_evidence.py::test_fraction_oracle_without_producer_results_or_quality_defaults
tests/v4_a04_r3/test_independent_arithmetic_and_evidence.py::test_real_scope_archaeology_consumer_and_candidate_evidence_byte_readback
tests/v4_a04_r3/test_stock_confirmation_independence.py::test_a04_payload_and_status_file_changes_do_not_change_stock_confirmation[BLOCKED-amount_row0]
tests/v4_a04_r3/test_stock_confirmation_independence.py::test_a04_payload_and_status_file_changes_do_not_change_stock_confirmation[CANDIDATE_READY_FOR_EXTERNAL_REAUDIT-amount_row1]
tests/v4_a04_r3/test_stock_confirmation_independence.py::test_a04_payload_and_status_file_changes_do_not_change_stock_confirmation[FAKE_UNAUTHORIZED_ACCEPTED_STATUS-amount_row2]
tests/v4_a04_r3/test_stock_confirmation_independence.py::test_sector_amount_a_cannot_be_injected_as_stock_required_fact
tests/v4_a04_r3/test_stock_confirmation_independence.py::test_real_stock_amr20_limitation_is_target_producer_availability_not_a04
tests/v4_a04_r3/test_strict_source_admission.py::test_current_source_roots_are_verified_against_actual_accepted_scope
tests/v4_a04_r3/test_strict_source_admission.py::test_self_declared_accepted_membership_replica_not_admitted
tests/v4_a05_r2/test_legacy_exact.py::test_original_ast_golden_vectors[SH.600000-BAR-True]
tests/v4_a05_r2/test_legacy_exact.py::test_original_ast_golden_vectors[INVALID-BAR-False]
tests/v4_a05_r2/test_legacy_exact.py::test_original_ast_golden_vectors[SZ.000001-None-False]
tests/v4_a05_r2/test_legacy_exact.py::test_original_ast_golden_vectors[SZ.000001-SUSPENDED-True]
tests/v4_a05_r2/test_legacy_exact.py::test_original_ast_golden_vectors[BJ.920001-NOT_LISTED_YET-True]
tests/v4_a05_r2/test_legacy_exact.py::test_original_ast_golden_vectors[SH.600000-FILE_MISSING-False]
tests/v4_a05_r2/test_legacy_exact.py::test_original_ast_golden_vectors[SH.600000-DELISTED_OR_INACTIVE-False]
tests/v4_a05_r2/test_legacy_exact.py::test_original_ast_golden_vectors[SH.60000-BAR-False]
tests/v4_a05_r2/test_legacy_exact.py::test_original_ast_golden_vectors[SH.600000-nan-False]
tests/v4_a05_r2/test_legacy_exact.py::test_original_ast_golden_vectors[SH.600000-UNKNOWN-True]
tests/v4_a05_r2/test_legacy_exact.py::test_actual_ast_is_frozen_exactly
tests/v4_a05_r2/test_legacy_exact.py::test_exact_candidate_does_not_self_accept_legacy_authority
tests/v4_a05_r2/test_legacy_exact.py::test_real_541_original_byte_bound_outputs_match_exact_recovery
tests/v4_a05_r2/test_legacy_exact.py::test_old_v4_08_head_is_immutable_and_b2_formal_gate_stays_unknown
tests/v4_a06_r2/test_mechanism_policy.py::test_real_matrix_and_independent_arithmetic
tests/v4_a06_r2/test_mechanism_policy.py::test_conditional_ieee_bound_independent_known_bit_formula
tests/v4_a06_r2/test_mechanism_policy.py::test_any_empirical_percentage_or_absolute_tolerance_rejected[close]
tests/v4_a06_r2/test_mechanism_policy.py::test_any_empirical_percentage_or_absolute_tolerance_rejected[volume]
tests/v4_a06_r2/test_mechanism_policy.py::test_any_empirical_percentage_or_absolute_tolerance_rejected[amount]
tests/v4_a06_r2/test_mechanism_policy.py::test_any_empirical_percentage_or_absolute_tolerance_rejected[turn]
tests/v4_a06_r2/test_mechanism_policy.py::test_no_supplemental_self_promotion[change0]
tests/v4_a06_r2/test_mechanism_policy.py::test_no_supplemental_self_promotion[change1]
tests/v4_a06_r2/test_mechanism_policy.py::test_no_supplemental_self_promotion[change2]
tests/v4_a06_r2/test_mechanism_policy.py::test_no_supplemental_self_promotion[change3]
tests/v4_a06_r2/test_mechanism_policy.py::test_nonfinite_numbers_rejected[NaN]
tests/v4_a06_r2/test_mechanism_policy.py::test_nonfinite_numbers_rejected[Infinity]
tests/v4_a06_r2/test_mechanism_policy.py::test_nonfinite_numbers_rejected[-Infinity]
tests/v4_a06_r2/test_mechanism_policy.py::test_nonfinite_numbers_rejected[garbage]
tests/v4_a06_r2/test_mechanism_policy.py::test_nonfinite_numbers_rejected[None]
tests/v4_a06_r2/test_mechanism_policy.py::test_difference_causes_not_absorbed_by_tolerance
tests/v4_a08/test_repair_freeze_authority.py::test_self_consistent_wrong_repair_rejected[status]
tests/v4_a08/test_repair_freeze_authority.py::test_self_consistent_wrong_repair_rejected[identity]
tests/v4_a08/test_repair_freeze_authority.py::test_self_consistent_wrong_repair_rejected[authority]
tests/v4_a08/test_repair_freeze_authority.py::test_self_consistent_wrong_repair_rejected[missing]
tests/v4_a08/test_repair_freeze_authority.py::test_self_consistent_wrong_repair_rejected[extra]
tests/v4_a08/test_repair_freeze_authority.py::test_self_consistent_wrong_repair_rejected[wrong_file]
tests/v4_a08/test_repair_freeze_authority.py::test_self_consistent_wrong_repair_rejected[consumer]
tests/v4_a08/test_repair_freeze_authority.py::test_self_consistent_wrong_repair_rejected[original_parent]
tests/v4_a08/test_repair_freeze_authority.py::test_self_consistent_wrong_repair_rejected[receipt_extension]
tests/v4_a08/test_repair_freeze_authority.py::test_hash_valid_wrong_amended_parent_rejected
tests/v4_a08/test_repair_freeze_authority.py::test_accepted_full_market_replay_has_identical_bytes_and_logical_digest
tests/v4_a08/test_repair_freeze_authority.py::test_historical_archive_does_not_accept_current_runtime_for_new_promotion
tests/v4_a08/test_repair_freeze_authority.py::test_self_consistent_wrong_archive_cannot_replace_accepted_source
tests/v4_a09/test_consumer_identity_sql.py::test_real_postgres_legacy_rows_consumers_collisions_and_exact_rollback
tests/v4_a10/test_source_authority_governance_r1.py::test_supplemental_missing_never_blocks_or_changes_core[LOCAL_CAPTURE_MISSING]
tests/v4_a10/test_source_authority_governance_r1.py::test_supplemental_missing_never_blocks_or_changes_core[LOCAL_ACCEPTED_ARTIFACT_MISSING]
tests/v4_a10/test_source_authority_governance_r1.py::test_supplemental_missing_never_blocks_or_changes_core[PROVIDER_NOT_QUERIED]
tests/v4_a10/test_source_authority_governance_r1.py::test_supplemental_missing_never_blocks_or_changes_core[PROVIDER_RUNTIME_UNACCEPTED]
tests/v4_a10/test_source_authority_governance_r1.py::test_supplemental_missing_never_blocks_or_changes_core[SOURCE_NOT_YET_PUBLISHED]
tests/v4_a10/test_source_authority_governance_r1.py::test_supplemental_missing_never_blocks_or_changes_core[PIT_FIRST_AVAILABILITY_UNPROVEN]
tests/v4_a10/test_source_authority_governance_r1.py::test_supplemental_missing_never_blocks_or_changes_core[PIT_HISTORICAL_STATE_NOT_RECONSTRUCTABLE]
tests/v4_a10/test_source_authority_governance_r1.py::test_supplemental_missing_never_blocks_or_changes_core[CAPABILITY_DISABLED_BY_CONTRACT]
tests/v4_a10/test_source_authority_governance_r1.py::test_supplemental_conflict_retains_core_value_and_quality
tests/v4_a10/test_source_authority_governance_r1.py::test_supplemental_permission_escalation_rejected[may_block_core]
tests/v4_a10/test_source_authority_governance_r1.py::test_supplemental_permission_escalation_rejected[may_change_core_value]
tests/v4_a10/test_source_authority_governance_r1.py::test_supplemental_permission_escalation_rejected[may_change_core_quality]
tests/v4_a10/test_source_authority_governance_r1.py::test_supplemental_required_dependency_rejected
tests/v4_a10/test_source_authority_governance_r1.py::test_not_queried_cannot_support_provider_conclusion[PROVIDER_TARGET_DATE_EMPTY_CONFIRMED]
tests/v4_a10/test_source_authority_governance_r1.py::test_not_queried_cannot_support_provider_conclusion[PROVIDER_QUERY_ATTEMPTED_FAILED]
tests/v4_a10/test_source_authority_governance_r1.py::test_not_queried_cannot_support_provider_conclusion[PROVIDER_SCHEMA_MISMATCH]
tests/v4_a10/test_source_authority_governance_r1.py::test_empty_provider_response_requires_real_exact_target_receipt
tests/v4_a10/test_source_authority_governance_r1.py::test_catchup_preserves_late_actual_observation
tests/v4_a10/test_source_authority_governance_r1.py::test_delayed_catchup_cannot_mint_target_knowledge[mutation0]
tests/v4_a10/test_source_authority_governance_r1.py::test_delayed_catchup_cannot_mint_target_knowledge[mutation1]
tests/v4_a10/test_source_authority_governance_r1.py::test_delayed_catchup_cannot_mint_target_knowledge[mutation2]
tests/v4_a10/test_source_authority_governance_r1.py::test_delayed_catchup_cannot_mint_target_knowledge[mutation3]
tests/v4_a10/test_source_authority_governance_r1.py::test_mutable_snapshot_backdating_and_unproven_pit_rejected
tests/v4_a10/test_source_authority_governance_r1.py::test_field_authority_only_blocks_its_declared_capability
tests/v4_a10/test_source_authority_governance_r1.py::test_disabled_field_cannot_grant_authority_on_available_provider_data
tests/v4_a10/test_source_authority_governance_r1.py::test_structural_scan_detects_contract_escalation_and_no_request_claim
tests/v4_a10/test_source_authority_governance_r1.py::test_structural_scan_detects_runtime_time_and_source_gates
tests/v4_a10_a12_r3/test_producer_instances.py::test_real_sources_pass_global_and_dm01[2026-09-28]
tests/v4_a10_a12_r3/test_producer_instances.py::test_real_sources_pass_global_and_dm01[2026-09-30]
tests/v4_a10_a12_r3/test_producer_instances.py::test_missing_interior_day_global_gate_alone_blocks
tests/v4_a10_a12_r3/test_producer_instances.py::test_source_negative_vectors[provider_date]
tests/v4_a10_a12_r3/test_producer_instances.py::test_source_negative_vectors[target]
tests/v4_a10_a12_r3/test_producer_instances.py::test_source_negative_vectors[raw_sha]
tests/v4_a10_a12_r3/test_producer_instances.py::test_source_negative_vectors[schema]
tests/v4_a10_a12_r3/test_producer_instances.py::test_source_negative_vectors[received]
tests/v4_a10_a12_r3/test_producer_instances.py::test_source_negative_vectors[naive_time]
tests/v4_a10_a12_r3/test_producer_instances.py::test_source_negative_vectors[revision]
tests/v4_a10_a12_r3/test_producer_instances.py::test_source_negative_vectors[identity]
tests/v4_a10_a12_r3/test_producer_instances.py::test_source_negative_vectors[calendar]
tests/v4_a10_a12_r3/test_producer_instances.py::test_source_negative_vectors[empty]
tests/v4_a10_a12_r3/test_producer_instances.py::test_source_negative_vectors[ambiguous]
tests/v4_a10_a12_r3/test_producer_instances.py::test_source_negative_vectors[row_date]
tests/v4_a10_a12_r3/test_producer_instances.py::test_source_negative_vectors[unbounded]
tests/v4_a10_a12_r3/test_producer_instances.py::test_source_negative_vectors[malformed_bit]
tests/v4_a10_a12_r3/test_producer_instances.py::test_source_negative_vectors[as_recorded]
tests/v4_a10_a12_r3/test_producer_instances.py::test_source_negative_vectors[wrong_field]
tests/v4_a10_a12_r3/test_producer_instances.py::test_source_negative_vectors[partial_roster]
tests/v4_a10_a12_r3/test_producer_instances.py::test_accepted_input_revision_does_not_require_new_producer_acceptance
tests/v4_a10_a12_r3/test_producer_instances.py::test_producer_scope_fail_closed[consumer]
tests/v4_a10_a12_r3/test_producer_instances.py::test_producer_scope_fail_closed[AS_RECORDED]
tests/v4_a10_a12_r3/test_producer_instances.py::test_producer_scope_fail_closed[OHLC]
tests/v4_a10_a12_r3/test_producer_instances.py::test_producer_scope_fail_closed[owner_hash]
tests/v4_a10_a12_r3/test_producer_instances.py::test_producer_scope_fail_closed[role]
tests/v4_a10_a12_r3/test_producer_instances.py::test_real_registry_historical_only_and_old_namespace_preserved
tests/v4_a10_r2/test_owner_acceptance.py::test_exact_external_accepted_fixture_can_authorize
tests/v4_a10_r2/test_owner_acceptance.py::test_core_authority_also_requires_exact_registered_proof
tests/v4_a10_r2/test_owner_acceptance.py::test_promotion_requires_new_exact_accepted_contract_and_role
tests/v4_a10_r2/test_owner_acceptance.py::test_owner_proof_negative_vectors_fail_closed[no_registry]
tests/v4_a10_r2/test_owner_acceptance.py::test_owner_proof_negative_vectors_fail_closed[external_null]
tests/v4_a10_r2/test_owner_acceptance.py::test_owner_proof_negative_vectors_fail_closed[formal_false]
tests/v4_a10_r2/test_owner_acceptance.py::test_owner_proof_negative_vectors_fail_closed[other_field]
tests/v4_a10_r2/test_owner_acceptance.py::test_owner_proof_negative_vectors_fail_closed[other_consumer]
tests/v4_a10_r2/test_owner_acceptance.py::test_owner_proof_negative_vectors_fail_closed[bad_owner_hash]
tests/v4_a10_r2/test_owner_acceptance.py::test_owner_proof_negative_vectors_fail_closed[scope_excludes_target]
tests/v4_a10_r2/test_owner_acceptance.py::test_owner_proof_negative_vectors_fail_closed[registry_not_in_head]
tests/v4_a10_r2/test_owner_acceptance.py::test_owner_proof_negative_vectors_fail_closed[bad_registry_hash]
tests/v4_a10_r2/test_owner_acceptance.py::test_owner_proof_negative_vectors_fail_closed[wrong_contract_id]
tests/v4_a10_r2/test_owner_acceptance.py::test_owner_proof_negative_vectors_fail_closed[mode_mismatch]
tests/v4_a10_r2/test_owner_acceptance.py::test_owner_proof_negative_vectors_fail_closed[unaccepted_role_change]
tests/v4_a10_r2/test_owner_acceptance.py::test_owner_proof_negative_vectors_fail_closed[pending_rule]
tests/v4_a10_r2/test_owner_acceptance.py::test_owner_proof_negative_vectors_fail_closed[external_boolean]
tests/v4_a10_r2/test_owner_acceptance.py::test_owner_proof_negative_vectors_fail_closed[duplicate_owner]
tests/v4_a10_r2/test_owner_acceptance.py::test_owner_proof_negative_vectors_fail_closed[malformed_scope]
tests/v4_a10_r2/test_owner_acceptance.py::test_owner_proof_negative_vectors_fail_closed[owner_external_null_registry_accepted]
tests/v4_a10_r2/test_owner_acceptance.py::test_owner_proof_negative_vectors_fail_closed[registry_version]
tests/v4_a10_r2/test_owner_acceptance.py::test_owner_proof_negative_vectors_fail_closed[global_head_contract]
tests/v4_a10_r2/test_owner_acceptance.py::test_owner_proof_negative_vectors_fail_closed[missing_accepted_at]
tests/v4_a10_r2/test_owner_acceptance.py::test_owner_proof_negative_vectors_fail_closed[path_escape]
tests/v4_a10_r2/test_owner_acceptance.py::test_owner_proof_negative_vectors_fail_closed[wrong_field_artifact]
tests/v4_a10_r2/test_owner_acceptance.py::test_owner_proof_negative_vectors_fail_closed[non_boolean_formal]
tests/v4_a10_r2/test_owner_acceptance.py::test_owner_proof_negative_vectors_fail_closed[owner_formal_integer]
tests/v4_a10_r2/test_owner_acceptance.py::test_supplemental_cannot_self_promote_by_changing_consumer_rule
tests/v4_a10_r2/test_owner_acceptance.py::test_diagnostic_flag_cannot_grant_formal_authority
tests/v4_a10_r2/test_owner_acceptance.py::test_undeclared_consumer_cannot_receive_formal_pass_or_block_other_capabilities
tests/v4_a10_r2/test_owner_acceptance.py::test_dm01_and_generic_gate_share_exact_authorization[None]
tests/v4_a10_r2/test_owner_acceptance.py::test_dm01_and_generic_gate_share_exact_authorization[external_null]
tests/v4_a10_r2/test_owner_acceptance.py::test_dm01_and_generic_gate_share_exact_authorization[formal_false]
tests/v4_a10_r2/test_owner_acceptance.py::test_dm01_and_generic_gate_share_exact_authorization[binding_wrong]
tests/v4_a10_r2/test_owner_acceptance.py::test_dm01_and_generic_gate_share_exact_authorization[mode_wrong]
tests/v4_a10_r2/test_owner_acceptance.py::test_dm01_and_generic_gate_share_exact_authorization[date_wrong]
tests/v4_a10_r2/test_owner_acceptance.py::test_dm01_and_generic_gate_share_exact_authorization[head_missing]
tests/v4_a10_r2/test_owner_acceptance.py::test_actual_a12_pending_owner_rejected_by_generic_and_private
tests/v4_a10_r2/test_owner_acceptance.py::test_scanner_pending_owners_and_unaccepted_supplemental_promotion
tests/v4_a11/test_identity_authority_audit_r1.py::test_current_tnf_cannot_prove_historical_type_or_lifecycle
tests/v4_a11/test_identity_authority_audit_r1.py::test_current_catalogue_discrepancy_does_not_rekey
tests/v4_a11/test_identity_authority_audit_r1.py::test_matched_current_catalogue_does_not_prove_historical_delisting
tests/v4_a11/test_identity_authority_audit_r1.py::test_official_alias_and_independent_derivation_fail_closed
tests/v4_a12/test_cascade_candidate_boundary.py::test_reconstructed_revision_retains_input_time_and_uses_actual_new_time
tests/v4_a12/test_cascade_candidate_boundary.py::test_business_comparison_separates_provenance_from_changed_unknown_state
tests/v4_a12/test_status_st_authority_r1.py::test_actual_bar_owns_status_even_conflict[None]
tests/v4_a12/test_status_st_authority_r1.py::test_actual_bar_owns_status_even_conflict[0]
tests/v4_a12/test_status_st_authority_r1.py::test_actual_bar_owns_status_even_conflict[1]
tests/v4_a12/test_status_st_authority_r1.py::test_missing_bar_provider_never_mints_suspension[None]
tests/v4_a12/test_status_st_authority_r1.py::test_missing_bar_provider_never_mints_suspension[0]
tests/v4_a12/test_status_st_authority_r1.py::test_missing_bar_provider_never_mints_suspension[1]
tests/v4_a12/test_status_st_authority_r1.py::test_accepted_dated_owner_and_resumption[SUSPENDED-SUSPENDED]
tests/v4_a12/test_status_st_authority_r1.py::test_accepted_dated_owner_and_resumption[SHOULD_TRADE-DATA_GAP]
tests/v4_a12/test_status_st_authority_r1.py::test_conflicting_dated_sources_fail_closed
tests/v4_a12/test_status_st_authority_r1.py::test_dated_st_states_and_suspension[NORMAL-0]
tests/v4_a12/test_status_st_authority_r1.py::test_dated_st_states_and_suspension[ST-1]
tests/v4_a12/test_status_st_authority_r1.py::test_dated_st_states_and_suspension[STAR_ST-1]
tests/v4_a12/test_status_st_authority_r1.py::test_dated_st_states_and_suspension[RISK_WARNING-1]
tests/v4_a12/test_status_st_authority_r1.py::test_expired_st_is_not_filled_from_current_name_or_provider
tests/v4_a12/test_status_st_authority_r1.py::test_alias_requires_exact_dated_key
tests/v4_a12/test_status_st_authority_r1.py::test_boundary_absence_does_not_invent_state[NEW_LISTING]
tests/v4_a12/test_status_st_authority_r1.py::test_boundary_absence_does_not_invent_state[DELISTED]
tests/v4_a12/test_status_st_authority_r1.py::test_boundary_absence_does_not_invent_state[LONG_SUSPENSION]
tests/v4_a12/test_status_st_authority_r1.py::test_real_loader_rejects_provider_or_unaccepted_authority
tests/v4_a12_r2/test_real_candidate_boundary.py::test_unknown_never_means_suspended_or_normal[None]
tests/v4_a12_r2/test_real_candidate_boundary.py::test_unknown_never_means_suspended_or_normal[]
tests/v4_a12_r2/test_real_candidate_boundary.py::test_unknown_never_means_suspended_or_normal[UNKNOWN]
tests/v4_a12_r2/test_real_candidate_boundary.py::test_unknown_never_means_suspended_or_normal[2]
tests/v4_a12_r2/test_real_candidate_boundary.py::test_unknown_never_means_suspended_or_normal[True]
tests/v4_a12_r2/test_real_candidate_boundary.py::test_unknown_never_means_suspended_or_normal[False]
tests/v4_a12_r2/test_real_candidate_boundary.py::test_unknown_never_means_suspended_or_normal[0.5]
tests/v4_a12_r2/test_real_candidate_boundary.py::test_actual_survives_provider_zero_with_explicit_conflict
tests/v4_a12_r2/test_real_candidate_boundary.py::test_missing_should_trade_is_gap_not_suspension
tests/v4_a12_r2/test_real_candidate_boundary.py::test_candidate_cannot_cross_formal_or_dated_boundary[formal]
tests/v4_a12_r2/test_real_candidate_boundary.py::test_candidate_cannot_cross_formal_or_dated_boundary[scope]
tests/v4_a12_r2/test_real_candidate_boundary.py::test_candidate_cannot_cross_formal_or_dated_boundary[alias]
tests/v4_a12_r2/test_real_candidate_boundary.py::test_real_pending_owner_rejected_by_a10[TRADING_STATUS]
tests/v4_a12_r2/test_real_candidate_boundary.py::test_real_pending_owner_rejected_by_a10[ISST]
tests/v4_a12_r2/test_real_candidate_boundary.py::test_prospective_exact_acceptance_fixture_compatible[TRADING_STATUS]
tests/v4_a12_r2/test_real_candidate_boundary.py::test_prospective_exact_acceptance_fixture_compatible[ISST]
tests/v4_a12_r2/test_real_candidate_boundary.py::test_source_matrix_is_real_and_retains_scope_limit
tests/v4_a12_r2/test_real_candidate_boundary.py::test_observed_daily_scope_does_not_authorize_uncaptured_date
tests/v4_a13/test_event_semantics.py::test_misnamed_real_ipo_notices_are_never_trading_suspension[IPO_ISSUANCE_POSTPONEMENT]
tests/v4_a13/test_event_semantics.py::test_misnamed_real_ipo_notices_are_never_trading_suspension[IPO_LISTING_POSTPONEMENT]
tests/v4_a13/test_event_semantics.py::test_real_dated_trading_statements_are_explicit[LISTED_STOCK_TRADING_SUSPENSION]
tests/v4_a13/test_event_semantics.py::test_real_dated_trading_statements_are_explicit[LISTED_STOCK_RESUMPTION]
tests/v4_a13/test_event_semantics.py::test_ambiguous_wording_stays_unknown
tests/v4_a13/test_event_semantics.py::test_filename_only_inference_rejected[None]
tests/v4_a13/test_event_semantics.py::test_filename_only_inference_rejected[]
tests/v4_a13/test_event_semantics.py::test_filename_only_inference_rejected[  ]
tests/v4_a13/test_event_semantics.py::test_accepted_fixture_requires_real_raw_and_dated_document_statement[LISTED_STOCK_TRADING_SUSPENSION]
tests/v4_a13/test_event_semantics.py::test_accepted_fixture_requires_real_raw_and_dated_document_statement[LISTED_STOCK_RESUMPTION]
tests/v4_a13/test_event_semantics.py::test_formal_notice_negative_vectors[head_missing]
tests/v4_a13/test_event_semantics.py::test_formal_notice_negative_vectors[unknown]
tests/v4_a13/test_event_semantics.py::test_formal_notice_negative_vectors[unaccepted]
tests/v4_a13/test_event_semantics.py::test_formal_notice_negative_vectors[raw_hash]
tests/v4_a13/test_event_semantics.py::test_formal_notice_negative_vectors[wrong_date]
tests/v4_a13/test_event_semantics.py::test_formal_notice_negative_vectors[wrong_key]
tests/v4_a13/test_event_semantics.py::test_formal_notice_negative_vectors[permission]
tests/v4_a13/test_event_semantics.py::test_formal_notice_negative_vectors[text_sha]
tests/v4_a13/test_event_semantics.py::test_formal_notice_negative_vectors[semantic_phrase]
tests/v4_a13/test_event_semantics.py::test_formal_notice_negative_vectors[caller_accepted_sidecar_only]
tests/v4_a13/test_event_semantics.py::test_actual_candidate_sidecar_cannot_authorize_any_trading_truth
tests/v4_a13/test_event_semantics.py::test_inventory_and_full_counterfactual_proofs
tests/v4_a13/test_external_acceptance_formalization.py::test_real_accepted_sidecar_is_exact_candidate_semantics_with_external_audit
tests/v4_a13/test_external_acceptance_formalization.py::test_real_accepted_head_never_upgrades_non_trading_document[IPO_ISSUANCE_POSTPONEMENT]
tests/v4_a13/test_external_acceptance_formalization.py::test_real_accepted_head_never_upgrades_non_trading_document[IPO_LISTING_POSTPONEMENT]
tests/v4_a13/test_external_acceptance_formalization.py::test_real_accepted_head_never_upgrades_non_trading_document[UNKNOWN_EVENT_SEMANTICS]
tests/v4_a13/test_external_acceptance_formalization.py::test_external_acceptance_provenance_rejects_forged_or_out_of_scope_head[task_card_authority]
tests/v4_a13/test_external_acceptance_formalization.py::test_external_acceptance_provenance_rejects_forged_or_out_of_scope_head[wrong_audit_sha]
tests/v4_a13/test_external_acceptance_formalization.py::test_external_acceptance_provenance_rejects_forged_or_out_of_scope_head[wrong_audited_head]
tests/v4_a13/test_external_acceptance_formalization.py::test_external_acceptance_provenance_rejects_forged_or_out_of_scope_head[audit_role]
tests/v4_a13/test_external_acceptance_formalization.py::test_external_acceptance_provenance_rejects_forged_or_out_of_scope_head[wrong_runtime_sha]
tests/v4_a13/test_external_acceptance_formalization.py::test_external_acceptance_provenance_rejects_forged_or_out_of_scope_head[wrong_config_sha]
tests/v4_a13/test_external_acceptance_formalization.py::test_external_acceptance_provenance_rejects_forged_or_out_of_scope_head[wrong_candidate_sha]
tests/v4_a13/test_external_acceptance_formalization.py::test_external_acceptance_provenance_rejects_forged_or_out_of_scope_head[wrong_content_address]
tests/v4_a13/test_external_acceptance_formalization.py::test_external_acceptance_provenance_rejects_forged_or_out_of_scope_head[business_rebuild]
tests/v4_a13/test_external_acceptance_formalization.py::test_external_acceptance_provenance_rejects_forged_or_out_of_scope_head[production_permission]
tests/v4_a13/test_external_acceptance_formalization.py::test_external_acceptance_provenance_rejects_forged_or_out_of_scope_head[shadow_permission]
tests/v4_a13/test_external_acceptance_formalization.py::test_external_acceptance_provenance_rejects_forged_or_out_of_scope_head[focus_permission]
tests/v4_a13/test_external_acceptance_formalization.py::test_external_acceptance_provenance_rejects_forged_or_out_of_scope_head[unaccepted]
tests/v4_a13/test_external_acceptance_formalization.py::test_external_acceptance_provenance_rejects_forged_or_out_of_scope_head[sidecar_entries]
tests/v4_a13/test_external_acceptance_formalization.py::test_external_acceptance_provenance_rejects_forged_or_out_of_scope_head[sidecar_authority]
tests/v4_a13/test_external_acceptance_formalization.py::test_external_acceptance_provenance_rejects_forged_or_out_of_scope_head[candidate_authorized]
tests/v4_a13/test_external_acceptance_formalization.py::test_external_acceptance_provenance_rejects_forged_or_out_of_scope_head[wrong_scope]
tests/v4_a13/test_external_acceptance_formalization.py::test_fresh_counterfactual_equals_all_accepted_business_outputs
tests/v4_a13/test_external_acceptance_formalization.py::test_same_path_audit_replacement_cannot_self_declare_acceptance
tests/v4_dm01/test_a01_incremental_builders_r1.py::test_nine_actual_adapters_independent_candidate_and_idempotence
tests/v4_dm01/test_a01_incremental_builders_r1.py::test_atomic_fail_closed_negative_inputs[wrong_parent]
tests/v4_dm01/test_a01_incremental_builders_r1.py::test_atomic_fail_closed_negative_inputs[wrong_target]
tests/v4_dm01/test_a01_incremental_builders_r1.py::test_atomic_fail_closed_negative_inputs[skip_session]
tests/v4_dm01/test_a01_incremental_builders_r1.py::test_atomic_fail_closed_negative_inputs[raw_duplicate]
tests/v4_dm01/test_a01_incremental_builders_r1.py::test_atomic_fail_closed_negative_inputs[raw_identity_mismatch]
tests/v4_dm01/test_a01_incremental_builders_r1.py::test_atomic_fail_closed_negative_inputs[raw_source_digest]
tests/v4_dm01/test_a01_incremental_builders_r1.py::test_atomic_fail_closed_negative_inputs[calendar_mismatch]
tests/v4_dm01/test_a01_incremental_builders_r1.py::test_atomic_fail_closed_negative_inputs[identity_publication]
tests/v4_dm01/test_a01_incremental_builders_r1.py::test_atomic_fail_closed_negative_inputs[period_parent]
tests/v4_dm01/test_a01_incremental_builders_r1.py::test_atomic_fail_closed_negative_inputs[period_parent_date]
tests/v4_dm01/test_a01_incremental_builders_r1.py::test_atomic_fail_closed_negative_inputs[price_source]
tests/v4_dm01/test_a01_incremental_builders_r1.py::test_atomic_fail_closed_negative_inputs[malformed_special]
tests/v4_dm01/test_a01_incremental_builders_r1.py::test_atomic_fail_closed_negative_inputs[special_lifecycle]
tests/v4_dm01/test_a01_incremental_builders_r1.py::test_atomic_fail_closed_negative_inputs[freeze_tamper]
tests/v4_dm01/test_a01_incremental_builders_r1.py::test_atomic_fail_closed_negative_inputs[missing_family]
tests/v4_dm01/test_a01_incremental_builders_r1.py::test_status_ST_conflict_and_missing_semantics[0-0-True-ACTUAL_TRADED]
tests/v4_dm01/test_a01_incremental_builders_r1.py::test_status_ST_conflict_and_missing_semantics[0-1-False-SUSPENDED]
tests/v4_dm01/test_a01_incremental_builders_r1.py::test_status_ST_conflict_and_missing_semantics[1-0-False-DATA_GAP]
tests/v4_dm01/test_a01_incremental_builders_r1.py::test_status_ST_conflict_and_missing_semantics[--False-UNKNOWN]
tests/v4_dm01/test_a01_incremental_builders_r1.py::test_status_ST_conflict_and_missing_semantics[1--True-ACTUAL_TRADED]
tests/v4_dm01/test_a01_incremental_builders_r1.py::test_unsupported_adjustment_per_security_fail_closed
tests/v4_dm01/test_a01_incremental_builders_r1.py::test_independent_postcheck_rejects_raw_adjusted_or_period_or_price_tamper
tests/v4_dm01/test_a01_incremental_builders_r1.py::test_source_revision_is_new_candidate_not_overwrite
tests/v4_dm01/test_a01_incremental_builders_r1.py::test_calendar_next_completed_and_missing_intermediate
tests/v4_dm01/test_a01_incremental_builders_r1.py::test_configured_TDX_root_remains_completely_untouched_on_failure
tests/v4_dm01/test_a01_incremental_builders_r1.py::test_same_day_parent_is_frozen_and_candidate_digest_tamper_rejected
tests/v4_dm01/test_a01_incremental_builders_r1.py::test_partial_components_invisible_until_final_marker
tests/v4_dm01/test_a01_incremental_builders_r1.py::test_week_month_boundary_and_holiday_close_parent_periods
tests/v4_dm01/test_a01_incremental_builders_r1.py::test_closed_parent_period_exactly_preserved
tests/v4_dm01/test_a01_incremental_builders_r1.py::test_parent_roster_absence_remains_identity_unknown_not_delisting
tests/v4_dm01/test_a01_incremental_builders_r1.py::test_suspended_member_generates_no_synthetic_daily_and_null_no_actual_period
tests/v4_dm01/test_a01_incremental_builders_r1.py::test_new_listing_target_period_and_IPO_price_runtime
tests/v4_dm01/test_continuous_data_maintenance.py::test_no_new_session_is_noop
tests/v4_dm01/test_continuous_data_maintenance.py::test_one_session_increment
tests/v4_dm01/test_continuous_data_maintenance.py::test_multi_session_catchup_is_strictly_sequential
tests/v4_dm01/test_continuous_data_maintenance.py::test_weekend_holiday_not_inferred_from_missing_bars
tests/v4_dm01/test_continuous_data_maintenance.py::test_stale_tdx_blocks_required_raw_increment
tests/v4_dm01/test_continuous_data_maintenance.py::test_local_tdx_wins_overlap_conflict
tests/v4_dm01/test_continuous_data_maintenance.py::test_same_source_digest_is_idempotent
tests/v4_dm01/test_continuous_data_maintenance.py::test_source_revision_creates_new_revision
tests/v4_dm01/test_continuous_data_maintenance.py::test_crash_before_head_swap_keeps_old_head
tests/v4_dm01/test_continuous_data_maintenance.py::test_new_listing_identity_delta
tests/v4_dm01/test_continuous_data_maintenance.py::test_delisting_identity_delta
tests/v4_dm01/test_continuous_data_maintenance.py::test_nonoverlap_code_change_without_linkage_is_atomic_only
tests/v4_dm01/test_continuous_data_maintenance.py::test_single_exit_and_unrelated_ipo_roster_delta_does_not_cartesian_pair
tests/v4_dm01/test_continuous_data_maintenance.py::test_exact_name_boundary_emits_candidate_only
tests/v4_dm01/test_continuous_data_maintenance.py::test_official_event_links_daily_relation_candidate
tests/v4_dm01/test_continuous_data_maintenance.py::test_suspension_does_not_mean_data_gap
tests/v4_dm01/test_continuous_data_maintenance.py::test_resume_carries_previous_official_close
tests/v4_dm01/test_continuous_data_maintenance.py::test_isst_change
tests/v4_dm01/test_continuous_data_maintenance.py::test_gbbq_snapshot_frozen_before_adjustment_build
tests/v4_dm01/test_continuous_data_maintenance.py::test_corporate_action_recomputes_only_affected_adjusted_history
tests/v4_dm01/test_continuous_data_maintenance.py::test_unsupported_adjustment_fails_closed
tests/v4_dm01/test_continuous_data_maintenance.py::test_weekly_asof_partial
tests/v4_dm01/test_continuous_data_maintenance.py::test_weekly_closed_on_formal_period_last_session
tests/v4_dm01/test_continuous_data_maintenance.py::test_monthly_asof_partial
tests/v4_dm01/test_continuous_data_maintenance.py::test_monthly_closed_on_formal_period_last_session
tests/v4_dm01/test_continuous_data_maintenance.py::test_holiday_shortened_week_closes_on_official_last_session
tests/v4_dm01/test_continuous_data_maintenance.py::test_special_price_phase_increment
tests/v4_dm01/test_continuous_data_maintenance.py::test_bridge_date_not_claimed_pit_observed_without_snapshot
tests/v4_dm01/test_continuous_data_maintenance.py::test_pit_eligible_date_uses_frozen_source_set
tests/v4_dm01/test_continuous_data_maintenance.py::test_data_head_move_does_not_move_dev_baseline
tests/v4_dm01/test_continuous_data_maintenance.py::test_data_head_move_does_not_modify_stage_accepted_head
tests/v4_dm01/test_continuous_data_maintenance.py::test_cross_component_key_consistency
tests/v4_dm01/test_continuous_data_maintenance.py::test_atomic_publication_and_rollback
tests/v4_dm01/test_continuous_data_maintenance.py::test_daily_head_idempotent_noop
tests/v4_dm01/test_continuous_data_maintenance.py::test_source_freeze_has_all_required_lineage_fields
tests/v4_dm01/test_continuous_data_maintenance.py::test_source_freeze_requires_each_family_digest
tests/v4_dm01/test_continuous_data_maintenance.py::test_tdx_root_write_is_rejected_for_receipts
tests/v4_dm01/test_continuous_data_maintenance.py::test_closed_period_never_mutates
tests/v4_dm01/test_continuous_data_maintenance.py::test_promotion_rejects_blocked_component
tests/v4_dm01/test_continuous_data_maintenance.py::test_adjustment_revision_is_append_only
tests/v4_dm01/test_continuous_data_maintenance.py::test_actual_traded_requires_real_bar_not_synthetic_zero
tests/v4_dm01/test_official_daily_sources_v2.py::test_tdx_page_update_date_before_target_waits
tests/v4_dm01/test_official_daily_sources_v2.py::test_before_close_waits_before_any_source_capture
tests/v4_dm01/test_official_daily_sources_v2.py::test_tdx_page_update_date_target_enables_download
tests/v4_dm01/test_official_daily_sources_v2.py::test_tdx_download_url_is_discovered_not_hardcoded
tests/v4_dm01/test_official_daily_sources_v2.py::test_tdx_package_sha_is_frozen
tests/v4_dm01/test_official_daily_sources_v2.py::test_same_package_is_noop
tests/v4_dm01/test_official_daily_sources_v2.py::test_same_day_republished_package_creates_revision
tests/v4_dm01/test_official_daily_sources_v2.py::test_zip_crc_failure_blocks
tests/v4_dm01/test_official_daily_sources_v2.py::test_zip_path_traversal_blocks
tests/v4_dm01/test_official_daily_sources_v2.py::test_new_package_append_only_delta
tests/v4_dm01/test_official_daily_sources_v2.py::test_historical_correction_is_detected
tests/v4_dm01/test_official_daily_sources_v2.py::test_one_full_package_delta_supports_multiple_session_views
tests/v4_dm01/test_official_daily_sources_v2.py::test_truncation_blocks
tests/v4_dm01/test_official_daily_sources_v2.py::test_same_length_day_file_trade_date_rewrite_blocks
tests/v4_dm01/test_official_daily_sources_v2.py::test_package_never_writes_client_vipdoc
tests/v4_dm01/test_official_daily_sources_v2.py::test_dailyupdates_exact_trade_date
tests/v4_dm01/test_official_daily_sources_v2.py::test_dailyupdates_provider_date_matches_target
tests/v4_dm01/test_official_daily_sources_v2.py::test_dailyupdates_batch_semantics
tests/v4_dm01/test_official_daily_sources_v2.py::test_dailyupdates_adjustment_factor_frozen
tests/v4_dm01/test_official_daily_sources_v2.py::test_baostock_ohlc_never_substitutes_tdx
tests/v4_dm01/test_official_daily_sources_v2.py::test_baostock_tradestatus_crosscheck
tests/v4_dm01/test_official_daily_sources_v2.py::test_baostock_isst_crosscheck
tests/v4_dm01/test_official_daily_sources_v2.py::test_baostock_revision_append_only
tests/v4_dm01/test_official_daily_sources_v2.py::test_baostock_not_ready_waits
tests/v4_dm01/test_official_daily_sources_v2.py::test_request_budget_enforced
tests/v4_dm01/test_official_daily_sources_v2.py::test_public_sdk_runtime_fingerprint_mismatch_fails_before_query
tests/v4_dm01/test_official_daily_sources_v2.py::test_baostock_runtime_manifest_accepts_fingerprinted_runtime_for_any_auth_mode
tests/v4_dm01/test_official_daily_sources_v2.py::test_baostock_runtime_manifest_binds_auth_mode
tests/v4_dm01/test_official_daily_sources_v2.py::test_baostock_live_dailyupdates_smoke_receipt_can_activate_dm01
tests/v4_dm01/test_official_daily_sources_v2.py::test_tdx_ready_baostock_not_ready_does_not_promote
tests/v4_dm01/test_official_daily_sources_v2.py::test_baostock_ready_tdx_not_ready_does_not_promote
tests/v4_dm01/test_official_daily_sources_v2.py::test_local_tdx_tail_cannot_enable_official_source_readiness
tests/v4_dm01/test_official_daily_sources_v2.py::test_both_ready_builds_target_session
tests/v4_dm01/test_official_daily_sources_v2.py::test_tdx_baostock_price_conflict_keeps_tdx_authority
tests/v4_dm01/test_official_daily_sources_v2.py::test_suspended_stock_without_tdx_bar_is_valid_with_status_evidence
tests/v4_dm01/test_official_daily_sources_v2.py::test_missing_trading_stock_tdx_bar_is_source_gap
tests/v4_dm01/test_official_daily_sources_v2.py::test_source_revision_rebuilds_affected_scope_only
tests/v4_dm01/test_official_daily_sources_v2.py::test_stage_and_dev_heads_never_move
tests/v4_dm01/test_official_daily_sources_v2.py::test_atomic_failure_keeps_previous_data_head
tests/v4_dm01/test_official_daily_sources_v2.py::test_raw_increment_staging_never_uses_baostock
tests/v4_dm01/test_official_daily_sources_v2.py::test_gbbq_unchanged_revision_reuses_existing_snapshot
tests/v4_dm01/test_official_daily_sources_v2.py::test_gbbq_changed_revision_freezes_new_snapshot
tests/v4_dm01/test_official_daily_sources_v2.py::test_gbbq_missing_local_source_does_not_claim_reuse
tests/v4_dm01/test_official_daily_sources_v2.py::test_no_special_event_still_produces_valid_source_manifest
tests/v4_dm01/test_official_daily_sources_v2.py::test_no_identity_event_still_produces_valid_lifecycle_snapshot
tests/v4_dm01/test_official_daily_sources_v2.py::test_unmapped_new_lifecycle_candidate_only_degrades_affected_security
tests/v4_dm01/test_official_daily_sources_v2.py::test_real_independent_postcheck_reads_artifacts
tests/v4_dm01/test_official_daily_sources_v2.py::test_fake_artifact_builders_do_not_pass_real_postcheck
tests/v4_dm01_promotion/test_accepted_chain.py::test_exact_real_chain_and_final_permissions
tests/v4_dm01_promotion/test_accepted_chain.py::test_only_actual_independent_audit_is_authority[task_card]
tests/v4_dm01_promotion/test_accepted_chain.py::test_only_actual_independent_audit_is_authority[hash]
tests/v4_dm01_promotion/test_accepted_chain.py::test_only_actual_independent_audit_is_authority[audited_commit]
tests/v4_dm01_promotion/test_accepted_chain.py::test_production_permissions_stay_closed[production]
tests/v4_dm01_promotion/test_accepted_chain.py::test_production_permissions_stay_closed[shadow]
tests/v4_dm01_promotion/test_accepted_chain.py::test_production_permissions_stay_closed[focus]
tests/v4_dm01_promotion/test_accepted_chain.py::test_reconstruction_does_not_grant_temporal_claims[AS_RECORDED]
tests/v4_dm01_promotion/test_accepted_chain.py::test_reconstruction_does_not_grant_temporal_claims[first_available_at_target_proven]
tests/v4_dm01_promotion/test_accepted_chain.py::test_unknown_head_schema_field_rejected
tests/v4_dm01_promotion/test_accepted_chain.py::test_chain_cannot_skip_or_substitute_accepted_nodes[omit_session]
tests/v4_dm01_promotion/test_accepted_chain.py::test_chain_cannot_skip_or_substitute_accepted_nodes[wrong_parent]
tests/v4_dm01_promotion/test_accepted_chain.py::test_chain_cannot_skip_or_substitute_accepted_nodes[wrong_session]
tests/v4_dm01_promotion/test_accepted_chain.py::test_chain_cannot_skip_or_substitute_accepted_nodes[omit_component]
tests/v4_dm01_promotion/test_accepted_chain.py::test_chain_cannot_skip_or_substitute_accepted_nodes[wrong_source_instance]
tests/v4_dm01_promotion/test_accepted_chain.py::test_registry_rejects_stale_a12_current_fields[observed_daily_producer_acceptance]
tests/v4_dm01_promotion/test_accepted_chain.py::test_registry_rejects_stale_a12_current_fields[capability_limitations]
tests/v4_dm01_promotion/test_accepted_chain.py::test_registry_rejects_stale_a12_current_fields[transition]
tests/v4_dm01_promotion/test_accepted_chain.py::test_registry_keeps_bootstrap_open_and_history
tests/v4_dm01_promotion/test_accepted_chain.py::test_anchor_is_exact_bytes_and_wrong_hash_never_redirects
tests/v4_dm01_promotion/test_accepted_chain.py::test_ready_rows_cannot_upgrade_degraded_capability[ADJUSTED_DAILY]
tests/v4_dm01_promotion/test_accepted_chain.py::test_ready_rows_cannot_upgrade_degraded_capability[PERIOD_ADJUSTED]
tests/v4_dm01_promotion/test_accepted_chain.py::test_ready_rows_cannot_upgrade_degraded_capability[PRICE_LIMIT]
tests/v4_dm01_promotion/test_accepted_chain.py::test_current_pointer_is_audited_anchor_or_exact_promoted_v2
tests/v4_dm01_promotion/test_accepted_chain.py::test_business_publication_history_has_explicit_archive_scope
tests/v4_dm01_r2/test_runtime_capture_and_supplemental_gate.py::test_smoke_and_target_nested_response_files_are_distinct_and_exact
tests/v4_dm01_r2/test_runtime_capture_and_supplemental_gate.py::test_runtime_smoke_date_a_supports_older_target_date_b
tests/v4_dm01_r2/test_runtime_capture_and_supplemental_gate.py::test_real_target_capture_keeps_later_observation_and_exact_provider_date[query_daily_history_k_AStock-required0]
tests/v4_dm01_r2/test_runtime_capture_and_supplemental_gate.py::test_real_target_capture_keeps_later_observation_and_exact_provider_date[query_daily_adjust_factor-required1]
tests/v4_dm01_r2/test_runtime_capture_and_supplemental_gate.py::test_actual_response_taxonomy[empty-PROVIDER_TARGET_DATE_EMPTY]
tests/v4_dm01_r2/test_runtime_capture_and_supplemental_gate.py::test_actual_response_taxonomy[failure-HISTORICAL_CATCHUP_QUERY_FAILED]
tests/v4_dm01_r2/test_runtime_capture_and_supplemental_gate.py::test_actual_response_taxonomy[schema-PROVIDER_SCHEMA_MISMATCH]
tests/v4_dm01_r2/test_runtime_capture_and_supplemental_gate.py::test_actual_response_taxonomy[date-PROVIDER_SCHEMA_MISMATCH]
tests/v4_dm01_r2/test_runtime_capture_and_supplemental_gate.py::test_unqueried_or_backdated_capture_rejected[request_count-0]
tests/v4_dm01_r2/test_runtime_capture_and_supplemental_gate.py::test_unqueried_or_backdated_capture_rejected[observed_at-2026-09-27T00:00:00+00:00]
tests/v4_dm01_r2/test_runtime_capture_and_supplemental_gate.py::test_unqueried_or_backdated_capture_rejected[received_at-2026-09-28T00:00:00]
tests/v4_dm01_r2/test_runtime_capture_and_supplemental_gate.py::test_unqueried_or_backdated_capture_rejected[received_at-2026-10-01T00:00:00+00:00]
tests/v4_dm01_r2/test_runtime_capture_and_supplemental_gate.py::test_receipt_order_compares_instants_across_timezones
tests/v4_dm01_r2/test_runtime_capture_and_supplemental_gate.py::test_only_declared_hash_pinned_factor_header_can_be_normalized
tests/v4_dm01_r2/test_runtime_capture_and_supplemental_gate.py::test_empty_factor_request_echo_does_not_prove_fact_date
tests/v4_dm01_r2/test_runtime_capture_and_supplemental_gate.py::test_supplemental_absence_preserves_required_core_preflight[True]
tests/v4_dm01_r2/test_runtime_capture_and_supplemental_gate.py::test_supplemental_absence_preserves_required_core_preflight[False]
tests/v4_dm01_r2/test_runtime_capture_and_supplemental_gate.py::test_missing_required_bytes_are_distinct_from_missing_provider
tests/v4_dm01_r2/test_runtime_capture_and_supplemental_gate.py::test_final_candidate_cannot_self_accept_a12_engineering_contract
tests/v4_dm01_r2/test_runtime_capture_and_supplemental_gate.py::test_provider_revision_identity_changes_without_moving_data_head
tests/v4_dm01_r3/test_metadata_durability.py::test_original_byte_archive_exact_with_declared_Git_plane
tests/v4_dm01_r3/test_metadata_durability.py::test_original_tdx_capture_receipt_is_an_exact_archived_input
tests/v4_dm01_r3/test_metadata_durability.py::test_actual_final_contract_context_has_no_checkout_binding_failure[RAW_DAILY]
tests/v4_dm01_r3/test_metadata_durability.py::test_actual_final_contract_context_has_no_checkout_binding_failure[TRADING_STATUS]
tests/v4_dm01_r3/test_metadata_durability.py::test_actual_final_contract_context_has_no_checkout_binding_failure[ISST]
tests/v4_dm01_r3/test_metadata_durability.py::test_archive_does_not_authorize_changed_business_head_namespace
tests/v4_dm01_r3/test_metadata_durability.py::test_final_durable_continuous_chain_preserves_initial_candidates
tests/v4_dm01_r3/test_real_authority_and_chain.py::test_four_actual_authorities_bind_real_audit
tests/v4_dm01_r3/test_real_authority_and_chain.py::test_real_three_date_field_instance_readback[TRADING_STATUS-2026-09-28]
tests/v4_dm01_r3/test_real_authority_and_chain.py::test_real_three_date_field_instance_readback[TRADING_STATUS-2026-09-29]
tests/v4_dm01_r3/test_real_authority_and_chain.py::test_real_three_date_field_instance_readback[TRADING_STATUS-2026-09-30]
tests/v4_dm01_r3/test_real_authority_and_chain.py::test_real_three_date_field_instance_readback[ISST-2026-09-28]
tests/v4_dm01_r3/test_real_authority_and_chain.py::test_real_three_date_field_instance_readback[ISST-2026-09-29]
tests/v4_dm01_r3/test_real_authority_and_chain.py::test_real_three_date_field_instance_readback[ISST-2026-09-30]
tests/v4_dm01_r3/test_real_authority_and_chain.py::test_producer_acceptance_does_not_fill_missing_instance[rule0]
tests/v4_dm01_r3/test_real_authority_and_chain.py::test_producer_acceptance_does_not_fill_missing_instance[rule1]
tests/v4_dm01_r3/test_real_authority_and_chain.py::test_task_card_or_replaced_audit_cannot_accept
tests/v4_dm01_r3/test_real_authority_and_chain.py::test_R2_cannot_be_selected_as_active_trust_root
tests/v4_dm01_r3/test_real_authority_and_chain.py::test_reconstructed_producer_never_accepts_other_knowledge_mode[AS_RECORDED_PIT_FACT]
tests/v4_dm01_r3/test_real_authority_and_chain.py::test_reconstructed_producer_never_accepts_other_knowledge_mode[FIRST_AVAILABLE_AT_TARGET]
tests/v4_dm01_r3/test_real_authority_and_chain.py::test_field_authority_cannot_escalate_to_OHLC_or_QFQ[RAW_DAILY]
tests/v4_dm01_r3/test_real_authority_and_chain.py::test_field_authority_cannot_escalate_to_OHLC_or_QFQ[ADJUSTED_DAILY]
tests/v4_dm01_r3/test_real_authority_and_chain.py::test_field_authority_cannot_escalate_to_OHLC_or_QFQ[UNDECLARED_CONSUMER]
tests/v4_dm01_r3/test_real_authority_and_chain.py::test_actual_phase_A_pre_capture_missing_day_vector_retained
tests/v4_dm01_r3/test_real_authority_and_chain.py::test_calendar_resolver_cannot_skip_middle_session
tests/v4_dm01_r3/test_real_authority_and_chain.py::test_actual_all_nine_chain_and_source_dates_exact
tests/v4_dm01_r3/test_real_authority_and_chain.py::test_unmarked_partial_parent_rejected
tests/v4_dm01_r3/test_real_authority_and_chain.py::test_actual_dispatcher_stops_on_first_incomplete_day
tests/v4_dm01_r3/test_real_authority_and_chain.py::test_atomic_failure_determinism_and_heads_preserved
tests/v4_joint/test_joint_final_receipt_gate.py::test_joint_receipt_gate_requires_every_stage_and_external_v4_02_acceptance
tests/v4_joint/test_joint_final_receipt_gate.py::test_joint_receipt_blocks_phase0_owner_stage_degradation
tests/v4_joint/test_joint_final_receipt_gate.py::test_joint_receipt_accepts_final_phase0_stage_map_shape
tests/v4_joint/test_joint_final_receipt_gate.py::test_cross_stage_key_set_comparison_detects_missing_extra_and_duplicates
tests/v4_joint/test_joint_final_receipt_gate.py::test_downstream_period_identities_must_be_a_subset_of_r8_universe
tests/v4_owner_bootstrap_r1/test_scoped_candidate.py::test_all_seven_fields_independent_candidates
tests/v4_owner_bootstrap_r1/test_scoped_candidate.py::test_each_field_fail_closed[scope-OHLC]
tests/v4_owner_bootstrap_r1/test_scoped_candidate.py::test_each_field_fail_closed[scope-VOLUME]
tests/v4_owner_bootstrap_r1/test_scoped_candidate.py::test_each_field_fail_closed[scope-AMOUNT]
tests/v4_owner_bootstrap_r1/test_scoped_candidate.py::test_each_field_fail_closed[scope-QFQ]
tests/v4_owner_bootstrap_r1/test_scoped_candidate.py::test_each_field_fail_closed[scope-SECURITY_IDENTITY]
tests/v4_owner_bootstrap_r1/test_scoped_candidate.py::test_each_field_fail_closed[scope-SPECIAL_PHASE]
tests/v4_owner_bootstrap_r1/test_scoped_candidate.py::test_each_field_fail_closed[scope-SECTOR_MEMBERSHIP]
tests/v4_owner_bootstrap_r1/test_scoped_candidate.py::test_each_field_fail_closed[consumer-OHLC]
tests/v4_owner_bootstrap_r1/test_scoped_candidate.py::test_each_field_fail_closed[consumer-VOLUME]
tests/v4_owner_bootstrap_r1/test_scoped_candidate.py::test_each_field_fail_closed[consumer-AMOUNT]
tests/v4_owner_bootstrap_r1/test_scoped_candidate.py::test_each_field_fail_closed[consumer-QFQ]
tests/v4_owner_bootstrap_r1/test_scoped_candidate.py::test_each_field_fail_closed[consumer-SECURITY_IDENTITY]
tests/v4_owner_bootstrap_r1/test_scoped_candidate.py::test_each_field_fail_closed[consumer-SPECIAL_PHASE]
tests/v4_owner_bootstrap_r1/test_scoped_candidate.py::test_each_field_fail_closed[consumer-SECTOR_MEMBERSHIP]
tests/v4_owner_bootstrap_r1/test_scoped_candidate.py::test_each_field_fail_closed[hash-OHLC]
tests/v4_owner_bootstrap_r1/test_scoped_candidate.py::test_each_field_fail_closed[hash-VOLUME]
tests/v4_owner_bootstrap_r1/test_scoped_candidate.py::test_each_field_fail_closed[hash-AMOUNT]
tests/v4_owner_bootstrap_r1/test_scoped_candidate.py::test_each_field_fail_closed[hash-QFQ]
tests/v4_owner_bootstrap_r1/test_scoped_candidate.py::test_each_field_fail_closed[hash-SECURITY_IDENTITY]
tests/v4_owner_bootstrap_r1/test_scoped_candidate.py::test_each_field_fail_closed[hash-SPECIAL_PHASE]
tests/v4_owner_bootstrap_r1/test_scoped_candidate.py::test_each_field_fail_closed[hash-SECTOR_MEMBERSHIP]
tests/v4_owner_bootstrap_r1/test_scoped_candidate.py::test_each_field_fail_closed[historical-OHLC]
tests/v4_owner_bootstrap_r1/test_scoped_candidate.py::test_each_field_fail_closed[historical-VOLUME]
tests/v4_owner_bootstrap_r1/test_scoped_candidate.py::test_each_field_fail_closed[historical-AMOUNT]
tests/v4_owner_bootstrap_r1/test_scoped_candidate.py::test_each_field_fail_closed[historical-QFQ]
tests/v4_owner_bootstrap_r1/test_scoped_candidate.py::test_each_field_fail_closed[historical-SECURITY_IDENTITY]
tests/v4_owner_bootstrap_r1/test_scoped_candidate.py::test_each_field_fail_closed[historical-SPECIAL_PHASE]
tests/v4_owner_bootstrap_r1/test_scoped_candidate.py::test_each_field_fail_closed[historical-SECTOR_MEMBERSHIP]
tests/v4_owner_bootstrap_r1/test_scoped_candidate.py::test_each_field_fail_closed[external-OHLC]
tests/v4_owner_bootstrap_r1/test_scoped_candidate.py::test_each_field_fail_closed[external-VOLUME]
tests/v4_owner_bootstrap_r1/test_scoped_candidate.py::test_each_field_fail_closed[external-AMOUNT]
tests/v4_owner_bootstrap_r1/test_scoped_candidate.py::test_each_field_fail_closed[external-QFQ]
tests/v4_owner_bootstrap_r1/test_scoped_candidate.py::test_each_field_fail_closed[external-SECURITY_IDENTITY]
tests/v4_owner_bootstrap_r1/test_scoped_candidate.py::test_each_field_fail_closed[external-SPECIAL_PHASE]
tests/v4_owner_bootstrap_r1/test_scoped_candidate.py::test_each_field_fail_closed[external-SECTOR_MEMBERSHIP]
tests/v4_owner_bootstrap_r1/test_scoped_candidate.py::test_each_field_fail_closed[promotion-OHLC]
tests/v4_owner_bootstrap_r1/test_scoped_candidate.py::test_each_field_fail_closed[promotion-VOLUME]
tests/v4_owner_bootstrap_r1/test_scoped_candidate.py::test_each_field_fail_closed[promotion-AMOUNT]
tests/v4_owner_bootstrap_r1/test_scoped_candidate.py::test_each_field_fail_closed[promotion-QFQ]
tests/v4_owner_bootstrap_r1/test_scoped_candidate.py::test_each_field_fail_closed[promotion-SECURITY_IDENTITY]
tests/v4_owner_bootstrap_r1/test_scoped_candidate.py::test_each_field_fail_closed[promotion-SPECIAL_PHASE]
tests/v4_owner_bootstrap_r1/test_scoped_candidate.py::test_each_field_fail_closed[promotion-SECTOR_MEMBERSHIP]
tests/v4_owner_bootstrap_r1/test_scoped_candidate.py::test_each_field_fail_closed[supplemental-OHLC]
tests/v4_owner_bootstrap_r1/test_scoped_candidate.py::test_each_field_fail_closed[supplemental-VOLUME]
tests/v4_owner_bootstrap_r1/test_scoped_candidate.py::test_each_field_fail_closed[supplemental-AMOUNT]
tests/v4_owner_bootstrap_r1/test_scoped_candidate.py::test_each_field_fail_closed[supplemental-QFQ]
tests/v4_owner_bootstrap_r1/test_scoped_candidate.py::test_each_field_fail_closed[supplemental-SECURITY_IDENTITY]
tests/v4_owner_bootstrap_r1/test_scoped_candidate.py::test_each_field_fail_closed[supplemental-SPECIAL_PHASE]
tests/v4_owner_bootstrap_r1/test_scoped_candidate.py::test_each_field_fail_closed[supplemental-SECTOR_MEMBERSHIP]
tests/v4_owner_bootstrap_r1/test_scoped_candidate.py::test_explicit_limits_and_inactive_global_root
tests/v4_owner_bootstrap_r1/test_scoped_candidate.py::test_no_hidden_scope_upgrade[AMOUNT-change0]
tests/v4_owner_bootstrap_r1/test_scoped_candidate.py::test_no_hidden_scope_upgrade[QFQ-change1]
tests/v4_owner_bootstrap_r1/test_scoped_candidate.py::test_no_hidden_scope_upgrade[SECURITY_IDENTITY-change2]
tests/v4_owner_bootstrap_r1/test_scoped_candidate.py::test_no_hidden_scope_upgrade[SECTOR_MEMBERSHIP-change3]
tests/v4_parallel_scoped_consolidation_r3/test_clean_protected_representations.py::test_scoped_proof_reopens_exact_pinned_original_bytes_in_git_lf_checkout[0]
tests/v4_parallel_scoped_consolidation_r3/test_clean_protected_representations.py::test_scoped_proof_reopens_exact_pinned_original_bytes_in_git_lf_checkout[1]
tests/v4_parallel_scoped_consolidation_r3/test_clean_protected_representations.py::test_actual_drift_and_unapproved_mapping_remain_fail_closed[actual_content-0]
tests/v4_parallel_scoped_consolidation_r3/test_clean_protected_representations.py::test_actual_drift_and_unapproved_mapping_remain_fail_closed[actual_content-1]
tests/v4_parallel_scoped_consolidation_r3/test_clean_protected_representations.py::test_actual_drift_and_unapproved_mapping_remain_fail_closed[archive_content-0]
tests/v4_parallel_scoped_consolidation_r3/test_clean_protected_representations.py::test_actual_drift_and_unapproved_mapping_remain_fail_closed[archive_content-1]
tests/v4_parallel_scoped_consolidation_r3/test_clean_protected_representations.py::test_actual_drift_and_unapproved_mapping_remain_fail_closed[map_content-0]
tests/v4_parallel_scoped_consolidation_r3/test_clean_protected_representations.py::test_actual_drift_and_unapproved_mapping_remain_fail_closed[map_content-1]
tests/v4_parallel_scoped_consolidation_r3/test_clean_protected_representations.py::test_actual_drift_and_unapproved_mapping_remain_fail_closed[unregistered_hash-0]
tests/v4_parallel_scoped_consolidation_r3/test_clean_protected_representations.py::test_actual_drift_and_unapproved_mapping_remain_fail_closed[unregistered_hash-1]
tests/v4_parallel_scoped_consolidation_r3/test_clean_protected_representations.py::test_actual_drift_and_unapproved_mapping_remain_fail_closed[unregistered_size-0]
tests/v4_parallel_scoped_consolidation_r3/test_clean_protected_representations.py::test_actual_drift_and_unapproved_mapping_remain_fail_closed[unregistered_size-1]
tests/v4_parallel_scoped_consolidation_r3/test_clean_protected_representations.py::test_actual_drift_and_unapproved_mapping_remain_fail_closed[unapproved_map-0]
tests/v4_parallel_scoped_consolidation_r3/test_clean_protected_representations.py::test_actual_drift_and_unapproved_mapping_remain_fail_closed[unapproved_map-1]
tests/v4_parallel_scoped_consolidation_r3/test_clean_protected_representations.py::test_real_consolidation_retains_batch_refs_and_passes_only_exact_clean_representations
tests/v4_parallel_scoped_consolidation_r3/test_consolidation.py::test_serialized_latest_registry_retains_external_scopes_and_prior_unscoped_entries
tests/v4_parallel_scoped_consolidation_r3/test_consolidation.py::test_registry_rejects_authority_or_scope_escalation[production]
tests/v4_parallel_scoped_consolidation_r3/test_consolidation.py::test_registry_rejects_authority_or_scope_escalation[shadow]
tests/v4_parallel_scoped_consolidation_r3/test_consolidation.py::test_registry_rejects_authority_or_scope_escalation[focus]
tests/v4_parallel_scoped_consolidation_r3/test_consolidation.py::test_registry_rejects_authority_or_scope_escalation[global_mandatory_adoption]
tests/v4_parallel_scoped_consolidation_r3/test_consolidation.py::test_registry_rejects_authority_or_scope_escalation[formal_consumer_cutover]
tests/v4_parallel_scoped_consolidation_r3/test_consolidation.py::test_registry_rejects_authority_or_scope_escalation[task_authority]
tests/v4_parallel_scoped_consolidation_r3/test_consolidation.py::test_registry_rejects_authority_or_scope_escalation[wrong_audit_head]
tests/v4_parallel_scoped_consolidation_r3/test_consolidation.py::test_registry_rejects_authority_or_scope_escalation[missing_protection]
tests/v4_parallel_scoped_consolidation_r3/test_consolidation.py::test_registry_rejects_authority_or_scope_escalation[reduced_protection]
tests/v4_parallel_scoped_consolidation_r3/test_consolidation.py::test_registry_rejects_authority_or_scope_escalation[stage_promotion]
tests/v4_parallel_scoped_consolidation_r3/test_consolidation.py::test_registry_rejects_authority_or_scope_escalation[data_promotion]
tests/v4_parallel_scoped_consolidation_r3/test_consolidation.py::test_registry_rejects_authority_or_scope_escalation[v4_12]
tests/v4_parallel_scoped_consolidation_r3/test_consolidation.py::test_registry_rejects_authority_or_scope_escalation[v4_11_head]
tests/v4_parallel_scoped_consolidation_r3/test_consolidation.py::test_registry_rejects_authority_or_scope_escalation[unscoped_a04]
tests/v4_parallel_scoped_consolidation_r3/test_consolidation.py::test_registry_rejects_authority_or_scope_escalation[a07_limitation_erased]
tests/v4_parallel_scoped_consolidation_r3/test_consolidation.py::test_registry_rejects_authority_or_scope_escalation[a03_future_blocker]
tests/v4_parallel_scoped_consolidation_r3/test_consolidation.py::test_registry_rejects_authority_or_scope_escalation[reader_current_fallback]
tests/v4_parallel_scoped_consolidation_r3/test_consolidation.py::test_authority_remains_inactive_with_exact_owner_and_reader_scope[active]
tests/v4_parallel_scoped_consolidation_r3/test_consolidation.py::test_authority_remains_inactive_with_exact_owner_and_reader_scope[runtime]
tests/v4_parallel_scoped_consolidation_r3/test_consolidation.py::test_authority_remains_inactive_with_exact_owner_and_reader_scope[owner_hash]
tests/v4_parallel_scoped_consolidation_r3/test_consolidation.py::test_authority_remains_inactive_with_exact_owner_and_reader_scope[global]
tests/v4_parallel_scoped_consolidation_r3/test_consolidation.py::test_authority_remains_inactive_with_exact_owner_and_reader_scope[reader_business]
tests/v4_parallel_scoped_consolidation_r3/test_consolidation.py::test_scoped_summary_cannot_masquerade_as_stage_or_business_authority[stage_kind]
tests/v4_parallel_scoped_consolidation_r3/test_consolidation.py::test_scoped_summary_cannot_masquerade_as_stage_or_business_authority[business]
tests/v4_parallel_scoped_consolidation_r3/test_consolidation.py::test_scoped_summary_cannot_masquerade_as_stage_or_business_authority[v4_11]
tests/v4_parallel_scoped_consolidation_r3/test_consolidation.py::test_scoped_summary_cannot_masquerade_as_stage_or_business_authority[head_promotion]
tests/v4_parallel_scoped_consolidation_r3/test_consolidation.py::test_scoped_summary_cannot_masquerade_as_stage_or_business_authority[permission]
tests/v4_parallel_scoped_consolidation_r3/test_consolidation.py::test_scoped_summary_cannot_masquerade_as_stage_or_business_authority[wrong_binding]
tests/v4_parallel_scoped_consolidation_r3/test_consolidation.py::test_real_independent_readback_preserves_permanent_capability_and_current_fail_closed_gate
tests/v4_parallel_scoped_consolidation_r3/test_protected_portability.py::test_exact_registered_git_bytes_are_metadata_only[0]
tests/v4_parallel_scoped_consolidation_r3/test_protected_portability.py::test_exact_registered_git_bytes_are_metadata_only[1]
tests/v4_parallel_scoped_consolidation_r3/test_protected_portability.py::test_real_content_drift_fails_protection
tests/v4_parallel_scoped_consolidation_r3/test_protected_portability.py::test_representation_map_cannot_be_reissued_by_caller
tests/v4_parallel_scoped_formalization_r1/test_clean_representations.py::test_actual_pinned_lf_clean_checkout_representation[0]
tests/v4_parallel_scoped_formalization_r1/test_clean_representations.py::test_actual_pinned_lf_clean_checkout_representation[1]
tests/v4_parallel_scoped_formalization_r1/test_clean_representations.py::test_no_unregistered_or_rewritten_representation[current_bytes-0]
tests/v4_parallel_scoped_formalization_r1/test_clean_representations.py::test_no_unregistered_or_rewritten_representation[current_bytes-1]
tests/v4_parallel_scoped_formalization_r1/test_clean_representations.py::test_no_unregistered_or_rewritten_representation[archive_bytes-0]
tests/v4_parallel_scoped_formalization_r1/test_clean_representations.py::test_no_unregistered_or_rewritten_representation[archive_bytes-1]
tests/v4_parallel_scoped_formalization_r1/test_clean_representations.py::test_no_unregistered_or_rewritten_representation[metadata_bytes-0]
tests/v4_parallel_scoped_formalization_r1/test_clean_representations.py::test_no_unregistered_or_rewritten_representation[metadata_bytes-1]
tests/v4_parallel_scoped_formalization_r1/test_clean_representations.py::test_no_unregistered_or_rewritten_representation[caller_hash-0]
tests/v4_parallel_scoped_formalization_r1/test_clean_representations.py::test_no_unregistered_or_rewritten_representation[caller_hash-1]
tests/v4_parallel_scoped_formalization_r1/test_clean_representations.py::test_no_unregistered_or_rewritten_representation[caller_size-0]
tests/v4_parallel_scoped_formalization_r1/test_clean_representations.py::test_no_unregistered_or_rewritten_representation[caller_size-1]
tests/v4_parallel_scoped_formalization_r1/test_clean_representations.py::test_no_unregistered_or_rewritten_representation[caller_path-0]
tests/v4_parallel_scoped_formalization_r1/test_clean_representations.py::test_no_unregistered_or_rewritten_representation[caller_path-1]
tests/v4_parallel_scoped_formalization_r1/test_clean_representations.py::test_no_unregistered_or_rewritten_representation[archive_removed-0]
tests/v4_parallel_scoped_formalization_r1/test_clean_representations.py::test_no_unregistered_or_rewritten_representation[archive_removed-1]
tests/v4_parallel_scoped_formalization_r1/test_clean_representations.py::test_other_modified_protected_file_has_no_fallback
tests/v4_parallel_scoped_formalization_r1/test_clean_representations.py::test_runtime_and_evidence_do_not_use_protected_representation_resolver
tests/v4_parallel_scoped_formalization_r1/test_clean_representations.py::test_real_validate_record_in_lf_checkout_and_strict_nonprotected_refs
tests/v4_parallel_scoped_formalization_r1/test_scoped_acceptance.py::test_generic_vector_repair_preserves_exact_original_source_and_scope
tests/v4_parallel_scoped_formalization_r1/test_scoped_acceptance.py::test_exact_external_scope_record[A03]
tests/v4_parallel_scoped_formalization_r1/test_scoped_acceptance.py::test_exact_external_scope_record[A06]
tests/v4_parallel_scoped_formalization_r1/test_scoped_acceptance.py::test_exact_external_scope_record[A07]
tests/v4_parallel_scoped_formalization_r1/test_scoped_acceptance.py::test_exact_external_scope_record[OWNER]
tests/v4_parallel_scoped_formalization_r1/test_scoped_acceptance.py::test_exact_external_scope_record[READER]
tests/v4_parallel_scoped_formalization_r1/test_scoped_acceptance.py::test_each_acceptance_fail_closed[task_authority-A03]
tests/v4_parallel_scoped_formalization_r1/test_scoped_acceptance.py::test_each_acceptance_fail_closed[task_authority-A06]
tests/v4_parallel_scoped_formalization_r1/test_scoped_acceptance.py::test_each_acceptance_fail_closed[task_authority-A07]
tests/v4_parallel_scoped_formalization_r1/test_scoped_acceptance.py::test_each_acceptance_fail_closed[task_authority-OWNER]
tests/v4_parallel_scoped_formalization_r1/test_scoped_acceptance.py::test_each_acceptance_fail_closed[task_authority-READER]
tests/v4_parallel_scoped_formalization_r1/test_scoped_acceptance.py::test_each_acceptance_fail_closed[audited_head-A03]
tests/v4_parallel_scoped_formalization_r1/test_scoped_acceptance.py::test_each_acceptance_fail_closed[audited_head-A06]
tests/v4_parallel_scoped_formalization_r1/test_scoped_acceptance.py::test_each_acceptance_fail_closed[audited_head-A07]
tests/v4_parallel_scoped_formalization_r1/test_scoped_acceptance.py::test_each_acceptance_fail_closed[audited_head-OWNER]
tests/v4_parallel_scoped_formalization_r1/test_scoped_acceptance.py::test_each_acceptance_fail_closed[audited_head-READER]
tests/v4_parallel_scoped_formalization_r1/test_scoped_acceptance.py::test_each_acceptance_fail_closed[permission-A03]
tests/v4_parallel_scoped_formalization_r1/test_scoped_acceptance.py::test_each_acceptance_fail_closed[permission-A06]
tests/v4_parallel_scoped_formalization_r1/test_scoped_acceptance.py::test_each_acceptance_fail_closed[permission-A07]
tests/v4_parallel_scoped_formalization_r1/test_scoped_acceptance.py::test_each_acceptance_fail_closed[permission-OWNER]
tests/v4_parallel_scoped_formalization_r1/test_scoped_acceptance.py::test_each_acceptance_fail_closed[permission-READER]
tests/v4_parallel_scoped_formalization_r1/test_scoped_acceptance.py::test_each_acceptance_fail_closed[disposition-A03]
tests/v4_parallel_scoped_formalization_r1/test_scoped_acceptance.py::test_each_acceptance_fail_closed[disposition-A06]
tests/v4_parallel_scoped_formalization_r1/test_scoped_acceptance.py::test_each_acceptance_fail_closed[disposition-A07]
tests/v4_parallel_scoped_formalization_r1/test_scoped_acceptance.py::test_each_acceptance_fail_closed[disposition-OWNER]
tests/v4_parallel_scoped_formalization_r1/test_scoped_acceptance.py::test_each_acceptance_fail_closed[disposition-READER]
tests/v4_parallel_scoped_formalization_r1/test_scoped_acceptance.py::test_each_acceptance_fail_closed[hash-A03]
tests/v4_parallel_scoped_formalization_r1/test_scoped_acceptance.py::test_each_acceptance_fail_closed[hash-A06]
tests/v4_parallel_scoped_formalization_r1/test_scoped_acceptance.py::test_each_acceptance_fail_closed[hash-A07]
tests/v4_parallel_scoped_formalization_r1/test_scoped_acceptance.py::test_each_acceptance_fail_closed[hash-OWNER]
tests/v4_parallel_scoped_formalization_r1/test_scoped_acceptance.py::test_each_acceptance_fail_closed[hash-READER]
tests/v4_parallel_scoped_formalization_r1/test_scoped_acceptance.py::test_each_acceptance_fail_closed[evidence_missing-A03]
tests/v4_parallel_scoped_formalization_r1/test_scoped_acceptance.py::test_each_acceptance_fail_closed[evidence_missing-A06]
tests/v4_parallel_scoped_formalization_r1/test_scoped_acceptance.py::test_each_acceptance_fail_closed[evidence_missing-A07]
tests/v4_parallel_scoped_formalization_r1/test_scoped_acceptance.py::test_each_acceptance_fail_closed[evidence_missing-OWNER]
tests/v4_parallel_scoped_formalization_r1/test_scoped_acceptance.py::test_each_acceptance_fail_closed[evidence_missing-READER]
tests/v4_parallel_scoped_formalization_r1/test_scoped_acceptance.py::test_each_acceptance_fail_closed[current_state-A03]
tests/v4_parallel_scoped_formalization_r1/test_scoped_acceptance.py::test_each_acceptance_fail_closed[current_state-A06]
tests/v4_parallel_scoped_formalization_r1/test_scoped_acceptance.py::test_each_acceptance_fail_closed[current_state-A07]
tests/v4_parallel_scoped_formalization_r1/test_scoped_acceptance.py::test_each_acceptance_fail_closed[current_state-OWNER]
tests/v4_parallel_scoped_formalization_r1/test_scoped_acceptance.py::test_each_acceptance_fail_closed[current_state-READER]
tests/v4_parallel_scoped_formalization_r1/test_scoped_acceptance.py::test_a03_real_immutable_append_and_no_natural_future_engineering_blocker
tests/v4_parallel_scoped_formalization_r1/test_scoped_acceptance.py::test_a06_accepted_fail_closed_no_threshold_tuning
tests/v4_parallel_scoped_formalization_r1/test_scoped_acceptance.py::test_a07_exact_capture_time_boundary_and_no_formal_adjusted_consumer
tests/v4_parallel_scoped_formalization_r1/test_scoped_acceptance.py::test_seven_owner_fields_exact_unchanged_inactive_metadata
tests/v4_parallel_scoped_formalization_r1/test_scoped_acceptance.py::test_accepted_owner_still_rejects_scope_and_activation_changes[limitation]
tests/v4_parallel_scoped_formalization_r1/test_scoped_acceptance.py::test_accepted_owner_still_rejects_scope_and_activation_changes[consumer]
tests/v4_parallel_scoped_formalization_r1/test_scoped_acceptance.py::test_accepted_owner_still_rejects_scope_and_activation_changes[scope]
tests/v4_parallel_scoped_formalization_r1/test_scoped_acceptance.py::test_accepted_owner_still_rejects_scope_and_activation_changes[active_root]
tests/v4_parallel_scoped_formalization_r1/test_scoped_acceptance.py::test_accepted_owner_still_rejects_scope_and_activation_changes[formal_cutover]
tests/v4_parallel_scoped_formalization_r1/test_scoped_acceptance.py::test_accepted_owner_still_rejects_scope_and_activation_changes[wrong_active_registry]
tests/v4_parallel_scoped_formalization_r1/test_scoped_acceptance.py::test_accepted_owner_still_rejects_scope_and_activation_changes[wrong_candidate_hash]
tests/v4_parallel_scoped_formalization_r1/test_scoped_acceptance.py::test_accepted_reader_v2_history_only_and_actual_three_thread_parity
tests/v4_parallel_scoped_formalization_r1/test_scoped_acceptance.py::test_accepted_reader_manifest_never_grants_business_reacceptance[v1_select]
tests/v4_parallel_scoped_formalization_r1/test_scoped_acceptance.py::test_accepted_reader_manifest_never_grants_business_reacceptance[business_scope]
tests/v4_parallel_scoped_formalization_r1/test_scoped_acceptance.py::test_accepted_reader_manifest_never_grants_business_reacceptance[production]
tests/v4_parallel_scoped_formalization_r1/test_scoped_acceptance.py::test_accepted_reader_manifest_never_grants_business_reacceptance[business_reacceptance]
tests/v4_parallel_scoped_formalization_r1/test_scoped_acceptance.py::test_accepted_reader_manifest_never_grants_business_reacceptance[runtime_hash]
tests/v4_phase0/test_adjustment_contract_vectors.py::test_cash_dividend_stock_split_rights_combo_and_control_vectors
tests/v4_phase0/test_adjustment_contract_vectors.py::test_future_ex_date_is_excluded_and_unknown_category_fails_closed
tests/v4_phase0/test_adjustment_contract_vectors.py::test_suspension_resume_recent_listing_anchor_and_forward_coordinates
tests/v4_phase0/test_algorithm_contracts.py::test_frozen_framework_and_full_parameter_registry_are_executable
tests/v4_phase0/test_algorithm_contracts.py::test_kleene_binary_truth[AND-TRUE-UNKNOWN-UNKNOWN]
tests/v4_phase0/test_algorithm_contracts.py::test_kleene_binary_truth[AND-FALSE-UNKNOWN-FALSE]
tests/v4_phase0/test_algorithm_contracts.py::test_kleene_binary_truth[OR-TRUE-UNKNOWN-TRUE]
tests/v4_phase0/test_algorithm_contracts.py::test_kleene_binary_truth[OR-FALSE-UNKNOWN-UNKNOWN]
tests/v4_phase0/test_algorithm_contracts.py::test_not_unknown_and_zero_denominator_remain_unknown
tests/v4_phase0/test_algorithm_contracts.py::test_parameter_required_fields_and_framework_status_enum_match
tests/v4_phase0/test_algorithm_contracts.py::test_unknown_and_retired_parameters_fail_closed
tests/v4_phase0/test_algorithm_contracts.py::test_candidate_parameter_and_numeric_literal_bypass_fail
tests/v4_phase0/test_algorithm_contracts.py::test_compare_operator_and_arity_are_fully_validated
tests/v4_phase0/test_algorithm_contracts.py::test_arithmetic_operator_and_arity_are_fully_validated
tests/v4_phase0/test_algorithm_contracts.py::test_enum_literal_identity_and_version_are_checked
tests/v4_phase0/test_algorithm_contracts.py::test_output_metadata_uses_framework_requiredness_schema
tests/v4_phase0/test_algorithm_contracts.py::test_full_contract_sections_and_malformed_sections_are_validated
tests/v4_phase0/test_algorithm_contracts.py::test_framework_schema_conflicts_are_rejected
tests/v4_phase0/test_algorithm_contracts.py::test_non_numeric_policy_values_are_deferred_to_separate_versioned_contract
tests/v4_phase0/test_algorithm_contracts.py::test_framework_cannot_claim_non_numeric_parameter_typing_is_complete
tests/v4_phase0/test_baostock_supplemental.py::test_turn_is_percent_points_and_fraction_conversion_is_explicit
tests/v4_phase0/test_baostock_supplemental.py::test_suspended_blank_volume_and_amount_remain_unknown_not_zero
tests/v4_phase0/test_baostock_supplemental.py::test_blank_volume_and_amount_for_trading_row_fail_closed
tests/v4_phase0/test_baostock_supplemental.py::test_normalized_receipt_digest_is_deterministic_and_contains_no_credentials
tests/v4_phase0/test_baostock_supplemental.py::test_strict_binding_requires_exact_identity_and_date_and_all_fingerprint_fields
tests/v4_phase0/test_baostock_supplemental.py::test_binding_stays_soft_without_independently_accepted_tolerance_and_status
tests/v4_phase0/test_baostock_supplemental.py::test_budget_counts_retries_and_stops_before_daily_hard_limit
tests/v4_phase0/test_baostock_supplemental.py::test_budget_rolls_over_using_the_current_shanghai_date
tests/v4_phase0/test_baostock_supplemental.py::test_bad_or_unreadable_ledger_fails_closed
tests/v4_phase0/test_baostock_supplemental.py::test_vip_client_refuses_to_start_without_vip_environment_secrets
tests/v4_phase0/test_baostock_supplemental.py::test_client_fake_sdk_routes_api_key_and_keeps_session_serial
tests/v4_phase0/test_baostock_supplemental.py::test_public_anonymous_mode_uses_no_credentials_or_api_key
tests/v4_phase0/test_baostock_supplemental.py::test_public_runtime_fails_closed_on_unverified_sdk_version
tests/v4_phase0/test_baostock_supplemental.py::test_package_metadata_is_pinned_and_secret_free
tests/v4_phase0/test_baostock_supplemental.py::test_history_worker_sorts_checkpoints_and_resumes_idempotently
tests/v4_phase0/test_baostock_supplemental.py::test_history_worker_rejects_checkpoint_for_different_query
tests/v4_phase0/test_canonical_source_selection.py::test_local_overlap_priority_and_package_gap_fill_keep_dual_provenance
tests/v4_phase0/test_canonical_source_selection.py::test_identical_market_rows_with_reserved_difference_are_audited_separately
tests/v4_phase0/test_canonical_source_selection.py::test_selection_manifest_digest_is_deterministic
tests/v4_phase0/test_phase0_final_gate.py::test_all_full_stages_without_limits_yield_full_pass
tests/v4_phase0/test_phase0_final_gate.py::test_independent_degraded_scope_yields_degraded_pass_and_authorizes_raw
tests/v4_phase0/test_phase0_final_gate.py::test_any_degraded_stage_cannot_aggregate_to_full_pass
tests/v4_phase0/test_phase0_final_gate.py::test_v4_01_required_blocked_scope_blocks_entry
tests/v4_phase0/test_phase0_final_gate.py::test_core_blocker_blocks_entry_but_scanner_remains_stage_scoped
tests/v4_phase0/test_phase0_final_gate.py::test_missing_or_invalid_stage_is_blocked
tests/v4_phase0/test_phase0_final_gate.py::test_full_labels_without_explicit_scope_acceptance_do_not_authorize_entry
tests/v4_phase0/test_phase0_final_gate.py::test_required_scope_cannot_be_satisfied_by_unrelated_stage[V4-00F-PUBLICATION_IDENTITY]
tests/v4_phase0/test_phase0_final_gate.py::test_required_scope_cannot_be_satisfied_by_unrelated_stage[V4-00F-LIFECYCLE_SCHEMA]
tests/v4_phase0/test_phase0_final_gate.py::test_required_scope_cannot_be_satisfied_by_unrelated_stage[V4-00F-A_STOCK_TDX_SOURCE]
tests/v4_phase0/test_phase0_final_gate.py::test_raw_bootstrap_is_derived_and_unowned_claim_does_not_authorize
tests/v4_phase0/test_phase0_final_gate.py::test_blocked_stage_never_counts_as_accepted_even_when_blocks_flag_is_false
tests/v4_phase0/test_phase0_final_gate.py::test_non_entry_blocked_capability_requires_degraded_stage
tests/v4_phase0/test_phase0_final_gate.py::test_cutover_and_benchmark_contract_does_not_promote_unset_thresholds
tests/v4_phase0/test_postgres_schema.py::test_fresh_v4_schema_has_revisionable_pit_and_publication_relations
tests/v4_phase0/test_postgres_schema.py::test_reset_leaves_no_legacy_heads_or_runtime_publications
tests/v4_phase0/test_postgres_schema.py::test_each_revision_has_unique_publication_id_and_same_day_parent_identity
tests/v4_phase0/test_postgres_schema.py::test_same_day_parent_must_match_namespace_and_trade_date
tests/v4_phase0/test_postgres_schema.py::test_revision_lineage_no_fork_and_core_revision_unique_per_date_namespace
tests/v4_phase0/test_postgres_schema.py::test_prior_session_publication_namespace_and_digest_are_validated
tests/v4_phase0/test_postgres_schema.py::test_prior_publication_must_be_accepted_and_equal_previous_session_head
tests/v4_phase0/test_postgres_schema.py::test_prior_state_head_must_belong_to_prior_publication
tests/v4_phase0/test_postgres_schema.py::test_prior_publication_must_be_accepted
tests/v4_phase0/test_postgres_schema.py::test_prior_publication_must_equal_previous_session_publication_head
tests/v4_phase0/test_postgres_schema.py::test_prior_session_logical_digest_must_match_state_head
tests/v4_phase0/test_postgres_schema.py::test_same_day_revision_cannot_change_prior_publication_id
tests/v4_phase0/test_postgres_schema.py::test_same_day_revision_cannot_change_prior_state_head
tests/v4_phase0/test_postgres_schema.py::test_same_day_revision_cannot_change_prior_logical_digest
tests/v4_phase0/test_postgres_schema.py::test_same_day_revision_cannot_switch_prior_publication_to_gap
tests/v4_phase0/test_postgres_schema.py::test_same_day_revision_cannot_change_frozen_prior_identity
tests/v4_phase0/test_postgres_schema.py::test_gap_rejected_when_previous_session_accepted_head_exists_and_head_is_frozen
tests/v4_phase0/test_postgres_schema.py::test_gap_is_allowed_when_previous_session_has_no_accepted_head
tests/v4_phase0/test_postgres_schema.py::test_new_earlier_calendar_session_cannot_invalidate_initial_boundary
tests/v4_phase0/test_postgres_schema.py::test_lifecycle_machine_contract_matches_schema
tests/v4_phase0/test_postgres_schema.py::test_r5_security_lifecycle_history_contract_matches_formal_schema
tests/v4_phase0/test_postgres_schema.py::test_r6_2_provider_facts_and_normalized_intervals_are_separate_append_only_contracts
tests/v4_phase0/test_postgres_schema.py::test_lifecycle_history_late_correction_is_append_only_and_cutoff_selectable
tests/v4_phase0/test_postgres_schema.py::test_membership_machine_contract_matches_schema
tests/v4_phase0/test_postgres_schema.py::test_lifecycle_fact_revision_and_knowledge_timestamps_match_source_revision
tests/v4_phase0/test_postgres_schema.py::test_pit_fact_revision_chain_and_late_correction_are_append_only
tests/v4_phase0/test_postgres_schema.py::test_current_universe_member_is_not_historical_membership_proof
tests/v4_phase0/test_postgres_schema.py::test_source_revision_fork_is_rejected
tests/v4_phase0/test_postgres_schema.py::test_failed_schema_migration_rolls_back_all_ddl
tests/v4_phase0/test_security_entity_identity.py::test_source_symbol_is_not_security_id_and_identity_is_deterministic
tests/v4_phase0/test_security_entity_identity.py::test_same_symbol_reused_on_new_listing_lifecycle_gets_new_identity
tests/v4_phase0/test_security_entity_identity.py::test_official_bse_old_new_aliases_share_one_entity_identity
tests/v4_phase0/test_security_entity_identity.py::test_missing_listing_date_fails_closed
tests/v4_phase0/test_source_bundle_identity.py::test_source_bundle_id_is_recomputed_from_canonical_unsigned_payload
tests/v4_phase0/test_source_bundle_identity.py::test_source_bundle_id_expected_path_binding_is_enforced
tests/v4_phase0/test_source_overlap_classifier.py::test_asset_types_and_non_a_stock_differences_do_not_block_core
tests/v4_phase0/test_source_overlap_classifier.py::test_identity_mismatch_or_unexplained_a_stock_difference_blocks_core
tests/v4_phase0/test_source_overlap_classifier.py::test_overlap_comparator_requires_field_specific_explanation
tests/v4_phase0/test_tdx_local_snapshot.py::test_local_tdx_snapshot_is_content_addressed_outside_input_and_repeatable
tests/v4_phase0/test_tdx_local_snapshot.py::test_snapshot_fails_if_existing_content_addressed_copy_was_mutated
tests/v4_phase0/test_tdx_local_snapshot.py::test_symlink_input_is_rejected
tests/v4_phase0/test_tdx_snapshot.py::test_zip_and_extracted_snapshot_are_matched_by_every_member_hash
tests/v4_phase0/test_tdx_snapshot.py::test_mutated_snapshot_fails_closed[extract]
tests/v4_phase0/test_tdx_snapshot.py::test_mutated_snapshot_fails_closed[inventory]
tests/v4_phase0/test_tdx_snapshot.py::test_mutated_snapshot_fails_closed[digest]
tests/v4_phase0/test_tdx_snapshot.py::test_archive_inventory_name_mismatch_fails_closed
tests/v4_phase0/test_tdx_snapshot.py::test_unsafe_zip_member_path_is_rejected_before_resolution
tests/v4_phase0/test_tdx_snapshot.py::test_windows_and_posix_path_escape_members_are_rejected[C:/outside.day]
tests/v4_phase0/test_tdx_snapshot.py::test_windows_and_posix_path_escape_members_are_rejected[SH/../escape.day]
tests/v4_phase0/test_tdx_snapshot.py::test_windows_and_posix_path_escape_members_are_rejected[/rooted.day]
tests/v4_phase0/test_tdx_snapshot.py::test_zip_symlink_member_is_rejected
tests/v4_phase0/test_tdx_snapshot.py::test_extracted_symlink_is_rejected
tests/v4_phase0/test_v4_01_lineage_policy.py::test_v4_01_lineage_policy_never_fabricates_pre_v4_as_recorded_history
tests/v4_phase0/test_v4_01_required_scope_r6.py::test_roster_exact_page_multiple_requires_revalidation
tests/v4_phase0/test_v4_01_required_scope_r6.py::test_roster_large_day_over_day_drop_requires_revalidation
tests/v4_phase0/test_v4_01_required_scope_r6.py::test_roster_lifecycle_scale_gap_requires_revalidation
tests/v4_phase0/test_v4_01_required_scope_r6.py::test_fresh_session_repeat_digest_must_match
tests/v4_phase0/test_v4_01_required_scope_r6.py::test_roster_traded_required_scope_subset_must_be_present
tests/v4_phase0/test_v4_01_required_scope_r6.py::test_bse_degraded_does_not_block_required_scope
tests/v4_phase0/test_v4_01_required_scope_r6.py::test_required_scope_identity_uses_type_exchange_and_board
tests/v4_phase0/test_v4_01_required_scope_r6.py::test_main_board_unresolved_blocks
tests/v4_phase0/test_v4_01_required_scope_r6.py::test_sz_main_unresolved_blocks
tests/v4_phase0/test_v4_01_required_scope_r6.py::test_chinext_unresolved_blocks
tests/v4_phase0/test_v4_01_required_scope_r6.py::test_star_unresolved_blocks
tests/v4_phase0/test_v4_01_required_scope_r6.py::test_noncore_unresolved_does_not_block_required_a_scope
tests/v4_phase0/test_v4_01_required_scope_r6.py::test_unknown_all_stock_security_not_auto_promoted_to_a_stock
tests/v4_phase0/test_v4_01_required_scope_r6.py::test_required_universe_uses_accepted_a_stock_identity
tests/v4_phase0/test_v4_01_required_scope_r6.py::test_normalized_membership_effective_to_is_inclusive
tests/v4_phase0/test_v4_01_required_scope_r6.py::test_provider_outdate_not_assumed_inclusive
tests/v4_phase0/test_v4_01_required_scope_r6.py::test_outdate_present_in_roster_resolves_inclusive
tests/v4_phase0/test_v4_01_required_scope_r6.py::test_outdate_absent_in_roster_resolves_to_prior_membership_day
tests/v4_phase0/test_v4_01_required_scope_r6.py::test_mixed_outdate_semantics_supported_per_security
tests/v4_phase0/test_v4_01_required_scope_r6.py::test_outdate_absence_with_later_roster_reappearance_is_unresolved
tests/v4_phase0/test_v4_01_required_scope_r6.py::test_bse_rows_isolated_from_required_universe_digest
tests/v4_phase0/test_v4_01_required_scope_r6.py::test_roster_incomplete_day_blocks_final_gate
tests/v4_phase0/test_v4_01_required_scope_r6.py::test_scope_split_keeps_unknown_out_of_required_universe
tests/v4_phase0/test_v4_01_required_scope_r6.py::test_required_scope_digest_excludes_bse_rows
tests/v4_phase0/test_v4_01_required_scope_r6.py::test_lifecycle_expected_set_rejects_missing_required_code
tests/v4_phase0/test_v4_01_required_scope_r6.py::test_all_day_required_lifecycle_coverage_zero
tests/v4_phase0/test_v4_01_required_scope_r6.py::test_non_trigger_partial_roster_is_detected_by_all_day_coverage
tests/v4_phase0/test_v4_01_required_scope_r6.py::test_final_gate_requires_all_day_required_roster_coverage
tests/v4_publication_reader_di_r1/test_explicit_views.py::test_exact_outputs_and_two_history_plus_current_concurrency
tests/v4_publication_reader_di_r1/test_explicit_views.py::test_wrong_candidate_hash_behavior_exact
tests/v4_publication_reader_di_r1/test_explicit_views.py::test_exact_view_cannot_arbitrarily_remap_or_wrong_sha
tests/v4_publication_reader_di_r1/test_explicit_views.py::test_candidate_cannot_masquerade_as_accepted_archive
tests/v4_registry_r3/test_formalization.py::test_external_dispositions_and_protected_bytes
tests/v4_registry_r3/test_formalization.py::test_accepted_sidecar_scopes_and_identity_equivalence
tests/v4_registry_r3/test_formalization.py::test_accepted_historical_prewatch_replay_is_exact
tests/v4_registry_r4/test_entry.py::test_r4_exact_dispositions_and_empty_owners
tests/v4_registry_r4/test_entry.py::test_independent_acceptance_exact_evidence
tests/v4_scoped_promotions_r3/test_scoped_readers.py::test_approved_git_lf_is_protection_only_and_business_bound_stays_strict[0]
tests/v4_scoped_promotions_r3/test_scoped_readers.py::test_approved_git_lf_is_protection_only_and_business_bound_stays_strict[1]
tests/v4_scoped_promotions_r3/test_scoped_readers.py::test_even_semantically_equivalent_head_whitespace_drift_is_rejected
tests/v4_scoped_promotions_r3/test_scoped_readers.py::test_rehashed_drift_cannot_expand_approved_representation
tests/v4_scoped_promotions_r3/test_scoped_readers.py::test_unapproved_original_binding_has_no_normalization_fallback
tests/v4_scoped_promotions_r3/test_scoped_readers.py::test_missing_scoped_pointer_has_no_silent_fallback[V4_05]
tests/v4_scoped_promotions_r3/test_scoped_readers.py::test_missing_scoped_pointer_has_no_silent_fallback[V4_07]
tests/v4_scoped_promotions_r3/test_scoped_readers.py::test_missing_scoped_pointer_has_no_silent_fallback[V4_09]
tests/v4_scoped_promotions_r3/test_scoped_readers.py::test_missing_scoped_pointer_has_no_silent_fallback[A05]
tests/v4_scoped_promotions_r3/test_scoped_readers.py::test_missing_scoped_pointer_has_no_silent_fallback[A04]
tests/v4_scoped_promotions_r3/test_scoped_readers.py::test_a02_requires_explicit_history_choice[AUTO]
tests/v4_scoped_promotions_r3/test_scoped_readers.py::test_a02_requires_explicit_history_choice[]
tests/v4_scoped_promotions_r3/test_scoped_readers.py::test_a02_requires_explicit_history_choice[PIT_AS_RECORDED]
tests/v4_scoped_promotions_r3/test_scoped_readers.py::test_a02_cannot_expand_reconstructed_lineage[V4_05]
tests/v4_scoped_promotions_r3/test_scoped_readers.py::test_a02_cannot_expand_reconstructed_lineage[V4_07]
tests/v4_scoped_promotions_r3/test_scoped_readers.py::test_a02_cannot_expand_reconstructed_lineage[V4_09]
tests/v4_scoped_promotions_r3/test_scoped_readers.py::test_a05_rejects_every_other_target[2026-09-30]
tests/v4_scoped_promotions_r3/test_scoped_readers.py::test_a05_rejects_every_other_target[2026-09-23]
tests/v4_scoped_promotions_r3/test_scoped_readers.py::test_a05_rejects_every_other_target[2026-10-02]
tests/v4_scoped_promotions_r3/test_scoped_readers.py::test_a05_amount_a_warm_branch_stays_closed
tests/v4_scoped_promotions_r3/test_scoped_readers.py::test_a04_engineering_acceptance_never_opens_consumer[formal_consumer_enabled-True]
tests/v4_scoped_promotions_r3/test_scoped_readers.py::test_a04_engineering_acceptance_never_opens_consumer[historical_reconstruction_accepted-True]
tests/v4_scoped_promotions_r3/test_scoped_readers.py::test_a04_engineering_acceptance_never_opens_consumer[H21_warmup_required-False]
tests/v4_scoped_promotions_r3/test_scoped_readers.py::test_a04_engineering_acceptance_never_opens_consumer[stock_amr20_dependency-True]
tests/v4_scoped_promotions_r3/test_scoped_readers.py::test_scoped_reader_rejects_rehashed_unaudited_candidate
tests/v4_scoped_promotions_r3/test_scoped_readers.py::test_scoped_acceptance_cannot_escalate_permissions[production]
tests/v4_scoped_promotions_r3/test_scoped_readers.py::test_scoped_acceptance_cannot_escalate_permissions[shadow]
tests/v4_scoped_promotions_r3/test_scoped_readers.py::test_scoped_acceptance_cannot_escalate_permissions[focus]
tests/v4_scoped_promotions_r3/test_scoped_readers.py::test_scoped_acceptance_cannot_escalate_permissions[global_mandatory_adoption]
tests/v4_scoped_promotions_r3/test_scoped_readers.py::test_publication_is_idempotent_and_conflicting_revision_is_append_only
tests/v4_scoped_promotions_r3/test_scoped_readers.py::test_rollback_removes_only_exact_allowlisted_pointer
tests/v4_scoped_promotions_r3/test_scoped_readers.py::test_main_stage_head_and_v4_11_are_never_publishable

=================================== ERRORS ====================================
__________ ERROR collecting tests/upgrade_m14/test_online_batches.py __________
ImportError while importing test module 'E:\codex work\v4-r4-clean-20261002\tests\upgrade_m14\test_online_batches.py'.
Hint: make sure your test modules/packages have valid Python names.
Traceback:
E:\python\Lib\importlib\__init__.py:88: in import_module
    return _bootstrap._gcd_import(name[level:], package, level)
           ^^^^^^^^^^^^^^^^^^^^^^^^^^^^^^^^^^^^^^^^^^^^^^^^^^^^
tests\upgrade_m14\test_online_batches.py:9: in <module>
    from workbench_online.collector import _commit_raw_and_batch
E   ImportError: cannot import name '_commit_raw_and_batch' from 'workbench_online.collector' (E:\codex work\v4-r4-clean-20261002\src\workbench_online\collector.py)
________________ ERROR collecting tests/upgrade_m2/test_api.py ________________
tests\upgrade_m2\test_api.py:11: in <module>
    TEST_PUB=PUBS[sorted(PUBS, reverse=True)[0]]
                  ^^^^^^^^^^^^^^^^^^^^^^^^^^^^^
E   IndexError: list index out of range
______________ ERROR collecting tests/v4_11_r4/test_d2_bridge.py ______________
import file mismatch:
imported module 'test_d2_bridge' has this __file__ attribute:
  E:\codex work\v4-r4-clean-20261002\tests\v4_11_r3c\test_d2_bridge.py
which is not the same as the test file we want to collect:
  E:\codex work\v4-r4-clean-20261002\tests\v4_11_r4\test_d2_bridge.py
HINT: remove __pycache__ / .pyc files and/or use a unique basename for your test file modules
=========================== short test summary info ===========================
ERROR tests/upgrade_m14/test_online_batches.py
ERROR tests/upgrade_m2/test_api.py - IndexError: list index out of range
ERROR tests/v4_11_r4/test_d2_bridge.py
!!!!!!!!!!!!!!!!!!! Interrupted: 3 errors during collection !!!!!!!!!!!!!!!!!!!
3382 tests collected, 3 errors in 4.95s

