tests/fep/test_cas_roles.py::test_E1_23_initial_and_replacement
tests/fep/test_cas_roles.py::test_E1_25_conflict_rolls_back_all
tests/fep/test_cas_roles.py::test_E1_26_idempotency
tests/fep/test_cas_roles.py::test_E1_27_changed_request_args[kwargs0]
tests/fep/test_cas_roles.py::test_E1_27_changed_request_args[kwargs1]
tests/fep/test_cas_roles.py::test_E1_27_changed_request_args[kwargs2]
tests/fep/test_cas_roles.py::test_E1_27_changed_request_args[kwargs3]
tests/fep/test_cas_roles.py::test_E1_27_changed_request_args[kwargs4]
tests/fep/test_cas_roles.py::test_E1_27_changed_request_args[kwargs5]
tests/fep/test_cas_roles.py::test_E1_27_changed_request_args[kwargs6]
tests/fep/test_cas_roles.py::test_E1_28_null_parameters[0]
tests/fep/test_cas_roles.py::test_E1_28_null_parameters[1]
tests/fep/test_cas_roles.py::test_E1_28_null_parameters[2]
tests/fep/test_cas_roles.py::test_E1_28_null_parameters[3]
tests/fep/test_cas_roles.py::test_E1_28_null_parameters[5]
tests/fep/test_cas_roles.py::test_E1_28_null_parameters[6]
tests/fep/test_cas_roles.py::test_E1_28_null_parameters[7]
tests/fep/test_cas_roles.py::test_null_prior_changed_replay
tests/fep/test_cas_roles.py::test_E1_29_fake_revoke
tests/fep/test_cas_roles.py::test_E1_30_future_head
tests/fep/test_cas_roles.py::test_E1_31_public_execute
tests/fep/test_cas_roles.py::test_E1_32_application_direct_dml
tests/fep/test_cas_roles.py::test_E1_33_search_path_hijack
tests/fep/test_cas_roles.py::test_read_only_no_role_escalation
tests/fep/test_cas_roles.py::test_E1_24_concurrent_cas_and_same_request
tests/fep/test_database.py::test_E1_01_wrong_observation_scope
tests/fep/test_database.py::test_E1_02_wrong_target_scope_horizon
tests/fep/test_database.py::test_E1_03_snapshot_observation_mismatch
tests/fep/test_database.py::test_E1_04_snapshot_feature_contract_mismatch
tests/fep/test_database.py::test_E1_05_label_digest_revision_mismatch
tests/fep/test_database.py::test_E1_06_row_different_fold_selection
tests/fep/test_database.py::test_three_time_blocks[E1_07-12-5-12-10-NOT_VISIBLE]
tests/fep/test_database.py::test_three_time_blocks[E1_08-2-15-6-10-NOT_TRAINABLE]
tests/fep/test_database.py::test_three_time_blocks[E1_09-2-5-12-10-NOT_VISIBLE]
tests/fep/test_database.py::test_three_time_blocks[E1_10-2-5-20-10-NOT_VISIBLE]
tests/fep/test_database.py::test_E1_11_later_fold_new_revision
tests/fep/test_database.py::test_E1_12_reconstruction_not_pit
tests/fep/test_database.py::test_E1_13_pending_denominator
tests/fep/test_database.py::test_E1_14_missing_denominator_block
tests/fep/test_database.py::test_E1_15_no_global_revision
tests/fep/test_database.py::test_phase_overlap[E1_16-SEC-A-2026-09-01-local-1-o]
tests/fep/test_database.py::test_phase_overlap[E1_17-SEC-B-2026-09-01-local-2-o2]
tests/fep/test_database.py::test_phase_overlap[E1_18-SEC-A-2026-09-02-local-1-o2]
tests/fep/test_database.py::test_E1_19_distinct_entity_local_episode
tests/fep/test_database.py::test_E1_20_immutable_update
tests/fep/test_database.py::test_E1_21_immutable_delete
tests/fep/test_database.py::test_E1_22_inventory
tests/fep/test_database.py::test_E1_34_no_recompute_and_exact_source
tests/fep/test_database.py::test_E1_35_missing_upstream
tests/fep/test_database.py::test_E1_37_duplicate_slot
tests/fep/test_database.py::test_E1_38_no_model_retained
tests/fep/test_feature_owner.py::test_all_47_accepted_historical_fields_and_seven_relative_rps_are_copied
tests/fep/test_feature_owner.py::test_owner_envelope_counterfactuals[missing_field]
tests/fep/test_feature_owner.py::test_owner_envelope_counterfactuals[wrong_date]
tests/fep/test_feature_owner.py::test_owner_envelope_counterfactuals[nonfinite]
tests/fep/test_feature_owner.py::test_owner_envelope_counterfactuals[wrong_type]
tests/fep/test_feature_owner.py::test_owner_envelope_counterfactuals[unknown_without_reason]
tests/fep/test_feature_owner.py::test_owner_envelope_counterfactuals[missing_window]
tests/fep/test_feature_owner.py::test_unknown_is_present_and_not_imputed
tests/fep/test_feature_owner.py::test_owner_contract_counterfactuals[guessed_alias]
tests/fep/test_feature_owner.py::test_owner_contract_counterfactuals[wrong_owner_digest]
tests/fep/test_feature_owner.py::test_owner_contract_counterfactuals[reduced_fields]
tests/fep/test_feature_owner.py::test_owner_contract_counterfactuals[pit_overclaim]
tests/fep/test_feature_owner.py::test_owner_contract_counterfactuals[wrong_calendar_digest]
tests/fep/test_feature_owner.py::test_engineering_snapshot_same_capture_replay_is_stable_and_rejects_pit
tests/fep/test_migration.py::test_actual_fep_migration_rollback
tests/fep/test_namespace.py::test_explicit_fep_only_namespace_contract
tests/fep/test_pipeline.py::test_asof_revision_and_three_times
tests/fep/test_pipeline.py::test_complete_denominator_pending_and_digest
tests/fep/test_pipeline.py::test_observation_revision_is_not_event
tests/fep/test_pipeline.py::test_source_exact_readback_and_no_price_recomputation
tests/fep/test_pipeline.py::test_E1_36_real_no_maturity
tests/fep/test_pipeline.py::test_snapshot_exact_and_digest_nonsemantic_time
tests/fep/test_pipeline.py::test_E1_39_failure_priority_core_isolation
tests/fep/test_pipeline.py::test_E1_40_accepted_bytes_no_new_heads
tests/fep/test_pipeline.py::test_persisted_full_denominator_and_atomic_failure
tests/fep/test_r1_label_time.py::test_source_t2_mature_t5_revision_t6[3-False]
tests/fep/test_r1_label_time.py::test_source_t2_mature_t5_revision_t6[5-False]
tests/fep/test_r1_label_time.py::test_source_t2_mature_t5_revision_t6[6-True]
tests/fep/test_r1_label_time.py::test_time_authority_counterfactuals[missing_source]
tests/fep/test_r1_label_time.py::test_time_authority_counterfactuals[missing_maturity]
tests/fep/test_r1_label_time.py::test_time_authority_counterfactuals[missing_revision]
tests/fep/test_r1_label_time.py::test_time_authority_counterfactuals[tampered_bytes]
tests/fep/test_r1_label_time.py::test_time_authority_counterfactuals[wrong_row]
tests/fep/test_r1_label_time.py::test_time_authority_counterfactuals[wrong_class]
tests/fep/test_r1_label_time.py::test_time_authority_counterfactuals[revision_before_source]
tests/fep/test_r1_label_time.py::test_time_authority_counterfactuals[incomplete_window]
tests/fep/test_r1_label_time.py::test_time_authority_counterfactuals[naive_time]
tests/fep/test_r1_label_time.py::test_time_authority_counterfactuals[missing_fact]
tests/fep/test_r1_label_time.py::test_time_authority_counterfactuals[duplicate_fact]
tests/fep/test_r1_label_time.py::test_real_pending_never_binds_calendar_or_caller_times
tests/fep/test_r1_label_time.py::test_unaccepted_real_time_sidecars_cannot_grant_training
tests/fep/test_r1_label_time.py::test_namespace_successor_preserves_v1_and_permissions
tests/fep/test_v4_18_namespace_successor.py::test_all_current_sql_declarations_are_explicit_successor_inventory
tests/fep/test_v4_18_namespace_successor.py::test_protected_v1_test_is_exact_historical_blob
tests/fep_e2/test_conditional.py::test_e2_01_bucket_weight
tests/fep_e2/test_conditional.py::test_e2_02_quantile
tests/fep_e2/test_conditional.py::test_e2_03_negative_supported
tests/fep_e2/test_conditional.py::test_e2_04_fallback
tests/fep_e2/test_conditional.py::test_e2_05_thin
tests/fep_e2/test_conditional.py::test_e2_06_one_date
tests/fep_e2/test_conditional.py::test_e2_07_overlap
tests/fep_e2/test_conditional.py::test_e2_08_09_10_cross_base[observation_scope-DAILY]
tests/fep_e2/test_conditional.py::test_e2_08_09_10_cross_base[target-other]
tests/fep_e2/test_conditional.py::test_e2_08_09_10_cross_base[horizon-3]
tests/fep_e2/test_conditional.py::test_e2_08_09_10_cross_base[evidence_origin-PIT_OBSERVED]
tests/fep_e2/test_conditional.py::test_e2_08_09_10_cross_base[feature_variant-SECTOR]
tests/fep_e2/test_conditional.py::test_e2_08_09_10_cross_base[contract_versions-value5]
tests/fep_e2/test_conditional.py::test_e2_11_categorical
tests/fep_e2/test_conditional.py::test_e2_12_any_overlap
tests/fep_e2/test_conditional.py::test_e2_13_missing_denominator
tests/fep_e2/test_conditional.py::test_e2_14_representativeness
tests/fep_e2/test_conditional.py::test_e2_15_revision
tests/fep_e2/test_conditional.py::test_e2_16_timestamp
tests/fep_e2/test_conditional.py::test_e2_17_policy
tests/fep_e2/test_conditional.py::test_e2_18_no_grants
tests/fep_e2/test_conditional.py::test_e2_19_20_isolation_and_registry
tests/fep_e2/test_conditional.py::test_discovery_no_outcome_performance
tests/fep_e2/test_conditional.py::test_unset_and_freeze
tests/fep_e2/test_r1r1_repair.py::test_reject_synthetic
tests/fep_e2/test_r1r1_repair.py::test_reject_one_date_117_rows
tests/fep_e2/test_r1r1_repair.py::test_reject_return_selected_window
tests/fep_e2/test_r1r1_repair.py::test_reject_future_feature
tests/fep_e2/test_r1r1_repair.py::test_reject_label_revision_digest
tests/fep_e2/test_r1r1_repair.py::test_reject_availability_overclaim[FIRST_OBSERVED]
tests/fep_e2/test_r1r1_repair.py::test_reject_availability_overclaim[REAL_OOS]
tests/fep_e2/test_r1r1_repair.py::test_reject_availability_overclaim[AS_RECORDED]
tests/fep_e2/test_r1r1_repair.py::test_reject_policy_scope_reuse[horizon-20]
tests/fep_e2/test_r1r1_repair.py::test_reject_policy_scope_reuse[target-FIRST_EXIT]
tests/fep_e2/test_r1r1_repair.py::test_reject_policy_scope_reuse[signal_type-DAILY]
tests/fep_e2/test_r1r1_repair.py::test_reject_policy_scope_reuse[observation_scope-FEP_STOCK_DAILY_CORE]
tests/fep_e2/test_r1r1_repair.py::test_reject_policy_scope_reuse[feature_variant-SUPPLEMENTAL]
tests/fep_e2/test_r1r1_repair.py::test_reject_policy_scope_reuse[evidence_origin-FIRST_OBSERVED]
tests/fep_e2/test_r1r1_repair.py::test_unavailable_representation_is_not_zero
tests/fep_e2/test_r1r1_repair.py::test_unavailable_condition_cannot_be_formal
tests/fep_e2/test_r1r1_repair.py::test_reject_post_statistics_freeze
tests/fep_e2/test_r1r1_repair.py::test_reject_performance_derived_policy
tests/fep_e2/test_r1r1_repair.py::test_deterministic_rebuild
tests/fep_e2/test_r1r1_repair.py::test_current_heads_immutable_and_e2_isolated
tests/fep_e2/test_r1r1_repair.py::test_owner_business_ast_exact
tests/fep_e2/test_r1r1_repair.py::test_historical_price_transport_never_backdates_availability
tests/fep_e2/test_r1r1_repair.py::test_historical_basis_mismatch_fails_closed_in_actual_owner
tests/fep_e2/test_r1r2_event_strata.py::test_01_pooled_entry_policy_rejected
tests/fep_e2/test_r1r2_event_strata.py::test_02_exact_first_signal
tests/fep_e2/test_r1r2_event_strata.py::test_03_policy_cannot_serve_reentry
tests/fep_e2/test_r1r2_event_strata.py::test_04_same_entity_different_episodes
tests/fep_e2/test_r1r2_event_strata.py::test_05_same_episode_different_events_not_independent_episodes
tests/fep_e2/test_r1r2_event_strata.py::test_06_missing_invalidation_never_false
tests/fep_e2/test_r1r2_event_strata.py::test_07_reentry_without_owner_not_enabled
tests/fep_e2/test_r1r2_event_strata.py::test_08_gap_ledger_keeps_all_opportunities
tests/fep_e2/test_r1r2_event_strata.py::test_09_pooled_superseded_preserved
tests/fep_e2/test_r1r2_event_strata.py::test_10_freeze_before_statistics
tests/fep_e2/test_r1r2_event_strata.py::test_11_discovery_no_performance
tests/fep_e2/test_r1r2_event_strata.py::test_12_13_pass_keep_owner_bytes[src/workbench_analysis/fep_e2/historical_labels.py]
tests/fep_e2/test_r1r2_event_strata.py::test_12_13_pass_keep_owner_bytes[src/workbench_analysis/v4_15_settlement.py]
tests/fep_e2/test_r1r2_event_strata.py::test_12_13_pass_keep_owner_bytes[src/workbench_analysis/fep_e2/historical_dataset.py]
tests/fep_e2/test_r1r2_event_strata.py::test_12_13_pass_keep_owner_bytes[src/workbench_analysis/fep_e2/historical_owners.py]
tests/fep_e2/test_r1r2_event_strata.py::test_14_first_observed_not_granted
tests/fep_e2/test_r1r2_event_strata.py::test_15_priority_unchanged
tests/fep_e2/test_r1r2_event_strata.py::test_16_owner_episode_mismatch
tests/fep_e2/test_r1r2_event_strata.py::test_17_parent_episode_not_first
tests/fep_e2/test_r1r2_event_strata.py::test_18_pooled_policy_creation_rejected
tests/fep_e2/test_r1r2_event_strata.py::test_19_event_projection_keeps_revision_and_denominator
tests/fep_e3/test_e3_contract.py::test_e3_01_random_date_split_rejected
tests/fep_e3/test_e3_contract.py::test_e3_02_same_date_split_rejected
tests/fep_e3/test_e3_contract.py::test_e3_03_actual_label_end_crosses_boundary
tests/fep_e3/test_e3_contract.py::test_e3_04_late_revision_leakage
tests/fep_e3/test_e3_contract.py::test_e3_05_future_source_rejected[source_clock]
tests/fep_e3/test_e3_contract.py::test_e3_05_future_source_rejected[feature_window]
tests/fep_e3/test_e3_contract.py::test_e3_06_scaler_full_dataset_rejected
tests/fep_e3/test_e3_contract.py::test_e3_07_imputer_nontrain_rejected[CALIBRATION]
tests/fep_e3/test_e3_contract.py::test_e3_07_imputer_nontrain_rejected[OUTER_TEST]
tests/fep_e3/test_e3_contract.py::test_e3_08_ood_reference_nontrain_rejected
tests/fep_e3/test_e3_contract.py::test_e3_09_outer_tuning_rejected
tests/fep_e3/test_e3_contract.py::test_e3_10_outer_reopen_changed_model_new_lineage
tests/fep_e3/test_e3_contract.py::test_e3_11_pooled_entry_rejected
tests/fep_e3/test_e3_contract.py::test_e3_12_other_events_rejected[REENTRY]
tests/fep_e3/test_e3_contract.py::test_e3_12_other_events_rejected[NEW_CONFIRMED]
tests/fep_e3/test_e3_contract.py::test_e3_13_unregistered_feature_rejected
tests/fep_e3/test_e3_contract.py::test_e3_14_unknown_category_fail_closed
tests/fep_e3/test_e3_contract.py::test_e3_15_raw_crossing_detected_rearrangement_explicit
tests/fep_e3/test_e3_contract.py::test_e3_16_silent_posttest_sort_rejected
tests/fep_e3/test_e3_contract.py::test_e3_17_failed_trial_cannot_disappear
tests/fep_e3/test_e3_contract.py::test_e3_18_same_outer_population_required
tests/fep_e3/test_e3_contract.py::test_e3_19_probability_calibration_forbidden
tests/fep_e3/test_e3_contract.py::test_e3_20_no_display_priority_grant
tests/fep_e3/test_e3_contract.py::test_e3_21_shared_episode_crossing_purged_entity_not_banned
tests/fep_e3/test_e3_contract.py::test_e3_22_created_time_identity_stable_semantic_change_new_id
tests/fep_e3/test_e3_contract.py::test_e3_23_discovery_no_performance_consumed
tests/fep_e3/test_e3_contract.py::test_e3_24_ood_minimum_cases[missing]
tests/fep_e3/test_e3_contract.py::test_e3_24_ood_minimum_cases[nonfinite]
tests/fep_e3/test_e3_contract.py::test_e3_24_ood_minimum_cases[quality]
tests/fep_e3/test_e3_contract.py::test_e3_24_ood_minimum_cases[schema]
tests/fep_e3/test_e3_contract.py::test_e3_25_serialization_keeps_explicit_column_order
tests/fep_e4/test_e4_contract.py::test_e4_01_new_random_split_rejected
tests/fep_e4/test_e4_contract.py::test_e4_02_fold_mutation_rejected
tests/fep_e4/test_e4_contract.py::test_e4_03_pooled_entry_rejected
tests/fep_e4/test_e4_contract.py::test_e4_04_other_events_rejected[REENTRY]
tests/fep_e4/test_e4_contract.py::test_e4_04_other_events_rejected[NEW_CONFIRMED]
tests/fep_e4/test_e4_contract.py::test_e4_05_new_feature_rejected
tests/fep_e4/test_e4_contract.py::test_e4_06_ood_relaxation_rejected
tests/fep_e4/test_e4_contract.py::test_e4_07_seen_outer_tuning_rejected
tests/fep_e4/test_e4_contract.py::test_e4_08_unseen_claim_rejected
tests/fep_e4/test_e4_contract.py::test_e4_09_real_oos_claim_rejected
tests/fep_e4/test_e4_contract.py::test_e4_10_promotion_rejected
tests/fep_e4/test_e4_contract.py::test_e4_11_budget_overflow_rejected
tests/fep_e4/test_e4_contract.py::test_e4_12_failed_trial_deletion_rejected
tests/fep_e4/test_e4_contract.py::test_e4_13_calibration_selection_rejected
tests/fep_e4/test_e4_contract.py::test_e4_14_post_result_coherence_rejected
tests/fep_e4/test_e4_contract.py::test_e4_15_e3_mutation_rejected
tests/fep_e4/test_e4_contract.py::test_e4_16_priority_mutation_rejected
tests/fep_e4/test_e4_contract.py::test_e4_17_model_display_rejected
tests/fep_e4/test_e4_contract.py::test_e4_18_priority_use_rejected
tests/fep_e4/test_e4_contract.py::test_e4_19_production_shadow_rejected[production]
tests/fep_e4/test_e4_contract.py::test_e4_19_production_shadow_rejected[shadow]
tests/fep_e4/test_e4_contract.py::test_e4_19_production_shadow_rejected[focus]
tests/fep_e4/test_e4_contract.py::test_e4_20_failure_leaves_upstream_unchanged
tests/fep_e4/test_e4_contract.py::test_e4_tree_serialization_actual_parity[HGB_ABSOLUTE_ERROR-None]
tests/fep_e4/test_e4_contract.py::test_e4_tree_serialization_actual_parity[HGB_QUANTILE-0.25]
tests/fep_e4/test_e4_contract.py::test_e4_tree_serialization_actual_parity[HGB_QUANTILE-0.5]
tests/fep_e4/test_e4_contract.py::test_e4_tree_serialization_actual_parity[HGB_QUANTILE-0.75]
tests/fep_e4/test_e4_contract.py::test_e4_selection_ignores_failed_trial_and_tie_breaks
tests/fep_e4/test_e4_contract.py::test_e4_outer_importance_rejected
tests/fep_e4/test_e4_contract.py::test_e4_nontrain_fit_rejected
tests/fep_e4/test_e4_contract.py::test_e4_immutable_id_excludes_timestamp
tests/fep_e5/test_e5_canonical_identity.py::test_N05_missing_historical_authority_retains_population
tests/fep_e5/test_e5_canonical_identity.py::test_N04_date_matched_publication_is_not_a_mapping
tests/fep_e5/test_e5_canonical_identity.py::test_N03_digest_publication_is_rejected
tests/fep_e5/test_e5_canonical_identity.py::test_N03_canonical_database_rejects_fake_publication
tests/fep_e5/test_e5_canonical_identity.py::test_N04_canonical_database_rejects_wrong_date_publication
tests/fep_e5/test_e5_canonical_identity.py::test_identity_population_must_be_exact[duplicate]
tests/fep_e5/test_e5_canonical_identity.py::test_identity_population_must_be_exact[foreign_authority]
tests/fep_e5/test_e5_contract.py::test_e5_01_entry_daily_rejected
tests/fep_e5/test_e5_contract.py::test_e5_02_t1_t5_rejected
tests/fep_e5/test_e5_contract.py::test_e5_03_abs_market_excess_rejected
tests/fep_e5/test_e5_contract.py::test_e5_04_core_supplemental_rejected
tests/fep_e5/test_e5_contract.py::test_e5_05_current_head_rebuild_rejected
tests/fep_e5/test_e5_contract.py::test_e5_06_seen_outer_promotion_rejected
tests/fep_e5/test_e5_contract.py::test_e5_07_e4_champion_rejected[TREE_CHALLENGER]
tests/fep_e5/test_e5_contract.py::test_e5_08_e2_champion_rejected
tests/fep_e5/test_e5_contract.py::test_e5_09_display_without_champion_rejected
tests/fep_e5/test_e5_contract.py::test_e5_10_priority_without_daily_rejected
tests/fep_e5/test_e5_contract.py::test_e5_11_old_entry_as_today_rejected
tests/fep_e5/test_e5_contract.py::test_e5_12_v1_rank_mutation_rejected
tests/fep_e5/test_e5_contract.py::test_e5_13_eligibility_mutation_rejected
tests/fep_e5/test_e5_contract.py::test_e5_14_positive_hides_risk_rejected
tests/fep_e5/test_e5_contract.py::test_e5_15_ood_denominator_drop_rejected
tests/fep_e5/test_e5_contract.py::test_e5_16_no_model_slot_retained
tests/fep_e5/test_e5_contract.py::test_e5_17_binding_not_replaced_by_better_result
tests/fep_e5/test_e5_contract.py::test_e5_18_post_result_priority_tuple_rejected
tests/fep_e5/test_e5_contract.py::test_e5_19_post_result_disposition_rejected
tests/fep_e5/test_e5_contract.py::test_e5_20_core_feedback_write_rejected
tests/fep_e5/test_e5_contract.py::test_e5_21_exact_permission_not_cross_target_horizon
tests/fep_e5/test_e5_contract.py::test_e5_22_fixture_real_oos_rejected
tests/fep_e5/test_e5_contract.py::test_e5_23_reconstructed_first_observed_rejected
tests/fep_e5/test_e5_contract.py::test_e5_24_rollback_cannot_delete_history
tests/fep_e5/test_e5_contract.py::test_e5_25_failed_transaction_no_partial_activation
tests/fep_e5/test_e5_contract.py::test_e5_26_joint_unset_cannot_be_pass
tests/fep_e5/test_e5_contract.py::test_e5_27_real_daily_api_inactive
tests/fep_e5/test_e5_contract.py::test_e5_28_v1_source_parameter_digest_rejected
tests/fep_e5/test_e5_contract.py::test_e5_29_new_training_blocked
tests/fep_e5/test_e5_contract.py::test_e5_30_label_recompute_blocked
tests/fep_e5/test_e5_contract.py::test_actual_append_only_predictions_and_corrected_view
tests/fep_e5/test_e5_contract.py::test_atomic_prediction_receipt_failure
tests/fep_e5/test_e5_contract.py::test_prediction_persisted_then_priority_fails_independently
tests/fep_e5/test_e5_contract.py::test_idempotence_semantic_clock_metadata
tests/fep_e5/test_e5_contract.py::test_priority_fixture_full_pool_and_risk_preserved
tests/fep_e5/test_e5_contract.py::test_actual_http_bootstrap_context_and_api_permission
tests/fep_e5/test_e5_contract.py::test_same_day_guard_each_clock[trade_date]
tests/fep_e5/test_e5_contract.py::test_same_day_guard_each_clock[snapshot_trade_date]
tests/fep_e5/test_e5_contract.py::test_same_day_guard_each_clock[slot_trade_date]
tests/fep_e5/test_e5_contract.py::test_same_day_guard_each_clock[accepted_trade_date]
tests/fep_e5/test_e5_contract.py::test_none_is_unknown_not_neutral
tests/fep_e5/test_e5_contract.py::test_unset_future_oos_closed
tests/fep_e5/test_e5_contract.py::test_late_activation_and_deadline
tests/fep_e5/test_e5_contract.py::test_future_feature_snapshot_rejected
tests/fep_e5/test_e5_contract.py::test_cas_idempotent_and_conflict
tests/fep_e5/test_e5_contract.py::test_all_fact_tables_have_db_guards
tests/fep_e5/test_e5_contract.py::test_prediction_output_identity_cannot_override[model_id-INJECTED]
tests/fep_e5/test_e5_contract.py::test_prediction_output_identity_cannot_override[inference_model_id-OTHER]
tests/fep_e5/test_e5_contract.py::test_prediction_output_identity_cannot_override[inference_source_digest-OTHER]
tests/fep_e5/test_e5_contract.py::test_prediction_output_identity_cannot_override[inference_snapshot_digest-OTHER]
tests/fep_e5/test_e5_metadata_binding.py::test_target_negative[TM01]
tests/fep_e5/test_e5_metadata_binding.py::test_target_negative[TM02]
tests/fep_e5/test_e5_metadata_binding.py::test_target_negative[TM03]
tests/fep_e5/test_e5_metadata_binding.py::test_target_negative[TM04]
tests/fep_e5/test_e5_metadata_binding.py::test_target_negative[TM05]
tests/fep_e5/test_e5_metadata_binding.py::test_target_negative[TM06]
tests/fep_e5/test_e5_metadata_binding.py::test_target_negative[TM07]
tests/fep_e5/test_e5_metadata_binding.py::test_target_negative[TM08]
tests/fep_e5/test_e5_metadata_binding.py::test_signal_negative[SM01]
tests/fep_e5/test_e5_metadata_binding.py::test_signal_negative[SM02]
tests/fep_e5/test_e5_metadata_binding.py::test_signal_negative[SM03]
tests/fep_e5/test_e5_metadata_binding.py::test_signal_negative[SM04]
tests/fep_e5/test_e5_metadata_binding.py::test_signal_negative[SM05]
tests/fep_e5/test_e5_metadata_binding.py::test_signal_negative[SM06]
tests/fep_e5/test_e5_metadata_binding.py::test_signal_negative[SM07]
tests/fep_e5/test_e5_metadata_binding.py::test_accepted_metadata_keeps_target_disabled
tests/fep_e5/test_e5_metadata_binding.py::test_real_canonical_metadata_readback[55492-fresh]
tests/fep_e5/test_e5_metadata_binding.py::test_real_canonical_metadata_readback[55493-upgrade]
tests/fep_e5/test_e5_reconstruction.py::test_RA_01_reconstruction_is_not_publication[fresh]
tests/fep_e5/test_e5_reconstruction.py::test_RA_01_reconstruction_is_not_publication[upgrade]
tests/fep_e5/test_e5_reconstruction.py::test_RA_02_current_reconstruction_after_T0_without_PIT[fresh]
tests/fep_e5/test_e5_reconstruction.py::test_RA_02_current_reconstruction_after_T0_without_PIT[upgrade]
tests/fep_e5/test_e5_reconstruction.py::test_RA_03_no_historical_accepted_semantics[fresh]
tests/fep_e5/test_e5_reconstruction.py::test_RA_03_no_historical_accepted_semantics[upgrade]
tests/fep_e5/test_e5_reconstruction.py::test_RA_04_row_digest_is_not_authority[fresh]
tests/fep_e5/test_e5_reconstruction.py::test_RA_04_row_digest_is_not_authority[upgrade]
tests/fep_e5/test_e5_reconstruction.py::test_RA_05_current_publication_cannot_reconstruction[fresh]
tests/fep_e5/test_e5_reconstruction.py::test_RA_05_current_publication_cannot_reconstruction[upgrade]
tests/fep_e5/test_e5_reconstruction.py::test_RA_06_08_exact_authority_identity[fresh-RA-06-trade_date-2000-01-01]
tests/fep_e5/test_e5_reconstruction.py::test_RA_06_08_exact_authority_identity[fresh-RA-07-namespace_id-UNIT_WRONG_NS]
tests/fep_e5/test_e5_reconstruction.py::test_RA_06_08_exact_authority_identity[fresh-RA-08-feature_contract_id-UNIT_WRONG_FEATURE]
tests/fep_e5/test_e5_reconstruction.py::test_RA_06_08_exact_authority_identity[upgrade-RA-06-trade_date-2000-01-01]
tests/fep_e5/test_e5_reconstruction.py::test_RA_06_08_exact_authority_identity[upgrade-RA-07-namespace_id-UNIT_WRONG_NS]
tests/fep_e5/test_e5_reconstruction.py::test_RA_06_08_exact_authority_identity[upgrade-RA-08-feature_contract_id-UNIT_WRONG_FEATURE]
tests/fep_e5/test_e5_reconstruction.py::test_RA_09_10_manifest_registration_and_dependency_guard[fresh-RA-09-None]
tests/fep_e5/test_e5_reconstruction.py::test_RA_09_10_manifest_registration_and_dependency_guard[fresh-RA-10-CURRENT-CURRENT]
tests/fep_e5/test_e5_reconstruction.py::test_RA_09_10_manifest_registration_and_dependency_guard[fresh-RA-10-LATEST-LATEST]
tests/fep_e5/test_e5_reconstruction.py::test_RA_09_10_manifest_registration_and_dependency_guard[fresh-RA-10-TODAY-TODAY]
tests/fep_e5/test_e5_reconstruction.py::test_RA_09_10_manifest_registration_and_dependency_guard[upgrade-RA-09-None]
tests/fep_e5/test_e5_reconstruction.py::test_RA_09_10_manifest_registration_and_dependency_guard[upgrade-RA-10-CURRENT-CURRENT]
tests/fep_e5/test_e5_reconstruction.py::test_RA_09_10_manifest_registration_and_dependency_guard[upgrade-RA-10-LATEST-LATEST]
tests/fep_e5/test_e5_reconstruction.py::test_RA_09_10_manifest_registration_and_dependency_guard[upgrade-RA-10-TODAY-TODAY]
tests/fep_e5/test_e5_reconstruction.py::test_RA_11_13_no_evidence_or_display_upgrade[fresh-FIRST_OBSERVED]
tests/fep_e5/test_e5_reconstruction.py::test_RA_11_13_no_evidence_or_display_upgrade[fresh-REAL_OOS]
tests/fep_e5/test_e5_reconstruction.py::test_RA_11_13_no_evidence_or_display_upgrade[fresh-production]
tests/fep_e5/test_e5_reconstruction.py::test_RA_11_13_no_evidence_or_display_upgrade[fresh-model_display]
tests/fep_e5/test_e5_reconstruction.py::test_RA_11_13_no_evidence_or_display_upgrade[fresh-priority_use]
tests/fep_e5/test_e5_reconstruction.py::test_RA_11_13_no_evidence_or_display_upgrade[fresh-AS_RECORDED]
tests/fep_e5/test_e5_reconstruction.py::test_RA_11_13_no_evidence_or_display_upgrade[fresh-PROMOTION_EVIDENCE]
tests/fep_e5/test_e5_reconstruction.py::test_RA_11_13_no_evidence_or_display_upgrade[upgrade-FIRST_OBSERVED]
tests/fep_e5/test_e5_reconstruction.py::test_RA_11_13_no_evidence_or_display_upgrade[upgrade-REAL_OOS]
tests/fep_e5/test_e5_reconstruction.py::test_RA_11_13_no_evidence_or_display_upgrade[upgrade-production]
tests/fep_e5/test_e5_reconstruction.py::test_RA_11_13_no_evidence_or_display_upgrade[upgrade-model_display]
tests/fep_e5/test_e5_reconstruction.py::test_RA_11_13_no_evidence_or_display_upgrade[upgrade-priority_use]
tests/fep_e5/test_e5_reconstruction.py::test_RA_11_13_no_evidence_or_display_upgrade[upgrade-AS_RECORDED]
tests/fep_e5/test_e5_reconstruction.py::test_RA_11_13_no_evidence_or_display_upgrade[upgrade-PROMOTION_EVIDENCE]
tests/fep_e5/test_e5_reconstruction.py::test_observation_union_fail_closed[fresh-change0]
tests/fep_e5/test_e5_reconstruction.py::test_observation_union_fail_closed[fresh-change1]
tests/fep_e5/test_e5_reconstruction.py::test_observation_union_fail_closed[fresh-change2]
tests/fep_e5/test_e5_reconstruction.py::test_observation_union_fail_closed[fresh-change3]
tests/fep_e5/test_e5_reconstruction.py::test_observation_union_fail_closed[fresh-change4]
tests/fep_e5/test_e5_reconstruction.py::test_observation_union_fail_closed[fresh-change5]
tests/fep_e5/test_e5_reconstruction.py::test_observation_union_fail_closed[upgrade-change0]
tests/fep_e5/test_e5_reconstruction.py::test_observation_union_fail_closed[upgrade-change1]
tests/fep_e5/test_e5_reconstruction.py::test_observation_union_fail_closed[upgrade-change2]
tests/fep_e5/test_e5_reconstruction.py::test_observation_union_fail_closed[upgrade-change3]
tests/fep_e5/test_e5_reconstruction.py::test_observation_union_fail_closed[upgrade-change4]
tests/fep_e5/test_e5_reconstruction.py::test_observation_union_fail_closed[upgrade-change5]
tests/fep_e5/test_e5_reconstruction.py::test_prediction_run_union_fail_closed[fresh-change0]
tests/fep_e5/test_e5_reconstruction.py::test_prediction_run_union_fail_closed[fresh-change1]
tests/fep_e5/test_e5_reconstruction.py::test_prediction_run_union_fail_closed[fresh-change2]
tests/fep_e5/test_e5_reconstruction.py::test_prediction_run_union_fail_closed[fresh-change3]
tests/fep_e5/test_e5_reconstruction.py::test_prediction_run_union_fail_closed[fresh-change4]
tests/fep_e5/test_e5_reconstruction.py::test_prediction_run_union_fail_closed[upgrade-change0]
tests/fep_e5/test_e5_reconstruction.py::test_prediction_run_union_fail_closed[upgrade-change1]
tests/fep_e5/test_e5_reconstruction.py::test_prediction_run_union_fail_closed[upgrade-change2]
tests/fep_e5/test_e5_reconstruction.py::test_prediction_run_union_fail_closed[upgrade-change3]
tests/fep_e5/test_e5_reconstruction.py::test_prediction_run_union_fail_closed[upgrade-change4]
tests/fep_e5/test_e5_reconstruction.py::test_snapshot_exact_binding[fresh-snapshot_id]
tests/fep_e5/test_e5_reconstruction.py::test_snapshot_exact_binding[fresh-feature_digest]
tests/fep_e5/test_e5_reconstruction.py::test_snapshot_exact_binding[fresh-quality_digest]
tests/fep_e5/test_e5_reconstruction.py::test_snapshot_exact_binding[fresh-feature_contract_id]
tests/fep_e5/test_e5_reconstruction.py::test_snapshot_exact_binding[upgrade-snapshot_id]
tests/fep_e5/test_e5_reconstruction.py::test_snapshot_exact_binding[upgrade-feature_digest]
tests/fep_e5/test_e5_reconstruction.py::test_snapshot_exact_binding[upgrade-quality_digest]
tests/fep_e5/test_e5_reconstruction.py::test_snapshot_exact_binding[upgrade-feature_contract_id]
tests/fep_e5/test_e5_reconstruction.py::test_feature_values_exact_binding[fresh-value-9000]
tests/fep_e5/test_e5_reconstruction.py::test_feature_values_exact_binding[fresh-quality-UNKNOWN]
tests/fep_e5/test_e5_reconstruction.py::test_feature_values_exact_binding[fresh-source_digest-7190732a207f2360ecd627aad0f1410b8202614c8ba16dacbd69dc390e18c587]
tests/fep_e5/test_e5_reconstruction.py::test_feature_values_exact_binding[upgrade-value-9000]
tests/fep_e5/test_e5_reconstruction.py::test_feature_values_exact_binding[upgrade-quality-UNKNOWN]
tests/fep_e5/test_e5_reconstruction.py::test_feature_values_exact_binding[upgrade-source_digest-7190732a207f2360ecd627aad0f1410b8202614c8ba16dacbd69dc390e18c587]
tests/fep_e5/test_e5_reconstruction.py::test_permission_nonchampion_display_priority_forbidden[fresh-MODEL_DISPLAY]
tests/fep_e5/test_e5_reconstruction.py::test_permission_nonchampion_display_priority_forbidden[fresh-DESCRIPTIVE_DISPLAY]
tests/fep_e5/test_e5_reconstruction.py::test_permission_nonchampion_display_priority_forbidden[fresh-PRIORITY_USE]
tests/fep_e5/test_e5_reconstruction.py::test_permission_nonchampion_display_priority_forbidden[upgrade-MODEL_DISPLAY]
tests/fep_e5/test_e5_reconstruction.py::test_permission_nonchampion_display_priority_forbidden[upgrade-DESCRIPTIVE_DISPLAY]
tests/fep_e5/test_e5_reconstruction.py::test_permission_nonchampion_display_priority_forbidden[upgrade-PRIORITY_USE]
tests/fep_e5/test_e5_reconstruction.py::test_permission_wrong_role_exact_FK[fresh]
tests/fep_e5/test_e5_reconstruction.py::test_permission_wrong_role_exact_FK[upgrade]
tests/fep_e5/test_e5_reconstruction.py::test_imported_model_cannot_fake_champion[fresh]
tests/fep_e5/test_e5_reconstruction.py::test_imported_model_cannot_fake_champion[upgrade]
tests/fep_e5/test_e5_reconstruction.py::test_append_only_guards[fresh-UPDATE-reconstruction_authorities]
tests/fep_e5/test_e5_reconstruction.py::test_append_only_guards[fresh-UPDATE-observation_revisions]
tests/fep_e5/test_e5_reconstruction.py::test_append_only_guards[fresh-UPDATE-snapshots]
tests/fep_e5/test_e5_reconstruction.py::test_append_only_guards[fresh-UPDATE-feature_values]
tests/fep_e5/test_e5_reconstruction.py::test_append_only_guards[fresh-UPDATE-models]
tests/fep_e5/test_e5_reconstruction.py::test_append_only_guards[fresh-UPDATE-model_sets]
tests/fep_e5/test_e5_reconstruction.py::test_append_only_guards[fresh-UPDATE-model_set_members]
tests/fep_e5/test_e5_reconstruction.py::test_append_only_guards[fresh-UPDATE-permission_keys]
tests/fep_e5/test_e5_reconstruction.py::test_append_only_guards[fresh-UPDATE-prediction_slots]
tests/fep_e5/test_e5_reconstruction.py::test_append_only_guards[fresh-UPDATE-slot_model_bindings]
tests/fep_e5/test_e5_reconstruction.py::test_append_only_guards[fresh-UPDATE-prediction_runs]
tests/fep_e5/test_e5_reconstruction.py::test_append_only_guards[fresh-UPDATE-predictions]
tests/fep_e5/test_e5_reconstruction.py::test_append_only_guards[fresh-UPDATE-acceptance_receipts]
tests/fep_e5/test_e5_reconstruction.py::test_append_only_guards[fresh-UPDATE-slot_receipts]
tests/fep_e5/test_e5_reconstruction.py::test_append_only_guards[fresh-UPDATE-activations]
tests/fep_e5/test_e5_reconstruction.py::test_append_only_guards[fresh-UPDATE-deployment_change_receipts]
tests/fep_e5/test_e5_reconstruction.py::test_append_only_guards[fresh-DELETE-reconstruction_authorities]
tests/fep_e5/test_e5_reconstruction.py::test_append_only_guards[fresh-DELETE-observation_revisions]
tests/fep_e5/test_e5_reconstruction.py::test_append_only_guards[fresh-DELETE-snapshots]
tests/fep_e5/test_e5_reconstruction.py::test_append_only_guards[fresh-DELETE-feature_values]
tests/fep_e5/test_e5_reconstruction.py::test_append_only_guards[fresh-DELETE-models]
tests/fep_e5/test_e5_reconstruction.py::test_append_only_guards[fresh-DELETE-model_sets]
tests/fep_e5/test_e5_reconstruction.py::test_append_only_guards[fresh-DELETE-model_set_members]
tests/fep_e5/test_e5_reconstruction.py::test_append_only_guards[fresh-DELETE-permission_keys]
tests/fep_e5/test_e5_reconstruction.py::test_append_only_guards[fresh-DELETE-prediction_slots]
tests/fep_e5/test_e5_reconstruction.py::test_append_only_guards[fresh-DELETE-slot_model_bindings]
tests/fep_e5/test_e5_reconstruction.py::test_append_only_guards[fresh-DELETE-prediction_runs]
tests/fep_e5/test_e5_reconstruction.py::test_append_only_guards[fresh-DELETE-predictions]
tests/fep_e5/test_e5_reconstruction.py::test_append_only_guards[fresh-DELETE-acceptance_receipts]
tests/fep_e5/test_e5_reconstruction.py::test_append_only_guards[fresh-DELETE-slot_receipts]
tests/fep_e5/test_e5_reconstruction.py::test_append_only_guards[fresh-DELETE-activations]
tests/fep_e5/test_e5_reconstruction.py::test_append_only_guards[fresh-DELETE-deployment_change_receipts]
tests/fep_e5/test_e5_reconstruction.py::test_append_only_guards[upgrade-UPDATE-reconstruction_authorities]
tests/fep_e5/test_e5_reconstruction.py::test_append_only_guards[upgrade-UPDATE-observation_revisions]
tests/fep_e5/test_e5_reconstruction.py::test_append_only_guards[upgrade-UPDATE-snapshots]
tests/fep_e5/test_e5_reconstruction.py::test_append_only_guards[upgrade-UPDATE-feature_values]
tests/fep_e5/test_e5_reconstruction.py::test_append_only_guards[upgrade-UPDATE-models]
tests/fep_e5/test_e5_reconstruction.py::test_append_only_guards[upgrade-UPDATE-model_sets]
tests/fep_e5/test_e5_reconstruction.py::test_append_only_guards[upgrade-UPDATE-model_set_members]
tests/fep_e5/test_e5_reconstruction.py::test_append_only_guards[upgrade-UPDATE-permission_keys]
tests/fep_e5/test_e5_reconstruction.py::test_append_only_guards[upgrade-UPDATE-prediction_slots]
tests/fep_e5/test_e5_reconstruction.py::test_append_only_guards[upgrade-UPDATE-slot_model_bindings]
tests/fep_e5/test_e5_reconstruction.py::test_append_only_guards[upgrade-UPDATE-prediction_runs]
tests/fep_e5/test_e5_reconstruction.py::test_append_only_guards[upgrade-UPDATE-predictions]
tests/fep_e5/test_e5_reconstruction.py::test_append_only_guards[upgrade-UPDATE-acceptance_receipts]
tests/fep_e5/test_e5_reconstruction.py::test_append_only_guards[upgrade-UPDATE-slot_receipts]
tests/fep_e5/test_e5_reconstruction.py::test_append_only_guards[upgrade-UPDATE-activations]
tests/fep_e5/test_e5_reconstruction.py::test_append_only_guards[upgrade-UPDATE-deployment_change_receipts]
tests/fep_e5/test_e5_reconstruction.py::test_append_only_guards[upgrade-DELETE-reconstruction_authorities]
tests/fep_e5/test_e5_reconstruction.py::test_append_only_guards[upgrade-DELETE-observation_revisions]
tests/fep_e5/test_e5_reconstruction.py::test_append_only_guards[upgrade-DELETE-snapshots]
tests/fep_e5/test_e5_reconstruction.py::test_append_only_guards[upgrade-DELETE-feature_values]
tests/fep_e5/test_e5_reconstruction.py::test_append_only_guards[upgrade-DELETE-models]
tests/fep_e5/test_e5_reconstruction.py::test_append_only_guards[upgrade-DELETE-model_sets]
tests/fep_e5/test_e5_reconstruction.py::test_append_only_guards[upgrade-DELETE-model_set_members]
tests/fep_e5/test_e5_reconstruction.py::test_append_only_guards[upgrade-DELETE-permission_keys]
tests/fep_e5/test_e5_reconstruction.py::test_append_only_guards[upgrade-DELETE-prediction_slots]
tests/fep_e5/test_e5_reconstruction.py::test_append_only_guards[upgrade-DELETE-slot_model_bindings]
tests/fep_e5/test_e5_reconstruction.py::test_append_only_guards[upgrade-DELETE-prediction_runs]
tests/fep_e5/test_e5_reconstruction.py::test_append_only_guards[upgrade-DELETE-predictions]
tests/fep_e5/test_e5_reconstruction.py::test_append_only_guards[upgrade-DELETE-acceptance_receipts]
tests/fep_e5/test_e5_reconstruction.py::test_append_only_guards[upgrade-DELETE-slot_receipts]
tests/fep_e5/test_e5_reconstruction.py::test_append_only_guards[upgrade-DELETE-activations]
tests/fep_e5/test_e5_reconstruction.py::test_append_only_guards[upgrade-DELETE-deployment_change_receipts]
tests/fep_e5/test_e5_reconstruction.py::test_prediction_typed_identity[fresh-scope_id-UNIT_WRONG]
tests/fep_e5/test_e5_reconstruction.py::test_prediction_typed_identity[fresh-target_id-UNIT_WRONG]
tests/fep_e5/test_e5_reconstruction.py::test_prediction_typed_identity[fresh-horizon-20]
tests/fep_e5/test_e5_reconstruction.py::test_prediction_typed_identity[fresh-model_set_id-UNIT_WRONG]
tests/fep_e5/test_e5_reconstruction.py::test_prediction_typed_identity[fresh-snapshot_id-UNIT_WRONG]
tests/fep_e5/test_e5_reconstruction.py::test_prediction_typed_identity[upgrade-scope_id-UNIT_WRONG]
tests/fep_e5/test_e5_reconstruction.py::test_prediction_typed_identity[upgrade-target_id-UNIT_WRONG]
tests/fep_e5/test_e5_reconstruction.py::test_prediction_typed_identity[upgrade-horizon-20]
tests/fep_e5/test_e5_reconstruction.py::test_prediction_typed_identity[upgrade-model_set_id-UNIT_WRONG]
tests/fep_e5/test_e5_reconstruction.py::test_prediction_typed_identity[upgrade-snapshot_id-UNIT_WRONG]
tests/fep_e5/test_e5_reconstruction.py::test_canonical_ledger_denominator_and_roles[fresh]
tests/fep_e5/test_e5_reconstruction.py::test_canonical_ledger_denominator_and_roles[upgrade]
tests/fep_e5/test_e5_reconstruction.py::test_PIT_path_positive_and_preserved[fresh]
tests/fep_e5/test_e5_reconstruction.py::test_PIT_path_positive_and_preserved[upgrade]
tests/fep_e5/test_e5_reconstruction.py::test_PIT_original_validator_negatives[fresh-wrong_date]
tests/fep_e5/test_e5_reconstruction.py::test_PIT_original_validator_negatives[fresh-wrong_namespace]
tests/fep_e5/test_e5_reconstruction.py::test_PIT_original_validator_negatives[fresh-unaccepted]
tests/fep_e5/test_e5_reconstruction.py::test_PIT_original_validator_negatives[fresh-after_cutoff]
tests/fep_e5/test_e5_reconstruction.py::test_PIT_original_validator_negatives[fresh-missing_dependency]
tests/fep_e5/test_e5_reconstruction.py::test_PIT_original_validator_negatives[fresh-wrong_manifest_publication]
tests/fep_e5/test_e5_reconstruction.py::test_PIT_original_validator_negatives[fresh-replay]
tests/fep_e5/test_e5_reconstruction.py::test_PIT_original_validator_negatives[upgrade-wrong_date]
tests/fep_e5/test_e5_reconstruction.py::test_PIT_original_validator_negatives[upgrade-wrong_namespace]
tests/fep_e5/test_e5_reconstruction.py::test_PIT_original_validator_negatives[upgrade-unaccepted]
tests/fep_e5/test_e5_reconstruction.py::test_PIT_original_validator_negatives[upgrade-after_cutoff]
tests/fep_e5/test_e5_reconstruction.py::test_PIT_original_validator_negatives[upgrade-missing_dependency]
tests/fep_e5/test_e5_reconstruction.py::test_PIT_original_validator_negatives[upgrade-wrong_manifest_publication]
tests/fep_e5/test_e5_reconstruction.py::test_PIT_original_validator_negatives[upgrade-replay]
tests/fep_e5/test_e5_reconstruction.py::test_API_exact_context_and_revoked_boundary[fresh]
tests/fep_e5/test_e5_reconstruction.py::test_API_exact_context_and_revoked_boundary[upgrade]
tests/fep_e5/test_e5_reconstruction.py::test_CAS_rejection_atomicity[fresh-wrong_version]
tests/fep_e5/test_e5_reconstruction.py::test_CAS_rejection_atomicity[fresh-wrong_prior]
tests/fep_e5/test_e5_reconstruction.py::test_CAS_rejection_atomicity[fresh-wrong_request_payload]
tests/fep_e5/test_e5_reconstruction.py::test_CAS_rejection_atomicity[fresh-negative_version]
tests/fep_e5/test_e5_reconstruction.py::test_CAS_rejection_atomicity[fresh-invalid_action]
tests/fep_e5/test_e5_reconstruction.py::test_CAS_rejection_atomicity[upgrade-wrong_version]
tests/fep_e5/test_e5_reconstruction.py::test_CAS_rejection_atomicity[upgrade-wrong_prior]
tests/fep_e5/test_e5_reconstruction.py::test_CAS_rejection_atomicity[upgrade-wrong_request_payload]
tests/fep_e5/test_e5_reconstruction.py::test_CAS_rejection_atomicity[upgrade-negative_version]
tests/fep_e5/test_e5_reconstruction.py::test_CAS_rejection_atomicity[upgrade-invalid_action]
tests/fep_e5/test_e5_reconstruction.py::test_CAS_replay_idempotent[fresh]
tests/fep_e5/test_e5_reconstruction.py::test_CAS_replay_idempotent[upgrade]
tests/fep_e5/test_e5_reconstruction.py::test_CAS_outer_failure_restores_head_and_receipts[fresh]
tests/fep_e5/test_e5_reconstruction.py::test_CAS_outer_failure_restores_head_and_receipts[upgrade]
tests/fep_e5/test_e5_reconstruction.py::test_application_cannot_admit_authority_or_mutate_head[fresh]
tests/fep_e5/test_e5_reconstruction.py::test_application_cannot_admit_authority_or_mutate_head[upgrade]
tests/fep_e5/test_e5_reconstruction.py::test_acceptance_transaction_rolls_back_after_prediction[fresh]
tests/fep_e5/test_e5_reconstruction.py::test_acceptance_transaction_rolls_back_after_prediction[upgrade]
tests/fep_e5/test_e5_reconstruction.py::test_prediction_first_observed_literal_forbidden[fresh]
tests/fep_e5/test_e5_reconstruction.py::test_prediction_first_observed_literal_forbidden[upgrade]
tests/fep_e5/test_e5_reconstruction.py::test_historical_revision_preserves_first_identity[fresh]
tests/fep_e5/test_e5_reconstruction.py::test_historical_revision_preserves_first_identity[upgrade]
tests/fep_e5/test_e5_reconstruction.py::test_run_cross_observation_authority_rejected[fresh]
tests/fep_e5/test_e5_reconstruction.py::test_run_cross_observation_authority_rejected[upgrade]
tests/fep_e5/test_e5_reconstruction.py::test_acceptance_wrong_model_set_or_revoke_rejected[fresh]
tests/fep_e5/test_e5_reconstruction.py::test_acceptance_wrong_model_set_or_revoke_rejected[upgrade]
tests/fep_e5/test_e5_reconstruction.py::test_priority_failure_after_insert_has_no_partial_fact[fresh]
tests/fep_e5/test_e5_reconstruction.py::test_priority_failure_after_insert_has_no_partial_fact[upgrade]
tests/fep_e5/test_e5_reconstruction.py::test_priority_fixture_references_canonical_predictions_only[fresh]
tests/fep_e5/test_e5_reconstruction.py::test_priority_fixture_references_canonical_predictions_only[upgrade]
tests/fep_e5/test_e5_reconstruction.py::test_CAS_cross_model_set_revoke_rejected[fresh]
tests/fep_e5/test_e5_reconstruction.py::test_CAS_cross_model_set_revoke_rejected[upgrade]
tests/fep_e5/test_e5_reconstruction.py::test_acceptance_stale_allow_cannot_admit_after_revoke[fresh]
tests/fep_e5/test_e5_reconstruction.py::test_acceptance_stale_allow_cannot_admit_after_revoke[upgrade]
tests/fep_e5/test_e5_reconstruction.py::test_run_input_digest_must_match_exact_snapshot[fresh]
tests/fep_e5/test_e5_reconstruction.py::test_run_input_digest_must_match_exact_snapshot[upgrade]
tests/test_a08_governance_propagation.py::test_exact_head_scope_and_only_A08_diff
tests/test_a08_governance_propagation.py::test_capability_scopes[PURE_CORE_STOCK-None]
tests/test_a08_governance_propagation.py::test_capability_scopes[AMOUNT_A_H21_FORMAL_CONSUMER-A04_H21_CONSUMER]
tests/test_a08_governance_propagation.py::test_capability_scopes[HISTORICAL_AMOUNT_A_FORMAL_CONSUMER-A04_HISTORICAL_AMOUNT_A]
tests/test_a08_governance_propagation.py::test_fail_closed_governance[unknown_issue]
tests/test_a08_governance_propagation.py::test_fail_closed_governance[stale_V3_head]
tests/test_a08_governance_propagation.py::test_fail_closed_governance[mismatched_head_sha]
tests/test_a08_governance_propagation.py::test_fail_closed_governance[stale_resolver]
tests/test_a08_governance_propagation.py::test_fail_closed_governance[external_audit_tamper]
tests/test_a08_governance_propagation.py::test_V5_grant_rejected_by_V6_and_actual_settlement_controller
tests/test_a08_governance_propagation.py::test_V6_grant_rejected_by_historical_V5_actual_restart
tests/test_a08_governance_propagation.py::test_V6_real_runtime_disabled_without_source_or_database
tests/test_a08_governance_propagation.py::test_V6_grant_digest_and_resolver_parity
tests/test_a08_governance_propagation.py::test_V6_r25_selection_waits_for_real_target
tests/test_a08_governance_propagation.py::test_V6_packet_builder_and_validator_engineering_roundtrip
tests/test_forward_final_path_boundary.py::test_reject_before_any_output[D:/new_tdx/vipdoc/sz/lday/x.day]
tests/test_forward_final_path_boundary.py::test_reject_before_any_output[D:\\new_tdx\\vipdoc\\sz\\lday\\x.day]
tests/test_forward_final_path_boundary.py::test_reject_before_any_output[\\\\server\\share\\x.day]
tests/test_forward_final_path_boundary.py::test_reject_before_any_output[../escape.json]
tests/test_forward_final_path_boundary.py::test_reject_before_any_output[D://new_tdx///vipdoc/x.day]
tests/test_forward_final_path_boundary.py::test_reject_before_any_output[D:new_tdx/x.day]
tests/test_forward_final_path_boundary.py::test_reject_before_any_output[/new_tdx/x.day]
tests/test_forward_final_path_boundary.py::test_reject_before_any_output[safe/../../escape]
tests/test_forward_final_path_boundary.py::test_reject_before_any_output[safe/file:stream]
tests/test_forward_final_path_boundary.py::test_normal_relative_destination_only
tests/test_forward_final_path_boundary.py::test_real_windows_junction_escape_and_child
tests/test_forward_final_path_boundary.py::test_child_guard_rejects_source_mutation_before_os_call
tests/test_forward_final_release_scope.py::test_current_authority_separates_immutable_historical_release
tests/test_forward_final_release_scope.py::test_historical_pointer_drift_rejected_before_current_acceptance
tests/test_forward_final_reparse_equivalence.py::test_local_snapshot_original_owner_rejects_link_predicate
tests/test_forward_final_reparse_equivalence.py::test_extracted_snapshot_original_owner_rejects_reparse_attribute
tests/test_forward_p1_isolation.py::test_disposable_guard[0]
tests/test_forward_p1_isolation.py::test_disposable_guard[1]
tests/test_forward_p1_isolation.py::test_disposable_guard[2]
tests/test_forward_p1_isolation.py::test_disposable_guard[3]
tests/test_forward_p1_isolation.py::test_disposable_guard[4]
tests/test_forward_p1_isolation.py::test_disposable_guard[5]
tests/test_forward_p1_isolation.py::test_disposable_guard[6]
tests/test_forward_p1_isolation.py::test_disposable_guard[7]
tests/test_forward_p1_isolation.py::test_global_guard_rejects_explicit_real_database_writer
tests/test_forward_p1_isolation.py::test_global_guard_default_live_connection_is_read_only
tests/test_forward_p1_isolation.py::test_legacy_collection_repository_metadata_is_readonly
tests/test_forward_p1_regression.py::test_endpoint_strictness[patch0]
tests/test_forward_p1_regression.py::test_endpoint_strictness[patch1]
tests/test_forward_p1_regression.py::test_endpoint_strictness[patch2]
tests/test_forward_p1_regression.py::test_endpoint_strictness[patch3]
tests/test_forward_p1_regression.py::test_endpoint_strictness[patch4]
tests/test_forward_p1_regression.py::test_endpoint_strictness[patch5]
tests/test_forward_p1_regression.py::test_endpoint_strictness[patch6]
tests/test_forward_p1_regression.py::test_endpoint_strictness[patch7]
tests/test_forward_p1_regression.py::test_interior_only_degrades_path[patch0]
tests/test_forward_p1_regression.py::test_interior_only_degrades_path[patch1]
tests/test_forward_p1_regression.py::test_interior_only_degrades_path[patch2]
tests/test_forward_p1_regression.py::test_interior_only_degrades_path[patch3]
tests/test_forward_p1_regression.py::test_interior_only_degrades_path[patch4]
tests/test_forward_p1_regression.py::test_interior_only_degrades_path[patch5]
tests/test_forward_p1_regression.py::test_ia04_remains_open[negative_price]
tests/test_forward_p1_regression.py::test_ia04_remains_open[invalid_ohlc]
tests/test_forward_p1_regression.py::test_ia04_remains_open[terminal_zero]
tests/test_forward_p1_regression.py::test_ia03_same_source_pending_due_still_open
tests/test_forward_p1_regression.py::test_fep_new_exact_revision_requires_owner_acceptance
tests/test_forward_p1_regression.py::test_worker_keeps_queue_fencing_and_contract_is_additive
tests/test_forward_p1_regression.py::test_sector_coordinate_guards[member_source]
tests/test_forward_p1_regression.py::test_sector_coordinate_guards[member_adjustment]
tests/test_forward_p1_regression.py::test_sector_coordinate_guards[member_basis]
tests/test_forward_p1_regression.py::test_sector_coordinate_guards[basket_tamper]
tests/test_forward_p1_regression.py::test_sector_coordinate_guards[basket_source_tamper]
tests/test_forward_p1_regression.py::test_sector_coordinate_guards[wrong_date]
tests/test_forward_p1_regression.py::test_worker_candidate_cannot_activate_real_delivery
tests/test_forward_p1_regression.py::test_e5_missing_exact_identity_stays_conflict
tests/test_forward_p1_regression.py::test_confirmed_suspension_omits_coordinates_without_fabrication
tests/test_forward_p1_sector.py::test_required_sector_vector[1]
tests/test_forward_p1_sector.py::test_required_sector_vector[2]
tests/test_forward_p1_sector.py::test_required_sector_vector[3]
tests/test_forward_p1_sector.py::test_required_sector_vector[4]
tests/test_forward_p1_sector.py::test_required_sector_vector[5]
tests/test_forward_p1_sector.py::test_required_sector_vector[6]
tests/test_forward_p1_sector.py::test_required_sector_vector[7]
tests/test_forward_p1_sector.py::test_required_sector_vector[8]
tests/test_forward_p1_sector.py::test_required_sector_vector[9]
tests/test_forward_p1_sector.py::test_required_sector_vector[10]
tests/test_forward_p1_sector.py::test_required_sector_vector[11]
tests/test_forward_p1_sector.py::test_required_sector_vector[12]
tests/test_forward_p1_stock.py::test_required_stock_vector[1]
tests/test_forward_p1_stock.py::test_required_stock_vector[2]
tests/test_forward_p1_stock.py::test_required_stock_vector[3]
tests/test_forward_p1_stock.py::test_required_stock_vector[4]
tests/test_forward_p1_stock.py::test_required_stock_vector[5]
tests/test_forward_p1_stock.py::test_required_stock_vector[6]
tests/test_forward_p1_stock.py::test_required_stock_vector[7]
tests/test_forward_p1_stock.py::test_required_stock_vector[8]
tests/test_forward_p1_stock.py::test_required_stock_vector[9]
tests/test_forward_p1_stock.py::test_required_stock_vector[10]
tests/test_forward_p1_stock.py::test_required_stock_vector[11]
tests/test_forward_p1_stock.py::test_required_stock_vector[12]
tests/test_forward_r2.py::test_pass_keep_stock[1]
tests/test_forward_r2.py::test_pass_keep_stock[2]
tests/test_forward_r2.py::test_pass_keep_stock[3]
tests/test_forward_r2.py::test_pass_keep_stock[4]
tests/test_forward_r2.py::test_pass_keep_stock[5]
tests/test_forward_r2.py::test_pass_keep_stock[6]
tests/test_forward_r2.py::test_pass_keep_stock[7]
tests/test_forward_r2.py::test_pass_keep_stock[8]
tests/test_forward_r2.py::test_pass_keep_stock[9]
tests/test_forward_r2.py::test_pass_keep_stock[10]
tests/test_forward_r2.py::test_pass_keep_stock[11]
tests/test_forward_r2.py::test_pass_keep_stock[12]
tests/test_forward_r2.py::test_pass_keep_sector[1]
tests/test_forward_r2.py::test_pass_keep_sector[2]
tests/test_forward_r2.py::test_pass_keep_sector[3]
tests/test_forward_r2.py::test_pass_keep_sector[4]
tests/test_forward_r2.py::test_pass_keep_sector[5]
tests/test_forward_r2.py::test_pass_keep_sector[6]
tests/test_forward_r2.py::test_pass_keep_sector[7]
tests/test_forward_r2.py::test_pass_keep_sector[8]
tests/test_forward_r2.py::test_pass_keep_sector[9]
tests/test_forward_r2.py::test_pass_keep_sector[10]
tests/test_forward_r2.py::test_pass_keep_sector[11]
tests/test_forward_r2.py::test_pass_keep_sector[12]
tests/test_forward_r2.py::test_state_vector[1]
tests/test_forward_r2.py::test_state_vector[2]
tests/test_forward_r2.py::test_state_vector[3]
tests/test_forward_r2.py::test_state_vector[4]
tests/test_forward_r2.py::test_state_vector[5]
tests/test_forward_r2.py::test_state_vector[6]
tests/test_forward_r2.py::test_state_vector[7]
tests/test_forward_r2.py::test_state_vector[8]
tests/test_forward_r2.py::test_state_vector[9]
tests/test_forward_r2.py::test_state_vector[10]
tests/test_forward_r2.py::test_price_vector[1]
tests/test_forward_r2.py::test_price_vector[2]
tests/test_forward_r2.py::test_price_vector[3]
tests/test_forward_r2.py::test_price_vector[4]
tests/test_forward_r2.py::test_price_vector[5]
tests/test_forward_r2.py::test_price_vector[6]
tests/test_forward_r2.py::test_price_vector[7]
tests/test_forward_r2.py::test_price_vector[8]
tests/test_forward_r2.py::test_price_vector[9]
tests/test_forward_r2.py::test_price_vector[10]
tests/test_forward_r2.py::test_price_vector[11]
tests/test_forward_r2.py::test_price_vector[12]
tests/test_forward_r2.py::test_extra_domain_boundaries[patch0]
tests/test_forward_r2.py::test_extra_domain_boundaries[patch1]
tests/test_forward_r2.py::test_extra_domain_boundaries[patch2]
tests/test_forward_r2.py::test_extra_domain_boundaries[patch3]
tests/test_forward_r2.py::test_extra_domain_boundaries[patch4]
tests/test_forward_r2.py::test_sector_successor_negative_member_and_terminal_zero
tests/test_forward_r2.py::test_worker_r2_simulation_and_retry
tests/test_forward_r2.py::test_historical_pending_and_observed_contracts_remain_immutable
tests/test_forward_r2_cli.py::test_clean_child_vector[1]
tests/test_forward_r2_cli.py::test_clean_child_vector[2]
tests/test_forward_r2_cli.py::test_clean_child_vector[3]
tests/test_forward_r2_cli.py::test_clean_child_vector[4]
tests/test_forward_r2_cli.py::test_clean_child_vector[5]
tests/test_forward_r2_cli.py::test_clean_child_vector[6]
tests/test_forward_r2_cli.py::test_clean_child_vector[7]
tests/test_forward_r2_cli.py::test_clean_child_vector[8]
tests/test_forward_r2_cli.py::test_clean_direct_r4_fixture_and_legacy_module_help
tests/test_forward_r2_cli.py::test_bootstrap_fixture_rejects_tdx_before_creation
tests/test_full_chain_fep_db.py::test_baseline_unknown_signal_accepted[pg0]
tests/test_full_chain_fep_db.py::test_baseline_unknown_signal_accepted[pg1]
tests/test_full_chain_fep_db.py::test_signal_db_reject[pg0-unknown]
tests/test_full_chain_fep_db.py::test_signal_db_reject[pg0-target]
tests/test_full_chain_fep_db.py::test_signal_db_reject[pg0-reconstruction]
tests/test_full_chain_fep_db.py::test_signal_db_reject[pg0-scope]
tests/test_full_chain_fep_db.py::test_signal_db_reject[pg0-predicate]
tests/test_full_chain_fep_db.py::test_signal_db_reject[pg0-signal]
tests/test_full_chain_fep_db.py::test_signal_db_reject[pg0-family]
tests/test_full_chain_fep_db.py::test_signal_db_reject[pg1-unknown]
tests/test_full_chain_fep_db.py::test_signal_db_reject[pg1-target]
tests/test_full_chain_fep_db.py::test_signal_db_reject[pg1-reconstruction]
tests/test_full_chain_fep_db.py::test_signal_db_reject[pg1-scope]
tests/test_full_chain_fep_db.py::test_signal_db_reject[pg1-predicate]
tests/test_full_chain_fep_db.py::test_signal_db_reject[pg1-signal]
tests/test_full_chain_fep_db.py::test_signal_db_reject[pg1-family]
tests/test_full_chain_fep_db.py::test_signal_registry_positive_and_immutable[pg0]
tests/test_full_chain_fep_db.py::test_signal_registry_positive_and_immutable[pg1]
tests/test_full_chain_fep_db.py::test_signal_registry_role_and_search_path[pg0]
tests/test_full_chain_fep_db.py::test_signal_registry_role_and_search_path[pg1]
tests/test_full_chain_repair.py::test_capability_block[1]
tests/test_full_chain_repair.py::test_capability_block[2]
tests/test_full_chain_repair.py::test_capability_block[3]
tests/test_full_chain_repair.py::test_capability_block[4]
tests/test_full_chain_repair.py::test_capability_block[5]
tests/test_full_chain_repair.py::test_capability_block[6]
tests/test_full_chain_repair.py::test_capability_block[7]
tests/test_full_chain_repair.py::test_capability_block[8]
tests/test_full_chain_repair.py::test_affine[endpoint-coeff0]
tests/test_full_chain_repair.py::test_affine[endpoint-coeff1]
tests/test_full_chain_repair.py::test_affine[endpoint-coeff2]
tests/test_full_chain_repair.py::test_affine[endpoint-coeff3]
tests/test_full_chain_repair.py::test_affine[endpoint-coeff4]
tests/test_full_chain_repair.py::test_affine[endpoint-coeff5]
tests/test_full_chain_repair.py::test_affine[endpoint-coeff6]
tests/test_full_chain_repair.py::test_affine[endpoint-coeff7]
tests/test_full_chain_repair.py::test_affine[endpoint-None]
tests/test_full_chain_repair.py::test_affine[endpoint-coeff9]
tests/test_full_chain_repair.py::test_affine[interior-coeff0]
tests/test_full_chain_repair.py::test_affine[interior-coeff1]
tests/test_full_chain_repair.py::test_affine[interior-coeff2]
tests/test_full_chain_repair.py::test_affine[interior-coeff3]
tests/test_full_chain_repair.py::test_affine[interior-coeff4]
tests/test_full_chain_repair.py::test_affine[interior-coeff5]
tests/test_full_chain_repair.py::test_affine[interior-coeff6]
tests/test_full_chain_repair.py::test_affine[interior-coeff7]
tests/test_full_chain_repair.py::test_affine[interior-None]
tests/test_full_chain_repair.py::test_affine[interior-coeff9]
tests/test_full_chain_repair.py::test_affine[T0-coeff0]
tests/test_full_chain_repair.py::test_affine[T0-coeff1]
tests/test_full_chain_repair.py::test_affine[T0-coeff2]
tests/test_full_chain_repair.py::test_affine[T0-coeff3]
tests/test_full_chain_repair.py::test_affine[T0-coeff4]
tests/test_full_chain_repair.py::test_affine[T0-coeff5]
tests/test_full_chain_repair.py::test_affine[T0-coeff6]
tests/test_full_chain_repair.py::test_affine[T0-coeff7]
tests/test_full_chain_repair.py::test_affine[T0-None]
tests/test_full_chain_repair.py::test_affine[T0-coeff9]
tests/test_full_chain_repair.py::test_affine[benchmark-coeff0]
tests/test_full_chain_repair.py::test_affine[benchmark-coeff1]
tests/test_full_chain_repair.py::test_affine[benchmark-coeff2]
tests/test_full_chain_repair.py::test_affine[benchmark-coeff3]
tests/test_full_chain_repair.py::test_affine[benchmark-coeff4]
tests/test_full_chain_repair.py::test_affine[benchmark-coeff5]
tests/test_full_chain_repair.py::test_affine[benchmark-coeff6]
tests/test_full_chain_repair.py::test_affine[benchmark-coeff7]
tests/test_full_chain_repair.py::test_affine[benchmark-None]
tests/test_full_chain_repair.py::test_affine[benchmark-coeff9]
tests/test_full_chain_repair.py::test_affine_other[basis]
tests/test_full_chain_repair.py::test_affine_other[identity]
tests/test_full_chain_repair.py::test_affine_other[T0_nan]
tests/test_full_chain_repair.py::test_affine_other[overflow]
tests/test_full_chain_repair.py::test_benchmark_contract[actual]
tests/test_full_chain_repair.py::test_benchmark_contract[suspended]
tests/test_full_chain_repair.py::test_benchmark_contract[delisted]
tests/test_full_chain_repair.py::test_benchmark_contract[identity]
tests/test_full_chain_repair.py::test_benchmark_contract[adjustment]
tests/test_full_chain_repair.py::test_benchmark_contract[missing]
tests/test_full_chain_repair.py::test_benchmark_contract[sector_small]
tests/test_full_chain_repair.py::test_benchmark_contract[sector]
tests/test_full_chain_repair.py::test_benchmark_contract[exclude]
tests/test_full_chain_repair.py::test_direct_db_reject[publication]
tests/test_full_chain_repair.py::test_direct_db_reject[enrollment]
tests/test_full_chain_repair.py::test_direct_db_reject[slot_revision]
tests/test_full_chain_repair.py::test_direct_db_reject[event]
tests/test_full_chain_repair.py::test_direct_db_reject[due]
tests/test_full_chain_repair.py::test_direct_db_reject[horizon]
tests/test_full_chain_repair.py::test_direct_db_reject[outcome]
tests/test_full_chain_repair.py::test_direct_db_reject[evaluation]
tests/test_full_chain_repair.py::test_direct_db_reject[state]
tests/test_full_chain_repair.py::test_direct_db_reject[admission_manifest]
tests/test_full_chain_repair.py::test_settlement_queue[enqueue]
tests/test_full_chain_repair.py::test_settlement_queue[restart]
tests/test_full_chain_repair.py::test_settlement_queue[CAS]
tests/test_full_chain_repair.py::test_settlement_queue[claim_crash]
tests/test_full_chain_repair.py::test_settlement_queue[result_crash]
tests/test_full_chain_repair.py::test_settlement_queue[idempotent]
tests/test_full_chain_repair.py::test_settlement_queue[corrected]
tests/test_full_chain_repair.py::test_settlement_queue[predue]
tests/test_full_chain_repair.py::test_settlement_queue[no_UI]
tests/test_full_chain_repair.py::test_settlement_queue[stop]
tests/test_full_chain_repair.py::test_settlement_queue[retry]
tests/test_full_chain_repair.py::test_legacy_fixture_gate
tests/test_full_chain_repair.py::test_disabled_successor_no_database
tests/test_full_chain_repair.py::test_two_actual_worker_connections_one_CAS_winner
tests/test_full_chain_repair.py::test_old_V3_obligation_authority_rejected
tests/test_full_chain_repair.py::test_V5_obligation_restart_after_stop_without_new_activation
tests/test_full_chain_repair.py::test_roll_back_publication_keeps_zero_queue
tests/test_full_chain_repair.py::test_unknown_due_session_appends_delivery_revision
tests/test_pre16_governance.py::test_historical_r1_registry_immutable
tests/test_pre16_governance.py::test_current_a01_not_taken_from_stale_r1
tests/test_pre16_governance.py::test_current_a02_exact_scoped_acceptance
tests/test_pre16_governance.py::test_a02_as_recorded_not_upgraded
tests/test_pre16_governance.py::test_a04_scope_not_overclaimed[formal_consumer_enabled-True]
tests/test_pre16_governance.py::test_a04_scope_not_overclaimed[historical_formal_capability-PASS]
tests/test_pre16_governance.py::test_a04_scope_not_overclaimed[known_amount_a-1]
tests/test_pre16_governance.py::test_a04_scope_not_overclaimed[consumer_auto_activation_after_H21-True]
tests/test_pre16_governance.py::test_a08_a09_implementation_only_does_not_close_audit[A08]
tests/test_pre16_governance.py::test_a08_a09_implementation_only_does_not_close_audit[A09]
tests/test_pre16_governance.py::test_a08_a09_implementation_only_does_not_close_audit[A08_CURRENT_RUNTIME]
tests/test_pre16_governance.py::test_current_stage_is_v4_15
tests/test_pre16_governance.py::test_data_head_is_2026_09_30
tests/test_pre16_governance.py::test_v4_10_to_v4_15_heads_unchanged
tests/test_pre16_governance.py::test_historical_pit_not_granted
tests/test_pre16_governance.py::test_real_maturity_none
tests/test_pre16_governance.py::test_nonblocking_debt_not_promoted_to_pass[REAL_MATURED_ACCEPTED_SOURCE_SETTLEMENT_RUNTIME]
tests/test_pre16_governance.py::test_nonblocking_debt_not_promoted_to_pass[REALTIME_ACCEPTED_COHORT_MATURITY]
tests/test_pre16_governance.py::test_nonblocking_debt_not_promoted_to_pass[V4_15_FWD_ADJ_VECTOR_01]
tests/test_pre16_governance.py::test_permissions_all_false[production]
tests/test_pre16_governance.py::test_permissions_all_false[shadow]
tests/test_pre16_governance.py::test_permissions_all_false[focus]
tests/test_pre16_governance.py::test_v4_16_false
tests/test_pre16_governance.py::test_supersession_graph_acyclic
tests/test_pre16_governance.py::test_no_latest_glob_discovery
tests/test_pre16_governance.py::test_missing_mandatory_item_fail_closed[A01]
tests/test_pre16_governance.py::test_missing_mandatory_item_fail_closed[A02]
tests/test_pre16_governance.py::test_missing_mandatory_item_fail_closed[A03]
tests/test_pre16_governance.py::test_missing_mandatory_item_fail_closed[A04]
tests/test_pre16_governance.py::test_missing_mandatory_item_fail_closed[A05]
tests/test_pre16_governance.py::test_missing_mandatory_item_fail_closed[A06]
tests/test_pre16_governance.py::test_missing_mandatory_item_fail_closed[A07]
tests/test_pre16_governance.py::test_missing_mandatory_item_fail_closed[A08]
tests/test_pre16_governance.py::test_missing_mandatory_item_fail_closed[A09]
tests/test_pre16_governance.py::test_missing_mandatory_item_fail_closed[OWNER]
tests/test_pre16_governance.py::test_missing_mandatory_item_fail_closed[READER]
tests/test_pre16_governance.py::test_missing_mandatory_item_fail_closed[HISTORICAL_PIT_EFFECTIVENESS]
tests/test_pre16_governance.py::test_missing_mandatory_item_fail_closed[REAL_MATURED_ACCEPTED_SOURCE_SETTLEMENT_RUNTIME]
tests/test_pre16_governance.py::test_missing_mandatory_item_fail_closed[REALTIME_ACCEPTED_COHORT_MATURITY]
tests/test_pre16_governance.py::test_missing_mandatory_item_fail_closed[V4_15_FWD_ADJ_VECTOR_01]
tests/test_pre16_governance.py::test_no_global_authority_activation[A03]
tests/test_pre16_governance.py::test_no_global_authority_activation[A06]
tests/test_pre16_governance.py::test_no_global_authority_activation[A07]
tests/test_pre16_governance.py::test_no_global_authority_activation[OWNER]
tests/test_pre16_governance.py::test_no_global_authority_activation[READER]
tests/test_pre16_governance.py::test_reader_metadata_not_permission
tests/test_pre16_governance.py::test_independent_oracle_no_writer_or_business_evaluator
tests/test_pre16_governance.py::test_full_independent_oracle
tests/test_pre16_governance.py::test_protected_all_history
tests/test_pre16_governance.py::test_governance_namespace_cannot_change_accepted
tests/test_pre16_governance.py::test_source_selection_cannot_use_implementation
tests/test_pre16_governance.py::test_protected_literal_newline_change_rejected[V4_STAGE_ACCEPTED_HEAD]
tests/test_pre16_governance.py::test_protected_literal_newline_change_rejected[V4_DATA_ACCEPTED_HEAD]
tests/test_pre16_governance.py::test_protected_literal_newline_change_rejected[V4_10_ACCEPTED_HEAD]
tests/test_pre16_governance.py::test_protected_literal_newline_change_rejected[V4_11_ACCEPTED_HEAD]
tests/test_pre16_governance.py::test_protected_literal_newline_change_rejected[V4_12_ACCEPTED_HEAD]
tests/test_pre16_governance.py::test_protected_literal_newline_change_rejected[V4_13_ACCEPTED_HEAD_AMENDED_R1]
tests/test_pre16_governance.py::test_protected_literal_newline_change_rejected[V4_14_ACCEPTED_HEAD]
tests/test_pre16_governance.py::test_protected_literal_newline_change_rejected[V4_15_ACCEPTED_HEAD]
tests/test_pre16_governance.py::test_historical_status_cannot_be_rewritten
tests/test_pre16_governance.py::test_consumer_inventory_complete
tests/test_pre16_governance.py::test_a04_h21_single_canonical_issue
tests/test_pre16_governance.py::test_a04_h21_alias_consistent
tests/test_pre16_governance.py::test_alias_cycle_rejected
tests/test_pre16_governance.py::test_alias_target_missing_rejected
tests/test_pre16_governance.py::test_alias_block_semantics_mismatch_rejected[blocking_scope-NONE]
tests/test_pre16_governance.py::test_alias_block_semantics_mismatch_rejected[blocks_v4_16_contract_entry-True]
tests/test_pre16_governance.py::test_alias_block_semantics_mismatch_rejected[blocks_v4_16_runtime_activation-True]
tests/test_pre16_governance.py::test_alias_block_semantics_mismatch_rejected[blocks_affected_capability_in_shadow-False]
tests/test_pre16_governance.py::test_alias_block_semantics_mismatch_rejected[blocks_production_cutover_for_scope-False]
tests/test_pre16_governance.py::test_alias_block_semantics_mismatch_rejected[blocks_shadow_entry-False]
tests/test_pre16_governance.py::test_alias_block_semantics_mismatch_rejected[affected_capabilities-value6]
tests/test_pre16_governance.py::test_alias_state_mismatch_rejected
tests/test_pre16_governance.py::test_duplicate_logical_identity_rejected
tests/test_pre16_governance.py::test_only_gov_pre16_blocks_global_contract_entry
tests/test_pre16_governance.py::test_a04_h21_does_not_block_contract_entry
tests/test_pre16_governance.py::test_historical_amount_a_does_not_block_contract_entry
tests/test_pre16_governance.py::test_a08_current_runtime_does_not_block_contract_entry
tests/test_pre16_governance.py::test_a08_current_runtime_remains_shadow_capability_blocked
tests/test_pre16_governance.py::test_accumulation_does_not_block_unrelated_engineering[A03]
tests/test_pre16_governance.py::test_accumulation_does_not_block_unrelated_engineering[A04_H21_CONSUMER]
tests/test_pre16_governance.py::test_accumulation_does_not_block_unrelated_engineering[A04_HISTORICAL_AMOUNT_A]
tests/test_pre16_governance.py::test_accumulation_does_not_block_unrelated_engineering[A07]
tests/test_pre16_governance.py::test_accumulation_does_not_block_unrelated_engineering[HISTORICAL_PIT_EFFECTIVENESS]
tests/test_pre16_governance.py::test_accumulation_does_not_block_unrelated_engineering[REAL_MATURED_ACCEPTED_SOURCE_SETTLEMENT_RUNTIME]
tests/test_pre16_governance.py::test_capability_only_block_not_global_shadow_block
tests/test_pre16_governance.py::test_reader_resolves_canonical_issue
tests/test_pre16_governance.py::test_stage_head_unchanged
tests/test_pre16_governance.py::test_data_head_unchanged
tests/test_pre16_governance.py::test_business_runtime_sources_unchanged
tests/test_pre16_governance.py::test_audited_core_cannot_change
tests/test_pre16_governance.py::test_missing_blocking_schema_rejected
tests/test_pre16_governance.py::test_unregistered_alias_rejected
tests/test_pre16_governance.py::test_current_reader_never_merges_alias_conflict
tests/test_r17a_historical_governance.py::test_dm01_exact_promotion_state_and_current_state
tests/test_r17a_historical_governance.py::test_historical_negatives_fail_closed[missing]
tests/test_r17a_historical_governance.py::test_historical_negatives_fail_closed[hash]
tests/test_r17a_historical_governance.py::test_historical_negatives_fail_closed[range]
tests/test_r17a_historical_governance.py::test_historical_negatives_fail_closed[current_archive]
tests/test_r17a_historical_governance.py::test_historical_negatives_fail_closed[current_binding]
tests/test_r17a_historical_governance.py::test_historical_negatives_fail_closed[bytes]
tests/test_r17a_historical_governance.py::test_historical_head_cannot_be_rebound_to_current_stage
tests/test_r17a_historical_governance.py::test_static_byte_representation_never_hides_content_changes[missing_archive]
tests/test_r17a_historical_governance.py::test_static_byte_representation_never_hides_content_changes[archive_sha]
tests/test_r17a_historical_governance.py::test_static_byte_representation_never_hides_content_changes[current_content]
tests/test_r17a_historical_governance.py::test_static_byte_representation_never_hides_content_changes[binding_sha]
tests/test_r17a_historical_governance.py::test_protected_heads_unchanged_at_r17a
tests/test_r17b_promotion.py::test_independent_p01_p15_promotion_gate
tests/test_r17b_promotion.py::test_major_authority_mutations_rejected_at_relevant_gate[external_authority-value0-P01_EXTERNAL_AUDIT_EXACT]
tests/test_r17b_promotion.py::test_major_authority_mutations_rejected_at_relevant_gate[audited_sealed_head-wrong-P02_AUDITED_SEALED_HEAD_EXACT]
tests/test_r17b_promotion.py::test_major_authority_mutations_rejected_at_relevant_gate[tested_runtime_source-wrong-P03_TESTED_SOURCE_EXACT]
tests/test_r17b_promotion.py::test_major_authority_mutations_rejected_at_relevant_gate[runtime_source_bindings-value3-P03_TESTED_SOURCE_EXACT]
tests/test_r17b_promotion.py::test_major_authority_mutations_rejected_at_relevant_gate[candidate-value4-P04_R6_MANIFEST_EXACT]
tests/test_r17b_promotion.py::test_major_authority_mutations_rejected_at_relevant_gate[artifact_refs-value5-P05_R6_ARTIFACT_REFS_EXACT]
tests/test_r17b_promotion.py::test_major_authority_mutations_rejected_at_relevant_gate[contract_refs-value6-P06_CONTRACT_PACKAGE_EXACT]
tests/test_r17b_promotion.py::test_major_authority_mutations_rejected_at_relevant_gate[contract_digest-wrong-P06_CONTRACT_PACKAGE_EXACT]
tests/test_r17b_promotion.py::test_major_authority_mutations_rejected_at_relevant_gate[formal_entry_contract-value8-P06_CONTRACT_PACKAGE_EXACT]
tests/test_r17b_promotion.py::test_major_authority_mutations_rejected_at_relevant_gate[r17a_gate-value9-P08_R17A_GATE_PASS]
tests/test_r17b_promotion.py::test_major_authority_mutations_rejected_at_relevant_gate[global_head_parent_archive-value10-P09_PARENT_STAGE_ARCHIVE_EXACT]
tests/test_r17b_promotion.py::test_major_authority_mutations_rejected_at_relevant_gate[global_head_parent-value11-P09_PARENT_STAGE_ARCHIVE_EXACT]
tests/test_r17b_promotion.py::test_major_authority_mutations_rejected_at_relevant_gate[protected_head_bindings-value12-P11_DATA_HEAD_BYTE_IDENTICAL]
tests/test_r17b_promotion.py::test_major_authority_mutations_rejected_at_relevant_gate[production-True-P13_NO_PRODUCTION_SHADOW_FOCUS]
tests/test_r17b_promotion.py::test_major_authority_mutations_rejected_at_relevant_gate[shadow-True-P13_NO_PRODUCTION_SHADOW_FOCUS]
tests/test_r17b_promotion.py::test_major_authority_mutations_rejected_at_relevant_gate[focus-True-P13_NO_PRODUCTION_SHADOW_FOCUS]
tests/test_r17b_promotion.py::test_major_authority_mutations_rejected_at_relevant_gate[global_mandatory_adoption-True-P13_NO_PRODUCTION_SHADOW_FOCUS]
tests/test_r17b_promotion.py::test_major_authority_mutations_rejected_at_relevant_gate[capabilities-value17-P14_DEGRADATION_NOT_OVERCLAIMED]
tests/test_r17b_promotion.py::test_major_authority_mutations_rejected_at_relevant_gate[ALGORITHM_STATE_REPLAY_PASS-PASS-P15_V4_14_NOT_ACCEPTED]
tests/test_r17b_promotion.py::test_new_stage_authority_mutation_rejected[head_sha]
tests/test_r17b_promotion.py::test_new_stage_authority_mutation_rejected[stage_range]
tests/test_r17b_promotion.py::test_new_stage_authority_mutation_rejected[prior_scope]
tests/test_r17b_promotion.py::test_new_stage_authority_mutation_rejected[permissions]
tests/test_r17b_promotion.py::test_formal_reader_does_not_consult_informal_receipt
tests/test_r17b_promotion.py::test_formal_reader_missing_or_wrong_head_fails_closed
tests/test_r17b_promotion.py::test_formal_reader_resolves_stage_without_changing_frozen_contract_or_binder
tests/test_r17b_promotion.py::test_self_consistent_wrong_formal_head_is_rejected[capability]
tests/test_r17b_promotion.py::test_self_consistent_wrong_formal_head_is_rejected[r5]
tests/test_r17b_promotion.py::test_self_consistent_wrong_formal_head_is_rejected[package]
tests/test_r17b_promotion.py::test_self_consistent_wrong_formal_head_is_rejected[audit]
tests/test_r17b_promotion.py::test_self_consistent_wrong_formal_head_is_rejected[entry]
tests/test_r17c_replay_contract.py::test_full_contract_freeze_ready_for_external_audit_only
tests/test_r17c_replay_contract.py::test_every_dimension_has_independent_positive_and_negative[same_day_feedback]
tests/test_r17c_replay_contract.py::test_every_dimension_has_independent_positive_and_negative[state_transition_legality]
tests/test_r17c_replay_contract.py::test_every_dimension_has_independent_positive_and_negative[hysteresis]
tests/test_r17c_replay_contract.py::test_every_dimension_has_independent_positive_and_negative[expiry]
tests/test_r17c_replay_contract.py::test_every_dimension_has_independent_positive_and_negative[direct_prewatch_confirmed]
tests/test_r17c_replay_contract.py::test_every_dimension_has_independent_positive_and_negative[rotation_pulse_accepted_failed]
tests/test_r17c_replay_contract.py::test_every_dimension_has_independent_positive_and_negative[support_reclaim_retest_break]
tests/test_r17c_replay_contract.py::test_every_dimension_has_independent_positive_and_negative[confirmation_persistent_suppression]
tests/test_r17c_replay_contract.py::test_every_dimension_has_independent_positive_and_negative[multi_sector_dedup]
tests/test_r17c_replay_contract.py::test_every_dimension_has_independent_positive_and_negative[unknown_propagation]
tests/test_r17c_replay_contract.py::test_every_dimension_has_independent_positive_and_negative[no_duplicate_event_episode]
tests/test_r17c_replay_contract.py::test_every_dimension_has_independent_positive_and_negative[same_day_revision_predecessor]
tests/test_r17c_replay_contract.py::test_every_dimension_has_independent_positive_and_negative[cross_process_previous_session]
tests/test_r17c_replay_contract.py::test_every_dimension_has_independent_positive_and_negative[future_publication_leakage]
tests/test_r17c_replay_contract.py::test_every_dimension_has_independent_positive_and_negative[revision_append_only]
tests/test_r17c_replay_contract.py::test_every_dimension_has_independent_positive_and_negative[deterministic_replay]
tests/test_r17c_replay_contract.py::test_every_dimension_has_independent_positive_and_negative[historical_pit_evidence]
tests/test_r17c_replay_contract.py::test_intrinsic_negative_contract_gates[missing_dimension]
tests/test_r17c_replay_contract.py::test_intrinsic_negative_contract_gates[missing_pair]
tests/test_r17c_replay_contract.py::test_intrinsic_negative_contract_gates[wrong_expected]
tests/test_r17c_replay_contract.py::test_intrinsic_negative_contract_gates[wrong_source_hash]
tests/test_r17c_replay_contract.py::test_intrinsic_negative_contract_gates[missing_time_role]
tests/test_r17c_replay_contract.py::test_intrinsic_negative_contract_gates[missing_history]
tests/test_r17c_replay_contract.py::test_intrinsic_negative_contract_gates[unknown_false]
tests/test_r17c_replay_contract.py::test_intrinsic_negative_contract_gates[runtime_true]
tests/test_r17c_replay_contract.py::test_intrinsic_negative_contract_gates[replay_granted]
tests/test_r17c_replay_contract.py::test_intrinsic_negative_contract_gates[production_true]
tests/test_r17c_replay_contract.py::test_intrinsic_negative_contract_gates[missing_non_edge]
tests/test_r17c_replay_contract.py::test_intrinsic_negative_contract_gates[feedback_edge]
tests/test_r17c_replay_contract.py::test_intrinsic_negative_contract_gates[alias_feedback_edge]
tests/test_r17c_replay_contract.py::test_intrinsic_negative_contract_gates[same_day_prior]
tests/test_r17c_replay_contract.py::test_intrinsic_negative_contract_gates[different_previous_manifest]
tests/test_r17c_replay_contract.py::test_intrinsic_negative_contract_gates[memory_prior]
tests/test_r17c_replay_contract.py::test_intrinsic_negative_contract_gates[missing_process_exit]
tests/test_r17c_replay_contract.py::test_intrinsic_negative_contract_gates[missing_readback_receipt]
tests/test_r17c_replay_contract.py::test_intrinsic_negative_contract_gates[historical_current_membership]
tests/test_r17c_replay_contract.py::test_intrinsic_negative_contract_gates[historical_missing_availability]
tests/test_r17c_replay_contract.py::test_intrinsic_negative_contract_gates[real_implies_historical]
tests/test_r17c_replay_contract.py::test_intrinsic_negative_contract_gates[old_revision_mutable]
tests/test_r17c_replay_contract.py::test_intrinsic_negative_contract_gates[duplicate_episode]
tests/test_r17c_replay_contract.py::test_intrinsic_negative_contract_gates[revision_in_logical_key]
tests/test_r17c_replay_contract.py::test_intrinsic_negative_contract_gates[field_wrong_owner]
tests/test_r17c_replay_contract.py::test_intrinsic_negative_contract_gates[duplicate_field]
tests/test_r17c_replay_contract.py::test_intrinsic_negative_contract_gates[missing_source_binding]
tests/test_r17c_replay_contract.py::test_intrinsic_negative_contract_gates[evidence_class_collapsed]
tests/test_r17c_replay_contract.py::test_intrinsic_negative_contract_gates[contract_version_wrong]
tests/test_r17c_replay_contract.py::test_source_byte_gate_rejects_self_consistent_wrong_reference
tests/test_r17c_replay_contract.py::test_no_future_replay_runtime_or_accepted_head
tests/test_r17r1_active_closure.py::test_complete_active_package
tests/test_r17r1_active_closure.py::test_exact_superseded_current_consumer_rejected[config/v4_13_projection_v1.json]
tests/test_r17r1_active_closure.py::test_exact_superseded_current_consumer_rejected[config/v4_13_projection_v1_1.json]
tests/test_r17r1_active_closure.py::test_exact_superseded_current_consumer_rejected[config/v4_13_dag_edge_registry_v1_1.json]
tests/test_r17r1_active_closure.py::test_exact_superseded_current_consumer_rejected[config/v4_13_rotation_structure_enrichment_schema_v1_1.json]
tests/test_r17r1_active_closure.py::test_exact_superseded_current_consumer_rejected[config/v4_13_output_schema_v1_1.json]
tests/test_r17r1_active_closure.py::test_exact_superseded_current_consumer_rejected[config/v4_13_field_registry_v1_1.json]
tests/test_r17r1_active_closure.py::test_exact_superseded_current_consumer_rejected[config/v4_13_machine_vectors_v1_1.json]
tests/test_r17r1_active_closure.py::test_exact_superseded_current_consumer_rejected[config/v4_13_accepted_entry_contract_v1.json]
tests/test_r17r1_active_closure.py::test_exact_old_contract_allowed_only_as_lineage[supersedes]
tests/test_r17r1_active_closure.py::test_exact_old_contract_allowed_only_as_lineage[derived_from]
tests/test_r17r1_active_closure.py::test_exact_old_contract_allowed_only_as_lineage[historical_lineage]
tests/test_r17r1_active_closure.py::test_nested_exact_stale_projection_rejected[contract_binding]
tests/test_r17r1_active_closure.py::test_nested_exact_stale_projection_rejected[structure_schema]
tests/test_r17r1_active_closure.py::test_lineage_does_not_authorize_adjacent_consumer
tests/test_r17r1_active_closure.py::test_active_member_admitted
tests/test_r17r1_active_closure.py::test_immutable_head_not_current_authority
tests/test_r17r1_refreeze.py::test_exact_stale_ref_rejected_in_current_replay_consumer[config/v4_13_projection_v1.json]
tests/test_r17r1_refreeze.py::test_exact_stale_ref_rejected_in_current_replay_consumer[config/v4_13_dag_edge_registry_v1_1.json]
tests/test_r17r1_refreeze.py::test_exact_stale_ref_rejected_in_current_replay_consumer[config/v4_13_rotation_structure_enrichment_schema_v1_1.json]
tests/test_r17r1_refreeze.py::test_exact_stale_ref_rejected_in_current_replay_consumer[data/v4/V4_13_ACCEPTED_HEAD.json]
tests/test_r17r1_refreeze.py::test_exact_stale_ref_rejected_in_current_replay_consumer[config/v4_14_replay_gate_b_contract_v1.json]
tests/test_r17r1_refreeze.py::test_exact_stale_ref_rejected_in_current_replay_consumer[config/v4_14_replay_case_registry_v1.json]
tests/test_r17r1_refreeze.py::test_exact_stale_ref_rejected_in_current_replay_consumer[config/v4_14_temporal_non_edge_registry_v1.json]
tests/test_r17r1_refreeze.py::test_exact_stale_ref_rejected_in_current_replay_consumer[config/v4_14_quality_degradation_v1.json]
tests/test_r17r1_refreeze.py::test_exact_stale_ref_rejected_in_current_replay_consumer[config/v4_14_machine_vectors_v1.json]
tests/test_r17r1_refreeze.py::test_original_contracts_and_literal_vectors_preserved
tests/test_r17r1_refreeze.py::test_whole_contract_semantic_change_is_rejected
tests/test_r17r1_refreeze.py::test_lineage_is_not_current_runtime_authority
tests/test_r18a_runtime.py::test_frozen_case_executes_with_literal_expectation[same_day_feedback_positive]
tests/test_r18a_runtime.py::test_frozen_case_executes_with_literal_expectation[same_day_feedback_negative]
tests/test_r18a_runtime.py::test_frozen_case_executes_with_literal_expectation[state_transition_legality_positive]
tests/test_r18a_runtime.py::test_frozen_case_executes_with_literal_expectation[state_transition_legality_negative]
tests/test_r18a_runtime.py::test_frozen_case_executes_with_literal_expectation[hysteresis_positive]
tests/test_r18a_runtime.py::test_frozen_case_executes_with_literal_expectation[hysteresis_negative]
tests/test_r18a_runtime.py::test_frozen_case_executes_with_literal_expectation[expiry_positive]
tests/test_r18a_runtime.py::test_frozen_case_executes_with_literal_expectation[expiry_negative]
tests/test_r18a_runtime.py::test_frozen_case_executes_with_literal_expectation[direct_prewatch_confirmed_positive]
tests/test_r18a_runtime.py::test_frozen_case_executes_with_literal_expectation[direct_prewatch_confirmed_negative]
tests/test_r18a_runtime.py::test_frozen_case_executes_with_literal_expectation[rotation_pulse_accepted_failed_positive]
tests/test_r18a_runtime.py::test_frozen_case_executes_with_literal_expectation[rotation_pulse_accepted_failed_negative]
tests/test_r18a_runtime.py::test_frozen_case_executes_with_literal_expectation[support_reclaim_retest_break_positive]
tests/test_r18a_runtime.py::test_frozen_case_executes_with_literal_expectation[support_reclaim_retest_break_negative]
tests/test_r18a_runtime.py::test_frozen_case_executes_with_literal_expectation[confirmation_persistent_suppression_positive]
tests/test_r18a_runtime.py::test_frozen_case_executes_with_literal_expectation[confirmation_persistent_suppression_negative]
tests/test_r18a_runtime.py::test_frozen_case_executes_with_literal_expectation[multi_sector_dedup_positive]
tests/test_r18a_runtime.py::test_frozen_case_executes_with_literal_expectation[multi_sector_dedup_negative]
tests/test_r18a_runtime.py::test_frozen_case_executes_with_literal_expectation[unknown_propagation_positive]
tests/test_r18a_runtime.py::test_frozen_case_executes_with_literal_expectation[unknown_propagation_negative]
tests/test_r18a_runtime.py::test_frozen_case_executes_with_literal_expectation[no_duplicate_event_episode_positive]
tests/test_r18a_runtime.py::test_frozen_case_executes_with_literal_expectation[no_duplicate_event_episode_negative]
tests/test_r18a_runtime.py::test_frozen_case_executes_with_literal_expectation[same_day_revision_predecessor_positive]
tests/test_r18a_runtime.py::test_frozen_case_executes_with_literal_expectation[same_day_revision_predecessor_negative]
tests/test_r18a_runtime.py::test_frozen_case_executes_with_literal_expectation[cross_process_previous_session_positive]
tests/test_r18a_runtime.py::test_frozen_case_executes_with_literal_expectation[cross_process_previous_session_negative]
tests/test_r18a_runtime.py::test_frozen_case_executes_with_literal_expectation[future_publication_leakage_positive]
tests/test_r18a_runtime.py::test_frozen_case_executes_with_literal_expectation[future_publication_leakage_negative]
tests/test_r18a_runtime.py::test_frozen_case_executes_with_literal_expectation[revision_append_only_positive]
tests/test_r18a_runtime.py::test_frozen_case_executes_with_literal_expectation[revision_append_only_negative]
tests/test_r18a_runtime.py::test_frozen_case_executes_with_literal_expectation[deterministic_replay_positive]
tests/test_r18a_runtime.py::test_frozen_case_executes_with_literal_expectation[deterministic_replay_negative]
tests/test_r18a_runtime.py::test_frozen_case_executes_with_literal_expectation[historical_pit_evidence_positive]
tests/test_r18a_runtime.py::test_frozen_case_executes_with_literal_expectation[historical_pit_evidence_negative]
tests/test_r18a_runtime.py::test_frozen_case_executes_with_literal_expectation[future_price_negative]
tests/test_r18a_runtime.py::test_frozen_case_executes_with_literal_expectation[future_price_positive]
tests/test_r18a_runtime.py::test_frozen_case_executes_with_literal_expectation[future_membership_negative]
tests/test_r18a_runtime.py::test_frozen_case_executes_with_literal_expectation[future_membership_positive]
tests/test_r18a_runtime.py::test_frozen_case_executes_with_literal_expectation[membership_available_late_negative]
tests/test_r18a_runtime.py::test_frozen_case_executes_with_literal_expectation[membership_available_late_positive]
tests/test_r18a_runtime.py::test_frozen_case_executes_with_literal_expectation[future_state_negative]
tests/test_r18a_runtime.py::test_frozen_case_executes_with_literal_expectation[future_state_positive]
tests/test_r18a_runtime.py::test_frozen_case_executes_with_literal_expectation[future_focus_outcome_negative]
tests/test_r18a_runtime.py::test_frozen_case_executes_with_literal_expectation[future_focus_outcome_positive]
tests/test_r18a_runtime.py::test_frozen_case_executes_with_literal_expectation[weekly_friday_on_monday_negative]
tests/test_r18a_runtime.py::test_frozen_case_executes_with_literal_expectation[weekly_friday_on_monday_positive]
tests/test_r18a_runtime.py::test_frozen_case_executes_with_literal_expectation[month_end_on_midmonth_negative]
tests/test_r18a_runtime.py::test_frozen_case_executes_with_literal_expectation[month_end_on_midmonth_positive]
tests/test_r18a_runtime.py::test_frozen_case_executes_with_literal_expectation[future_adjustment_revision_negative]
tests/test_r18a_runtime.py::test_frozen_case_executes_with_literal_expectation[future_adjustment_revision_positive]
tests/test_r18a_runtime.py::test_frozen_case_executes_with_literal_expectation[supplemental_after_core_cutoff_negative]
tests/test_r18a_runtime.py::test_frozen_case_executes_with_literal_expectation[supplemental_after_core_cutoff_positive]
tests/test_r18a_runtime.py::test_frozen_case_executes_with_literal_expectation[previous_calendar_day_is_not_market_session_negative]
tests/test_r18a_runtime.py::test_frozen_case_executes_with_literal_expectation[revision_previous_manifest_diverges_negative]
tests/test_r18a_runtime.py::test_frozen_case_executes_with_literal_expectation[readback_hash_mismatch_negative]
tests/test_r18a_runtime.py::test_frozen_case_executes_with_literal_expectation[producer_did_not_exit_negative]
tests/test_r18a_runtime.py::test_frozen_case_executes_with_literal_expectation[consumer_started_before_exit_negative]
tests/test_r18a_runtime.py::test_frozen_case_executes_with_literal_expectation[prior_readback_wrong_date_negative]
tests/test_r18a_runtime.py::test_frozen_case_executes_with_literal_expectation[real_capability_unknown_promoted_ready_negative]
tests/test_r18a_runtime.py::test_frozen_case_executes_with_literal_expectation[previous_market_session_weekend_positive]
tests/test_r18a_runtime.py::test_atomic_append_only_and_concurrent_same_bytes
tests/test_r18a_runtime.py::test_exact_ref_and_path_escape_fail_closed
tests/test_r18a_runtime.py::test_previous_uses_accepted_market_calendar
tests/test_r18b_persisted.py::test_full_persisted_owner_lifecycle
tests/test_r18b_persisted.py::test_fresh_process_pair_revision_and_determinism
tests/test_r18c_oracle.py::test_oracle_literal_seventeen_dimensions
tests/test_r18c_oracle.py::test_oracle_full_persisted_chain
tests/test_r18c_oracle.py::test_mandatory_perturbations[future_source]
tests/test_r18c_oracle.py::test_mandatory_perturbations[after_cutoff]
tests/test_r18c_oracle.py::test_mandatory_perturbations[future_membership]
tests/test_r18c_oracle.py::test_mandatory_perturbations[current_as_historical]
tests/test_r18c_oracle.py::test_mandatory_perturbations[wrong_previous]
tests/test_r18c_oracle.py::test_mandatory_perturbations[r2_to_r1]
tests/test_r18c_oracle.py::test_mandatory_perturbations[prior_digest]
tests/test_r18c_oracle.py::test_mandatory_perturbations[same_pid]
tests/test_r18c_oracle.py::test_mandatory_perturbations[producer_not_exited]
tests/test_r18c_oracle.py::test_mandatory_perturbations[revision_logical_key]
tests/test_r18c_oracle.py::test_mandatory_perturbations[persistent_actionable]
tests/test_r18c_oracle.py::test_mandatory_perturbations[duplicate_episode]
tests/test_r18c_oracle.py::test_mandatory_perturbations[unknown_false]
tests/test_r18c_oracle.py::test_mandatory_perturbations[stale_authority]
tests/test_r18c_oracle.py::test_mandatory_perturbations[old_bytes_overwrite]
tests/test_r18c_oracle.py::test_mandatory_perturbations[different_output_digest]
tests/test_r18c_oracle.py::test_oracle_has_no_runtime_expected_dependency
tests/test_r18c_oracle.py::test_real_evidence_classes_kept_separate
tests/test_r18r1_canonical.py::test_canonical_r4_complete_process_trajectory
tests/test_r18r1_canonical.py::test_superseded_attempt_cannot_be_canonical[full_dag]
tests/test_r18r1_canonical.py::test_superseded_attempt_cannot_be_canonical[full_dag_r2]
tests/test_r18r1_canonical.py::test_superseded_attempt_cannot_be_canonical[full_dag_r3]
tests/test_r18r1_canonical.py::test_oracle_never_imports_runtime_expected
tests/test_r18r1_canonical.py::test_real_recheck_keeps_historical_boundary
tests/test_r18r1_canonical.py::test_inherited_perturbations_on_current_canonical[future_source]
tests/test_r18r1_canonical.py::test_inherited_perturbations_on_current_canonical[after_cutoff]
tests/test_r18r1_canonical.py::test_inherited_perturbations_on_current_canonical[future_membership]
tests/test_r18r1_canonical.py::test_inherited_perturbations_on_current_canonical[current_as_historical]
tests/test_r18r1_canonical.py::test_inherited_perturbations_on_current_canonical[wrong_previous]
tests/test_r18r1_canonical.py::test_inherited_perturbations_on_current_canonical[r2_to_r1]
tests/test_r18r1_canonical.py::test_inherited_perturbations_on_current_canonical[prior_digest]
tests/test_r18r1_canonical.py::test_inherited_perturbations_on_current_canonical[same_pid]
tests/test_r18r1_canonical.py::test_inherited_perturbations_on_current_canonical[producer_not_exited]
tests/test_r18r1_canonical.py::test_inherited_perturbations_on_current_canonical[revision_logical_key]
tests/test_r18r1_canonical.py::test_inherited_perturbations_on_current_canonical[persistent_actionable]
tests/test_r18r1_canonical.py::test_inherited_perturbations_on_current_canonical[duplicate_episode]
tests/test_r18r1_canonical.py::test_inherited_perturbations_on_current_canonical[unknown_false]
tests/test_r18r1_canonical.py::test_inherited_perturbations_on_current_canonical[stale_authority]
tests/test_r18r1_canonical.py::test_inherited_perturbations_on_current_canonical[old_bytes_overwrite]
tests/test_r18r1_canonical.py::test_inherited_perturbations_on_current_canonical[different_output_digest]
tests/test_r18r1_canonical.py::test_required_producer_receipt_cannot_disappear[C-D0]
tests/test_r18r1_canonical.py::test_required_producer_receipt_cannot_disappear[D3_CONTEXT-D3]
tests/test_r18r1_owner_edges.py::test_all_frozen_edges_accounted_exactly_once
tests/test_r18r1_owner_edges.py::test_actual_owner_calls_and_frozen_producer_inputs
tests/test_r18r1_owner_edges.py::test_edge_perturbations_rejected[delete_B0_edge]
tests/test_r18r1_owner_edges.py::test_edge_perturbations_rejected[delete_B2_edge]
tests/test_r18r1_owner_edges.py::test_edge_perturbations_rejected[delete_membership_context_edge]
tests/test_r18r1_owner_edges.py::test_edge_perturbations_rejected[delete_D1_T_MINUS_1_edge]
tests/test_r18r1_owner_edges.py::test_edge_perturbations_rejected[replace_B0_output_with_literal]
tests/test_r18r1_owner_edges.py::test_edge_perturbations_rejected[replace_C_to_D0_lineage_with_unbound_fixture]
tests/test_r18r1_owner_edges.py::test_edge_perturbations_rejected[wrong_edge_time_role]
tests/test_r18r1_owner_edges.py::test_edge_perturbations_rejected[wrong_edge_owner_head]
tests/test_r18r1_owner_edges.py::test_edge_perturbations_rejected[duplicate_edge_receipt]
tests/test_r18r1_owner_edges.py::test_edge_perturbations_rejected[unexpected_feedback_edge]
tests/test_r18r1_owner_edges.py::test_emitted_expected_list_cannot_define_oracle_expected
tests/test_r18r1r1_canonical.py::test_current_r5_preexecution_process_trajectory
tests/test_r18r1r1_canonical.py::test_historical_attempt_cannot_be_current[full_dag]
tests/test_r18r1r1_canonical.py::test_historical_attempt_cannot_be_current[full_dag_r2]
tests/test_r18r1r1_canonical.py::test_historical_attempt_cannot_be_current[full_dag_r3]
tests/test_r18r1r1_canonical.py::test_historical_attempt_cannot_be_current[full_dag_r4]
tests/test_r18r1r1_canonical.py::test_existing_perturbations_on_current_r5[future_source]
tests/test_r18r1r1_canonical.py::test_existing_perturbations_on_current_r5[after_cutoff]
tests/test_r18r1r1_canonical.py::test_existing_perturbations_on_current_r5[future_membership]
tests/test_r18r1r1_canonical.py::test_existing_perturbations_on_current_r5[current_as_historical]
tests/test_r18r1r1_canonical.py::test_existing_perturbations_on_current_r5[wrong_previous]
tests/test_r18r1r1_canonical.py::test_existing_perturbations_on_current_r5[r2_to_r1]
tests/test_r18r1r1_canonical.py::test_existing_perturbations_on_current_r5[prior_digest]
tests/test_r18r1r1_canonical.py::test_existing_perturbations_on_current_r5[same_pid]
tests/test_r18r1r1_canonical.py::test_existing_perturbations_on_current_r5[producer_not_exited]
tests/test_r18r1r1_canonical.py::test_existing_perturbations_on_current_r5[revision_logical_key]
tests/test_r18r1r1_canonical.py::test_existing_perturbations_on_current_r5[persistent_actionable]
tests/test_r18r1r1_canonical.py::test_existing_perturbations_on_current_r5[duplicate_episode]
tests/test_r18r1r1_canonical.py::test_existing_perturbations_on_current_r5[unknown_false]
tests/test_r18r1r1_canonical.py::test_existing_perturbations_on_current_r5[stale_authority]
tests/test_r18r1r1_canonical.py::test_existing_perturbations_on_current_r5[old_bytes_overwrite]
tests/test_r18r1r1_canonical.py::test_existing_perturbations_on_current_r5[different_output_digest]
tests/test_r18r1r1_canonical.py::test_current_oracle_expected_has_no_runtime_dependency
tests/test_r18r1r1_canonical.py::test_real_evidence_boundary_is_unchanged
tests/test_r18r1r1_consumption.py::test_field_precise_preexecution_proof
tests/test_r18r1r1_consumption.py::test_mandatory_consumption_perturbations[F0_D1_receipt_present_but_D1_argument_unbound]
tests/test_r18r1r1_consumption.py::test_mandatory_consumption_perturbations[D0_EVENT_receipt_present_but_event_argument_unbound]
tests/test_r18r1r1_consumption.py::test_mandatory_consumption_perturbations[F0_A_whole_node_substituted_for_base_seed_primitives]
tests/test_r18r1r1_consumption.py::test_mandatory_consumption_perturbations[F0_C_whole_node_substituted_for_stock_core]
tests/test_r18r1r1_consumption.py::test_mandatory_consumption_perturbations[A_C_whole_node_substituted_for_base_seed_raw]
tests/test_r18r1r1_consumption.py::test_mandatory_consumption_perturbations[D0_D2_wrong_confirmation_projection]
tests/test_r18r1r1_consumption.py::test_mandatory_consumption_perturbations[C_D2_wrong_stock_raw_projection]
tests/test_r18r1r1_consumption.py::test_mandatory_consumption_perturbations[consumer_argument_changed_after_receipt]
tests/test_r18r1r1_consumption.py::test_mandatory_consumption_perturbations[receipt_changed_to_match_posthoc_echo]
tests/test_r18r1r1_consumption.py::test_mandatory_consumption_perturbations[precall_envelope_created_after_output]
tests/test_r18r1r1_consumption.py::test_mandatory_consumption_perturbations[degraded_edge_fabricates_known_value]
tests/test_r18r1r1_consumption.py::test_retained_edge_perturbations[missing_B0]
tests/test_r18r1r1_consumption.py::test_retained_edge_perturbations[missing_B2]
tests/test_r18r1r1_consumption.py::test_retained_edge_perturbations[missing_membership]
tests/test_r18r1r1_consumption.py::test_retained_edge_perturbations[missing_D1_previous]
tests/test_r18r1r1_consumption.py::test_retained_edge_perturbations[wrong_owner]
tests/test_r18r1r1_consumption.py::test_retained_edge_perturbations[wrong_time_role]
tests/test_r18r1r1_consumption.py::test_retained_edge_perturbations[duplicate_edge]
tests/test_r18r1r1_consumption.py::test_retained_edge_perturbations[unexpected_edge]
tests/test_r18r1r1_consumption.py::test_retained_edge_perturbations[wrong_projection]
tests/test_r18r1r1_consumption.py::test_retained_edge_perturbations[unbound_D0_lineage]
tests/test_r18r1r1_consumption.py::test_actual_callable_reads_persisted_envelope_before_output
tests/test_r18r1r1_consumption.py::test_callable_cannot_mutate_frozen_argument
tests/test_r19_promotion_contracts.py::test_exact_promotion
tests/test_r19_promotion_contracts.py::test_promotion_rejects[audited]
tests/test_r19_promotion_contracts.py::test_promotion_rejects[tested]
tests/test_r19_promotion_contracts.py::test_promotion_rejects[stale_parent]
tests/test_r19_promotion_contracts.py::test_promotion_rejects[original_v13]
tests/test_r19_promotion_contracts.py::test_promotion_rejects[missing_rollback]
tests/test_r19_promotion_contracts.py::test_promotion_rejects[wrong_seal]
tests/test_r19_promotion_contracts.py::test_promotion_rejects[old_dag]
tests/test_r19_promotion_contracts.py::test_promotion_rejects[pit]
tests/test_r19_promotion_contracts.py::test_promotion_rejects[data]
tests/test_r19_promotion_contracts.py::test_promotion_rejects[production]
tests/test_r19_promotion_contracts.py::test_promotion_rejects[shadow]
tests/test_r19_promotion_contracts.py::test_promotion_rejects[focus]
tests/test_r19_promotion_contracts.py::test_promotion_rejects[runtime]
tests/test_r19_promotion_contracts.py::test_promotion_rejects[stage_range]
tests/test_r19_promotion_contracts.py::test_promotion_rejects[stage_prior_field]
tests/test_r19_promotion_contracts.py::test_B_contracts
tests/test_r19_promotion_contracts.py::test_C_contracts
tests/test_r19_promotion_contracts.py::test_D_contracts
tests/test_r19_promotion_contracts.py::test_semantic_mutation_rejected[radar_contract-owner_recomputation-True]
tests/test_r19_promotion_contracts.py::test_semantic_mutation_rejected[radar_contract-complete_ledger-False]
tests/test_r19_promotion_contracts.py::test_semantic_mutation_rejected[radar_event_registry-persistent_creates_event-True]
tests/test_r19_promotion_contracts.py::test_semantic_mutation_rejected[radar_event_registry-stock_warm-SYNTHESIZED]
tests/test_r19_promotion_contracts.py::test_semantic_mutation_rejected[cohort_contract-ignore_selection-value4]
tests/test_r19_promotion_contracts.py::test_semantic_mutation_rejected[cohort_contract-exited_invalidated_continue_settlement-False]
tests/test_r19_promotion_contracts.py::test_semantic_mutation_rejected[why_now_schema-qualification_effect-True]
tests/test_r19_promotion_contracts.py::test_semantic_mutation_rejected[conflict_hypothesis_schema-fabricate_second_story-True]
tests/test_r19_promotion_contracts.py::test_semantic_mutation_rejected[due_planner_contract-horizons-value8]
tests/test_r19_promotion_contracts.py::test_semantic_mutation_rejected[due_planner_contract-endpoint_suspension_shift-True]
tests/test_r19_promotion_contracts.py::test_semantic_mutation_rejected[forward_price_path_contract-T0_intraday_extrema_included-True]
tests/test_r19_promotion_contracts.py::test_semantic_mutation_rejected[forward_price_path_contract-common_basis_required-False]
tests/test_r19_promotion_contracts.py::test_semantic_mutation_rejected[outcome_status_contract-no_terminal_return-0]
tests/test_r19_promotion_contracts.py::test_semantic_mutation_rejected[outcome_status_contract-states-value13]
tests/test_r19_promotion_contracts.py::test_semantic_mutation_rejected[competing_outcome_contract-price_settlement_continues-False]
tests/test_r19_promotion_contracts.py::test_semantic_mutation_rejected[competing_outcome_contract-right_censored_is_event-True]
tests/test_r19_promotion_contracts.py::test_semantic_mutation_rejected[forward_market_benchmark_contract-reweight-True]
tests/test_r19_promotion_contracts.py::test_semantic_mutation_rejected[forward_market_benchmark_contract-consumer_isolation-False]
tests/test_r19_promotion_contracts.py::test_semantic_mutation_rejected[forward_sector_benchmark_contract-exclude_signal_stock-False]
tests/test_r19_promotion_contracts.py::test_semantic_mutation_rejected[rotation_pulse_basket_contract-members-FUTURE_MEMBERS]
tests/test_r19_promotion_contracts.py::test_semantic_mutation_rejected[control_assignment_contract-future_refill-True]
tests/test_r19_promotion_contracts.py::test_semantic_mutation_rejected[control_assignment_contract-assignments_immutable-False]
tests/test_r19_promotion_contracts.py::test_semantic_mutation_rejected[settlement_revision_contract-overwrite_signal_enrollment-True]
tests/test_r19_promotion_contracts.py::test_semantic_mutation_rejected[settlement_readback_contract-selection_independent-False]
tests/test_r19_promotion_contracts.py::test_semantic_mutation_rejected[quality_degradation-marked_coverage_gate-0.95]
tests/test_r19_promotion_contracts.py::test_semantic_mutation_rejected[quality_degradation-marked_quote_age_gate-3]
tests/test_r19_promotion_contracts.py::test_semantic_mutation_rejected[storage_schema_design-migration_apply-True]
tests/test_r19_promotion_contracts.py::test_semantic_mutation_rejected[contract_package-runtime_implemented-True]
tests/test_r19_promotion_contracts.py::test_semantic_mutation_rejected[contract_package-HISTORICAL_PIT_EFFECTIVENESS-PASS]
tests/test_r19_promotion_contracts.py::test_mutated_static_expected_rejected[radar_cohort_machine_vectors]
tests/test_r19_promotion_contracts.py::test_mutated_static_expected_rejected[settlement_machine_vectors]
tests/test_r19_promotion_contracts.py::test_mutated_static_expected_rejected[machine_vectors]
tests/test_r19_promotion_contracts.py::test_duplicate_authority_is_P0
tests/test_r19_promotion_contracts.py::test_self_consistent_missing_field_is_not_complete
tests/test_r19_promotion_contracts.py::test_forbidden_edge_cannot_be_added[edge0]
tests/test_r19_promotion_contracts.py::test_forbidden_edge_cannot_be_added[edge1]
tests/test_r19_promotion_contracts.py::test_forbidden_edge_cannot_be_added[edge2]
tests/test_r19_promotion_contracts.py::test_forbidden_edge_cannot_be_added[edge3]
tests/test_r19_promotion_contracts.py::test_forbidden_edge_cannot_be_added[edge4]
tests/test_r19_promotion_contracts.py::test_forbidden_edge_cannot_be_added[edge5]
tests/test_r19_promotion_contracts.py::test_missing_nonedge_rejected
tests/test_r19_promotion_contracts.py::test_benchmark_thresholds_remain_unset
tests/test_r19_promotion_contracts.py::test_independent_oracles_have_no_writer_or_runtime_dependency
tests/test_r20a_current.py::test_current_reader_injected_without_historical_validator
tests/test_r20a_current.py::test_independent_gate
tests/test_r20a_current.py::test_independent_current_negatives[range]
tests/test_r20a_current.py::test_independent_current_negatives[entry]
tests/test_r20a_current.py::test_independent_current_negatives[binding]
tests/test_r20a_current.py::test_independent_current_negatives[digest]
tests/test_r20a_current.py::test_independent_current_negatives[data]
tests/test_r20a_current.py::test_independent_current_negatives[production]
tests/test_r20a_current.py::test_independent_current_negatives[shadow]
tests/test_r20a_current.py::test_independent_current_negatives[focus]
tests/test_r20a_current.py::test_independent_current_negatives[pit]
tests/test_r20a_current.py::test_reader_no_latest_resolution
tests/test_r20b_portability.py::test_explicit_cross_platform
tests/test_r20b_portability.py::test_mutation_rejected[{"x":2}\n]
tests/test_r20b_portability.py::test_mutation_rejected[{ "x":1}\n]
tests/test_r20b_portability.py::test_mutation_rejected[\xef\xbb\xbf{"x":1}\n]
tests/test_r20b_portability.py::test_mutation_rejected[{"y":1}\n]
tests/test_r20b_portability.py::test_unregistered_normalization
tests/test_r20b_portability.py::test_binary_exact
tests/test_r20b_portability.py::test_escape_duplicate_missing_blob
tests/test_r20b_portability.py::test_lfs_missing_identity
tests/test_r20b_portability.py::test_bundle_only_future_seal_rejected
tests/test_r20b_portability.py::test_lfs_pointer_and_object_exact
tests/test_r20b_portability.py::test_windows_escape_on_every_host[C:\\absolute.json]
tests/test_r20b_portability.py::test_windows_escape_on_every_host[C:drive_relative.json]
tests/test_r20b_portability.py::test_windows_escape_on_every_host[..\\escape.json]
tests/test_r20b_portability.py::test_windows_escape_on_every_host[\\\\server\\share\\artifact.json]
tests/test_r20c_runtime.py::test_first_persistent_revision_and_correction
tests/test_r20c_runtime.py::test_frozen_event_families[FIRST_PREWATCH-STOCK-TRUE-True]
tests/test_r20c_runtime.py::test_frozen_event_families[REENTRY_PREWATCH-STOCK-TRUE-True]
tests/test_r20c_runtime.py::test_frozen_event_families[NEW_CONFIRMED-STOCK-TRUE-True]
tests/test_r20c_runtime.py::test_frozen_event_families[REACCELERATION_EVENT-STOCK-TRUE-True]
tests/test_r20c_runtime.py::test_frozen_event_families[UPGRADE_TO_WARM-SECTOR-TRUE-True]
tests/test_r20c_runtime.py::test_frozen_event_families[INVALIDATION-STOCK-FALSE-False]
tests/test_r20c_runtime.py::test_frozen_event_families[UPGRADE_TO_WARM-STOCK-TRUE-False]
tests/test_r20c_runtime.py::test_focus_display_and_multisector_do_not_filter
tests/test_r20c_runtime.py::test_forbidden_metadata[focus_filter]
tests/test_r20c_runtime.py::test_forbidden_metadata[ui_top_k_filter]
tests/test_r20c_runtime.py::test_forbidden_metadata[future_source]
tests/test_r20c_runtime.py::test_forbidden_metadata[fep_prediction]
tests/test_r20c_runtime.py::test_forbidden_metadata[reset_T0]
tests/test_r20c_runtime.py::test_forbidden_metadata[redraw_controls]
tests/test_r20c_runtime.py::test_forbidden_metadata[qualification_source]
tests/test_r20c_runtime.py::test_changed_byte_overwrite_rejected
tests/test_r20c_runtime.py::test_illegal_episode_revision
tests/test_r20c_runtime.py::test_formal_exit_reentry_preserves_old
tests/test_r20c_runtime.py::test_no_current_authority_and_namespace_escape
tests/test_r20c_runtime.py::test_unsealed_publication_rejected
tests/test_r20c_runtime.py::test_future_event_rejected
tests/test_r20c_runtime.py::test_duplicate_entity_rejected
tests/test_r20c_runtime.py::test_diagnostics_never_primary_enrollment[SEED]
tests/test_r20c_runtime.py::test_diagnostics_never_primary_enrollment[NEAR_MISS]
tests/test_r20d_settlement.py::test_independent_formula_examples[closes0-expected0]
tests/test_r20d_settlement.py::test_independent_formula_examples[closes1-expected1]
tests/test_r20d_settlement.py::test_independent_formula_examples[closes2-expected2]
tests/test_r20d_settlement.py::test_independent_formula_examples[closes3-expected3]
tests/test_r20d_settlement.py::test_no_coercion[update0-IDENTITY_UNKNOWN]
tests/test_r20d_settlement.py::test_no_coercion[update1-ADJUSTMENT_UNKNOWN]
tests/test_r20d_settlement.py::test_no_coercion[update2-ADJUSTMENT_UNKNOWN]
tests/test_r20d_settlement.py::test_no_coercion[update3-SUSPENDED_AT_HORIZON]
tests/test_r20d_settlement.py::test_no_coercion[update4-DELISTED_BEFORE_HORIZON]
tests/test_r20d_settlement.py::test_no_coercion[update5-MATURED_DATA_MISSING]
tests/test_r20d_settlement.py::test_terminal_evidence_and_gaps
tests/test_r20d_settlement.py::test_affine_common_basis_and_exclude_t0_extrema
tests/test_r20d_settlement.py::test_calendar
tests/test_r20d_settlement.py::test_fixed_benchmark_no_reweight
tests/test_r20d_settlement.py::test_controls
tests/test_r20d_settlement.py::test_unknown_delta_does_not_invent_ranking
tests/test_r20d_settlement.py::test_benchmark_mixed_basis_and_distinct_t0_transform
tests/test_r20d_settlement.py::test_availability_no_future
tests/test_r20d_settlement.py::test_persisted_revision_readback
tests/test_r20d_settlement.py::test_strict_accepted_projection
tests/test_r20d_settlement.py::test_all_horizons_independent_arithmetic[1]
tests/test_r20d_settlement.py::test_all_horizons_independent_arithmetic[3]
tests/test_r20d_settlement.py::test_all_horizons_independent_arithmetic[5]
tests/test_r20d_settlement.py::test_all_horizons_independent_arithmetic[10]
tests/test_r20d_settlement.py::test_all_horizons_independent_arithmetic[20]
tests/test_r20d_settlement.py::test_sector_runtime_and_rotation
tests/test_r20d_settlement.py::test_reconstruction_does_not_fake_available_t0
tests/test_r20d_settlement.py::test_bad_affine[0-0]
tests/test_r20d_settlement.py::test_bad_affine[-1-0]
tests/test_r20d_settlement.py::test_bad_affine[nan-0]
tests/test_r20d_settlement.py::test_bad_affine[1-inf]
tests/test_r20e_persisted.py::test_full_independent_disk_oracle
tests/test_r20e_persisted.py::test_current_authority_negatives[stage_pointer_reverted_to_v4_13]
tests/test_r20e_persisted.py::test_current_authority_negatives[stale_v4_14_entry]
tests/test_r20e_persisted.py::test_current_authority_negatives[v4_14_head_digest_mutated]
tests/test_r20e_persisted.py::test_persisted_semantic_negatives[future_source_before_T0_freeze]
tests/test_r20e_persisted.py::test_persisted_semantic_negatives[Focus_filters_enrollment]
tests/test_r20e_persisted.py::test_persisted_semantic_negatives[UI_filters_enrollment]
tests/test_r20e_persisted.py::test_persisted_semantic_negatives[same_day_revision_new_logical_event]
tests/test_r20e_persisted.py::test_persisted_semantic_negatives[source_correction_resets_T0]
tests/test_r20e_persisted.py::test_persisted_semantic_negatives[source_correction_redraws_controls]
tests/test_r20e_persisted.py::test_persisted_semantic_negatives[benchmark_reweights_missing_member]
tests/test_r20e_persisted.py::test_persisted_semantic_negatives[marked_threshold_invented]
tests/test_r20e_persisted.py::test_persisted_semantic_negatives[control_future_refill]
tests/test_r20e_persisted.py::test_persisted_semantic_negatives[control_assignment_changed_after_crossing]
tests/test_r20e_persisted.py::test_persisted_semantic_negatives[same_source_creates_duplicate_revision]
tests/test_r20e_persisted.py::test_persisted_semantic_negatives[corrected_source_overwrites_first_observed]
tests/test_r20e_persisted.py::test_persisted_semantic_negatives[mixed_adjustment_basis]
tests/test_r20e_persisted.py::test_persisted_semantic_negatives[unregistered_CRLF_normalization]
tests/test_r20e_persisted.py::test_persisted_semantic_negatives[binary_normalization]
tests/test_r20e_persisted.py::test_persisted_semantic_negatives[FEP_feedback]
tests/test_r20e_persisted.py::test_persisted_semantic_negatives[raw_provider_fallback]
tests/test_r20e_persisted.py::test_changed_byte_overwrite_fails_closed
tests/test_r20e_persisted.py::test_oracle_does_not_import_evaluators_or_resolver
tests/test_r20e_persisted.py::test_real_quote_does_not_grant_research_universe_or_controls
tests/test_r20r1_scope.py::test_independent_exact_feasibility
tests/test_r20r1_scope.py::test_current_real_outcomes_are_pending
tests/test_r20r1_scope.py::test_pending_or_zero_read_count_never_pass[outcomes0-1]
tests/test_r20r1_scope.py::test_pending_or_zero_read_count_never_pass[outcomes1-0]
tests/test_r20r1_scope.py::test_pending_or_zero_read_count_never_pass[outcomes2-1]
tests/test_r20r1_scope.py::test_pending_or_zero_read_count_never_pass[outcomes3-0]
tests/test_r20r1_scope.py::test_ineligible_evidence_never_grants_real_maturity[ENGINEERING_SYNTHETIC]
tests/test_r20r1_scope.py::test_ineligible_evidence_never_grants_real_maturity[MACHINE_VECTOR]
tests/test_r20r1_scope.py::test_ineligible_evidence_never_grants_real_maturity[HISTORICAL_PRICES_ONLY]
tests/test_r20r1_scope.py::test_ineligible_evidence_never_grants_real_maturity[RECONSTRUCTED_ASOF]
tests/test_r20r1_scope.py::test_ineligible_evidence_never_grants_real_maturity[RAW_PROVIDER_FALLBACK]
tests/test_r20r1_scope.py::test_reconstructed_and_synthetic_lineage_cannot_upgrade[RECONSTRUCTED_ASOF]
tests/test_r20r1_scope.py::test_reconstructed_and_synthetic_lineage_cannot_upgrade[SYNTHETIC]
tests/test_r20r1_scope.py::test_reconstructed_and_synthetic_lineage_cannot_upgrade[CORRECTED_RECONSTRUCTION]
tests/test_r20r1_scope.py::test_reconstructed_and_synthetic_lineage_cannot_upgrade[ENGINEERING_VECTOR]
tests/test_r20r1_scope.py::test_claimed_booleans_are_not_exact_maturity_proof[raw_provider_fallback]
tests/test_r20r1_scope.py::test_claimed_booleans_are_not_exact_maturity_proof[historical_prices_only]
tests/test_r20r1_scope.py::test_claimed_booleans_are_not_exact_maturity_proof[T0_freeze_before_future_read]
tests/test_r20r1_scope.py::test_claimed_booleans_are_not_exact_maturity_proof[independent_exact_maturity_proof]
tests/test_r20r1_scope.py::test_claimed_booleans_are_not_exact_maturity_proof[caller_asserted_pass_without_bound_evidence]
tests/test_r20r1_scope.py::test_real_denial_is_explicit_and_pit_denied
tests/test_r20r1_scope.py::test_independent_oracle
tests/test_r20r1_scope.py::test_independent_scope_oracle_rejects_widening[matured_pass]
tests/test_r20r1_scope.py::test_independent_scope_oracle_rejects_widening[historical_pit_pass]
tests/test_r20r1_scope.py::test_independent_scope_oracle_rejects_widening[generic_label]
tests/test_r20r1_scope.py::test_independent_scope_oracle_rejects_widening[remove_binding]
tests/test_r20r1_scope.py::test_independent_scope_oracle_rejects_widening[change_binding]
tests/test_r20r1_scope.py::test_independent_scope_oracle_rejects_widening[production]
tests/test_r20r1_scope.py::test_independent_scope_oracle_rejects_widening[shadow]
tests/test_r20r1_scope.py::test_independent_scope_oracle_rejects_widening[focus]
tests/test_r20r1_scope.py::test_independent_scope_oracle_rejects_widening[V4_16]
tests/test_r20r1_scope.py::test_independent_scope_oracle_rejects_widening[accepted_head]
tests/test_r20r1_scope.py::test_independent_scope_oracle_rejects_widening[stage_advance]
tests/test_r20r1_scope.py::test_independent_scope_oracle_rejects_widening[data_advance]
tests/test_r20r1_scope.py::test_independent_scope_oracle_rejects_widening[supersession_rewrite]
tests/test_r20r1_scope.py::test_independent_scope_oracle_rejects_widening[new_T0_scope]
tests/test_r20r1_scope.py::test_validation_debt_is_separate_and_fail_closed[close_debt]
tests/test_r20r1_scope.py::test_validation_debt_is_separate_and_fail_closed[invent_coverage]
tests/test_r20r1_scope.py::test_validation_debt_is_separate_and_fail_closed[invent_reads]
tests/test_r20r1_scope.py::test_validation_debt_is_separate_and_fail_closed[block_unrelated]
tests/test_r20r1_scope.py::test_validation_debt_is_separate_and_fail_closed[permit_next_stage]
tests/test_r20r1_scope.py::test_validation_debt_is_separate_and_fail_closed[unbound_evidence]
tests/test_r20r1_scope.py::test_exact_bytes_and_path_escape_fail_closed
tests/test_r20r1_scope.py::test_oracles_are_independent_of_writer_and_evaluators
tests/test_r20r1_scope.py::test_debt_increment_without_actual_maturity_stays_open_and_is_idempotent
tests/test_r20r1_scope.py::test_incremental_debt_requires_real_authority_before_accepting_prices[synthetic_owner]
tests/test_r20r1_scope.py::test_incremental_debt_requires_real_authority_before_accepting_prices[unsealed_owner]
tests/test_r20r1_scope.py::test_incremental_debt_requires_real_authority_before_accepting_prices[reconstructed_lineage]
tests/test_r20r1_scope.py::test_incremental_debt_requires_real_authority_before_accepting_prices[fabricated_earlier_T0]
tests/test_r20r1_scope.py::test_incremental_debt_requires_real_authority_before_accepting_prices[wrong_head]
tests/test_r20r1_scope.py::test_incremental_debt_requires_real_authority_before_accepting_prices[wrong_data]
tests/test_r20r1r1_maturity.py::test_current_exact_authority_no_real_maturity
tests/test_r20r1r1_maturity.py::test_positive_reconstructed_t1_is_reachable
tests/test_r20r1r1_maturity.py::test_incremental_all_horizons_and_old_snapshots_revalidate
tests/test_r20r1r1_maturity.py::test_duplicate_exact_packet_is_idempotent
tests/test_r20r1r1_maturity.py::test_negative_packets_fail_closed[synthetic_owner]
tests/test_r20r1r1_maturity.py::test_negative_packets_fail_closed[unsealed_owner]
tests/test_r20r1r1_maturity.py::test_negative_packets_fail_closed[enrollment_mismatch]
tests/test_r20r1r1_maturity.py::test_negative_packets_fail_closed[freeze_mismatch]
tests/test_r20r1r1_maturity.py::test_negative_packets_fail_closed[raw_provider]
tests/test_r20r1r1_maturity.py::test_negative_packets_fail_closed[prices_only]
tests/test_r20r1r1_maturity.py::test_negative_packets_fail_closed[unaccepted_endpoint]
tests/test_r20r1r1_maturity.py::test_negative_packets_fail_closed[before_freeze]
tests/test_r20r1r1_maturity.py::test_negative_packets_fail_closed[wrong_horizon]
tests/test_r20r1r1_maturity.py::test_negative_packets_fail_closed[wrong_due]
tests/test_r20r1r1_maturity.py::test_negative_packets_fail_closed[corrupted_outcome]
tests/test_r20r1r1_maturity.py::test_negative_packets_fail_closed[boolean_proof]
tests/test_r20r1r1_maturity.py::test_negative_packets_fail_closed[PIT_upgrade]
tests/test_r20r1r1_maturity.py::test_negative_packets_fail_closed[realtime_upgrade]
tests/test_r20r1r1_maturity.py::test_negative_packets_fail_closed[incomplete_path]
tests/test_r20r1r1_maturity.py::test_negative_packets_fail_closed[T0_in_path]
tests/test_r20r1r1_maturity.py::test_negative_packets_fail_closed[corrupt_exact_bytes]
tests/test_r20r1r1_maturity.py::test_negative_packets_fail_closed[unknown_data_snapshot]
tests/test_r20r1r1_maturity.py::test_negative_packets_fail_closed[nonfinite_outcome]
tests/test_r20r1r1_maturity.py::test_mixed_accepted_basis_rejected_even_after_exact_rebinding
tests/test_r20r1r1_maturity.py::test_independent_coverage_oracle_rejects_overclaims[full_after_t1]
tests/test_r20r1r1_maturity.py::test_independent_coverage_oracle_rejects_overclaims[global_unblock_after_t1]
tests/test_r20r1r1_maturity.py::test_independent_coverage_oracle_rejects_overclaims[invent_horizon]
tests/test_r20r1r1_maturity.py::test_independent_coverage_oracle_rejects_overclaims[PIT_upgrade]
tests/test_r20r1r1_maturity.py::test_independent_coverage_oracle_rejects_overclaims[stage_authorized]
tests/test_r20r1r1_maturity.py::test_readback_tamper_cannot_invent_coverage
tests/test_r20r1r1_maturity.py::test_corrected_source_appends_and_preserves_first_observed
tests/test_r20r1r1_maturity.py::test_duplicate_packet_cannot_change_existing_receipt
tests/test_r20r1r1_maturity.py::test_corrected_source_cannot_overwrite_first_observation
tests/test_r20r1r1_maturity.py::test_fixture_cannot_write_current_repository
tests/test_r20r1r1_maturity.py::test_independent_oracle_has_no_writer_or_evaluator_imports
tests/test_r20r1r2_dm01.py::test_production_shaped_batch_positive[1]
tests/test_r20r1r2_dm01.py::test_production_shaped_batch_positive[3]
tests/test_r20r1r2_dm01.py::test_production_shaped_batch_positive[5]
tests/test_r20r1r2_dm01.py::test_production_shaped_batch_positive[10]
tests/test_r20r1r2_dm01.py::test_production_shaped_batch_positive[20]
tests/test_r20r1r2_dm01.py::test_incremental_coverage_and_duplicate_preserve_pass_keep
tests/test_r20r1r2_dm01.py::test_native_schema_semantic_negatives[invented_source_fields]
tests/test_r20r1r2_dm01.py::test_native_schema_semantic_negatives[unknown_adjustment]
tests/test_r20r1r2_dm01.py::test_native_schema_semantic_negatives[missing_qfq]
tests/test_r20r1r2_dm01.py::test_native_schema_semantic_negatives[ambiguous_identity]
tests/test_r20r1r2_dm01.py::test_native_schema_semantic_negatives[wrong_artifact_date]
tests/test_r20r1r2_dm01.py::test_native_schema_semantic_negatives[receipt_date]
tests/test_r20r1r2_dm01.py::test_native_schema_semantic_negatives[parent_component]
tests/test_r20r1r2_dm01.py::test_native_schema_semantic_negatives[parent_digest]
tests/test_r20r1r2_dm01.py::test_native_schema_semantic_negatives[wrong_target]
tests/test_r20r1r2_dm01.py::test_native_schema_semantic_negatives[wrong_source_revision]
tests/test_r20r1r2_dm01.py::test_native_schema_semantic_negatives[wrong_source_bar]
tests/test_r20r1r2_dm01.py::test_native_schema_semantic_negatives[unbound_source_inputs]
tests/test_r20r1r2_dm01.py::test_production_authority_negatives[missing_receipt]
tests/test_r20r1r2_dm01.py::test_production_authority_negatives[receipt_artifact_bytes]
tests/test_r20r1r2_dm01.py::test_production_authority_negatives[chain_membership]
tests/test_r20r1r2_dm01.py::test_production_authority_negatives[missing_session]
tests/test_r20r1r2_dm01.py::test_production_authority_negatives[chain_parent]
tests/test_r20r1r2_dm01.py::test_production_authority_negatives[incomplete_final_components]
tests/test_r20r1r2_dm01.py::test_production_authority_negatives[invented_head_list]
tests/test_r20r1r2_dm01.py::test_projection_deterministic_source_immutable_and_t0_mapping
tests/test_r20r1r2_dm01.py::test_projection_digest_tracks_exact_descriptor_changes
tests/test_r20r1r2_dm01.py::test_independent_oracle_fail_closed[projection_missing]
tests/test_r20r1r2_dm01.py::test_independent_oracle_fail_closed[projection_t0_math]
tests/test_r20r1r2_dm01.py::test_independent_oracle_fail_closed[outcome_math]
tests/test_r20r1r2_dm01.py::test_independent_oracle_fail_closed[pit]
tests/test_r20r1r2_dm01.py::test_independent_oracle_fail_closed[one_horizon_full]
tests/test_r20r1r2_dm01.py::test_independent_oracle_fail_closed[one_horizon_global_unblock]
tests/test_r20r1r2_dm01.py::test_active_admission_rejects_old_fixture_shortcut
tests/test_r20r1r2_dm01.py::test_oracle_import_independence
tests/test_r20r1r2_dm01.py::test_current_real_fail_closed
tests/test_r20r1r2_dm01.py::test_production_same_day_correction_append_only
tests/test_r20r1r2_dm01.py::test_prior_same_day_revision_requires_explicit_accepted_record_binding
tests/test_r21_promotion.py::test_independent_promotion
tests/test_r21_promotion.py::test_current_and_explicit_replay
tests/test_r21_promotion.py::test_exact_rollback_restoration
tests/test_r21_promotion.py::test_fail_closed[stage]
tests/test_r21_promotion.py::test_fail_closed[entry]
tests/test_r21_promotion.py::test_fail_closed[head_digest]
tests/test_r21_promotion.py::test_fail_closed[production]
tests/test_r21_promotion.py::test_fail_closed[shadow]
tests/test_r21_promotion.py::test_fail_closed[focus]
tests/test_r21_promotion.py::test_fail_closed[V4_16]
tests/test_r21_promotion.py::test_fail_closed[pit]
tests/test_r21_promotion.py::test_fail_closed[maturity]
tests/test_r21_promotion.py::test_fail_closed[proved]
tests/test_r21_promotion.py::test_fail_closed[unproved]
tests/test_r21_promotion.py::test_fail_closed[real]
tests/test_r21_promotion.py::test_fail_closed[realtime]
tests/test_r21_promotion.py::test_fail_closed[audit]
tests/test_r21_promotion.py::test_fail_closed[seal]
tests/test_r21_promotion.py::test_fail_closed[tested]
tests/test_r21_promotion.py::test_oracle_never_calls_writer
tests/test_r22_contracts.py::test_phase0_independent_gate
tests/test_r22_contracts.py::test_only_external_governance_findings_close
tests/test_r22_contracts.py::test_formalization_fail_closed_external_authority[audited_remote_head-0000000000000000000000000000000000000000]
tests/test_r22_contracts.py::test_formalization_fail_closed_external_authority[tested_source-0000000000000000000000000000000000000000]
tests/test_r22_contracts.py::test_formalization_fail_closed_external_authority[tested_tag-refs/tags/WRONG]
tests/test_r22_contracts.py::test_formalization_fail_closed_external_authority[external_decision-PASS_FULL_RUNTIME]
tests/test_r22_contracts.py::test_formalization_fail_closed_external_authority[external_authority-value4]
tests/test_r22_contracts.py::test_formalization_fail_closed_external_authority[grant-V4_16_RUNTIME_GRANTED]
tests/test_r22_contracts.py::test_formalization_fail_closed_external_authority[production-True]
tests/test_r22_contracts.py::test_formalization_fail_closed_external_authority[shadow-True]
tests/test_r22_contracts.py::test_formalization_fail_closed_external_authority[focus-True]
tests/test_r22_contracts.py::test_formalization_fail_closed_external_authority[V4_16-True]
tests/test_r22_contracts.py::test_formalization_never_closes_capability_debt[A04_H21_CONSUMER]
tests/test_r22_contracts.py::test_formalization_never_closes_capability_debt[A04_HISTORICAL_AMOUNT_A]
tests/test_r22_contracts.py::test_formalization_never_closes_capability_debt[A08_CURRENT_RUNTIME]
tests/test_r22_contracts.py::test_formalization_never_closes_capability_debt[REAL_MATURED_ACCEPTED_SOURCE_SETTLEMENT_RUNTIME]
tests/test_r22_contracts.py::test_formalization_never_closes_capability_debt[REALTIME_ACCEPTED_COHORT_MATURITY]
tests/test_r22_contracts.py::test_formalization_never_closes_capability_debt[HISTORICAL_PIT_EFFECTIVENESS]
tests/test_r22_contracts.py::test_new_current_reader_uses_explicit_v2_and_returns_copies
tests/test_r22_contracts.py::test_contract_completeness
tests/test_r22_contracts.py::test_missing_clock_is_explicit_affected_scope
tests/test_r22_contracts.py::test_cannot_invent_accepted_clock[scheduled_cutoff_at]
tests/test_r22_contracts.py::test_cannot_invent_accepted_clock[observation_deadline]
tests/test_r22_contracts.py::test_cannot_invent_accepted_clock[accepted_clock_binding]
tests/test_r22_contracts.py::test_each_contract_denies_shadow_runtime[realtime_shadow]
tests/test_r22_contracts.py::test_each_contract_denies_shadow_runtime[observation_slot]
tests/test_r22_contracts.py::test_each_contract_denies_shadow_runtime[shadow_namespace]
tests/test_r22_contracts.py::test_each_contract_denies_shadow_runtime[shadow_health]
tests/test_r22_contracts.py::test_each_contract_denies_shadow_runtime[settlement_worker]
tests/test_r22_contracts.py::test_each_contract_denies_shadow_runtime[machine_vectors]
tests/test_r22_contracts.py::test_contract_freeze_never_grants_runtime_or_cutover[runtime_implemented]
tests/test_r22_contracts.py::test_contract_freeze_never_grants_runtime_or_cutover[runtime_authorized]
tests/test_r22_contracts.py::test_contract_freeze_never_grants_runtime_or_cutover[production]
tests/test_r22_contracts.py::test_contract_freeze_never_grants_runtime_or_cutover[focus]
tests/test_r22_contracts.py::test_contract_freeze_never_grants_runtime_or_cutover[V4_16]
tests/test_r22_contracts.py::test_future_gate_not_claimed[SHADOW_STABLE]
tests/test_r22_contracts.py::test_future_gate_not_claimed[PROVISIONAL_FORWARD_EVIDENCE]
tests/test_r22_contracts.py::test_future_gate_not_claimed[FORWARD_SUPPORTED]
tests/test_r22_contracts.py::test_every_required_vector_has_independent_frozen_expected[ON_TIME_FIRST_SLOT]
tests/test_r22_contracts.py::test_every_required_vector_has_independent_frozen_expected[LATE_BACKFILL]
tests/test_r22_contracts.py::test_every_required_vector_has_independent_frozen_expected[SAME_DAY_R2]
tests/test_r22_contracts.py::test_every_required_vector_has_independent_frozen_expected[LEGACY_PRIOR]
tests/test_r22_contracts.py::test_every_required_vector_has_independent_frozen_expected[MISSING_PREVIOUS_SHADOW_SESSION]
tests/test_r22_contracts.py::test_every_required_vector_has_independent_frozen_expected[MODEL_PARAMETER_CHANGE]
tests/test_r22_contracts.py::test_every_required_vector_has_independent_frozen_expected[HISTORICAL_REPLAY]
tests/test_r22_contracts.py::test_every_required_vector_has_independent_frozen_expected[FOCUS_UI_EXCLUSION]
tests/test_r22_contracts.py::test_every_required_vector_has_independent_frozen_expected[PRE_DUE_ENDPOINT]
tests/test_r22_contracts.py::test_every_required_vector_has_independent_frozen_expected[DUE_SOURCE_UNAVAILABLE]
tests/test_r22_contracts.py::test_every_required_vector_has_independent_frozen_expected[SETTLEMENT_RERUN]
tests/test_r22_contracts.py::test_every_required_vector_has_independent_frozen_expected[CORRECTED_EVALUATION_SOURCE]
tests/test_r22_contracts.py::test_every_required_vector_has_independent_frozen_expected[CURRENT_MEMBERSHIP_BACKFILL]
tests/test_r22_contracts.py::test_every_required_vector_has_independent_frozen_expected[BAOSTOCK_UNAVAILABLE]
tests/test_r22_contracts.py::test_every_required_vector_has_independent_frozen_expected[CAPABILITY_ISOLATION]
tests/test_r22_contracts.py::test_every_required_vector_has_independent_frozen_expected[P0_STATE_VIOLATION]
tests/test_r22_contracts.py::test_every_required_vector_has_independent_frozen_expected[MISSED_MARKET_SESSION]
tests/test_r22_contracts.py::test_every_required_vector_has_independent_frozen_expected[LEGACY_PRODUCTION_ISOLATION]
tests/test_r22_contracts.py::test_every_required_vector_has_independent_frozen_expected[SOURCE_CORRECTION_AFTER_ENROLLMENT]
tests/test_r22_contracts.py::test_every_required_vector_has_independent_frozen_expected[DUPLICATE_LOGICAL_EPISODE]
tests/test_r22_contracts.py::test_every_required_vector_has_independent_frozen_expected[UNSET_CLOCK_AUTHORITY]
tests/test_r22_contracts.py::test_every_required_vector_has_independent_frozen_expected[GOVERNANCE_CAPABILITY_DEBT]
tests/test_r22_contracts.py::test_every_required_vector_has_independent_frozen_expected[ENGINEERING_MATURITY_VECTOR]
tests/test_r22_contracts.py::test_missing_negative_family_rejected
tests/test_r22_contracts.py::test_forbidden_feedback_namespace_due_and_correction[realtime_shadow-reconstruction_upgrade-True]
tests/test_r22_contracts.py::test_forbidden_feedback_namespace_due_and_correction[realtime_shadow-FEP_feedback-True]
tests/test_r22_contracts.py::test_forbidden_feedback_namespace_due_and_correction[shadow_namespace-legacy_prior_reads-True]
tests/test_r22_contracts.py::test_forbidden_feedback_namespace_due_and_correction[shadow_namespace-legacy_writes-True]
tests/test_r22_contracts.py::test_forbidden_feedback_namespace_due_and_correction[shadow_namespace-production_focus_changes-True]
tests/test_r22_contracts.py::test_forbidden_feedback_namespace_due_and_correction[shadow_namespace-default_UI_changes-True]
tests/test_r22_contracts.py::test_forbidden_feedback_namespace_due_and_correction[settlement_worker-settle_invalidated_exited-False]
tests/test_r22_contracts.py::test_forbidden_feedback_namespace_due_and_correction[settlement_worker-settle_UI_excluded-False]
tests/test_r22_contracts.py::test_forbidden_feedback_namespace_due_and_correction[settlement_worker-raw_provider_fallback-True]
tests/test_r22_contracts.py::test_forbidden_feedback_namespace_due_and_correction[settlement_worker-suspension_moves_horizon-True]
tests/test_r22_contracts.py::test_forbidden_feedback_namespace_due_and_correction[settlement_worker-horizons-value10]
tests/test_r22_contracts.py::test_forbidden_feedback_namespace_due_and_correction[settlement_worker-result_key-value11]
tests/test_r22_contracts.py::test_forbidden_feedback_namespace_due_and_correction[realtime_shadow-revision_behavior-OVERWRITE_T0]
tests/test_r22_contracts.py::test_UI_never_filters_cohort
tests/test_r22_contracts.py::test_BaoStock_failure_never_blocks_core
tests/test_r22_contracts.py::test_correction_cannot_redraw_controls
tests/test_r22_contracts.py::test_real_maturity_cannot_use_engineering_vectors
tests/test_r22_contracts.py::test_replay_cannot_fill_twenty_sessions
tests/test_r22_contracts.py::test_sector_numeric_minimum_not_invented
tests/test_r22_contracts.py::test_independent_oracles_never_import_writer_or_business_runtime
tests/test_r22_contracts.py::test_explicit_paths_no_latest_discovery
tests/test_r22_contracts.py::test_atomic_namespace_refuses_business_write
tests/test_r22_contracts.py::test_current_stage_and_data_and_protected_bytes_unchanged
tests/test_r22r1_contracts.py::test_independent_authored_clock_vectors[CLOCK-01]
tests/test_r22r1_contracts.py::test_independent_authored_clock_vectors[CLOCK-02]
tests/test_r22r1_contracts.py::test_independent_authored_clock_vectors[CLOCK-03]
tests/test_r22r1_contracts.py::test_independent_authored_clock_vectors[CLOCK-04]
tests/test_r22r1_contracts.py::test_independent_authored_clock_vectors[CLOCK-05]
tests/test_r22r1_contracts.py::test_independent_authored_clock_vectors[CLOCK-06]
tests/test_r22r1_contracts.py::test_independent_authored_clock_vectors[CLOCK-07]
tests/test_r22r1_contracts.py::test_independent_authored_clock_vectors[CLOCK-08]
tests/test_r22r1_contracts.py::test_independent_authored_clock_vectors[CLOCK-09]
tests/test_r22r1_contracts.py::test_independent_authored_clock_vectors[CLOCK-11]
tests/test_r22r1_contracts.py::test_independent_authored_clock_vectors[CLOCK-12]
tests/test_r22r1_contracts.py::test_independent_authored_clock_vectors[CLOCK-13]
tests/test_r22r1_contracts.py::test_independent_authored_clock_vectors[CLOCK-14]
tests/test_r22r1_contracts.py::test_independent_authored_clock_vectors[CLOCK-15]
tests/test_r22r1_contracts.py::test_independent_authored_clock_vectors[CLOCK-16]
tests/test_r22r1_contracts.py::test_independent_authored_clock_vectors[CLOCK-17]
tests/test_r22r1_contracts.py::test_full_independent_gate
tests/test_r22r1_contracts.py::test_clock10_new_policy_and_window_reset
tests/test_r22r1_contracts.py::test_clock_change_cannot_reuse_policy[scheduled_source_cutoff_local]
tests/test_r22r1_contracts.py::test_clock_change_cannot_reuse_policy[observation_publication_deadline_local]
tests/test_r22r1_contracts.py::test_clock_change_cannot_reuse_policy[source_provider_available_at]
tests/test_r22r1_contracts.py::test_clock_change_cannot_reuse_policy[system_available_at]
tests/test_r22r1_contracts.py::test_no_changed_policy_no_reset
tests/test_r22r1_contracts.py::test_mandatory_receipt_fail_closed[receipt]
tests/test_r22r1_contracts.py::test_mandatory_receipt_fail_closed[accepted]
tests/test_r22r1_contracts.py::test_mandatory_receipt_fail_closed[integrity_pass]
tests/test_r22r1_contracts.py::test_one_late_mandatory_member_blocks_whole_set
tests/test_r22r1_contracts.py::test_non_utc_timestamp_rejected
tests/test_r22r1_contracts.py::test_empty_mandatory_set_rejected
tests/test_r22r1_contracts.py::test_v3_reader_canonical_alias_and_permissions
tests/test_r22r1_contracts.py::test_normalization_cannot_change_capability[A04_H21_CONSUMER]
tests/test_r22r1_contracts.py::test_normalization_cannot_change_capability[A04_HISTORICAL_AMOUNT_A]
tests/test_r22r1_contracts.py::test_normalization_cannot_change_capability[A08_CURRENT_RUNTIME]
tests/test_r22r1_contracts.py::test_normalization_cannot_change_capability[REAL_MATURED_ACCEPTED_SOURCE_SETTLEMENT_RUNTIME]
tests/test_r22r1_contracts.py::test_normalization_cannot_change_capability[HISTORICAL_PIT_EFFECTIVENESS]
tests/test_r22r1_contracts.py::test_normalization_cannot_change_boolean[blocks_v4_16_contract_entry]
tests/test_r22r1_contracts.py::test_normalization_cannot_change_boolean[blocks_v4_16_runtime_activation]
tests/test_r22r1_contracts.py::test_normalization_cannot_change_boolean[blocks_affected_capability_in_shadow]
tests/test_r22r1_contracts.py::test_normalization_cannot_change_boolean[blocks_production_cutover_for_scope]
tests/test_r22r1_contracts.py::test_clock_policy_mutation_rejected[timezone-UTC]
tests/test_r22r1_contracts.py::test_clock_policy_mutation_rejected[scheduled_source_cutoff_local-21:01:00]
tests/test_r22r1_contracts.py::test_clock_policy_mutation_rejected[observation_publication_deadline_local-23:00:00]
tests/test_r22r1_contracts.py::test_clock_policy_mutation_rejected[historical_v4_00c_claim-True]
tests/test_r22r1_contracts.py::test_clock_policy_mutation_rejected[publication_before_cutoff_allowed-False]
tests/test_r22r1_contracts.py::test_clock_policy_mutation_rejected[backdating_allowed-True]
tests/test_r22r1_contracts.py::test_clock_policy_mutation_rejected[market_session_only-False]
tests/test_r22r1_contracts.py::test_clock_policy_mutation_rejected[source_provider_available_at-OBJECTIVE_PROVIDER_TIME]
tests/test_r22r1_contracts.py::test_clock_policy_mutation_rejected[shadow-True]
tests/test_r22r1_contracts.py::test_clock_policy_mutation_rejected[runtime_authorized-True]
tests/test_r22r1_contracts.py::test_oracle_never_imports_writer
tests/test_r22r1_contracts.py::test_historical_slot_clock_remains_unset
tests/test_r23_runtime.py::test_negative_e2e_families[N01]
tests/test_r23_runtime.py::test_negative_e2e_families[N02]
tests/test_r23_runtime.py::test_negative_e2e_families[N03]
tests/test_r23_runtime.py::test_negative_e2e_families[N04]
tests/test_r23_runtime.py::test_negative_e2e_families[N05]
tests/test_r23_runtime.py::test_negative_e2e_families[N06]
tests/test_r23_runtime.py::test_negative_e2e_families[N07]
tests/test_r23_runtime.py::test_negative_e2e_families[N08]
tests/test_r23_runtime.py::test_negative_e2e_families[N09]
tests/test_r23_runtime.py::test_negative_e2e_families[N10]
tests/test_r23_runtime.py::test_negative_e2e_families[N11]
tests/test_r23_runtime.py::test_negative_e2e_families[N12]
tests/test_r23_runtime.py::test_negative_e2e_families[N13]
tests/test_r23_runtime.py::test_negative_e2e_families[N14]
tests/test_r23_runtime.py::test_negative_e2e_families[N15]
tests/test_r23_runtime.py::test_negative_e2e_families[N16]
tests/test_r23_runtime.py::test_negative_e2e_families[N17]
tests/test_r23_runtime.py::test_negative_e2e_families[N18]
tests/test_r23_runtime.py::test_negative_e2e_families[N19]
tests/test_r23_runtime.py::test_negative_e2e_families[N20]
tests/test_r23_runtime.py::test_negative_e2e_families[N21]
tests/test_r23_runtime.py::test_negative_e2e_families[N22]
tests/test_r23_runtime.py::test_negative_e2e_families[N23]
tests/test_r23_runtime.py::test_negative_e2e_families[N24]
tests/test_r23_runtime.py::test_complete_independent_persisted_positive_e2e
tests/test_r23_runtime.py::test_real_rejected_before_database_creation
tests/test_r23_runtime.py::test_dry_run_contract_resolution_no_accept
tests/test_r23_runtime.py::test_db_cannot_be_production_path
tests/test_r23_runtime.py::test_immutable_storage_sql_triggers[shadow_artifacts]
tests/test_r23_runtime.py::test_immutable_storage_sql_triggers[shadow_control_receipts]
tests/test_r23_runtime.py::test_immutable_storage_sql_triggers[shadow_due_outbox]
tests/test_r23_runtime.py::test_immutable_storage_sql_triggers[shadow_first_enrollments]
tests/test_r23_runtime.py::test_immutable_storage_sql_triggers[shadow_health_receipts]
tests/test_r23_runtime.py::test_immutable_storage_sql_triggers[shadow_membership_snapshots]
tests/test_r23_runtime.py::test_immutable_storage_sql_triggers[shadow_observation_slots]
tests/test_r23_runtime.py::test_immutable_storage_sql_triggers[shadow_observations]
tests/test_r23_runtime.py::test_immutable_storage_sql_triggers[shadow_outcome_revisions]
tests/test_r23_runtime.py::test_immutable_storage_sql_triggers[shadow_publications]
tests/test_r23_runtime.py::test_immutable_storage_sql_triggers[shadow_runtime_operations]
tests/test_r23_runtime.py::test_immutable_storage_sql_triggers[shadow_source_freeze_manifests]
tests/test_r23_runtime.py::test_immutable_storage_sql_triggers[shadow_source_readiness_receipts]
tests/test_r23_runtime.py::test_immutable_storage_sql_triggers[shadow_state_heads]
tests/test_r23_runtime.py::test_immutable_storage_sql_triggers[shadow_transaction_receipts]
tests/test_r23_runtime.py::test_database_namespace_and_origin_constraints
tests/test_r23_runtime.py::test_receipt_idempotency_and_append_only
tests/test_r23_runtime.py::test_first_manifest_freeze_and_head_cas
tests/test_r23_runtime.py::test_prior_uses_explicit_accepted_head_not_latest_state
tests/test_r23_runtime.py::test_early_publication_allowed
tests/test_r23_runtime.py::test_planner_blocked_missing_and_nonmarket
tests/test_r23_runtime.py::test_blocked_to_ready_and_missed_terminal
tests/test_r23_runtime.py::test_stop_preserves_obligations_and_rejects_restart
tests/test_r23_runtime.py::test_health_never_grants_real_capability
tests/test_r23_runtime.py::test_exact_accepted_producer_callable_wiring
tests/test_r23_runtime.py::test_daily_membership_non_pit_capture
tests/test_r23_runtime.py::test_independent_oracle_no_runtime_import
tests/test_r23_runtime.py::test_protected_authority
tests/test_r23r1_runtime.py::test_positive_complete_persisted_oracle
tests/test_r23r1_runtime.py::test_independent_rejects_semantic_corruption[25]
tests/test_r23r1_runtime.py::test_independent_rejects_semantic_corruption[26]
tests/test_r23r1_runtime.py::test_independent_rejects_semantic_corruption[27]
tests/test_r23r1_runtime.py::test_independent_rejects_semantic_corruption[28]
tests/test_r23r1_runtime.py::test_independent_rejects_semantic_corruption[29]
tests/test_r23r1_runtime.py::test_independent_rejects_semantic_corruption[30]
tests/test_r23r1_runtime.py::test_independent_rejects_semantic_corruption[31]
tests/test_r23r1_runtime.py::test_independent_rejects_semantic_corruption[32]
tests/test_r23r1_runtime.py::test_capability_scope_absent
tests/test_r23r1_runtime.py::test_nonaccepted_states_complete_and_missed_preserves_timing
tests/test_r23r1_runtime.py::test_receipt_creation_before_visibility_rejected
tests/test_r23r1_runtime.py::test_oracle_has_no_writer_import
tests/test_r23r1_runtime.py::test_protected_baseline
tests/test_r24_activation.py::test_negative_activation[A01]
tests/test_r24_activation.py::test_negative_activation[A02]
tests/test_r24_activation.py::test_negative_activation[A03]
tests/test_r24_activation.py::test_negative_activation[A04]
tests/test_r24_activation.py::test_negative_activation[A05]
tests/test_r24_activation.py::test_negative_activation[A06]
tests/test_r24_activation.py::test_negative_activation[A07]
tests/test_r24_activation.py::test_negative_activation[A08]
tests/test_r24_activation.py::test_negative_activation[A09]
tests/test_r24_activation.py::test_negative_activation[A10]
tests/test_r24_activation.py::test_negative_activation[A11]
tests/test_r24_activation.py::test_negative_activation[A12]
tests/test_r24_activation.py::test_negative_activation[A13]
tests/test_r24_activation.py::test_negative_activation[A14]
tests/test_r24_activation.py::test_negative_activation[A15]
tests/test_r24_activation.py::test_negative_activation[A16]
tests/test_r24_activation.py::test_negative_activation[A17]
tests/test_r24_activation.py::test_negative_activation[A18]
tests/test_r24_activation.py::test_negative_activation[A19]
tests/test_r24_activation.py::test_negative_activation[A20]
tests/test_r24_activation.py::test_activation_simulation_e2e
tests/test_r24_activation.py::test_owner_projection_preserves_accepted_semantics
tests/test_r24_activation.py::test_authority_rejects_before_source_or_storage
tests/test_r24_activation.py::test_independent_oracle_corruption[aggregate]
tests/test_r24_activation.py::test_independent_oracle_corruption[manifest]
tests/test_r24_activation.py::test_independent_oracle_corruption[supersedes]
tests/test_r24_activation.py::test_independent_oracle_corruption[origin]
tests/test_r24_activation.py::test_independent_oracle_corruption[source]
tests/test_r24_activation.py::test_independent_oracle_corruption[scope]
tests/test_r24_activation.py::test_oracle_rejects_schema_with_same_trigger_name
tests/test_r24_activation.py::test_oracle_rechecks_slot_identity_against_rebound_authority
tests/test_r24_activation.py::test_activation_oracle_has_no_writer_import
tests/test_r24r1_a20.py::test_negative_activation[A01]
tests/test_r24r1_a20.py::test_negative_activation[A02]
tests/test_r24r1_a20.py::test_negative_activation[A03]
tests/test_r24r1_a20.py::test_negative_activation[A04]
tests/test_r24r1_a20.py::test_negative_activation[A05]
tests/test_r24r1_a20.py::test_negative_activation[A06]
tests/test_r24r1_a20.py::test_negative_activation[A07]
tests/test_r24r1_a20.py::test_negative_activation[A08]
tests/test_r24r1_a20.py::test_negative_activation[A09]
tests/test_r24r1_a20.py::test_negative_activation[A10]
tests/test_r24r1_a20.py::test_negative_activation[A11]
tests/test_r24r1_a20.py::test_negative_activation[A12]
tests/test_r24r1_a20.py::test_negative_activation[A13]
tests/test_r24r1_a20.py::test_negative_activation[A14]
tests/test_r24r1_a20.py::test_negative_activation[A15]
tests/test_r24r1_a20.py::test_negative_activation[A16]
tests/test_r24r1_a20.py::test_negative_activation[A17]
tests/test_r24r1_a20.py::test_negative_activation[A18]
tests/test_r24r1_a20.py::test_negative_activation[A19]
tests/test_r24r1_a20.py::test_negative_activation[A20]
tests/test_r24r1_authority.py::test_daily_negative[F01]
tests/test_r24r1_authority.py::test_daily_negative[F02]
tests/test_r24r1_authority.py::test_daily_negative[F03]
tests/test_r24r1_authority.py::test_daily_negative[F04]
tests/test_r24r1_authority.py::test_daily_negative[F05]
tests/test_r24r1_authority.py::test_daily_negative[F06]
tests/test_r24r1_authority.py::test_daily_negative[F07]
tests/test_r24r1_authority.py::test_daily_negative[F08]
tests/test_r24r1_authority.py::test_daily_negative[F09]
tests/test_r24r1_authority.py::test_daily_negative[F10]
tests/test_r24r1_authority.py::test_daily_negative[F11]
tests/test_r24r1_authority.py::test_daily_negative[F12]
tests/test_r24r1_authority.py::test_daily_negative[F13]
tests/test_r24r1_authority.py::test_daily_negative[F14]
tests/test_r24r1_authority.py::test_future_reachability
tests/test_r24r1_authority.py::test_independent_corruption[C01]
tests/test_r24r1_authority.py::test_independent_corruption[C02]
tests/test_r24r1_authority.py::test_independent_corruption[C03]
tests/test_r24r1_authority.py::test_independent_corruption[C04]
tests/test_r24r1_authority.py::test_independent_corruption[S01]
tests/test_r24r1_authority.py::test_independent_corruption[S02]
tests/test_r24r1_authority.py::test_independent_corruption[S03]
tests/test_r24r1_authority.py::test_independent_corruption[S04]
tests/test_r24r1_authority.py::test_oracle_has_no_writer_imports
tests/test_r24r1_authority.py::test_atomic_failure[cohort]
tests/test_r24r1_authority.py::test_atomic_failure[head]
tests/test_r24r1_authority.py::test_duplicate_logical_event_is_rejected_by_storage
tests/test_r24r1_authority.py::test_nested_future_source_row_cannot_hide_behind_declared_max
tests/test_r24r1_authority.py::test_independent_daily_oracle_rejects_fractional_late_acceptance[source]
tests/test_r24r1_authority.py::test_independent_daily_oracle_rejects_fractional_late_acceptance[daily]
tests/test_r24r1_authority.py::test_fractional_second_readiness_uses_latest_instant
tests/test_r25_packet.py::test_target_negative[R25-01]
tests/test_r25_packet.py::test_target_negative[R25-02]
tests/test_r25_packet.py::test_target_negative[R25-03]
tests/test_r25_packet.py::test_target_negative[R25-04]
tests/test_r25_packet.py::test_target_negative[R25-05]
tests/test_r25_packet.py::test_target_negative[R25-06]
tests/test_r25_packet.py::test_target_negative[R25-07]
tests/test_r25_packet.py::test_target_negative[R25-08]
tests/test_r25_packet.py::test_target_negative[R25-09]
tests/test_r25_packet.py::test_target_negative[R25-10]
tests/test_r25_packet.py::test_target_negative[R25-11]
tests/test_r25_packet.py::test_target_negative[R25-12]
tests/test_r25_packet.py::test_target_negative[R25-13]
tests/test_r25_packet.py::test_target_negative[R25-14]
tests/test_r25_packet.py::test_target_negative[R25-15]
tests/test_r25_packet.py::test_target_negative[R25-16]
tests/test_r25_packet.py::test_vector_is_positive_only_in_test_mode
tests/test_r25_packet.py::test_f12_valid_latest_decoy
tests/test_r25_packet.py::test_oracle_has_no_writer_or_sqlite_imports
tests/test_r25_packet.py::test_actual_authority_inventory_waits_without_target
tests/test_r25_packet.py::test_user_c_drive_temporary_space_prohibition
tests/test_r25_packet.py::test_fractional_boundary_rejected[source]
tests/test_r25_packet.py::test_fractional_boundary_rejected[daily]
tests/test_r6r1_governance_cleanup.py::test_agents_exact_baseline
tests/test_r6r1_governance_cleanup.py::test_prepare_repo_first
tests/test_r6r1_governance_cleanup.py::test_prepare_missing_bundle_fails_closed
tests/test_r6r1_governance_cleanup.py::test_prepare_explicit_bundle_dir
tests/test_r6r1_governance_cleanup.py::test_prepare_has_no_absolute_user_path
tests/test_r6r1_governance_cleanup.py::test_heads_byte_identical[data/v4/V4_11_ACCEPTED_HEAD.json]
tests/test_r6r1_governance_cleanup.py::test_heads_byte_identical[data/v4/V4_STAGE_ACCEPTED_HEAD.json]
tests/test_r6r1_governance_cleanup.py::test_heads_byte_identical[data/v4/V4_DATA_ACCEPTED_HEAD.json]
tests/test_r6r1_governance_cleanup.py::test_heads_byte_identical[reports/v4_12/V4_12_STRUCTURE_ANCHOR_SUPPORT_STAGE_ENTRY_R1.json]
tests/test_r6r1_governance_cleanup.py::test_invalid_existing_bundle_is_never_overwritten
tests/test_r6r1_governance_cleanup.py::test_bad_bootstrap_is_atomic_before_destination_writes
tests/test_remainder_current_guards.py::test_unknown_pg_endpoint_rejected_before_connect
tests/test_remainder_current_guards.py::test_protected_filesystem_mutation_rejected[open]
tests/test_remainder_current_guards.py::test_protected_filesystem_mutation_rejected[mkdir]
tests/test_remainder_current_guards.py::test_protected_filesystem_mutation_rejected[rename]
tests/test_remainder_current_guards.py::test_current_r25_keeps_historical_source_freeze_closed
tests/test_remainder_current_guards.py::test_profile_copy_rejects_nonrelative_references_before_io[D:/new_tdx/x.day]
tests/test_remainder_current_guards.py::test_profile_copy_rejects_nonrelative_references_before_io[D:\\new_tdx\\x.day]
tests/test_remainder_current_guards.py::test_profile_copy_rejects_nonrelative_references_before_io[../outside.json]
tests/test_remainder_current_guards.py::test_profile_copy_rejects_nonrelative_references_before_io[/absolute.json]
tests/test_remainder_current_guards.py::test_profile_copy_rejects_nonrelative_references_before_io[E:/codex work/\u5927A\u4ea4\u6613/data/v4/V4_DATA_ACCEPTED_HEAD.json]
tests/test_remainder_current_guards.py::test_frozen_profile_reads_exact_git_and_tracks_mutations
tests/test_remainder_current_guards.py::test_g_storage_child_keeps_protected_root_rejection
tests/test_remainder_dm01_profiles.py::test_current_accepted_runtime_has_no_legacy_pending_error
tests/test_remainder_dm01_profiles.py::test_historical_missing_and_unaccepted_authority_fail_closed
tests/test_remainder_historical_routing.py::test_all_historical_occurrences_exact[0]
tests/test_remainder_historical_routing.py::test_all_historical_occurrences_exact[1]
tests/test_remainder_historical_routing.py::test_all_historical_occurrences_exact[2]
tests/test_remainder_historical_routing.py::test_all_historical_occurrences_exact[3]
tests/test_remainder_historical_routing.py::test_all_historical_occurrences_exact[4]
tests/test_remainder_historical_routing.py::test_all_historical_occurrences_exact[5]
tests/test_remainder_historical_routing.py::test_all_historical_occurrences_exact[6]
tests/test_remainder_historical_routing.py::test_all_historical_occurrences_exact[7]
tests/test_remainder_historical_routing.py::test_all_historical_occurrences_exact[8]
tests/test_remainder_historical_routing.py::test_all_historical_occurrences_exact[9]
tests/test_remainder_historical_routing.py::test_all_historical_occurrences_exact[10]
tests/test_remainder_historical_routing.py::test_all_historical_occurrences_exact[11]
tests/test_remainder_historical_routing.py::test_all_historical_occurrences_exact[12]
tests/test_remainder_historical_routing.py::test_all_historical_occurrences_exact[13]
tests/test_remainder_historical_routing.py::test_all_historical_occurrences_exact[14]
tests/test_remainder_historical_routing.py::test_all_historical_occurrences_exact[15]
tests/test_remainder_historical_routing.py::test_all_historical_occurrences_exact[16]
tests/test_remainder_historical_routing.py::test_all_historical_occurrences_exact[17]
tests/test_remainder_historical_routing.py::test_all_historical_occurrences_exact[18]
tests/test_remainder_historical_routing.py::test_all_historical_occurrences_exact[19]
tests/test_remainder_historical_routing.py::test_wrong_identities_and_windows_alias[sha]
tests/test_remainder_historical_routing.py::test_wrong_identities_and_windows_alias[bytes]
tests/test_remainder_historical_routing.py::test_wrong_identities_and_windows_alias[path]
tests/test_remainder_historical_routing.py::test_wrong_identities_and_windows_alias[windows]
tests/test_remainder_historical_routing.py::test_wrong_identities_and_windows_alias[blob]
tests/test_remainder_historical_routing.py::test_current_never_reads_historical_stage
tests/test_remainder_historical_routing.py::test_old_v13_reader_remains_pinned
tests/test_settlement_r1r1.py::test_activation_head_exact[A01]
tests/test_settlement_r1r1.py::test_activation_head_exact[A02]
tests/test_settlement_r1r1.py::test_activation_head_exact[A03]
tests/test_settlement_r1r1.py::test_activation_head_exact[A04]
tests/test_settlement_r1r1.py::test_activation_head_exact[A05]
tests/test_settlement_r1r1.py::test_activation_head_exact[A06]
tests/test_settlement_r1r1.py::test_activation_head_exact[payload_identity]
tests/test_settlement_r1r1.py::test_activation_head_exact[acceptance_identity]
tests/test_settlement_r1r1.py::test_queue_exact_idempotency[Q01]
tests/test_settlement_r1r1.py::test_queue_exact_idempotency[Q02]
tests/test_settlement_r1r1.py::test_queue_exact_idempotency[Q03]
tests/test_settlement_r1r1.py::test_queue_exact_idempotency[Q04]
tests/test_settlement_r1r1.py::test_queue_exact_idempotency[Q05]
tests/test_v4_12_authority_r2.py::test_independent_authority_vector[A01]
tests/test_v4_12_authority_r2.py::test_independent_authority_vector[A02]
tests/test_v4_12_authority_r2.py::test_independent_authority_vector[A03]
tests/test_v4_12_authority_r2.py::test_independent_authority_vector[A04]
tests/test_v4_12_authority_r2.py::test_independent_authority_vector[A05]
tests/test_v4_12_authority_r2.py::test_independent_authority_vector[A06]
tests/test_v4_12_authority_r2.py::test_independent_authority_vector[A07]
tests/test_v4_12_authority_r2.py::test_independent_authority_vector[A08]
tests/test_v4_12_authority_r2.py::test_independent_authority_vector[A09]
tests/test_v4_12_authority_r2.py::test_independent_authority_vector[A10]
tests/test_v4_12_authority_r2.py::test_independent_authority_vector[A11]
tests/test_v4_12_authority_r2.py::test_independent_authority_vector[A12]
tests/test_v4_12_authority_r2.py::test_false_authority_claim_rejected[delta3-mutation0]
tests/test_v4_12_authority_r2.py::test_false_authority_claim_rejected[near_high20_state-mutation1]
tests/test_v4_12_authority_r2.py::test_false_authority_claim_rejected[ATR20-mutation2]
tests/test_v4_12_authority_r2.py::test_false_authority_claim_rejected[slope20-mutation3]
tests/test_v4_12_authority_r2.py::test_false_authority_claim_rejected[distance_zone-mutation4]
tests/test_v4_12_authority_r2.py::test_false_authority_claim_rejected[alpha-mutation5]
tests/test_v4_12_authority_r2.py::test_false_authority_claim_rejected[pivot_low-mutation6]
tests/test_v4_12_authority_r2.py::test_false_authority_claim_rejected[prior_range20_atr-mutation7]
tests/test_v4_12_authority_r2.py::test_false_authority_claim_rejected[ret1-mutation8]
tests/test_v4_12_authority_r2.py::test_false_authority_claim_rejected[C-mutation9]
tests/test_v4_12_authority_r2.py::test_false_authority_claim_rejected[prior_delta3-mutation10]
tests/test_v4_12_authority_r2.py::test_false_authority_claim_rejected[CLV-mutation11]
tests/test_v4_12_authority_r2.py::test_coordinate_cannot_be_core_authority
tests/test_v4_12_authority_r2.py::test_slope_parameter_unit_parity
tests/test_v4_12_authority_r2.py::test_prior_rps_publication_cannot_use_same_day
tests/test_v4_12_authority_r2.py::test_requiredness_is_consumer_local
tests/test_v4_12_authority_r2.py::test_completeness_requires_authority_parity_not_file_presence
tests/test_v4_12_authority_r2.py::test_r6r1_and_r1_ast_vectors_preserved
tests/test_v4_12_breakout_episode_r13.py::test_literal_persisted_paths[no_event]
tests/test_v4_12_breakout_episode_r13.py::test_literal_persisted_paths[near]
tests/test_v4_12_breakout_episode_r13.py::test_literal_persisted_paths[unknown_empty]
tests/test_v4_12_breakout_episode_r13.py::test_literal_persisted_paths[holds]
tests/test_v4_12_breakout_episode_r13.py::test_literal_persisted_paths[retained]
tests/test_v4_12_breakout_episode_r13.py::test_literal_persisted_paths[duplicate]
tests/test_v4_12_breakout_episode_r13.py::test_literal_persisted_paths[display_switch]
tests/test_v4_12_breakout_episode_r13.py::test_literal_persisted_paths[terminal]
tests/test_v4_12_breakout_episode_r13.py::test_literal_persisted_paths[revisions]
tests/test_v4_12_breakout_episode_r13.py::test_episode_shape_rejects[alias]
tests/test_v4_12_breakout_episode_r13.py::test_episode_shape_rejects[duplicate]
tests/test_v4_12_breakout_episode_r13.py::test_episode_shape_rejects[no_prior]
tests/test_v4_12_breakout_episode_r13.py::test_episode_shape_rejects[self_confirm]
tests/test_v4_12_breakout_episode_r13.py::test_episode_shape_rejects[bad_id]
tests/test_v4_12_breakout_episode_r13.py::test_episode_shape_rejects[multiple_active]
tests/test_v4_12_breakout_episode_r13.py::test_unknown_absence_is_not_false
tests/test_v4_12_breakout_episode_r13.py::test_unknown_evaluability_cannot_bypass_machine_with_true_trigger
tests/test_v4_12_breakout_episode_r13.py::test_exact_previous_session_and_same_day_rejection
tests/test_v4_12_breakout_episode_r13.py::test_corrected_revisions_are_not_predecessors
tests/test_v4_12_breakout_episode_r13.py::test_no_second_breakout_rules
tests/test_v4_12_contract_freeze_r1.py::test_independent_contract_vector[B01_minus]
tests/test_v4_12_contract_freeze_r1.py::test_independent_contract_vector[B01_exact]
tests/test_v4_12_contract_freeze_r1.py::test_independent_contract_vector[B01_plus]
tests/test_v4_12_contract_freeze_r1.py::test_independent_contract_vector[B01_clv_below]
tests/test_v4_12_contract_freeze_r1.py::test_independent_contract_vector[B02]
tests/test_v4_12_contract_freeze_r1.py::test_independent_contract_vector[B03_t1]
tests/test_v4_12_contract_freeze_r1.py::test_independent_contract_vector[B03_t2]
tests/test_v4_12_contract_freeze_r1.py::test_independent_contract_vector[B03_missing]
tests/test_v4_12_contract_freeze_r1.py::test_independent_contract_vector[P01]
tests/test_v4_12_contract_freeze_r1.py::test_independent_contract_vector[P02]
tests/test_v4_12_contract_freeze_r1.py::test_independent_contract_vector[P03]
tests/test_v4_12_contract_freeze_r1.py::test_independent_contract_vector[P04]
tests/test_v4_12_contract_freeze_r1.py::test_independent_contract_vector[P_touch_ma]
tests/test_v4_12_contract_freeze_r1.py::test_independent_contract_vector[P_touch_impulse]
tests/test_v4_12_contract_freeze_r1.py::test_independent_contract_vector[P_touch_breakout]
tests/test_v4_12_contract_freeze_r1.py::test_independent_contract_vector[R01]
tests/test_v4_12_contract_freeze_r1.py::test_independent_contract_vector[R01_current_false]
tests/test_v4_12_contract_freeze_r1.py::test_independent_contract_vector[R02_minus]
tests/test_v4_12_contract_freeze_r1.py::test_independent_contract_vector[R02_exact]
tests/test_v4_12_contract_freeze_r1.py::test_independent_contract_vector[R02_plus]
tests/test_v4_12_contract_freeze_r1.py::test_independent_contract_vector[R03]
tests/test_v4_12_contract_freeze_r1.py::test_independent_contract_vector[R_confirmed]
tests/test_v4_12_contract_freeze_r1.py::test_independent_contract_vector[R_failed]
tests/test_v4_12_contract_freeze_r1.py::test_independent_contract_vector[S01]
tests/test_v4_12_contract_freeze_r1.py::test_independent_contract_vector[S02]
tests/test_v4_12_contract_freeze_r1.py::test_independent_contract_vector[S03]
tests/test_v4_12_contract_freeze_r1.py::test_independent_contract_vector[S04_missing]
tests/test_v4_12_contract_freeze_r1.py::test_independent_contract_vector[S04_count]
tests/test_v4_12_contract_freeze_r1.py::test_independent_contract_vector[S04_resume]
tests/test_v4_12_contract_freeze_r1.py::test_independent_contract_vector[S05_reclaim]
tests/test_v4_12_contract_freeze_r1.py::test_independent_contract_vector[S05_hold]
tests/test_v4_12_contract_freeze_r1.py::test_independent_contract_vector[S05_retest]
tests/test_v4_12_contract_freeze_r1.py::test_independent_contract_vector[S05_confirm]
tests/test_v4_12_contract_freeze_r1.py::test_independent_contract_vector[S05_after_retesting]
tests/test_v4_12_contract_freeze_r1.py::test_independent_contract_vector[S05_no_separation]
tests/test_v4_12_contract_freeze_r1.py::test_independent_contract_vector[S05_test_count]
tests/test_v4_12_contract_freeze_r1.py::test_independent_contract_vector[S06]
tests/test_v4_12_contract_freeze_r1.py::test_independent_contract_vector[S06_admin]
tests/test_v4_12_contract_freeze_r1.py::test_independent_contract_vector[S_deep]
tests/test_v4_12_contract_freeze_r1.py::test_independent_contract_vector[S_breach_exact]
tests/test_v4_12_contract_freeze_r1.py::test_independent_contract_vector[S_touch_exact]
tests/test_v4_12_contract_freeze_r1.py::test_independent_contract_vector[A01]
tests/test_v4_12_contract_freeze_r1.py::test_independent_contract_vector[A02]
tests/test_v4_12_contract_freeze_r1.py::test_independent_contract_vector[A03]
tests/test_v4_12_contract_freeze_r1.py::test_independent_contract_vector[A06]
tests/test_v4_12_contract_freeze_r1.py::test_independent_contract_vector[A01_ATR]
tests/test_v4_12_contract_freeze_r1.py::test_independent_contract_vector[A02_ATR]
tests/test_v4_12_contract_freeze_r1.py::test_independent_contract_vector[A04]
tests/test_v4_12_contract_freeze_r1.py::test_independent_contract_vector[A05]
tests/test_v4_12_contract_freeze_r1.py::test_independent_contract_vector[A06_identity]
tests/test_v4_12_contract_freeze_r1.py::test_independent_contract_vector[A_cross_support]
tests/test_v4_12_contract_freeze_r1.py::test_independent_contract_vector[A_return]
tests/test_v4_12_contract_freeze_r1.py::test_independent_contract_vector[T01_t0]
tests/test_v4_12_contract_freeze_r1.py::test_independent_contract_vector[T01_t1]
tests/test_v4_12_contract_freeze_r1.py::test_independent_contract_vector[T01_t2]
tests/test_v4_12_contract_freeze_r1.py::test_independent_contract_vector[T02]
tests/test_v4_12_contract_freeze_r1.py::test_independent_contract_vector[T02_gap]
tests/test_v4_12_contract_freeze_r1.py::test_independent_contract_vector[T03_today]
tests/test_v4_12_contract_freeze_r1.py::test_independent_contract_vector[T03_next]
tests/test_v4_12_contract_freeze_r1.py::test_independent_contract_vector[I_exact]
tests/test_v4_12_contract_freeze_r1.py::test_independent_contract_vector[I_flat]
tests/test_v4_12_contract_freeze_r1.py::test_independent_contract_vector[D01]
tests/test_v4_12_contract_freeze_r1.py::test_independent_contract_vector[D02]
tests/test_v4_12_contract_freeze_r1.py::test_independent_contract_vector[D03]
tests/test_v4_12_contract_freeze_r1.py::test_independent_contract_vector[D04]
tests/test_v4_12_contract_freeze_r1.py::test_independent_contract_vector[RET_positive]
tests/test_v4_12_contract_freeze_r1.py::test_independent_contract_vector[RET_zero]
tests/test_v4_12_contract_freeze_r1.py::test_independent_contract_vector[RET_negative]
tests/test_v4_12_contract_freeze_r1.py::test_independent_contract_vector[RET_missing]
tests/test_v4_12_contract_freeze_r1.py::test_literal_parameters_and_statuses
tests/test_v4_12_contract_freeze_r1.py::test_unbound_literal_rejected
tests/test_v4_12_contract_freeze_r1.py::test_unregistered_parameter_rejected
tests/test_v4_12_contract_freeze_r1.py::test_probability_claim_rejected
tests/test_v4_12_contract_freeze_r1.py::test_downstream_input_rejected
tests/test_v4_12_contract_freeze_r1.py::test_same_day_anchor_dependency_rejected
tests/test_v4_12_contract_freeze_r1.py::test_coefficients_cannot_replace_basis_identity
tests/test_v4_12_contract_freeze_r1.py::test_ast_dependency_cycle_rejected
tests/test_v4_12_contract_freeze_r1.py::test_unknown_owner_not_reconstructed_or_skipped
tests/test_v4_12_contract_freeze_r1.py::test_unknown_session_resets_breach_and_hold_counts
tests/test_v4_12_contract_freeze_r1.py::test_d2_focus_ui_perturbations_leave_d1_expression_unchanged
tests/test_v4_12_contract_freeze_r1.py::test_oracle_does_not_import_ast_or_implementation_helpers
tests/test_v4_12_contract_freeze_r1.py::test_tampered_expected_rejected
tests/test_v4_12_contract_freeze_r1.py::test_producer_registry_complete
tests/test_v4_12_contract_freeze_r1.py::test_unregistered_producer_rejected
tests/test_v4_12_contract_freeze_r1.py::test_input_metadata_schema_accepts_explicit_fixture
tests/test_v4_12_contract_freeze_r1.py::test_future_input_metadata_rejected
tests/test_v4_12_contract_freeze_r1.py::test_same_day_prior_anchor_rejected
tests/test_v4_12_contract_freeze_r1.py::test_missing_owner_cannot_be_forged_known
tests/test_v4_12_contract_freeze_r1.py::test_unknown_reason_required
tests/test_v4_12_contract_freeze_r1.py::test_wrong_registered_type_rejected
tests/test_v4_12_contract_freeze_r1.py::test_downstream_namespace_rejected
tests/test_v4_12_contract_freeze_r1.py::test_external_support_today_input_rejected
tests/test_v4_12_contract_freeze_r1.py::test_anchor_schema_complete_machine_types
tests/test_v4_12_contract_freeze_r1.py::test_candidate_only_scope_and_protected_heads
tests/test_v4_12_multi_anchor_r12.py::test_independent_selector_vectors[ZERO]
tests/test_v4_12_multi_anchor_r12.py::test_independent_selector_vectors[SOLE_BAD_COORDINATE]
tests/test_v4_12_multi_anchor_r12.py::test_independent_selector_vectors[DISTANCE]
tests/test_v4_12_multi_anchor_r12.py::test_independent_selector_vectors[DATE_TIE]
tests/test_v4_12_multi_anchor_r12.py::test_independent_selector_vectors[ID_TIE]
tests/test_v4_12_multi_anchor_r12.py::test_independent_selector_vectors[TERMINAL_EXCLUDED]
tests/test_v4_12_multi_anchor_r12.py::test_independent_selector_vectors[UNKNOWN_COORDINATE]
tests/test_v4_12_multi_anchor_r12.py::test_independent_selector_vectors[UNKNOWN_ATR]
tests/test_v4_12_multi_anchor_r12.py::test_independent_selector_vectors[ZERO_ATR]
tests/test_v4_12_multi_anchor_r12.py::test_independent_selector_vectors[UNKNOWN_ELIGIBILITY]
tests/test_v4_12_multi_anchor_r12.py::test_independent_selector_vectors[REVERSED_ARRAY]
tests/test_v4_12_multi_anchor_r12.py::test_contract_local_gate_and_negative_vectors
tests/test_v4_12_multi_anchor_r12.py::test_v2_loader_retains_all_four_episodes
tests/test_v4_12_multi_anchor_r12.py::test_same_day_and_future_set_rejected[2026-09-29]
tests/test_v4_12_multi_anchor_r12.py::test_same_day_and_future_set_rejected[2026-09-28]
tests/test_v4_12_multi_anchor_r12.py::test_v1_cannot_be_r12_formal_candidate_source
tests/test_v4_12_multi_anchor_r12.py::test_common_F0_bind_once_and_all_prior_overlays_evaluated
tests/test_v4_12_multi_anchor_r12.py::test_state_set_rejects_cardinality_and_ownership_mutation[duplicate]
tests/test_v4_12_multi_anchor_r12.py::test_state_set_rejects_cardinality_and_ownership_mutation[owning]
tests/test_v4_12_multi_anchor_r12.py::test_state_set_rejects_cardinality_and_ownership_mutation[event]
tests/test_v4_12_multi_anchor_r12.py::test_state_set_rejects_cardinality_and_ownership_mutation[counter]
tests/test_v4_12_multi_anchor_r12.py::test_state_set_rejects_cardinality_and_ownership_mutation[new_self_confirm]
tests/test_v4_12_multi_anchor_r12.py::test_state_set_rejects_cardinality_and_ownership_mutation[scalar]
tests/test_v4_12_multi_anchor_r12.py::test_active_sole_bad_coordinate_direct_multiple_unknown_not_first
tests/test_v4_12_multi_anchor_r12.py::test_immutable_revision_rerun_and_conflict
tests/test_v4_12_multi_anchor_r12.py::test_full_independent_persisted_multi_anchor_oracle
tests/test_v4_12_persisted_r11.py::test_exact_prior_bundle_security_row
tests/test_v4_12_persisted_r11.py::test_same_day_and_future_session_rejected[2026-09-29]
tests/test_v4_12_persisted_r11.py::test_same_day_and_future_session_rejected[2026-09-28]
tests/test_v4_12_persisted_r11.py::test_future_availability_rejected
tests/test_v4_12_persisted_r11.py::test_exact_security_required
tests/test_v4_12_persisted_r11.py::test_tampering_rejected[manifest]
tests/test_v4_12_persisted_r11.py::test_tampering_rejected[bundle]
tests/test_v4_12_persisted_r11.py::test_tampering_rejected[row]
tests/test_v4_12_persisted_r11.py::test_tampering_rejected[lineage]
tests/test_v4_12_persisted_r11.py::test_tampering_rejected[counter]
tests/test_v4_12_persisted_r11.py::test_snapshot_revision_conflict_is_rejected
tests/test_v4_12_persisted_r11.py::test_persisted_independent_a_oracle
tests/test_v4_12_persisted_r11.py::test_persisted_independent_b_oracle
tests/test_v4_12_persisted_r11.py::test_projection_known_missing_resume_and_hard_invalidation
tests/test_v4_12_persisted_r11.py::test_new_anchor_retest_zero_and_same_day_predecessor_isolated
tests/test_v4_12_persisted_r11.py::test_fresh_process_quality_correction_does_not_accumulate_revisions
tests/test_v4_12_runtime_r1.py::test_runtime_independent_business_parity[B01_minus]
tests/test_v4_12_runtime_r1.py::test_runtime_independent_business_parity[B01_exact]
tests/test_v4_12_runtime_r1.py::test_runtime_independent_business_parity[B01_plus]
tests/test_v4_12_runtime_r1.py::test_runtime_independent_business_parity[B01_clv_below]
tests/test_v4_12_runtime_r1.py::test_runtime_independent_business_parity[B02]
tests/test_v4_12_runtime_r1.py::test_runtime_independent_business_parity[B03_t1]
tests/test_v4_12_runtime_r1.py::test_runtime_independent_business_parity[B03_t2]
tests/test_v4_12_runtime_r1.py::test_runtime_independent_business_parity[B03_missing]
tests/test_v4_12_runtime_r1.py::test_runtime_independent_business_parity[P01]
tests/test_v4_12_runtime_r1.py::test_runtime_independent_business_parity[P02]
tests/test_v4_12_runtime_r1.py::test_runtime_independent_business_parity[P03]
tests/test_v4_12_runtime_r1.py::test_runtime_independent_business_parity[P04]
tests/test_v4_12_runtime_r1.py::test_runtime_independent_business_parity[P_touch_ma]
tests/test_v4_12_runtime_r1.py::test_runtime_independent_business_parity[P_touch_impulse]
tests/test_v4_12_runtime_r1.py::test_runtime_independent_business_parity[P_touch_breakout]
tests/test_v4_12_runtime_r1.py::test_runtime_independent_business_parity[R01]
tests/test_v4_12_runtime_r1.py::test_runtime_independent_business_parity[R01_current_false]
tests/test_v4_12_runtime_r1.py::test_runtime_independent_business_parity[R02_minus]
tests/test_v4_12_runtime_r1.py::test_runtime_independent_business_parity[R02_exact]
tests/test_v4_12_runtime_r1.py::test_runtime_independent_business_parity[R02_plus]
tests/test_v4_12_runtime_r1.py::test_runtime_independent_business_parity[R03]
tests/test_v4_12_runtime_r1.py::test_runtime_independent_business_parity[R_confirmed]
tests/test_v4_12_runtime_r1.py::test_runtime_independent_business_parity[R_failed]
tests/test_v4_12_runtime_r1.py::test_runtime_independent_business_parity[S01]
tests/test_v4_12_runtime_r1.py::test_runtime_independent_business_parity[S02]
tests/test_v4_12_runtime_r1.py::test_runtime_independent_business_parity[S03]
tests/test_v4_12_runtime_r1.py::test_runtime_independent_business_parity[S04_missing]
tests/test_v4_12_runtime_r1.py::test_runtime_independent_business_parity[S04_count]
tests/test_v4_12_runtime_r1.py::test_runtime_independent_business_parity[S04_resume]
tests/test_v4_12_runtime_r1.py::test_runtime_independent_business_parity[S05_reclaim]
tests/test_v4_12_runtime_r1.py::test_runtime_independent_business_parity[S05_hold]
tests/test_v4_12_runtime_r1.py::test_runtime_independent_business_parity[S05_retest]
tests/test_v4_12_runtime_r1.py::test_runtime_independent_business_parity[S05_confirm]
tests/test_v4_12_runtime_r1.py::test_runtime_independent_business_parity[S05_after_retesting]
tests/test_v4_12_runtime_r1.py::test_runtime_independent_business_parity[S05_no_separation]
tests/test_v4_12_runtime_r1.py::test_runtime_independent_business_parity[S05_test_count]
tests/test_v4_12_runtime_r1.py::test_runtime_independent_business_parity[S06]
tests/test_v4_12_runtime_r1.py::test_runtime_independent_business_parity[S06_admin]
tests/test_v4_12_runtime_r1.py::test_runtime_independent_business_parity[S_deep]
tests/test_v4_12_runtime_r1.py::test_runtime_independent_business_parity[S_breach_exact]
tests/test_v4_12_runtime_r1.py::test_runtime_independent_business_parity[S_touch_exact]
tests/test_v4_12_runtime_r1.py::test_runtime_independent_business_parity[A01]
tests/test_v4_12_runtime_r1.py::test_runtime_independent_business_parity[A02]
tests/test_v4_12_runtime_r1.py::test_runtime_independent_business_parity[A03]
tests/test_v4_12_runtime_r1.py::test_runtime_independent_business_parity[A06]
tests/test_v4_12_runtime_r1.py::test_runtime_independent_business_parity[A01_ATR]
tests/test_v4_12_runtime_r1.py::test_runtime_independent_business_parity[A02_ATR]
tests/test_v4_12_runtime_r1.py::test_runtime_independent_business_parity[A04]
tests/test_v4_12_runtime_r1.py::test_runtime_independent_business_parity[A05]
tests/test_v4_12_runtime_r1.py::test_runtime_independent_business_parity[A06_identity]
tests/test_v4_12_runtime_r1.py::test_runtime_independent_business_parity[A_cross_support]
tests/test_v4_12_runtime_r1.py::test_runtime_independent_business_parity[A_return]
tests/test_v4_12_runtime_r1.py::test_runtime_independent_business_parity[T01_t0]
tests/test_v4_12_runtime_r1.py::test_runtime_independent_business_parity[T01_t1]
tests/test_v4_12_runtime_r1.py::test_runtime_independent_business_parity[T01_t2]
tests/test_v4_12_runtime_r1.py::test_runtime_independent_business_parity[T02]
tests/test_v4_12_runtime_r1.py::test_runtime_independent_business_parity[T02_gap]
tests/test_v4_12_runtime_r1.py::test_runtime_independent_business_parity[T03_today]
tests/test_v4_12_runtime_r1.py::test_runtime_independent_business_parity[T03_next]
tests/test_v4_12_runtime_r1.py::test_runtime_independent_business_parity[I_exact]
tests/test_v4_12_runtime_r1.py::test_runtime_independent_business_parity[I_flat]
tests/test_v4_12_runtime_r1.py::test_runtime_independent_business_parity[D01]
tests/test_v4_12_runtime_r1.py::test_runtime_independent_business_parity[D02]
tests/test_v4_12_runtime_r1.py::test_runtime_independent_business_parity[D03]
tests/test_v4_12_runtime_r1.py::test_runtime_independent_business_parity[D04]
tests/test_v4_12_runtime_r1.py::test_runtime_independent_business_parity[RET_positive]
tests/test_v4_12_runtime_r1.py::test_runtime_independent_business_parity[RET_zero]
tests/test_v4_12_runtime_r1.py::test_runtime_independent_business_parity[RET_negative]
tests/test_v4_12_runtime_r1.py::test_runtime_independent_business_parity[RET_missing]
tests/test_v4_12_runtime_r1.py::test_blocked_capability_cannot_receive_claimed_known[ATR20]
tests/test_v4_12_runtime_r1.py::test_blocked_capability_cannot_receive_claimed_known[CLV]
tests/test_v4_12_runtime_r1.py::test_blocked_capability_cannot_receive_claimed_known[MA20]
tests/test_v4_12_runtime_r1.py::test_blocked_capability_cannot_receive_claimed_known[MA60]
tests/test_v4_12_runtime_r1.py::test_blocked_capability_cannot_receive_claimed_known[alpha]
tests/test_v4_12_runtime_r1.py::test_blocked_capability_cannot_receive_claimed_known[amount_ratio20]
tests/test_v4_12_runtime_r1.py::test_blocked_capability_cannot_receive_claimed_known[atr_prior_view]
tests/test_v4_12_runtime_r1.py::test_blocked_capability_cannot_receive_claimed_known[beta]
tests/test_v4_12_runtime_r1.py::test_blocked_capability_cannot_receive_claimed_known[close_t_minus_1]
tests/test_v4_12_runtime_r1.py::test_blocked_capability_cannot_receive_claimed_known[ma20_t_minus_1]
tests/test_v4_12_runtime_r1.py::test_blocked_capability_cannot_receive_claimed_known[near_high20_state]
tests/test_v4_12_runtime_r1.py::test_blocked_capability_cannot_receive_claimed_known[pivot_low]
tests/test_v4_12_runtime_r1.py::test_blocked_capability_cannot_receive_claimed_known[pivot_low_strict]
tests/test_v4_12_runtime_r1.py::test_blocked_capability_cannot_receive_claimed_known[prior_high20]
tests/test_v4_12_runtime_r1.py::test_blocked_capability_cannot_receive_claimed_known[prior_high_view]
tests/test_v4_12_runtime_r1.py::test_blocked_capability_cannot_receive_claimed_known[prior_range20_atr]
tests/test_v4_12_runtime_r1.py::test_blocked_capability_cannot_receive_claimed_known[rel_market_1]
tests/test_v4_12_runtime_r1.py::test_blocked_capability_cannot_receive_claimed_known[ret1]
tests/test_v4_12_runtime_r1.py::test_blocked_capability_cannot_receive_claimed_known[slope20]
tests/test_v4_12_runtime_r1.py::test_runtime_forbidden_namespace[D2]
tests/test_v4_12_runtime_r1.py::test_runtime_forbidden_namespace[Final State]
tests/test_v4_12_runtime_r1.py::test_runtime_forbidden_namespace[state_events]
tests/test_v4_12_runtime_r1.py::test_runtime_forbidden_namespace[Radar]
tests/test_v4_12_runtime_r1.py::test_runtime_forbidden_namespace[Focus]
tests/test_v4_12_runtime_r1.py::test_runtime_forbidden_namespace[UI]
tests/test_v4_12_runtime_r1.py::test_runtime_forbidden_namespace[Forward outcomes]
tests/test_v4_12_runtime_r1.py::test_runtime_forbidden_namespace[Validation Cohort]
tests/test_v4_12_runtime_r1.py::test_runtime_forbidden_namespace[D2[t]]
tests/test_v4_12_runtime_r1.py::test_runtime_forbidden_namespace[same-day Event]
tests/test_v4_12_runtime_r1.py::test_runtime_forbidden_namespace[future dates]
tests/test_v4_12_runtime_r1.py::test_runtime_forbidden_namespace[raw OHLC fallback]
tests/test_v4_12_runtime_r1.py::test_runtime_forbidden_namespace[V4-11 candidate]
tests/test_v4_12_runtime_r1.py::test_cross_basis_is_unknown_original_immutable[cash_dividend]
tests/test_v4_12_runtime_r1.py::test_cross_basis_is_unknown_original_immutable[bonus_split]
tests/test_v4_12_runtime_r1.py::test_cross_basis_is_unknown_original_immutable[rights_issue]
tests/test_v4_12_runtime_r1.py::test_cross_basis_is_unknown_original_immutable[same_day_revision]
tests/test_v4_12_runtime_r1.py::test_cross_basis_is_unknown_original_immutable[cross_company_action_support]
tests/test_v4_12_runtime_r1.py::test_same_basis_native_coordinate_conversion_is_not_identity_by_coefficients
tests/test_v4_12_runtime_r1.py::test_sequences_and_quality_correction
tests/test_v4_12_runtime_r1.py::test_missing_never_becomes_false_and_priority_stops
tests/test_v4_12_runtime_r1.py::test_kleene_decisive_false_is_not_unknown_coercion
tests/test_v4_12_runtime_r1.py::test_nonpositive_denominator_unknown
tests/test_v4_12_runtime_r1.py::test_invalid_and_nonfinite_input_unknown
tests/test_v4_12_runtime_r1.py::test_unknown_field_never_defaults_core
tests/test_v4_12_runtime_r1.py::test_no_local_external_field_claim
tests/test_v4_12_runtime_r1.py::test_provider_or_candidate_digest_replacement_rejected
tests/test_v4_12_runtime_r1.py::test_future_source_and_future_date_rejected
tests/test_v4_12_runtime_r1.py::test_same_day_prior_snapshot_rejected
tests/test_v4_12_runtime_r1.py::test_prior_candidate_requires_manifest_not_an_unsealed_helper
tests/test_v4_12_runtime_r1.py::test_append_only_store_idempotent_and_conflict_rejected
tests/test_v4_12_runtime_r1.py::test_anchor_event_episode_binding_immutable
tests/test_v4_12_runtime_r1.py::test_new_anchor_no_self_confirmation
tests/test_v4_12_runtime_r1.py::test_supplemental_authority_and_time_domain_parity
tests/test_v4_12_runtime_r1.py::test_real_candidate_unknown_readback
tests/test_v4_12_time_counter_r2_1.py::test_independent_sequence[creation_missing_resume_SUSPENDED]
tests/test_v4_12_time_counter_r2_1.py::test_independent_sequence[creation_missing_resume_MISSING_BAR]
tests/test_v4_12_time_counter_r2_1.py::test_independent_sequence[creation_missing_resume_REQUIRED_COORDINATE_UNAVAILABLE]
tests/test_v4_12_time_counter_r2_1.py::test_independent_sequence[C08_hold_missing_resume_chain_reset]
tests/test_v4_12_time_counter_r2_1.py::test_independent_sequence[C07_missing_calendar]
tests/test_v4_12_time_counter_r2_1.py::test_independent_time_domain_vector[TD01]
tests/test_v4_12_time_counter_r2_1.py::test_independent_time_domain_vector[TD02]
tests/test_v4_12_time_counter_r2_1.py::test_independent_time_domain_vector[TD03]
tests/test_v4_12_time_counter_r2_1.py::test_independent_time_domain_vector[TD04]
tests/test_v4_12_time_counter_r2_1.py::test_independent_time_domain_vector[TD05]
tests/test_v4_12_time_counter_r2_1.py::test_independent_time_domain_vector[TD06]
tests/test_v4_12_time_counter_r2_1.py::test_independent_time_domain_vector[TD07]
tests/test_v4_12_time_counter_r2_1.py::test_independent_time_domain_vector[TD08]
tests/test_v4_12_time_counter_r2_1.py::test_independent_time_domain_vector[TD09]
tests/test_v4_12_time_counter_r2_1.py::test_independent_time_domain_vector[TD10]
tests/test_v4_12_time_counter_r2_1.py::test_missing_breaks_consecutive_not_cumulative
tests/test_v4_12_time_counter_r2_1.py::test_market_age_cannot_replace_pending_count
tests/test_v4_12_time_counter_r2_1.py::test_evaluable_count_cannot_replace_old_anchor
tests/test_v4_12_time_counter_r2_1.py::test_unit_strings_cannot_hide_wrong_dimension
tests/test_v4_12_time_counter_r2_1.py::test_authority_cannot_be_changed_by_time_repair
tests/test_v4_12_time_counter_r2_1.py::test_full_contract_time_gate
tests/test_v4_13_r15_contract.py::test_independent_vector[R15-01]
tests/test_v4_13_r15_contract.py::test_independent_vector[R15-02]
tests/test_v4_13_r15_contract.py::test_independent_vector[R15-03]
tests/test_v4_13_r15_contract.py::test_independent_vector[R15-04]
tests/test_v4_13_r15_contract.py::test_independent_vector[R15-05]
tests/test_v4_13_r15_contract.py::test_independent_vector[R15-06]
tests/test_v4_13_r15_contract.py::test_independent_vector[R15-07]
tests/test_v4_13_r15_contract.py::test_independent_vector[R15-08]
tests/test_v4_13_r15_contract.py::test_independent_vector[R15-09]
tests/test_v4_13_r15_contract.py::test_independent_vector[R15-10]
tests/test_v4_13_r15_contract.py::test_independent_vector[R15-11]
tests/test_v4_13_r15_contract.py::test_independent_vector[R15-12]
tests/test_v4_13_r15_contract.py::test_independent_vector[R15-13]
tests/test_v4_13_r15_contract.py::test_independent_vector[R15-14]
tests/test_v4_13_r15_contract.py::test_literal_quality_oracle[KNOWN|KNOWN-KNOWN]
tests/test_v4_13_r15_contract.py::test_literal_quality_oracle[KNOWN|UNKNOWN-DEGRADED]
tests/test_v4_13_r15_contract.py::test_literal_quality_oracle[KNOWN|NOT_IMPLEMENTED-DEGRADED]
tests/test_v4_13_r15_contract.py::test_literal_quality_oracle[KNOWN|NOT_APPLICABLE-DEGRADED]
tests/test_v4_13_r15_contract.py::test_literal_quality_oracle[KNOWN|DEGRADED-DEGRADED]
tests/test_v4_13_r15_contract.py::test_literal_quality_oracle[UNKNOWN|KNOWN-DEGRADED]
tests/test_v4_13_r15_contract.py::test_literal_quality_oracle[UNKNOWN|UNKNOWN-UNKNOWN]
tests/test_v4_13_r15_contract.py::test_literal_quality_oracle[UNKNOWN|NOT_IMPLEMENTED-UNKNOWN]
tests/test_v4_13_r15_contract.py::test_literal_quality_oracle[UNKNOWN|NOT_APPLICABLE-UNKNOWN]
tests/test_v4_13_r15_contract.py::test_literal_quality_oracle[UNKNOWN|DEGRADED-DEGRADED]
tests/test_v4_13_r15_contract.py::test_literal_quality_oracle[NOT_IMPLEMENTED|KNOWN-DEGRADED]
tests/test_v4_13_r15_contract.py::test_literal_quality_oracle[NOT_IMPLEMENTED|UNKNOWN-UNKNOWN]
tests/test_v4_13_r15_contract.py::test_literal_quality_oracle[NOT_IMPLEMENTED|NOT_IMPLEMENTED-NOT_IMPLEMENTED]
tests/test_v4_13_r15_contract.py::test_literal_quality_oracle[NOT_IMPLEMENTED|NOT_APPLICABLE-NOT_IMPLEMENTED]
tests/test_v4_13_r15_contract.py::test_literal_quality_oracle[NOT_IMPLEMENTED|DEGRADED-DEGRADED]
tests/test_v4_13_r15_contract.py::test_literal_quality_oracle[NOT_APPLICABLE|KNOWN-DEGRADED]
tests/test_v4_13_r15_contract.py::test_literal_quality_oracle[NOT_APPLICABLE|UNKNOWN-UNKNOWN]
tests/test_v4_13_r15_contract.py::test_literal_quality_oracle[NOT_APPLICABLE|NOT_IMPLEMENTED-NOT_IMPLEMENTED]
tests/test_v4_13_r15_contract.py::test_literal_quality_oracle[NOT_APPLICABLE|NOT_APPLICABLE-NOT_APPLICABLE]
tests/test_v4_13_r15_contract.py::test_literal_quality_oracle[NOT_APPLICABLE|DEGRADED-DEGRADED]
tests/test_v4_13_r15_contract.py::test_literal_quality_oracle[DEGRADED|KNOWN-DEGRADED]
tests/test_v4_13_r15_contract.py::test_literal_quality_oracle[DEGRADED|UNKNOWN-DEGRADED]
tests/test_v4_13_r15_contract.py::test_literal_quality_oracle[DEGRADED|NOT_IMPLEMENTED-DEGRADED]
tests/test_v4_13_r15_contract.py::test_literal_quality_oracle[DEGRADED|NOT_APPLICABLE-DEGRADED]
tests/test_v4_13_r15_contract.py::test_literal_quality_oracle[DEGRADED|DEGRADED-DEGRADED]
tests/test_v4_13_r15_contract.py::test_membership_route_fail_closed[provider_direct_read]
tests/test_v4_13_r15_contract.py::test_membership_route_fail_closed[raw_fallback]
tests/test_v4_13_r15_contract.py::test_membership_route_fail_closed[formal_consumers_flag_override]
tests/test_v4_13_r15_contract.py::test_membership_route_fail_closed[current_membership_replay_claimed_pit]
tests/test_v4_13_r15_contract.py::test_negative_contracts
tests/test_v4_13_r15_contract.py::test_full_contract_completeness_and_protected_artifacts
tests/test_v4_13_r15r1_lineage.py::test_cross_family_first_introduction_rejected[sector_context_state_schema-output_schema]
tests/test_v4_13_r15r1_lineage.py::test_cross_family_first_introduction_rejected[rotation_structure_enrichment_schema-field_registry]
tests/test_v4_13_r15r1_lineage.py::test_same_family_upgrade_accepted
tests/test_v4_13_r15r1_lineage.py::test_new_introduced_contract_and_generator_determinism[sector_context_state_schema-sources0]
tests/test_v4_13_r15r1_lineage.py::test_new_introduced_contract_and_generator_determinism[rotation_structure_enrichment_schema-sources1]
tests/test_v4_13_r15r1_lineage.py::test_exact_predecessor_hash_but_wrong_identity_rejected
tests/test_v4_13_r15r1_lineage.py::test_nonincreasing_version_rejected
tests/test_v4_13_r15r1_lineage.py::test_corrupt_hash_rejected
tests/test_v4_13_r15r1_lineage.py::test_missing_introduction_rejected
tests/test_v4_13_r16a_runtime.py::test_A01_dominant_excluded_independent_median_seed
tests/test_v4_13_r16a_runtime.py::test_A02_minimum
tests/test_v4_13_r16a_runtime.py::test_A03_history_missing_relationship_independent
tests/test_v4_13_r16a_runtime.py::test_A04_unknown_not_empty
tests/test_v4_13_r16a_runtime.py::test_A05_relation_conflict_and_concepts
tests/test_v4_13_r16a_runtime.py::test_A06_no_relation
tests/test_v4_13_r16a_runtime.py::test_A07_coverage_no_zero_imputation
tests/test_v4_13_r16a_runtime.py::test_A08_history_common_cohort_excludes_target
tests/test_v4_13_r16a_runtime.py::test_A09_relative_owner_literal_parity
tests/test_v4_13_r16a_runtime.py::test_A10_selector_display_cap_independent[0]
tests/test_v4_13_r16a_runtime.py::test_A10_selector_display_cap_independent[1]
tests/test_v4_13_r16a_runtime.py::test_A10_selector_display_cap_independent[100]
tests/test_v4_13_r16a_runtime.py::test_A11_historical_membership_fail_closed
tests/test_v4_13_r16a_runtime.py::test_A12_fallback_unknown_no_io
tests/test_v4_13_r16a_runtime.py::test_full_cross_section_rank_rebuilt_after_exclusion
tests/test_v4_13_r16a_runtime.py::test_relative_uses_exact_stock_owner_not_native_member_alias
tests/test_v4_13_r16b_runtime.py::test_B01_B02_B10_literal_quality[qualities0-DEGRADED]
tests/test_v4_13_r16b_runtime.py::test_B01_B02_B10_literal_quality[qualities1-DEGRADED]
tests/test_v4_13_r16b_runtime.py::test_B01_B02_B10_literal_quality[qualities2-UNKNOWN]
tests/test_v4_13_r16b_runtime.py::test_B01_B02_B10_literal_quality[qualities3-NOT_APPLICABLE]
tests/test_v4_13_r16b_runtime.py::test_B01_B02_B10_literal_quality[qualities4-KNOWN]
tests/test_v4_13_r16b_runtime.py::test_B03_no_eligible
tests/test_v4_13_r16b_runtime.py::test_B04_uncertain_selection
tests/test_v4_13_r16b_runtime.py::test_B05_structure_unavailable
tests/test_v4_13_r16b_runtime.py::test_B06_B07_exact_copy_no_anchor_reselection[A]
tests/test_v4_13_r16b_runtime.py::test_B06_B07_exact_copy_no_anchor_reselection[B]
tests/test_v4_13_r16b_runtime.py::test_B08_B09_independent_dual_sources[KNOWN-UNKNOWN-DEGRADED]
tests/test_v4_13_r16b_runtime.py::test_B08_B09_independent_dual_sources[UNKNOWN-KNOWN-DEGRADED]
tests/test_v4_13_r16b_runtime.py::test_B11_B12_no_input_writeback[context]
tests/test_v4_13_r16b_runtime.py::test_B11_B12_no_input_writeback[D1]
tests/test_v4_13_r16b_runtime.py::test_selected_context_lossless_component_independence
tests/test_v4_13_r16b_runtime.py::test_source_known_null_and_unknown_reason_are_not_reclassified
tests/test_v4_13_r16c_publication.py::test_append_only_correction_and_prior_isolation
tests/test_v4_13_r16c_publication.py::test_fresh_process_exact_readback
tests/test_v4_13_r16c_publication.py::test_deterministic_publication_and_tamper_rejection
tests/test_v4_13_r16c_publication.py::test_actual_profile_pipeline_perturbation_raw_freeze[membership]
tests/test_v4_13_r16c_publication.py::test_actual_profile_pipeline_perturbation_raw_freeze[context]
tests/test_v4_13_r16c_publication.py::test_actual_profile_pipeline_perturbation_raw_freeze[D1]
tests/test_v4_13_r16c_publication.py::test_actual_profile_pipeline_perturbation_raw_freeze[sector_order]
tests/test_v4_13_r16c_publication.py::test_actual_profile_pipeline_perturbation_raw_freeze[concept_order]
tests/test_v4_13_r16c_publication.py::test_actual_profile_pipeline_perturbation_raw_freeze[display_cap]
tests/test_v4_13_r16c_publication.py::test_real_persisted_capability_scope_if_available
tests/test_v4_13_r16c_publication.py::test_fresh_process_membership_correction_uses_same_market_predecessor
tests/test_v4_13_r16r1_repair.py::test_machine_quality_and_reason_exact[support-support_state]
tests/test_v4_13_r16r1_repair.py::test_machine_quality_and_reason_exact[acceptance-acceptance_state]
tests/test_v4_13_r16r1_repair.py::test_machine_quality_and_reason_exact[pullback-basic_pullback_state]
tests/test_v4_13_r16r1_repair.py::test_machine_quality_and_reason_exact[recovery-basic_recovery_state]
tests/test_v4_13_r16r1_repair.py::test_nested_unknown_and_missing_metadata
tests/test_v4_13_r16r1_repair.py::test_producer_mismatch_rejected
tests/test_v4_13_r16r1_repair.py::test_invalid_revision[r0]
tests/test_v4_13_r16r1_repair.py::test_invalid_revision[r01]
tests/test_v4_13_r16r1_repair.py::test_invalid_revision[r-1]
tests/test_v4_13_r16r1_repair.py::test_invalid_revision[r1/../r2]
tests/test_v4_13_r16r1_repair.py::test_invalid_revision[rX]
tests/test_v4_13_r16r1_repair.py::test_invalid_revision[R1]
tests/test_v4_13_r16r1_repair.py::test_invalid_revision[r1\n]
tests/test_v4_13_r16r1_repair.py::test_invalid_revision[None]
tests/test_v4_13_r16r1_repair.py::test_numeric_revision_and_binder_selection
tests/test_v4_13_r16r1_repair.py::test_boundary_before_write[../escape-2026-09-30-r1-publish]
tests/test_v4_13_r16r1_repair.py::test_boundary_before_write[../escape-2026-09-30-r1-publish_stream]
tests/test_v4_13_r16r1_repair.py::test_boundary_before_write[good-../../escape-r1-publish]
tests/test_v4_13_r16r1_repair.py::test_boundary_before_write[good-../../escape-r1-publish_stream]
tests/test_v4_13_r16r1_repair.py::test_boundary_before_write[good-2026-02-30-r1-publish]
tests/test_v4_13_r16r1_repair.py::test_boundary_before_write[good-2026-02-30-r1-publish_stream]
tests/test_v4_13_r16r1_repair.py::test_boundary_before_write[good-2026-9-30-r1-publish]
tests/test_v4_13_r16r1_repair.py::test_boundary_before_write[good-2026-9-30-r1-publish_stream]
tests/test_v4_13_r16r1_repair.py::test_boundary_before_write[good-2026-09-30-../r1-publish]
tests/test_v4_13_r16r1_repair.py::test_boundary_before_write[good-2026-09-30-../r1-publish_stream]
tests/test_v4_13_r16r1_repair.py::test_boundary_before_write[good-2026-09-30-r01-publish]
tests/test_v4_13_r16r1_repair.py::test_boundary_before_write[good-2026-09-30-r01-publish_stream]
tests/test_v4_13_r16r1_repair.py::test_atomic_escape_and_hash_path_mismatch
tests/test_v4_13_r16r1_repair.py::test_append_only_changed_bytes[publish]
tests/test_v4_13_r16r1_repair.py::test_append_only_changed_bytes[publish_stream]
tests/test_v4_13_r16r1_repair.py::test_component_provenance_owner_dates
tests/test_v4_13_r16r1_repair.py::test_v1_2_minimal_same_family
tests/test_v4_13_r16r1_repair.py::test_independent_oracle_rejects_each_category_mutation[1]
tests/test_v4_13_r16r1_repair.py::test_independent_oracle_rejects_each_category_mutation[2]
tests/test_v4_13_r16r1_repair.py::test_independent_oracle_rejects_each_category_mutation[3]
tests/test_v4_13_r16r1_repair.py::test_independent_oracle_rejects_each_category_mutation[4]
tests/test_v4_13_r16r1_repair.py::test_independent_oracle_rejects_each_category_mutation[5]
tests/test_v4_13_r16r1_repair.py::test_independent_oracle_rejects_each_category_mutation[6]
tests/test_v4_13_r16r1_repair.py::test_independent_oracle_rejects_each_category_mutation[7]
tests/test_v4_13_r16r1_repair.py::test_independent_oracle_rejects_each_category_mutation[8]
tests/test_v4_13_r16r1_repair.py::test_independent_oracle_rejects_each_category_mutation[9]
tests/test_v4_13_r16r1_repair.py::test_independent_oracle_rejects_each_category_mutation[10]
tests/test_v4_13_r16r1_repair.py::test_independent_provenance_mismatch_rejected[producer_contract_id-WRONG]
tests/test_v4_13_r16r1_repair.py::test_independent_provenance_mismatch_rejected[sha256-0000000000000000000000000000000000000000000000000000000000000000]
tests/test_v4_13_r16r1_repair.py::test_independent_provenance_mismatch_rejected[path-config/v4_13_projection_v1_1.json]
tests/test_v4_14_rollback.py::test_eight_actual_sandbox_scenarios
tests/test_v4_14_rollback.py::test_mandatory_rollback_mutations[wrong_predecessor_sha]
tests/test_v4_14_rollback.py::test_mandatory_rollback_mutations[wrong_predecessor_bytes]
tests/test_v4_14_rollback.py::test_mandatory_rollback_mutations[wrong_candidate_sha]
tests/test_v4_14_rollback.py::test_mandatory_rollback_mutations[candidate_missing]
tests/test_v4_14_rollback.py::test_mandatory_rollback_mutations[activation_with_stale_parent]
tests/test_v4_14_rollback.py::test_mandatory_rollback_mutations[rollback_to_wrong_parent]
tests/test_v4_14_rollback.py::test_mandatory_rollback_mutations[rollback_receipt_drops_reason_codes]
tests/test_v4_14_rollback.py::test_mandatory_rollback_mutations[rollback_receipt_drops_previous_head]
tests/test_v4_14_rollback.py::test_mandatory_rollback_mutations[rollback_receipt_claims_v4_14_accepted]
tests/test_v4_14_rollback.py::test_mandatory_rollback_mutations[rollback_receipt_claims_algorithm_replay_pass]
tests/test_v4_14_rollback.py::test_mandatory_rollback_mutations[rollback_deletes_candidate_evidence]
tests/test_v4_14_rollback.py::test_mandatory_rollback_mutations[rollback_mutates_real_stage_head]
tests/test_v4_14_rollback.py::test_mandatory_rollback_mutations[second_rollback_changes_bytes]
tests/test_v4_14_rollback.py::test_mandatory_rollback_mutations[sandbox_path_escape]
tests/test_v4_14_rollback.py::test_no_permission_grant[production]
tests/test_v4_14_rollback.py::test_no_permission_grant[shadow]
tests/test_v4_14_rollback.py::test_no_permission_grant[focus]
tests/test_v4_14_rollback.py::test_no_permission_grant[V4_15]
tests/test_v4_14_rollback.py::test_no_permission_grant[Stage_advance]
tests/test_v4_14_rollback.py::test_no_permission_grant[Data_advance]
tests/test_v4_14_rollback.py::test_oracle_does_not_import_rollback_implementation
tests/test_v4_14_rollback.py::test_actual_stale_head_cas_rejects_without_overwrite
tests/test_v4_14_rollback.py::test_actual_evidence_mutation_blocks_rollback
tests/test_v4_14_rollback.py::test_rollback_rejects_unrelated_current_head
tests/test_v4_14_rollback.py::test_sandbox_escape_rejected_before_creation
tests/test_v4_17_shadow_ui.py::test_current_no_real_data_never_opens_database
tests/test_v4_17_shadow_ui.py::test_all_components_same_token_refresh_deeplink_filter_pagination_unknown
tests/test_v4_17_shadow_ui.py::test_corrected_observed_outcome_is_exact_revision
tests/test_v4_17_shadow_ui.py::test_negative_matrix[U01]
tests/test_v4_17_shadow_ui.py::test_negative_matrix[U02]
tests/test_v4_17_shadow_ui.py::test_negative_matrix[U03]
tests/test_v4_17_shadow_ui.py::test_negative_matrix[U04]
tests/test_v4_17_shadow_ui.py::test_negative_matrix[U05]
tests/test_v4_17_shadow_ui.py::test_negative_matrix[U06]
tests/test_v4_17_shadow_ui.py::test_negative_matrix[U07]
tests/test_v4_17_shadow_ui.py::test_negative_matrix[U08]
tests/test_v4_17_shadow_ui.py::test_negative_matrix[U09]
tests/test_v4_17_shadow_ui.py::test_negative_matrix[U10]
tests/test_v4_17_shadow_ui.py::test_negative_matrix[U11]
tests/test_v4_17_shadow_ui.py::test_negative_matrix[U12]
tests/test_v4_17_shadow_ui.py::test_negative_matrix[U13]
tests/test_v4_17_shadow_ui.py::test_negative_matrix[U14]
tests/test_v4_17_shadow_ui.py::test_negative_matrix[U15]
tests/test_v4_17_shadow_ui.py::test_negative_matrix[U16]
tests/test_v4_17_shadow_ui.py::test_negative_matrix[U17]
tests/test_v4_17_shadow_ui.py::test_negative_matrix[U18]
tests/test_v4_17_shadow_ui.py::test_extra_scope_guards[lineage]
tests/test_v4_17_shadow_ui.py::test_extra_scope_guards[namespace]
tests/test_v4_17_shadow_ui.py::test_extra_scope_guards[origin]
tests/test_v4_17_shadow_ui.py::test_extra_scope_guards[missing_quality]
tests/test_v4_17_shadow_ui.py::test_extra_scope_guards[unknown_known]
tests/test_v4_17_shadow_ui.py::test_extra_scope_guards[pending_known]
tests/test_v4_17_shadow_ui.py::test_extra_scope_guards[unregistered_field]
tests/test_v4_17_shadow_ui.py::test_extra_scope_guards[pagination]
tests/test_v4_17_shadow_ui.py::test_http_shared_service_read_only_and_existing_pages
tests/test_v4_17_shadow_ui.py::test_browser_code_contract_and_unknown_guard
tests/test_v4_17_shadow_ui.py::test_readback_config_has_no_real_acceptance
tests/test_v4_17_shadow_ui.py::test_native_exact_readonly_storage_projection
tests/test_v4_17_shadow_ui.py::test_native_readback_fail_closed[receipt]
tests/test_v4_17_shadow_ui.py::test_native_readback_fail_closed[fact_digest]
tests/test_v4_17_shadow_ui.py::test_native_readback_fail_closed[slot_model]
tests/test_v4_17_shadow_ui.py::test_native_readback_fail_closed[storage_origin]
tests/test_v4_17_shadow_ui.py::test_native_readback_fail_closed[path_escape]
tests/test_v4_17_shadow_ui.py::test_native_readback_fail_closed[absent_db]
tests/test_v4_17_shadow_ui.py::test_native_readback_fail_closed[field_path]
tests/test_v4_17_shadow_ui.py::test_native_readback_fail_closed[field_kind]
tests/test_v4_17_shadow_ui.py::test_same_publication_new_readback_manifest_cannot_reuse_old_token
tests/test_v4_17_shadow_ui.py::test_legacy_module_ast_identical_after_removing_additive_shadow_routes
tests/test_v4_17_shadow_ui.py::test_bad_shadow_contract_preserves_existing_v3_http
tests/test_v4_18_migration_contract.py::test_permissions_are_design_only
tests/test_v4_18_migration_contract.py::test_all_declared_tables_have_explicit_namespace_rules
tests/test_v4_18_migration_contract.py::test_declarative_vectors_bind_independent_oracle[M01]
tests/test_v4_18_migration_contract.py::test_declarative_vectors_bind_independent_oracle[M02]
tests/test_v4_18_migration_contract.py::test_declarative_vectors_bind_independent_oracle[M03]
tests/test_v4_18_migration_contract.py::test_declarative_vectors_bind_independent_oracle[M04]
tests/test_v4_18_migration_contract.py::test_declarative_vectors_bind_independent_oracle[M05]
tests/test_v4_18_migration_contract.py::test_declarative_vectors_bind_independent_oracle[M06]
tests/test_v4_18_migration_contract.py::test_declarative_vectors_bind_independent_oracle[M07]
tests/test_v4_18_migration_contract.py::test_declarative_vectors_bind_independent_oracle[M08]
tests/test_v4_18_migration_contract.py::test_declarative_vectors_bind_independent_oracle[M09]
tests/test_v4_18_migration_contract.py::test_declarative_vectors_bind_independent_oracle[M10]
tests/test_v4_18_migration_contract.py::test_declarative_vectors_bind_independent_oracle[M11]
tests/test_v4_18_migration_contract.py::test_declarative_vectors_bind_independent_oracle[M12]
tests/test_v4_18_migration_contract.py::test_declarative_vectors_bind_independent_oracle[M13]
tests/test_v4_18_migration_contract.py::test_declarative_vectors_bind_independent_oracle[M14]
tests/test_v4_18_migration_contract.py::test_declarative_vectors_bind_independent_oracle[M15]
tests/test_v4_18_migration_contract.py::test_declarative_vectors_bind_independent_oracle[M16]
tests/test_v4_18_migration_contract.py::test_declarative_vectors_bind_independent_oracle[M17]
tests/test_v4_18_migration_contract.py::test_declarative_vectors_bind_independent_oracle[M18]
tests/test_v4_18_migration_contract.py::test_declarative_vectors_bind_independent_oracle[M19]
tests/test_v4_18_migration_contract.py::test_declarative_vectors_bind_independent_oracle[M20]
tests/test_v4_18_migration_contract.py::test_vectors_and_future_interfaces_complete
tests/test_v4_18_migration_contract.py::test_inheritance_obligations_and_rollback_are_explicit
tests/test_v4_19_focus_cutover_contract.py::test_twenty_independent_design_vectors[C01]
tests/test_v4_19_focus_cutover_contract.py::test_twenty_independent_design_vectors[C02]
tests/test_v4_19_focus_cutover_contract.py::test_twenty_independent_design_vectors[C03]
tests/test_v4_19_focus_cutover_contract.py::test_twenty_independent_design_vectors[C04]
tests/test_v4_19_focus_cutover_contract.py::test_twenty_independent_design_vectors[C05]
tests/test_v4_19_focus_cutover_contract.py::test_twenty_independent_design_vectors[C06]
tests/test_v4_19_focus_cutover_contract.py::test_twenty_independent_design_vectors[C07]
tests/test_v4_19_focus_cutover_contract.py::test_twenty_independent_design_vectors[C08]
tests/test_v4_19_focus_cutover_contract.py::test_twenty_independent_design_vectors[C09]
tests/test_v4_19_focus_cutover_contract.py::test_twenty_independent_design_vectors[C10]
tests/test_v4_19_focus_cutover_contract.py::test_twenty_independent_design_vectors[C11]
tests/test_v4_19_focus_cutover_contract.py::test_twenty_independent_design_vectors[C12]
tests/test_v4_19_focus_cutover_contract.py::test_twenty_independent_design_vectors[C13]
tests/test_v4_19_focus_cutover_contract.py::test_twenty_independent_design_vectors[C14]
tests/test_v4_19_focus_cutover_contract.py::test_twenty_independent_design_vectors[C15]
tests/test_v4_19_focus_cutover_contract.py::test_twenty_independent_design_vectors[C16]
tests/test_v4_19_focus_cutover_contract.py::test_twenty_independent_design_vectors[C17]
tests/test_v4_19_focus_cutover_contract.py::test_twenty_independent_design_vectors[C18]
tests/test_v4_19_focus_cutover_contract.py::test_twenty_independent_design_vectors[C19]
tests/test_v4_19_focus_cutover_contract.py::test_twenty_independent_design_vectors[C20]
tests/test_v4_19_focus_cutover_contract.py::test_fail_closed_quality_and_runtime_authority[shadow-consecutive_sessions-19]
tests/test_v4_19_focus_cutover_contract.py::test_fail_closed_quality_and_runtime_authority[shadow-missed_sessions-1]
tests/test_v4_19_focus_cutover_contract.py::test_fail_closed_quality_and_runtime_authority[shadow-non_evaluable_sessions-1]
tests/test_v4_19_focus_cutover_contract.py::test_fail_closed_quality_and_runtime_authority[shadow-temporal_leakage-1]
tests/test_v4_19_focus_cutover_contract.py::test_fail_closed_quality_and_runtime_authority[shadow-p0-1]
tests/test_v4_19_focus_cutover_contract.py::test_fail_closed_quality_and_runtime_authority[shadow-rollback_drill-False]
tests/test_v4_19_focus_cutover_contract.py::test_fail_closed_quality_and_runtime_authority[forward-controls_quality_receipt-False]
tests/test_v4_19_focus_cutover_contract.py::test_fail_closed_quality_and_runtime_authority[forward-benchmark_quality_receipt-False]
tests/test_v4_19_focus_cutover_contract.py::test_fail_closed_quality_and_runtime_authority[migration-runtime_external_acceptance-False]
tests/test_v4_19_focus_cutover_contract.py::test_fail_closed_quality_and_runtime_authority[migration-scope-CONTRACT_DESIGN]
tests/test_v4_19_focus_cutover_contract.py::test_current_all_false_and_no_runtime_interface
tests/test_v4_19_focus_cutover_contract.py::test_contract_graph_registry_and_unfrozen_sector_policy
tests/test_v4_19_focus_cutover_contract.py::test_count_diversity_and_revision_dedup
tests/test_v4_19_focus_cutover_contract.py::test_rollback_transitive_dependencies_do_not_disable_stock_core
tests/test_v4_19_focus_cutover_contract.py::test_receipt_fields_context_and_prohibitions_complete
tests/test_v4_20_default_ui_contract.py::test_twenty_design_vectors[U20-01]
tests/test_v4_20_default_ui_contract.py::test_twenty_design_vectors[U20-02]
tests/test_v4_20_default_ui_contract.py::test_twenty_design_vectors[U20-03]
tests/test_v4_20_default_ui_contract.py::test_twenty_design_vectors[U20-04]
tests/test_v4_20_default_ui_contract.py::test_twenty_design_vectors[U20-05]
tests/test_v4_20_default_ui_contract.py::test_twenty_design_vectors[U20-06]
tests/test_v4_20_default_ui_contract.py::test_twenty_design_vectors[U20-07]
tests/test_v4_20_default_ui_contract.py::test_twenty_design_vectors[U20-08]
tests/test_v4_20_default_ui_contract.py::test_twenty_design_vectors[U20-09]
tests/test_v4_20_default_ui_contract.py::test_twenty_design_vectors[U20-10]
tests/test_v4_20_default_ui_contract.py::test_twenty_design_vectors[U20-11]
tests/test_v4_20_default_ui_contract.py::test_twenty_design_vectors[U20-12]
tests/test_v4_20_default_ui_contract.py::test_twenty_design_vectors[U20-13]
tests/test_v4_20_default_ui_contract.py::test_twenty_design_vectors[U20-14]
tests/test_v4_20_default_ui_contract.py::test_twenty_design_vectors[U20-15]
tests/test_v4_20_default_ui_contract.py::test_twenty_design_vectors[U20-16]
tests/test_v4_20_default_ui_contract.py::test_twenty_design_vectors[U20-17]
tests/test_v4_20_default_ui_contract.py::test_twenty_design_vectors[U20-18]
tests/test_v4_20_default_ui_contract.py::test_twenty_design_vectors[U20-19]
tests/test_v4_20_default_ui_contract.py::test_twenty_design_vectors[U20-20]
tests/test_v4_20_default_ui_contract.py::test_current_all_legacy_and_authorities_unchanged
tests/test_v4_20_default_ui_contract.py::test_module_capability_registry_and_native_context_identity
tests/test_v4_20_default_ui_contract.py::test_write_requires_current_route_permission_and_endpoint_agreement
tests/test_v4_20_default_ui_contract.py::test_deep_link_tampering_and_missing_context_never_discovers_latest
tests/test_v4_20_default_ui_contract.py::test_forbidden_source_discovery_and_empty_capability_not_v4
tests/test_v4_20_default_ui_contract.py::test_r28_p2_transitive_rollback_independent_stock_preserved
tests/test_v4_21_forward_observation_contract.py::test_twenty_design_vectors[F21-01]
tests/test_v4_21_forward_observation_contract.py::test_twenty_design_vectors[F21-02]
tests/test_v4_21_forward_observation_contract.py::test_twenty_design_vectors[F21-03]
tests/test_v4_21_forward_observation_contract.py::test_twenty_design_vectors[F21-04]
tests/test_v4_21_forward_observation_contract.py::test_twenty_design_vectors[F21-05]
tests/test_v4_21_forward_observation_contract.py::test_twenty_design_vectors[F21-06]
tests/test_v4_21_forward_observation_contract.py::test_twenty_design_vectors[F21-07]
tests/test_v4_21_forward_observation_contract.py::test_twenty_design_vectors[F21-08]
tests/test_v4_21_forward_observation_contract.py::test_twenty_design_vectors[F21-09]
tests/test_v4_21_forward_observation_contract.py::test_twenty_design_vectors[F21-10]
tests/test_v4_21_forward_observation_contract.py::test_twenty_design_vectors[F21-11]
tests/test_v4_21_forward_observation_contract.py::test_twenty_design_vectors[F21-12]
tests/test_v4_21_forward_observation_contract.py::test_twenty_design_vectors[F21-13]
tests/test_v4_21_forward_observation_contract.py::test_twenty_design_vectors[F21-14]
tests/test_v4_21_forward_observation_contract.py::test_twenty_design_vectors[F21-15]
tests/test_v4_21_forward_observation_contract.py::test_twenty_design_vectors[F21-16]
tests/test_v4_21_forward_observation_contract.py::test_twenty_design_vectors[F21-17]
tests/test_v4_21_forward_observation_contract.py::test_twenty_design_vectors[F21-18]
tests/test_v4_21_forward_observation_contract.py::test_twenty_design_vectors[F21-19]
tests/test_v4_21_forward_observation_contract.py::test_twenty_design_vectors[F21-20]
tests/test_v4_21_forward_observation_contract.py::test_current_zero_and_gate_owners_read_only
tests/test_v4_21_forward_observation_contract.py::test_owner_native_statuses_and_immutable_contract_refs
tests/test_v4_21_forward_observation_contract.py::test_missing_ledger_identity_fails_closed[sessions-market_session_id]
tests/test_v4_21_forward_observation_contract.py::test_missing_ledger_identity_fails_closed[events-enrollment_id]
tests/test_v4_21_forward_observation_contract.py::test_missing_ledger_identity_fails_closed[outcomes-due_id]
tests/test_v4_21_forward_observation_contract.py::test_identical_rows_do_not_inflate_denominators_and_conflicts_rejected
tests/test_v4_21_forward_observation_contract.py::test_native_missing_is_not_promoted_observed_or_censor
tests/test_v4_21_native_session_repair.py::test_native_negative_matrix[S21-01]
tests/test_v4_21_native_session_repair.py::test_native_negative_matrix[S21-02]
tests/test_v4_21_native_session_repair.py::test_native_negative_matrix[S21-03]
tests/test_v4_21_native_session_repair.py::test_native_negative_matrix[S21-04]
tests/test_v4_21_native_session_repair.py::test_native_negative_matrix[S21-05]
tests/test_v4_21_native_session_repair.py::test_native_negative_matrix[S21-06]
tests/test_v4_21_native_session_repair.py::test_native_negative_matrix[S21-07]
tests/test_v4_21_native_session_repair.py::test_native_negative_matrix[S21-08]
tests/test_v4_21_native_session_repair.py::test_exact_owner_and_statuses_read_from_accepted_contract
tests/test_v4_21_native_session_repair.py::test_missing_or_wrong_owner_and_compatibility_alias_rejected
tests/test_v4_21_native_session_repair.py::test_receipt_keeps_native_and_projection_states_distinct
tests/test_v4_21_native_session_repair.py::test_production_fixture_explicit_simulation_not_current_authority
tests/test_v4_21_native_session_repair.py::test_count_derivation_never_counts_non_evaluable_or_missed
tests/test_v4_22_independent_audit_contract.py::test_orphan_real_row_blocked_affected_scope[events-A22-V421-REFINT-01]
tests/test_v4_22_independent_audit_contract.py::test_orphan_real_row_blocked_affected_scope[outcomes-A22-V421-REFINT-02]
tests/test_v4_22_independent_audit_contract.py::test_cross_partition_parent_cannot_cover_orphan[events-capability-ROTATION]
tests/test_v4_22_independent_audit_contract.py::test_cross_partition_parent_cannot_cover_orphan[events-evidence_lane-PRODUCTION_REAL]
tests/test_v4_22_independent_audit_contract.py::test_cross_partition_parent_cannot_cover_orphan[events-model_contract_id-OTHER]
tests/test_v4_22_independent_audit_contract.py::test_cross_partition_parent_cannot_cover_orphan[events-parameter_digest-OTHER]
tests/test_v4_22_independent_audit_contract.py::test_cross_partition_parent_cannot_cover_orphan[events-state_lineage_id-OTHER]
tests/test_v4_22_independent_audit_contract.py::test_cross_partition_parent_cannot_cover_orphan[outcomes-capability-ROTATION]
tests/test_v4_22_independent_audit_contract.py::test_cross_partition_parent_cannot_cover_orphan[outcomes-evidence_lane-PRODUCTION_REAL]
tests/test_v4_22_independent_audit_contract.py::test_cross_partition_parent_cannot_cover_orphan[outcomes-model_contract_id-OTHER]
tests/test_v4_22_independent_audit_contract.py::test_cross_partition_parent_cannot_cover_orphan[outcomes-parameter_digest-OTHER]
tests/test_v4_22_independent_audit_contract.py::test_cross_partition_parent_cannot_cover_orphan[outcomes-state_lineage_id-OTHER]
tests/test_v4_22_independent_audit_contract.py::test_unaccepted_session_cannot_cover_real_rows[native_session_status-ACCEPTED]
tests/test_v4_22_independent_audit_contract.py::test_unaccepted_session_cannot_cover_real_rows[native_session_status-MISSED_OBSERVATION_SLOT]
tests/test_v4_22_independent_audit_contract.py::test_unaccepted_session_cannot_cover_real_rows[native_session_authority_id-WRONG]
tests/test_v4_22_independent_audit_contract.py::test_unaccepted_session_cannot_cover_real_rows[native_session_authority_sha256-WRONG]
tests/test_v4_22_independent_audit_contract.py::test_unaccepted_session_cannot_cover_real_rows[evidence_origin-HISTORICAL_REPLAY]
tests/test_v4_22_independent_audit_contract.py::test_unaccepted_session_cannot_cover_real_rows[accepted_real_publication-False]
tests/test_v4_22_independent_audit_contract.py::test_unaccepted_session_cannot_cover_real_rows[execution_mode-REPLAY]
tests/test_v4_22_independent_audit_contract.py::test_valid_parent_and_non_evaluable_native_parent_distinguished
tests/test_v4_22_independent_audit_contract.py::test_production_real_missing_native_authority_is_blocked
tests/test_v4_22_independent_audit_contract.py::test_non_real_lanes_do_not_inflate_or_block_real_partition
tests/test_v4_22_independent_audit_contract.py::test_missing_partition_fails_closed_without_keyerror
tests/test_v4_22_independent_audit_contract.py::test_registry_authority_and_all_open_items
tests/test_v4_22_independent_audit_contract.py::test_open_item_cannot_disappear[0]
tests/test_v4_22_independent_audit_contract.py::test_open_item_cannot_disappear[1]
tests/test_v4_22_independent_audit_contract.py::test_open_item_cannot_disappear[2]
tests/test_v4_22_independent_audit_contract.py::test_open_item_cannot_disappear[3]
tests/test_v4_22_independent_audit_contract.py::test_open_item_cannot_disappear[4]
tests/test_v4_22_independent_audit_contract.py::test_open_item_cannot_disappear[5]
tests/test_v4_22_independent_audit_contract.py::test_open_item_cannot_disappear[6]
tests/test_v4_22_independent_audit_contract.py::test_open_item_cannot_disappear[7]
tests/test_v4_22_independent_audit_contract.py::test_open_item_cannot_disappear[8]
tests/test_v4_22_independent_audit_contract.py::test_open_item_cannot_disappear[9]
tests/test_v4_22_independent_audit_contract.py::test_closure_needs_all_independent_evidence_fields[explicit_disposition]
tests/test_v4_22_independent_audit_contract.py::test_closure_needs_all_independent_evidence_fields[exact_evidence]
tests/test_v4_22_independent_audit_contract.py::test_closure_needs_all_independent_evidence_fields[authority]
tests/test_v4_22_independent_audit_contract.py::test_closure_needs_all_independent_evidence_fields[date_source]
tests/test_v4_22_independent_audit_contract.py::test_closure_needs_all_independent_evidence_fields[independent_recheck]
tests/test_v4_22_independent_audit_contract.py::test_exact_binding_no_digest_or_path_fallback
tests/test_v4_22_independent_audit_contract.py::test_tested_source_evidence_only_delta[delta0-PASS]
tests/test_v4_22_independent_audit_contract.py::test_tested_source_evidence_only_delta[delta1-PASS]
tests/test_v4_22_independent_audit_contract.py::test_tested_source_evidence_only_delta[delta2-BLOCKED]
tests/test_v4_22_independent_audit_contract.py::test_tested_source_evidence_only_delta[delta3-BLOCKED]
tests/test_v4_22_independent_audit_contract.py::test_tested_source_evidence_only_delta[delta4-BLOCKED]
tests/test_v4_22_independent_audit_contract.py::test_governance_wrong_binding_blocks[branch]
tests/test_v4_22_independent_audit_contract.py::test_governance_wrong_binding_blocks[source]
tests/test_v4_22_independent_audit_contract.py::test_governance_wrong_binding_blocks[annotated]
tests/test_v4_22_independent_audit_contract.py::test_governance_wrong_binding_blocks[clean]
tests/test_v4_22_independent_audit_contract.py::test_current_real_gates_not_ready_even_if_design_items_pass
tests/test_v4_22_independent_audit_contract.py::test_formula_future_simulation_is_never_an_acceptance_grant
tests/test_v4_22_independent_audit_contract.py::test_formula_rejects_partial_or_forged_acceptance[scope]
tests/test_v4_22_independent_audit_contract.py::test_formula_rejects_partial_or_forged_acceptance[duplicate]
tests/test_v4_22_independent_audit_contract.py::test_formula_rejects_partial_or_forged_acceptance[missing]
tests/test_v4_22_independent_audit_contract.py::test_formula_rejects_partial_or_forged_acceptance[status]
tests/test_v4_22_independent_audit_contract.py::test_formula_rejects_partial_or_forged_acceptance[recheck]
tests/test_v4_22_independent_audit_contract.py::test_formula_rejects_partial_or_forged_acceptance[receipt]
tests/test_v4_22_independent_audit_contract.py::test_formula_rejects_partial_or_forged_acceptance[blocker]
tests/test_v4_22_independent_audit_contract.py::test_formula_rejects_partial_or_forged_acceptance[audit_receipt]
tests/test_v4_22_independent_audit_contract.py::test_oracle_imports_only_standard_library_no_writers
tests/test_v4_22_r31r1_repair.py::test_final[R31R1-FINAL-01]
tests/test_v4_22_r31r1_repair.py::test_final[R31R1-FINAL-02]
tests/test_v4_22_r31r1_repair.py::test_final[R31R1-FINAL-03]
tests/test_v4_22_r31r1_repair.py::test_final[R31R1-FINAL-04]
tests/test_v4_22_r31r1_repair.py::test_final[R31R1-FINAL-05]
tests/test_v4_22_r31r1_repair.py::test_final[R31R1-FINAL-06]
tests/test_v4_22_r31r1_repair.py::test_parent[R31R1-REFINT-01]
tests/test_v4_22_r31r1_repair.py::test_parent[R31R1-REFINT-02]
tests/test_v4_22_r31r1_repair.py::test_parent[R31R1-REFINT-03]
tests/test_v4_22_r31r1_repair.py::test_parent[R31R1-REFINT-04]
tests/test_v4_22_r31r1_repair.py::test_parent[R31R1-REFINT-05]
tests/test_v4_22_r31r1_repair.py::test_parent[R31R1-REFINT-06]
tests/test_v4_22_r31r1_repair.py::test_parent[R31R1-REFINT-07]
tests/test_v4_22_r31r1_repair.py::test_parent[R31R1-REFINT-08]
tests/test_v4_22_r31r1_repair.py::test_authority[R31R1-AUTH-01]
tests/test_v4_22_r31r1_repair.py::test_authority[R31R1-AUTH-02]
tests/test_v4_22_r31r1_repair.py::test_authority[R31R1-AUTH-03]
tests/test_v4_22_r31r1_repair.py::test_authority[R31R1-AUTH-04]
tests/test_v4_22_r31r1_repair.py::test_authority[R31R1-AUTH-05]
tests/test_v4_22_r31r1_repair.py::test_authority[R31R1-AUTH-06]
tests/test_v4_22_r31r1_repair.py::test_outcome_due_date_is_not_processing_date
tests/test_v4_22_r31r2_repair.py::test_closure[R31R2-CLOSURE-01]
tests/test_v4_22_r31r2_repair.py::test_closure[R31R2-CLOSURE-02]
tests/test_v4_22_r31r2_repair.py::test_closure[R31R2-CLOSURE-03]
tests/test_v4_22_r31r2_repair.py::test_closure[R31R2-CLOSURE-04]
tests/test_v4_22_r31r2_repair.py::test_closure[R31R2-CLOSURE-05]
tests/test_v4_22_r31r2_repair.py::test_closure[R31R2-CLOSURE-06]
tests/test_v4_22_r31r2_repair.py::test_closure[R31R2-CLOSURE-07]
tests/test_v4_22_r31r2_repair.py::test_closure[R31R2-CLOSURE-08]
tests/test_v4_22_r31r2_repair.py::test_closure[R31R2-CLOSURE-09]
tests/test_v4_22_r31r2_repair.py::test_closure[R31R2-CLOSURE-10]
tests/test_v4_22_r31r2_repair.py::test_closure[R31R2-CLOSURE-11]
tests/test_v4_22_r31r2_repair.py::test_closure[R31R2-CLOSURE-12]
tests/test_v4_22_r31r2_repair.py::test_closure[R31R2-CLOSURE-13]
tests/test_v4_22_r31r2_repair.py::test_ledger[R31R2-LEDGER-01]
tests/test_v4_22_r31r2_repair.py::test_ledger[R31R2-LEDGER-02]
tests/test_v4_22_r31r2_repair.py::test_ledger[R31R2-LEDGER-03]
tests/test_v4_22_r31r2_repair.py::test_ledger[R31R2-LEDGER-04]
tests/test_v4_22_r31r2_repair.py::test_ledger[R31R2-LEDGER-05]
tests/test_v4_22_r31r2_repair.py::test_ledger[R31R2-LEDGER-06]
tests/test_v4_22_r31r2_repair.py::test_ledger[R31R2-LEDGER-07]
tests/test_v4_22_r31r2_repair.py::test_ledger[R31R2-LEDGER-08]
tests/test_v4_22_r31r2_repair.py::test_ledger[R31R2-LEDGER-09]
tests/test_v4_22_r31r2_repair.py::test_ledger[R31R2-LEDGER-10]
tests/test_v4_22_r31r2_repair.py::test_ledger[R31R2-LEDGER-11]
tests/test_v4_22_r31r2_repair.py::test_ledger[R31R2-LEDGER-12]
tests/test_v4_22_r31r2_repair.py::test_build[R31R2-BUILD-01]
tests/test_v4_22_r31r2_repair.py::test_build[R31R2-BUILD-02]
tests/test_v4_22_r31r2_repair.py::test_build[R31R2-BUILD-03]
tests/test_v4_22_r31r2_repair.py::test_build[R31R2-BUILD-04]
tests/test_v4_22_r31r2_repair.py::test_current_real_closures_remain_empty
tests/test_v4_r14_governance_contracts.py::test_exact_scoped_promotion
tests/test_v4_r14_governance_contracts.py::test_promotion_fail_closed[permission]
tests/test_v4_r14_governance_contracts.py::test_promotion_fail_closed[as_recorded]
tests/test_v4_r14_governance_contracts.py::test_promotion_fail_closed[capability]
tests/test_v4_r14_governance_contracts.py::test_promotion_fail_closed[round]
tests/test_v4_r14_governance_contracts.py::test_promotion_fail_closed[binding]
tests/test_v4_r14_governance_contracts.py::test_promotion_fail_closed[lineage]
tests/test_v4_r14_governance_contracts.py::test_zero_mutation_repeat
tests/test_v4_r14_governance_contracts.py::test_forbidden_contract_use[case0]
tests/test_v4_r14_governance_contracts.py::test_forbidden_contract_use[case1]
tests/test_v4_r14_governance_contracts.py::test_forbidden_contract_use[case2]
tests/test_v4_r14_governance_contracts.py::test_forbidden_contract_use[case3]
tests/test_v4_r14_governance_contracts.py::test_forbidden_contract_use[case4]
tests/test_v4_r14_governance_contracts.py::test_forbidden_contract_use[case5]
tests/test_v4_r14_governance_contracts.py::test_forbidden_contract_use[case6]
tests/test_v4_r14_governance_contracts.py::test_forbidden_contract_use[case7]
tests/test_v4_r14_governance_contracts.py::test_forbidden_contract_use[case8]
tests/test_v4_r14_governance_contracts.py::test_forbidden_contract_use[case9]
tests/test_v4_r14_governance_contracts.py::test_independent_vectors
tests/test_v4_r14_governance_contracts.py::test_full_contract_completeness
tests/v4_01/test_r8_1_identity_event_discovery.py::test_non_overlapping_code_transition_without_linkage_remains_atomic
tests/v4_01/test_r8_1_identity_event_discovery.py::test_roster_exit_entry_boundary_is_atomic_without_linkage_signal
tests/v4_01/test_r8_1_identity_event_discovery.py::test_lifecycle_boundary_without_shared_bar_is_candidate
tests/v4_01/test_r8_1_identity_event_discovery.py::test_overlapping_retrospective_alias_is_candidate
tests/v4_01/test_r8_1_identity_event_discovery.py::test_existing_alias_fact_is_candidate_and_verified_fact_confirms_it
tests/v4_01/test_r8_1_identity_event_discovery.py::test_disjoint_lifecycle_and_listing_dates_remain_unresolved_without_relation_evidence
tests/v4_01/test_r8_1_identity_event_discovery.py::test_weak_name_match_is_candidate_only_and_never_merges
tests/v4_01/test_r8_1_identity_event_discovery.py::test_unresolved_candidate_fails_closed
tests/v4_01/test_r8_1_identity_event_discovery.py::test_candidate_signal_union_deduplicates_the_same_event
tests/v4_01/test_r8_1_identity_event_discovery.py::test_no_specific_security_literals_in_discovery_logic
tests/v4_01/test_r8_1_identity_event_discovery.py::test_known_transition_codes_are_fixture_data_only
tests/v4_01/test_r8_1_identity_event_discovery.py::test_different_listing_dates_alone_do_not_clear_required_scope
tests/v4_01/test_r8_1_identity_event_discovery.py::test_official_distinct_issuer_evidence_confirms_distinct_entities
tests/v4_01/test_r8_1_identity_event_discovery.py::test_official_code_change_notice_confirms_same_entity
tests/v4_01/test_r8_1_identity_event_discovery.py::test_daily_incremental_rejects_non_session_target
tests/v4_01/test_r8_2_identity_relation_evidence.py::test_different_listing_dates_do_not_confirm_distinct_without_identity_evidence
tests/v4_01/test_r8_2_identity_relation_evidence.py::test_versioned_listing_anchor_alone_is_weak_evidence
tests/v4_01/test_r8_2_identity_relation_evidence.py::test_official_distinct_entity_evidence_confirms_distinct
tests/v4_01/test_r8_2_identity_relation_evidence.py::test_official_same_entity_code_change_confirms_same
tests/v4_01/test_r8_2_identity_relation_evidence.py::test_versioned_alias_revision_must_bind_the_verified_capture_digest
tests/v4_01/test_r8_2_identity_relation_evidence.py::test_nonoverlap_transition_without_identity_evidence_remains_unresolved
tests/v4_01/test_r8_2_identity_relation_evidence.py::test_required_scope_unresolved_blocks_gate
tests/v4_01/test_r8_2_identity_relation_evidence.py::test_candidate_discovery_remains_generic_and_codes_are_fixture_only
tests/v4_01/test_r8_3_identity_event_linkage.py::test_single_exit_three_unrelated_ipos_does_not_create_three_pairs
tests/v4_01/test_r8_3_identity_event_linkage.py::test_multiple_exit_entry_same_day_has_no_cartesian_product
tests/v4_01/test_r8_3_identity_event_linkage.py::test_roster_boundary_without_link_signal_remains_atomic_event
tests/v4_01/test_r8_3_identity_event_linkage.py::test_lifecycle_boundary_without_link_signal_remains_atomic_event
tests/v4_01/test_r8_3_identity_event_linkage.py::test_official_code_change_links_nonoverlap_symbols
tests/v4_01/test_r8_3_identity_event_linkage.py::test_same_issuer_id_creates_candidate_but_does_not_confirm_same
tests/v4_01/test_r8_3_identity_event_linkage.py::test_same_company_entity_id_creates_candidate_only
tests/v4_01/test_r8_3_identity_event_linkage.py::test_same_normalized_name_creates_candidate_but_does_not_confirm_same
tests/v4_01/test_r8_3_identity_event_linkage.py::test_different_listing_dates_never_confirm_distinct_alone
tests/v4_01/test_r8_3_identity_event_linkage.py::test_official_distinct_issuer_evidence_confirms_distinct
tests/v4_01/test_r8_3_identity_event_linkage.py::test_symbol_reuse_disjoint_lifecycle_is_candidate
tests/v4_01/test_r8_3_identity_event_linkage.py::test_official_event_index_coverage_is_required
tests/v4_01/test_r8_3_identity_event_linkage.py::test_complete_official_event_index_coverage_passes
tests/v4_01/test_r8_3_identity_event_linkage.py::test_missing_exchange_event_index_blocks_completeness
tests/v4_01/test_r8_3_identity_event_linkage.py::test_known_300114_302132_fixture_passes
tests/v4_01/test_r8_3_identity_event_linkage.py::test_no_specific_security_literals_in_generic_linkage_runtime
tests/v4_01/test_r8_3_identity_event_linkage.py::test_incomplete_coverage_window_blocks_even_with_all_exchange_rows
tests/v4_01/test_r8_3_official_search_capture.py::test_supplemental_search_capture_requires_hash_bound_successful_queries
tests/v4_01/test_r8_3_official_search_capture.py::test_supplemental_search_capture_rejects_changed_raw_response_hash
tests/v4_01/test_r8_generic_alias_completeness.py::test_same_entity_code_change_not_split_into_two_entities
tests/v4_01/test_r8_generic_alias_completeness.py::test_distinct_entity_code_reuse_not_merged
tests/v4_01/test_r8_generic_alias_completeness.py::test_unresolved_code_change_candidate_fails_closed
tests/v4_01/test_r8_generic_alias_completeness.py::test_alias_effective_interval_non_overlapping
tests/v4_01/test_r8_generic_alias_completeness.py::test_dated_board_follows_alias_fact_not_prefix_only
tests/v4_01/test_r8_generic_alias_completeness.py::test_duplicate_stable_id_trade_date_rejected
tests/v4_01/test_r8_generic_alias_completeness.py::test_generic_candidate_discovery_catches_split_ids
tests/v4_01/test_r8_generic_alias_completeness.py::test_known_300114_302132_case_passes_as_fact_fixture_not_hardcoded_logic
tests/v4_01/test_r8_generic_alias_completeness.py::test_all_day_required_coverage_still_zero
tests/v4_01/test_r8_generic_alias_completeness.py::test_final_receipt_requires_alias_completeness_gate
tests/v4_01/test_source_fingerprint_candidate.py::test_blind_sample_predictions_match_frozen_candidate_study
tests/v4_01/test_source_fingerprint_candidate.py::test_reserved_bytes_and_identical_dual_bar_do_not_veto_candidate
tests/v4_01/test_source_fingerprint_candidate.py::test_empty_old_tdx_file_does_not_count_as_a_full_prefix
tests/v4_01/test_source_fingerprint_candidate.py::test_f6_identical_alias_bars_are_not_substantive_dual_trading
tests/v4_01/test_source_fingerprint_candidate.py::test_frozen_v1_thresholds_include_exact_095_and_099_boundaries
tests/v4_01/test_source_fingerprint_candidate.py::test_frozen_v1_thresholds_reject_values_below_095_and_099
tests/v4_01/test_source_fingerprint_candidate.py::test_suspended_blank_and_zero_representation_is_normalized
tests/v4_01/test_source_fingerprint_candidate.py::test_substantive_dual_actual_bar_difference_fails_closed
tests/v4_01/test_source_fingerprint_candidate.py::test_provider_code_mismatch_duplicate_dates_and_incomplete_query_fail_closed
tests/v4_01/test_source_fingerprint_candidate.py::test_shared_ipo_metadata_alone_does_not_emit_candidate
tests/v4_01/test_v4_01_generic_candidate_union.py::test_two_candidates_with_two_resolutions_pass
tests/v4_01/test_v4_01_generic_candidate_union.py::test_two_candidates_with_one_unresolved_block
tests/v4_01/test_v4_01_generic_candidate_union.py::test_extra_r8_generic_candidate_is_added_to_union
tests/v4_01/test_v4_01_generic_candidate_union.py::test_in_window_known_official_candidate_is_added_to_union
tests/v4_01/test_v4_01_generic_candidate_union.py::test_resolution_key_outside_union_blocks
tests/v4_01/test_v4_01_generic_candidate_union.py::test_dated_identity_evidence_is_resolved_generically
tests/v4_01/test_v4_01_receipt_parsing.py::test_pytest_short_summary_header_does_not_replace_test_counts
tests/v4_01/test_v4_01_receipt_parsing.py::test_required_scope_skip_is_marked_as_blocking
tests/v4_02/test_final_closure_pack.py::test_tdx_actual_bar_overrides_baostock_status_conflict
tests/v4_02/test_final_closure_pack.py::test_missing_bar_never_implies_suspension_without_provider_fact
tests/v4_02/test_final_closure_pack.py::test_unknown_gbbq_category_blocks_only_affected_security
tests/v4_02/test_final_closure_pack.py::test_qfq_blocked_never_falls_back_raw
tests/v4_02/test_final_closure_pack.py::test_closed_only_rejects_unknown_gap
tests/v4_02/test_final_closure_pack.py::test_asof_partial_never_consumes_future_daily
tests/v4_02/test_final_closure_pack.py::test_temporal_required_8_cases_present
tests/v4_02/test_final_closure_pack.py::test_future_corporate_action_perturbation_does_not_change_t0
tests/v4_02/test_final_closure_pack.py::test_historical_adjusted_lineage_never_claims_pit_without_snapshot
tests/v4_02/test_final_closure_pack.py::test_go_forward_gbbq_snapshot_hash_bound
tests/v4_02/test_final_closure_pack.py::test_price_limit_registry_uses_effective_dated_authority_at_2026_boundary
tests/v4_02/test_final_closure_pack.py::test_xrxd_reference_uses_adjustment_transform_and_tick_rounding
tests/v4_02/test_final_r3_repairs.py::test_suspension_carries_previous_close_state
tests/v4_02/test_final_r3_repairs.py::test_multiple_suspended_sessions_carry_previous_close
tests/v4_02/test_final_r3_repairs.py::test_supported_xrxd_during_reference_chain_updates_reference
tests/v4_02/test_final_r3_repairs.py::test_unsupported_action_blocks_reference_chain
tests/v4_02/test_final_r3_repairs.py::test_resume_day_uses_carried_previous_close_not_previous_market_session_bar
tests/v4_02/test_final_r3_repairs.py::test_dated_alias_resolution_is_data_driven
tests/v4_02/test_final_r3_repairs.py::test_final_gate_rejects_open_engineering_price_limit_exception
tests/v4_02/test_final_r4_special_price_phase.py::test_delisting_first_day_is_no_limit
tests/v4_02/test_final_r4_special_price_phase.py::test_delisting_phase_is_not_projected_before_effective_date
tests/v4_02/test_final_r4_special_price_phase.py::test_delisting_second_day_uses_effective_board_policy
tests/v4_02/test_final_r4_special_price_phase.py::test_relisting_first_day_is_consumed_as_no_limit
tests/v4_02/test_final_r4_special_price_phase.py::test_special_reference_reset_uses_official_reference
tests/v4_02/test_final_r4_special_price_phase.py::test_special_reference_missing_fails_closed
tests/v4_02/test_final_r4_special_price_phase.py::test_range_exception_audit_gate_requires_complete_disposition
tests/v4_02/test_go_forward_r3.py::test_valid_new_listing_included
tests/v4_02/test_go_forward_r3.py::test_unresolved_future_or_ambiguous_new_key_blocks[records0]
tests/v4_02/test_go_forward_r3.py::test_unresolved_future_or_ambiguous_new_key_blocks[records1]
tests/v4_02/test_go_forward_r3.py::test_unresolved_future_or_ambiguous_new_key_blocks[records2]
tests/v4_02/test_go_forward_r3.py::test_delayed_publication_valid_and_negative_times
tests/v4_02/test_go_forward_r3.py::test_zip_target_date_and_future_row
tests/v4_02/test_go_forward_r3.py::test_real_antibot_html_then_official_curl_fallback
tests/v4_02/test_go_forward_r3.py::test_overlap_mismatch_is_blocking_condition
tests/v4_02/test_go_forward_r3.py::test_no_bar_and_unsupported_event_fail_closed
tests/v4_02/test_go_forward_r3.py::test_supported_category_one_and_later_event_not_backdated
tests/v4_02/test_go_forward_r3.py::test_later_non_price_revision_and_deterministic_output
tests/v4_02/test_r5_generic_runtime.py::test_synthetic_alias_changes_at_effective_boundary_and_keeps_identity
tests/v4_02/test_r5_generic_runtime.py::test_any_synthetic_delisting_start_is_no_limit_without_code_branch
tests/v4_02/test_r5_generic_runtime.py::test_synthetic_ipo_phase_uses_contract_and_dispatches_no_limit
tests/v4_02/test_r5_generic_runtime.py::test_duration_follows_contract_value_of_ten_sessions
tests/v4_02/test_r5_generic_runtime.py::test_synthetic_relisting_first_day_consumed_as_no_limit
tests/v4_02/test_r5_generic_runtime.py::test_synthetic_special_reference_reset_supports_official_formula
tests/v4_02/test_r5_generic_runtime.py::test_synthetic_unknown_special_phase_fails_closed
tests/v4_02/test_r5_generic_runtime.py::test_generic_runtime_and_builders_contain_no_security_specific_branches
tests/v4_02/test_r5_generic_runtime.py::test_source_capture_rejects_non_allowlisted_redirect_and_over_limit
tests/v4_02/test_r6_generic_production_builder.py::test_generic_builder_invokes_phase_runtime
tests/v4_02/test_r6_generic_production_builder.py::test_generic_builder_delisting_first_day_recomputes_no_limit
tests/v4_02/test_r6_generic_production_builder.py::test_generic_builder_delisting_period_recomputes_prices_from_policy_and_close
tests/v4_02/test_r6_generic_production_builder.py::test_generic_builder_relisting_recomputes_no_limit
tests/v4_02/test_r6_generic_production_builder.py::test_generic_builder_special_reference_reset_uses_formula_and_standard_rule
tests/v4_02/test_r6_generic_production_builder.py::test_generic_builder_unknown_phase_is_fail_closed
tests/v4_02/test_r6_generic_production_builder.py::test_generic_builder_does_not_copy_r4_specialized_output_as_truth
tests/v4_02/test_r6_generic_production_builder.py::test_generic_builder_validates_dated_alias_facts_without_symbol_guessing
tests/v4_03/test_algorithm_contract_v12.py::test_v12_window_aggregate_contract_validates_and_v11_stays_valid
tests/v4_03/test_algorithm_contract_v12.py::test_v12_rejects_future_lag_and_forward_window
tests/v4_03/test_algorithm_contract_v12.py::test_v12_rejects_unregistered_window_literals
tests/v4_03/test_algorithm_contract_v12.py::test_v12_binds_contract_to_exact_extension_digest
tests/v4_03/test_algorithm_contract_v12.py::test_v12_field_local_cross_section_quality_is_explicit
tests/v4_03/test_algorithm_contract_v12.py::test_all_47_serialized_field_contracts_validate_and_reject_undeclared_input
tests/v4_03/test_algorithm_contract_v12.py::test_numeric_validator_rejects_falsified_expected_value_and_missing_negative_vector
tests/v4_03/test_ast_golden_r3.py::test_r3_named_case_boundaries_and_tamper_detection
tests/v4_03/test_ast_golden_r3.py::test_source_identity_change_rejects_technical_window
tests/v4_03/test_core_vectors.py::test_core_exact_windows_and_ddof_zero
tests/v4_03/test_core_vectors.py::test_suspension_crosses_technical_but_blocks_vol
tests/v4_03/test_core_vectors.py::test_endpoint_and_unexplained_gap_fail_closed
tests/v4_03/test_core_vectors.py::test_short_history_zero_denominator_and_coordinate
tests/v4_03/test_core_vectors.py::test_five_session_suspension_and_zero_amount_volume_denominators
tests/v4_03/test_core_vectors.py::test_prior_extrema_and_technical_windows_at_suspended_asof
tests/v4_03/test_core_vectors.py::test_nonpositive_price_invalidates_required_window
tests/v4_03/test_core_vectors.py::test_rps_and_market_reference_boundaries
tests/v4_03/test_core_vectors.py::test_native_boundaries
tests/v4_03/test_core_vectors.py::test_market_axis_exact_thresholds_and_conflict
tests/v4_03/test_core_vectors.py::test_market_trend_weak_erratum_and_mixed_neutral_states
tests/v4_03/test_core_vectors.py::test_relative_factors_keep_rps_and_reference_separate
tests/v4_03/test_core_vectors.py::test_temporal_prefix_and_cross_section_order_determinism
tests/v4_03/test_core_vectors.py::test_market_path_unknown_suffix_requires_new_version_to_rebase
tests/v4_03/test_r3_closure.py::test_prior_artifact_score_and_universe_tamper
tests/v4_03/test_r3_closure.py::test_market_path_daily_return_tamper_breaks_output_digest
tests/v4_03/test_r3_closure.py::test_native_vectors_and_sector_missing_identity
tests/v4_03/test_r3_closure.py::test_market_regime_raw_contract_excludes_membership_churn_and_uses_member_median
tests/v4_03/test_r3_closure.py::test_trend_producer_identity_tamper
tests/v4_03/test_r3_closure.py::test_market_regime_receipt_and_independent_replay
tests/v4_03/test_r3_closure.py::test_sector_capability_remains_blocked_without_accepted_pit_membership
tests/v4_04/test_accepted_input.py::test_real_accepted_chain_resolves_expected_sources
tests/v4_04/test_accepted_input.py::test_hash_mismatch_fails_closed
tests/v4_04/test_accepted_input.py::test_cutoff_mismatch_fails_before_data_reads
tests/v4_04/test_all_rule_branches.py::test_trend_branches[override0-DOWNTREND_STRONG]
tests/v4_04/test_all_rule_branches.py::test_trend_branches[override1-UPTREND_STRONG]
tests/v4_04/test_all_rule_branches.py::test_trend_branches[override2-DOWNTREND]
tests/v4_04/test_all_rule_branches.py::test_trend_branches[override3-UPTREND]
tests/v4_04/test_all_rule_branches.py::test_trend_branches[override4-SIDEWAYS_WEAK]
tests/v4_04/test_all_rule_branches.py::test_trend_branches[override5-SIDEWAYS_STRONG]
tests/v4_04/test_all_rule_branches.py::test_trend_branches[override6-SIDEWAYS]
tests/v4_04/test_all_rule_branches.py::test_trend_branches[override7-SIDEWAYS_STRONG]
tests/v4_04/test_all_rule_branches.py::test_trend_branches[override8-UNKNOWN]
tests/v4_04/test_all_rule_branches.py::test_position_buckets[3-0.1-EXTENDED]
tests/v4_04/test_all_rule_branches.py::test_position_buckets[0-0.8-HIGH_ZONE]
tests/v4_04/test_all_rule_branches.py::test_position_buckets[0-0.6-MID_HIGH]
tests/v4_04/test_all_rule_branches.py::test_position_buckets[0-0.4-MID_ZONE]
tests/v4_04/test_all_rule_branches.py::test_position_buckets[0-0.2-MID_LOW]
tests/v4_04/test_all_rule_branches.py::test_position_buckets[0-0.1999-LOW_ZONE]
tests/v4_04/test_all_rule_branches.py::test_ma_structure_branches[12-11-10-0.01-BULL_ALIGNED]
tests/v4_04/test_all_rule_branches.py::test_ma_structure_branches[8-9-10--0.01-BEAR_ALIGNED]
tests/v4_04/test_all_rule_branches.py::test_ma_structure_branches[12-13-10-0-BULL_TRANSITION]
tests/v4_04/test_all_rule_branches.py::test_ma_structure_branches[8-7-10-0-BEAR_TRANSITION]
tests/v4_04/test_all_rule_branches.py::test_ma_structure_branches[10-10-10-0-MIXED]
tests/v4_04/test_all_rule_branches.py::test_compression_branches[1.5-0.5-0.3-0.5-True-EXPANDING_EXTREME]
tests/v4_04/test_all_rule_branches.py::test_compression_branches[1.1-0.5-0.3-0.5-True-EXPANDING]
tests/v4_04/test_all_rule_branches.py::test_compression_branches[0.7-0.7-0.35-0.8-True-COMPRESSING_STRONG]
tests/v4_04/test_all_rule_branches.py::test_compression_branches[0.9-0.9-0.6-2-True-COMPRESSING]
tests/v4_04/test_all_rule_branches.py::test_compression_branches[0.7-0.7-0.35-0.8-False-NORMAL]
tests/v4_04/test_all_rule_branches.py::test_amount_volume_buckets[0.49-VERY_DRY]
tests/v4_04/test_all_rule_branches.py::test_amount_volume_buckets[0.5-CONTRACTED]
tests/v4_04/test_all_rule_branches.py::test_amount_volume_buckets[0.8-NORMAL]
tests/v4_04/test_all_rule_branches.py::test_amount_volume_buckets[1.2-EXPANDED]
tests/v4_04/test_all_rule_branches.py::test_amount_volume_buckets[2-VERY_EXPANDED]
tests/v4_04/test_all_rule_branches.py::test_participation_branches[1.2--0.01-0.8-HIGH_PARTICIPATION_REVERSAL]
tests/v4_04/test_all_rule_branches.py::test_participation_branches[1.2-0.01-0.7-HIGH_PARTICIPATION_EFFECTIVE_ADVANCE]
tests/v4_04/test_all_rule_branches.py::test_participation_branches[1.2-0.01-0.6-HIGH_PARTICIPATION_LOW_EFFICIENCY]
tests/v4_04/test_all_rule_branches.py::test_participation_branches[0.7-0.01-0.5-LOW_PARTICIPATION_ADVANCE]
tests/v4_04/test_all_rule_branches.py::test_participation_branches[0.7--0.01-0.5-LOW_PARTICIPATION_DECLINE]
tests/v4_04/test_all_rule_branches.py::test_participation_branches[1-0-0.5-NORMAL_PARTICIPATION]
tests/v4_04/test_all_rule_branches.py::test_participation_branches[1.2-0.01-None-UNKNOWN]
tests/v4_04/test_all_rule_branches.py::test_relative_branches[10-50-0-COMPRESSING-MIXED-ACTIVE_EMERGENCE]
tests/v4_04/test_all_rule_branches.py::test_relative_branches[0-50-0.1-NORMAL-MIXED-PASSIVE_RESILIENCE]
tests/v4_04/test_all_rule_branches.py::test_relative_branches[1-80-0-NORMAL-MIXED-LEADING_ACCELERATING]
tests/v4_04/test_all_rule_branches.py::test_relative_branches[-3-80-0-NORMAL-MIXED-LEADING_STABLE]
tests/v4_04/test_all_rule_branches.py::test_relative_branches[4-50-0-NORMAL-MIXED-IMPROVING]
tests/v4_04/test_all_rule_branches.py::test_relative_branches[-4-50-0-NORMAL-MIXED-WEAKENING]
tests/v4_04/test_all_rule_branches.py::test_relative_branches[0-19-0-NORMAL-MIXED-LAGGING]
tests/v4_04/test_all_rule_branches.py::test_relative_branches[0-50-0-NORMAL-MIXED-NEUTRAL]
tests/v4_04/test_all_rule_branches.py::test_relative_branches[10-50-0-UNKNOWN-MIXED-UNKNOWN]
tests/v4_04/test_all_rule_branches.py::test_extension_branches[4-None-None-None-EXTREME]
tests/v4_04/test_all_rule_branches.py::test_extension_branches[3-None-None-None-HIGH]
tests/v4_04/test_all_rule_branches.py::test_extension_branches[1-0.4-2-0-HIGH]
tests/v4_04/test_all_rule_branches.py::test_extension_branches[2-0-1-0-MEDIUM]
tests/v4_04/test_all_rule_branches.py::test_extension_branches[1-0-1-0-LOW]
tests/v4_04/test_all_rule_branches.py::test_extension_branches[1-None-1-0-UNKNOWN]
tests/v4_04/test_all_rule_branches.py::test_position_descriptions[11-ABOVE_PRIOR_HIGH-SHALLOW]
tests/v4_04/test_all_rule_branches.py::test_position_descriptions[9-NEAR-MODERATE]
tests/v4_04/test_all_rule_branches.py::test_position_descriptions[7-BELOW-DEEP]
tests/v4_04/test_all_rule_branches.py::test_closed_period_boundaries
tests/v4_04/test_contract_semantics_r4.py::test_liquidity_is_independent_of_unknown_amount_ratio[20000000.0-True]
tests/v4_04/test_contract_semantics_r4.py::test_liquidity_is_independent_of_unknown_amount_ratio[19000000.0-False]
tests/v4_04/test_contract_semantics_r4.py::test_machine_enum_unknown_matches_production
tests/v4_04/test_contract_semantics_r4.py::test_inclusive_drawdown_boundaries_match_machine_and_production[9.51-SHALLOW-20]
tests/v4_04/test_contract_semantics_r4.py::test_inclusive_drawdown_boundaries_match_machine_and_production[9.51-SHALLOW-60]
tests/v4_04/test_contract_semantics_r4.py::test_inclusive_drawdown_boundaries_match_machine_and_production[9.5-SHALLOW-20]
tests/v4_04/test_contract_semantics_r4.py::test_inclusive_drawdown_boundaries_match_machine_and_production[9.5-SHALLOW-60]
tests/v4_04/test_contract_semantics_r4.py::test_inclusive_drawdown_boundaries_match_machine_and_production[9.49-MODERATE-20]
tests/v4_04/test_contract_semantics_r4.py::test_inclusive_drawdown_boundaries_match_machine_and_production[9.49-MODERATE-60]
tests/v4_04/test_contract_semantics_r4.py::test_inclusive_drawdown_boundaries_match_machine_and_production[8.51-MODERATE-20]
tests/v4_04/test_contract_semantics_r4.py::test_inclusive_drawdown_boundaries_match_machine_and_production[8.51-MODERATE-60]
tests/v4_04/test_contract_semantics_r4.py::test_inclusive_drawdown_boundaries_match_machine_and_production[8.5-MODERATE-20]
tests/v4_04/test_contract_semantics_r4.py::test_inclusive_drawdown_boundaries_match_machine_and_production[8.5-MODERATE-60]
tests/v4_04/test_contract_semantics_r4.py::test_inclusive_drawdown_boundaries_match_machine_and_production[8.49-DEEP-20]
tests/v4_04/test_contract_semantics_r4.py::test_inclusive_drawdown_boundaries_match_machine_and_production[8.49-DEEP-60]
tests/v4_04/test_contract_semantics_r4.py::test_semantic_vector_coverage
tests/v4_04/test_full_market_schema.py::test_full_market_row_schema_and_unknown_propagation
tests/v4_04/test_machine_contracts.py::test_machine_registry_and_parameter_references_complete
tests/v4_04/test_machine_contracts.py::test_no_turnover_or_sector_contract_leakage
tests/v4_04/test_machine_executor_r2.py::test_declared_operator_and_rule_coverage
tests/v4_04/test_machine_executor_r2.py::test_operator_positive_negative_threshold_unknown_vectors
tests/v4_04/test_machine_executor_r2.py::test_each_rule_has_executable_unknown_vector
tests/v4_04/test_machine_executor_r2.py::test_closed_period_threshold_and_unknown
tests/v4_04/test_machine_vectors_r3.py::test_all_machine_rules_have_branch_threshold_and_unknown_vectors
tests/v4_04/test_market_regime_ui.py::test_candidate_first_true[item0-CAPITULATION]
tests/v4_04/test_market_regime_ui.py::test_candidate_first_true[item1-RECOVERY_ATTEMPT]
tests/v4_04/test_market_regime_ui.py::test_candidate_first_true[item2-RISK_ON]
tests/v4_04/test_market_regime_ui.py::test_candidate_first_true[item3-RISK_OFF]
tests/v4_04/test_market_regime_ui.py::test_candidate_first_true[item4-NEUTRAL]
tests/v4_04/test_market_regime_ui.py::test_candidate_first_true[item5-UNKNOWN]
tests/v4_04/test_market_regime_ui.py::test_two_session_hysteresis_capitulation_immediate_and_unknown_last_known
tests/v4_04/test_profile_core_rules.py::test_first_true_precedence_and_unknown_gates
tests/v4_04/test_profile_core_rules.py::test_no_unearned_risk_or_trend
tests/v4_04/test_profile_core_rules.py::test_closed_period_and_position_descriptions
tests/v4_04/test_profile_primitives.py::test_prior20_excludes_current_and_missing_window_unknown
tests/v4_04/test_profile_primitives.py::test_formal_closed_period_filter_and_blocked_period
tests/v4_04/test_profile_primitives.py::test_ma10_is_independent_of_unavailable_ma20
tests/v4_04/test_profile_primitives.py::test_window_traceability_with_confirmed_suspension_and_unknown_gap
tests/v4_04/test_profile_primitives.py::test_monthly_closed_period_lineage_input
tests/v4_04/test_profile_status_r2.py::test_component_status_mapping[3-3-False-READY]
tests/v4_04/test_profile_status_r2.py::test_component_status_mapping[2-3-False-PARTIAL]
tests/v4_04/test_profile_status_r2.py::test_component_status_mapping[0-3-False-UNKNOWN_DATA]
tests/v4_04/test_profile_status_r2.py::test_component_status_mapping[2-3-True-DEGRADED]
tests/v4_04/test_profile_status_r2.py::test_component_status_rejects_invalid_availability
tests/v4_04/test_technical_window_status_r3.py::test_ma10_and_prior20_status_gate[extra0-False-False-False-OBSERVED-0]
tests/v4_04/test_technical_window_status_r3.py::test_ma10_and_prior20_status_gate[extra1-False-False-False-OBSERVED-1]
tests/v4_04/test_technical_window_status_r3.py::test_ma10_and_prior20_status_gate[extra2-False-False-False-OBSERVED-2]
tests/v4_04/test_technical_window_status_r3.py::test_ma10_and_prior20_status_gate[extra3-False-False-False-UNKNOWN-0]
tests/v4_04/test_technical_window_status_r3.py::test_ma10_and_prior20_status_gate[extra4-True-False-False-UNKNOWN-0]
tests/v4_04/test_technical_window_status_r3.py::test_ma10_and_prior20_status_gate[extra5-False-True-False-UNKNOWN-0]
tests/v4_04/test_technical_window_status_r3.py::test_ma10_and_prior20_status_gate[extra6-False-False-True-UNKNOWN-0]
tests/v4_05/test_replay_gate_a_r2.py::test_forward_daily_digest_matches_accepted_head
tests/v4_05/test_replay_gate_a_r2.py::test_incomplete_capabilities_cannot_claim_factor_replay_pass
tests/v4_05/test_replay_gate_a_r3.py::test_future_raw_price_does_not_enter_t0_history
tests/v4_05/test_replay_gate_a_r3.py::test_future_sessions_cannot_change_monday_or_month_asof[WEEKLY]
tests/v4_05/test_replay_gate_a_r3.py::test_future_sessions_cannot_change_monday_or_month_asof[MONTHLY]
tests/v4_05/test_replay_gate_a_r3.py::test_future_identity_metadata_cannot_change_target_membership
tests/v4_05/test_replay_gate_a_r3.py::test_later_gbbq_revision_cannot_replace_accepted_snapshot
tests/v4_05/test_replay_gate_a_r3.py::test_late_provider_is_excluded
tests/v4_05/test_replay_gate_a_r3.py::test_future_factor_source_is_hard_blocked
tests/v4_05/test_replay_gate_a_r3.py::test_future_market_regime_input_is_hard_blocked
tests/v4_05/test_replay_gate_a_r3.py::test_target_profile_preserves_row_set_and_unknowns
tests/v4_05/test_replay_gate_a_r3.py::test_factor_rows_expose_source_time_and_bootstrap_unknown
tests/v4_05/test_v4_05_r4_1_canonical_hash.py::test_canonical_json_identity_ignores_lf_crlf_and_object_key_order
tests/v4_05/test_v4_05_r4_1_canonical_hash.py::test_canonical_text_identity_normalizes_crlf
tests/v4_05/test_v4_05_r4_1_canonical_hash.py::test_canonical_json_identity_rejects_non_json_numbers
tests/v4_05/test_v4_05_r4_2_exact_candidate_binding.py::test_g08_baseline_binds_exact_r4_1_candidate_artifacts
tests/v4_05/test_v4_05_r4_2_exact_candidate_binding.py::test_r4_1_candidate_manifest_binds_all_exact_receipts_and_artifacts
tests/v4_05/test_v4_05_r4_contract_repairs.py::test_p01_closed_qfq_unavailable_keeps_temporal_view_and_blocks_data
tests/v4_05/test_v4_05_r4_contract_repairs.py::test_p02_active_period_qfq_unavailable_keeps_partial_view
tests/v4_05/test_v4_05_r4_contract_repairs.py::test_p03_closed_period_consumer_unknown_is_due_to_missing_qfq_inputs
tests/v4_05/test_v4_05_r4_contract_repairs.py::test_snapshot_and_basis_ids_bind_all_identity_dimensions
tests/v4_05/test_v4_05_r4_contract_repairs.py::test_mixed_coordinate_factor_window_fails_closed
tests/v4_05/test_v4_05_r4_contract_repairs.py::test_market_path_unknown_suffix_does_not_resume_without_new_series_version
tests/v4_05/test_v4_05_r4_contract_repairs.py::test_market_path_fail_closed_and_revision_ledger_cases_are_observed
tests/v4_05/test_v4_05_r4_contract_repairs.py::test_remote_lfs_pointer_parser_requires_oid_size_and_restored_bytes
tests/v4_05/test_v4_05_r4_contract_repairs.py::test_independent_numeric_postcheck_has_required_samples_and_recalculations
tests/v4_05/test_v4_05_r4_contract_repairs.py::test_r4_period_artifact_contains_only_accepted_temporal_enums
tests/v4_06/test_v4_06_supplemental.py::test_percent_points_normalize_to_fraction_and_preserve_raw_source_value
tests/v4_06/test_v4_06_supplemental.py::test_security_mapping_uses_accepted_local_identity_and_market_case_map
tests/v4_06/test_v4_06_supplemental.py::test_security_code_change_requires_explicit_accepted_map
tests/v4_06/test_v4_06_supplemental.py::test_exact_trade_date_and_source_identity_are_required_for_binding
tests/v4_06/test_v4_06_supplemental.py::test_binding_statuses_fail_closed_and_conflicts_remain_diagnostic
tests/v4_06/test_v4_06_supplemental.py::test_tolerance_plus_minus_epsilon_boundaries_and_outside_fail_closed
tests/v4_06/test_v4_06_supplemental.py::test_real_persisted_tolerance_schema_is_consumed_and_current_config_forbids_strict
tests/v4_06/test_v4_06_supplemental.py::test_tolerance_acceptance_gates_fail_closed[changes0]
tests/v4_06/test_v4_06_supplemental.py::test_tolerance_acceptance_gates_fail_closed[changes1]
tests/v4_06/test_v4_06_supplemental.py::test_tolerance_acceptance_gates_fail_closed[changes2]
tests/v4_06/test_v4_06_supplemental.py::test_tolerance_acceptance_gates_fail_closed[changes3]
tests/v4_06/test_v4_06_supplemental.py::test_tolerance_acceptance_gates_fail_closed[changes4]
tests/v4_06/test_v4_06_supplemental.py::test_tolerance_acceptance_gates_fail_closed[changes5]
tests/v4_06/test_v4_06_supplemental.py::test_tolerance_acceptance_gates_fail_closed[changes6]
tests/v4_06/test_v4_06_supplemental.py::test_tolerance_acceptance_gates_fail_closed[changes7]
tests/v4_06/test_v4_06_supplemental.py::test_tolerance_acceptance_gates_fail_closed[changes8]
tests/v4_06/test_v4_06_supplemental.py::test_tolerance_acceptance_gates_fail_closed[changes9]
tests/v4_06/test_v4_06_supplemental.py::test_tolerance_acceptance_gates_fail_closed[changes10]
tests/v4_06/test_v4_06_supplemental.py::test_tolerance_acceptance_gates_fail_closed[changes11]
tests/v4_06/test_v4_06_supplemental.py::test_denominator_acceptance_requires_reviewer_evidence_and_timestamp[accepted_by]
tests/v4_06/test_v4_06_supplemental.py::test_denominator_acceptance_requires_reviewer_evidence_and_timestamp[evidence_digest]
tests/v4_06/test_v4_06_supplemental.py::test_denominator_acceptance_requires_reviewer_evidence_and_timestamp[accepted_at_utc]
tests/v4_06/test_v4_06_supplemental.py::test_denominator_basis_must_match_exact_provider_semantics
tests/v4_06/test_v4_06_supplemental.py::test_runtime_and_frozen_v2_contract_agree_on_percentile_and_state_fields
tests/v4_06/test_v4_06_supplemental.py::test_pct60_canonical_state_boundaries[19.999999-LOW]
tests/v4_06/test_v4_06_supplemental.py::test_pct60_canonical_state_boundaries[20-NORMAL]
tests/v4_06/test_v4_06_supplemental.py::test_pct60_canonical_state_boundaries[69.999999-NORMAL]
tests/v4_06/test_v4_06_supplemental.py::test_pct60_canonical_state_boundaries[70-ELEVATED]
tests/v4_06/test_v4_06_supplemental.py::test_pct60_canonical_state_boundaries[89.999999-ELEVATED]
tests/v4_06/test_v4_06_supplemental.py::test_pct60_canonical_state_boundaries[90-HIGH]
tests/v4_06/test_v4_06_supplemental.py::test_pct60_canonical_state_boundaries[96.999999-HIGH]
tests/v4_06/test_v4_06_supplemental.py::test_pct60_canonical_state_boundaries[97-EXTREME]
tests/v4_06/test_v4_06_supplemental.py::test_pct60_canonical_state_boundaries[100-EXTREME]
tests/v4_06/test_v4_06_supplemental.py::test_pct60_missing_and_reason_state_registry_are_explicit
tests/v4_06/test_v4_06_supplemental.py::test_percentile_uses_0_to_100_midpoint_formula_with_independent_expected_value
tests/v4_06/test_v4_06_supplemental.py::test_percentile_all_higher_all_lower_and_all_equal_boundaries
tests/v4_06/test_v4_06_supplemental.py::test_supplemental_extension_note_propagates_source_state_without_effects[PENDING]
tests/v4_06/test_v4_06_supplemental.py::test_supplemental_extension_note_propagates_source_state_without_effects[UNAVAILABLE]
tests/v4_06/test_v4_06_supplemental.py::test_supplemental_extension_note_propagates_source_state_without_effects[UNKNOWN_DATA]
tests/v4_06/test_v4_06_supplemental.py::test_supplemental_extension_note_binds_accepted_core_fact_and_source_revision
tests/v4_06/test_v4_06_supplemental.py::test_target_date_is_excluded_from_prior_windows_and_metrics_are_explainable
tests/v4_06/test_v4_06_supplemental.py::test_confirmed_suspension_can_be_skipped_but_never_enters_baseline
tests/v4_06/test_v4_06_supplemental.py::test_unknown_missing_session_stops_baseline_instead_of_skipping
tests/v4_06/test_v4_06_supplemental.py::test_insufficient_history_degrades_only_turnover_metrics
tests/v4_06/test_v4_06_supplemental.py::test_sixty_prior_strict_actual_samples_is_the_available_lower_boundary
tests/v4_06/test_v4_06_supplemental.py::test_lookback_is_capped_at_250_market_sessions
tests/v4_06/test_v4_06_supplemental.py::test_nonpositive_median_denominator_returns_unavailable_ratio_without_epsilon
tests/v4_06/test_v4_06_supplemental.py::test_delta3_is_unavailable_when_endpoint_sample_is_missing
tests/v4_06/test_v4_06_supplemental.py::test_soft_or_unbound_target_never_enters_turnover_factor
tests/v4_06/test_v4_06_supplemental.py::test_binding_failure_maps_unavailable_while_valid_strict_short_history_maps_unknown_data
tests/v4_06/test_v4_06_supplemental.py::test_timeout_and_provider_not_ready_are_supplemental_only_states
tests/v4_06/test_v4_06_supplemental.py::test_priority_order_is_deterministic_and_p0_runs_first
tests/v4_06/test_v4_06_supplemental.py::test_backfill_cannot_consume_reserved_daily_incremental_headroom
tests/v4_06/test_v4_06_supplemental.py::test_worker_checkpoint_resume_is_idempotent_and_contains_no_source_rows
tests/v4_06/test_v4_06_supplemental.py::test_worker_circuit_breaks_on_source_not_ready_and_keeps_checkpoint
tests/v4_06/test_v4_06_supplemental.py::test_sdk_retry_is_charged_to_the_shared_request_ledger
tests/v4_06/test_v4_06_supplemental.py::test_request_priority_budget_rejects_invalid_and_unbounded_inputs
tests/v4_06/test_v4_06_supplemental.py::test_revision_manifest_counts_bindings_and_source_revision_set_deterministically
tests/v4_06/test_v4_06_supplemental.py::test_supplemental_revision_is_append_only_and_same_publication_can_advance_revision
tests/v4_06/test_v4_06_supplemental.py::test_each_supplemental_row_requires_auditable_query_identity
tests/v4_06/test_v4_06_supplemental.py::test_query_identity_must_match_the_normalized_source_row
tests/v4_06/test_v4_06_supplemental.py::test_duplicate_publication_revision_security_provider_is_rejected
tests/v4_06/test_v4_06_supplemental.py::test_manifest_rejects_duplicate_security_provider_within_one_revision
tests/v4_06/test_v4_06_supplemental.py::test_source_digest_is_stable_and_commits_raw_unit_and_value
tests/v4_06/test_v4_06_supplemental.py::test_core_isolation_matrix_keeps_six_digest_components_for_a_through_e
tests/v4_06/test_v4_06_supplemental.py::test_core_isolation_rejects_supplemental_channel_core_mutation
tests/v4_06/test_v4_06_supplemental.py::test_turnover_context_is_only_a_deprecated_exact_alias
tests/v4_06/test_v4_06_supplemental.py::test_persisted_semantic_state_must_match_pct60_and_strict_binding
tests/v4_06/test_v4_06_supplemental.py::test_factor_contract_source_gate_remains_fail_closed
tests/v4_07/test_base_seed.py::test_frozen_machine_vectors[SAFETY_ALL_TRUE]
tests/v4_07/test_base_seed.py::test_frozen_machine_vectors[SAFETY_HARD_FALSE]
tests/v4_07/test_base_seed.py::test_frozen_machine_vectors[SAFETY_REQUIRED_UNKNOWN]
tests/v4_07/test_base_seed.py::test_frozen_machine_vectors[SAFETY_FALSE_DOMINATES_UNKNOWN]
tests/v4_07/test_base_seed.py::test_frozen_machine_vectors[SAFETY_SEVERE_EXTENSION_TRUE]
tests/v4_07/test_base_seed.py::test_frozen_machine_vectors[SAFETY_MINIMUM_LIQUIDITY_FALSE]
tests/v4_07/test_base_seed.py::test_frozen_machine_vectors[SAFETY_MINIMUM_LIQUIDITY_UNKNOWN]
tests/v4_07/test_base_seed.py::test_frozen_machine_vectors[S1_BIAS_EQ_3]
tests/v4_07/test_base_seed.py::test_frozen_machine_vectors[S1_BIAS_JUST_BELOW_3]
tests/v4_07/test_base_seed.py::test_frozen_machine_vectors[S1_COMPRESSING_STRONG]
tests/v4_07/test_base_seed.py::test_frozen_machine_vectors[S1_NON_COMPRESSING]
tests/v4_07/test_base_seed.py::test_frozen_machine_vectors[S1_DELTA_EQ_3]
tests/v4_07/test_base_seed.py::test_frozen_machine_vectors[S1_DELTA_JUST_BELOW_3]
tests/v4_07/test_base_seed.py::test_frozen_machine_vectors[S1_DELTA_UNKNOWN]
tests/v4_07/test_base_seed.py::test_frozen_machine_vectors[S2_DELTA_EQ_10]
tests/v4_07/test_base_seed.py::test_frozen_machine_vectors[S2_DELTA_JUST_BELOW_10]
tests/v4_07/test_base_seed.py::test_frozen_machine_vectors[S2_BULL_TRANSITION]
tests/v4_07/test_base_seed.py::test_frozen_machine_vectors[S2_RECLAIM_PREVIOUS_EQUALITY]
tests/v4_07/test_base_seed.py::test_frozen_machine_vectors[S2_RECLAIM_CURRENT_EQUALITY_NOT_ABOVE]
tests/v4_07/test_base_seed.py::test_frozen_machine_vectors[S2_T_MINUS_1_UNKNOWN]
tests/v4_07/test_base_seed.py::test_frozen_machine_vectors[S2_T_CURRENT_UNKNOWN]
tests/v4_07/test_base_seed.py::test_frozen_machine_vectors[OR_S1_TRUE_S2_UNKNOWN]
tests/v4_07/test_base_seed.py::test_frozen_machine_vectors[OR_S1_FALSE_S2_UNKNOWN]
tests/v4_07/test_base_seed.py::test_frozen_machine_vectors[OR_BOTH_FALSE]
tests/v4_07/test_base_seed.py::test_frozen_machine_vectors[BASE_SAFETY_FALSE_DOMINATES_UNKNOWN_PATHS]
tests/v4_07/test_base_seed.py::test_frozen_machine_vectors[ANNOTATION_SUPPORTED]
tests/v4_07/test_base_seed.py::test_frozen_machine_vectors[ANNOTATION_REVERSAL_CONFLICTING]
tests/v4_07/test_base_seed.py::test_frozen_machine_vectors[ANNOTATION_LOW_EFFICIENCY_CONFLICTING]
tests/v4_07/test_base_seed.py::test_frozen_machine_vectors[ANNOTATION_NEUTRAL]
tests/v4_07/test_base_seed.py::test_frozen_machine_vectors[ANNOTATION_UNKNOWN]
tests/v4_07/test_base_seed.py::test_parameter_instance_drives_machine_production_and_independent_evaluators[V4_07_POSITION_BIAS20_ATR_MAX-2.5-overrides0-position_ok-TRUE-FALSE]
tests/v4_07/test_base_seed.py::test_parameter_instance_drives_machine_production_and_independent_evaluators[V4_07_DELTA3_IMPROVING_MIN_POINTS-4-overrides1-relative_change_improving-TRUE-FALSE]
tests/v4_07/test_base_seed.py::test_parameter_instance_drives_machine_production_and_independent_evaluators[V4_07_DELTA3_STRONG_MIN_POINTS-11-overrides2-relative_change_strong-TRUE-FALSE]
tests/v4_07/test_base_seed.py::test_evaluator_has_no_threshold_literal_fallback
tests/v4_07/test_base_seed.py::test_future_row_cannot_change_target_candidate
tests/v4_07/test_base_seed.py::test_v4_06_forbidden_input_matrix_isolation[B_PENDING_SIDECAR]
tests/v4_07/test_base_seed.py::test_v4_06_forbidden_input_matrix_isolation[C_SYNTHETIC_TURNOVER]
tests/v4_07/test_base_seed.py::test_v4_06_forbidden_input_matrix_isolation[D_EXTENSION_NOTE_CHANGED]
tests/v4_07/test_base_seed.py::test_v4_06_forbidden_input_matrix_isolation[E_BINDING_QUALITY_CONFLICT]
tests/v4_07/test_base_seed.py::test_two_fresh_source_loads_are_deterministic
tests/v4_07/test_base_seed.py::test_producer_uses_two_accepted_run_contexts_without_cross_date_identity_leakage
tests/v4_08/test_membership_contract.py::test_current_snapshot_observed_at_t_cannot_be_used_as_pit_at_t_minus_100
tests/v4_08/test_membership_contract.py::test_historical_replay_is_diagnostic_only
tests/v4_08/test_membership_contract.py::test_formal_membership_requires_provider_and_system_availability_within_cutoff
tests/v4_08/test_membership_contract.py::test_t_snapshot_is_unchanged_by_t_plus_1_correction
tests/v4_08/test_membership_contract.py::test_late_correction_is_a_new_revision
tests/v4_08/test_membership_contract.py::test_revision_fork_fails_closed
tests/v4_08/test_membership_contract.py::test_duplicate_sector_security_fact_fails_closed
tests/v4_08/test_membership_contract.py::test_unknown_security_identity_is_retained_and_reported
tests/v4_08/test_membership_contract.py::test_unresolved_non_core_and_bse_do_not_block_four_board_identity_gate
tests/v4_08/test_membership_contract.py::test_ambiguous_required_board_identity_blocks_only_affected_scope
tests/v4_08/test_membership_contract.py::test_forward_candidate_date_cannot_precede_complete_source_observation
tests/v4_08/test_membership_contract.py::test_style_is_excluded_from_formal_sector_and_rotation_qualification
tests/v4_08/test_membership_contract.py::test_unknown_sector_type_is_excluded_but_source_type_is_preserved
tests/v4_08/test_membership_contract.py::test_parent_industry_is_child_union_and_deduplicates_members
tests/v4_08/test_membership_contract.py::test_parent_replay_keeps_parent_basis_and_is_separate_from_raw_replay_snapshot
tests/v4_08/test_membership_contract.py::test_same_bytes_with_new_temporal_evidence_creates_new_append_only_revision_identity
tests/v4_08/test_membership_contract.py::test_revision_identity_rejects_invalid_source_bytes_digest
tests/v4_08/test_membership_contract.py::test_parent_derivation_rejects_impossible_cross_industry_identity
tests/v4_08/test_membership_contract.py::test_derived_parent_is_diagnostic_until_independently_accepted
tests/v4_08/test_membership_contract.py::test_snapshot_hash_is_deterministic_under_row_order
tests/v4_08/test_membership_contract.py::test_same_day_revision_chain_is_allowed_without_fork
tests/v4_08/test_membership_contract.py::test_source_file_hash_mismatch_fails_closed
tests/v4_08/test_membership_contract.py::test_cutoff_cannot_see_fact_before_system_available_at
tests/v4_08/test_membership_contract.py::test_missing_system_available_time_fails_closed
tests/v4_08/test_membership_contract.py::test_daily_identity_changes_only_when_date_or_truth_changes
tests/v4_08/test_membership_contract.py::test_seed_dependent_fields_remain_unknown_while_upstream_signal_degraded
tests/v4_08/test_membership_source_parser.py::test_infoharbor_source_parser_preserves_registered_and_unknown_types
tests/v4_08/test_membership_source_parser.py::test_industry_parser_uses_frozen_bytes_and_keeps_raw_code_and_line
tests/v4_08/test_r2_contract_vectors.py::test_rotation_r1_strong_previous_zero_keeps_early_path_open
tests/v4_08/test_r2_contract_vectors.py::test_rotation_r2_retention_and_breadth_deterioration_block_mature_upgrade
tests/v4_08/test_r2_contract_vectors.py::test_rotation_r3_concentrated_single_leader_blocks_acceptance_and_expansion
tests/v4_08/test_r2_contract_vectors.py::test_rotation_unknown_seed_fields_are_not_coerced_to_zero_or_false
tests/v4_08/test_r2_contract_vectors.py::test_contracts_have_no_full_market_permission_and_preserve_forbidden_inputs
tests/v4_08/test_r3_admission_and_ast.py::test_B07_accepted_looking_current_revision_is_rejected
tests/v4_08/test_r3_admission_and_ast.py::test_basis_compatible_pairs[PIT_OBSERVED_ACCEPTED-PIT_OBSERVED]
tests/v4_08/test_r3_admission_and_ast.py::test_basis_compatible_pairs[CURRENT_TDX_DIAGNOSTIC-CURRENT_TDX_MEMBERSHIP]
tests/v4_08/test_r3_admission_and_ast.py::test_basis_compatible_pairs[CURRENT_REPLAY_DIAGNOSTIC-CURRENT_MEMBERSHIP_REPLAY]
tests/v4_08/test_r3_admission_and_ast.py::test_basis_compatible_pairs[DERIVED_PARENT_DIAGNOSTIC-DERIVED_PARENT_MEMBERSHIP]
tests/v4_08/test_r3_admission_and_ast.py::test_active_universe_exclusions[change0-NOT_LISTED_AT_TARGET]
tests/v4_08/test_r3_admission_and_ast.py::test_active_universe_exclusions[change1-DELISTED_AT_TARGET]
tests/v4_08/test_r3_admission_and_ast.py::test_active_universe_exclusions[change2-NON_EQUITY]
tests/v4_08/test_r3_admission_and_ast.py::test_active_universe_exclusions[change3-OPTIONAL_BOARD_OUTSIDE_REQUIRED_SCOPE]
tests/v4_08/test_r3_admission_and_ast.py::test_active_universe_exclusions[change4-IDENTITY_UNAVAILABLE_AT_CUTOFF]
tests/v4_08/test_r3_admission_and_ast.py::test_formal_eligibility_never_self_promotes_incremental_identity
tests/v4_08/test_r3_admission_and_ast.py::test_machine_ast_is_fully_bound_and_serializable[v4_08_sector_prewatch_contract_v2.json]
tests/v4_08/test_r3_admission_and_ast.py::test_machine_ast_is_fully_bound_and_serializable[v4_08_rotation_core_contract_v2.json]
tests/v4_08/test_r3_admission_and_ast.py::test_independent_rotation_R1A_R1B_R2_R3_vectors[R1A]
tests/v4_08/test_r3_admission_and_ast.py::test_independent_rotation_R1A_R1B_R2_R3_vectors[R1B]
tests/v4_08/test_r3_admission_and_ast.py::test_independent_rotation_R1A_R1B_R2_R3_vectors[R2]
tests/v4_08/test_r3_admission_and_ast.py::test_independent_rotation_R1A_R1B_R2_R3_vectors[R3]
tests/v4_08/test_r3_admission_and_ast.py::test_ast_unknown_quality_and_unfrozen_parameters_remain_unknown
tests/v4_08/test_r3_admission_and_ast.py::test_boolean_AST_preserves_valid_OR_and_unknown_AND
tests/v4_08/test_r3_admission_and_ast.py::test_accepted_MAIN_board_normalization_uses_exchange_contract[SH]
tests/v4_08/test_r3_admission_and_ast.py::test_accepted_MAIN_board_normalization_uses_exchange_contract[SZ]
tests/v4_08/test_r3_admission_and_ast.py::test_canonical_AST_state_qualifications_with_frozen_synthetic_predicate_premises[R1A]
tests/v4_08/test_r3_admission_and_ast.py::test_canonical_AST_state_qualifications_with_frozen_synthetic_predicate_premises[R1B]
tests/v4_08/test_r3_admission_and_ast.py::test_canonical_AST_state_qualifications_with_frozen_synthetic_predicate_premises[R2]
tests/v4_08/test_r3_admission_and_ast.py::test_canonical_AST_state_qualifications_with_frozen_synthetic_predicate_premises[R3]
tests/v4_08/test_r3_admission_and_ast.py::test_terminal_and_fallback_machine_predicates[ROTATION_FAILED-values0-True]
tests/v4_08/test_r3_admission_and_ast.py::test_terminal_and_fallback_machine_predicates[ROTATION_FAILED-values1-False]
tests/v4_08/test_r3_admission_and_ast.py::test_terminal_and_fallback_machine_predicates[ROTATION_OUT-values2-True]
tests/v4_08/test_r3_admission_and_ast.py::test_terminal_and_fallback_machine_predicates[UNACCEPTED_EPISODE_EXPIRED-values3-True]
tests/v4_08/test_r3_admission_and_ast.py::test_terminal_and_fallback_machine_predicates[UNACCEPTED_EPISODE_EXPIRED-values4-False]
tests/v4_08/test_r3_admission_and_ast.py::test_terminal_and_fallback_machine_predicates[NO_ACTIVE_EPISODE-values5-True]
tests/v4_08/test_r3_admission_and_ast.py::test_four_state_OR_retention_branch_truth_table[True-NOT_APPLICABLE-True-None]
tests/v4_08/test_r3_admission_and_ast.py::test_four_state_OR_retention_branch_truth_table[NOT_APPLICABLE-True-True-None]
tests/v4_08/test_r3_admission_and_ast.py::test_four_state_OR_retention_branch_truth_table[False-NOT_APPLICABLE-False-NOT_APPLICABLE_BRANCH_SKIPPED]
tests/v4_08/test_r3_admission_and_ast.py::test_four_state_OR_retention_branch_truth_table[NOT_APPLICABLE-False-False-NOT_APPLICABLE_BRANCH_SKIPPED]
tests/v4_08/test_r3_admission_and_ast.py::test_four_state_OR_retention_branch_truth_table[NOT_APPLICABLE-NOT_APPLICABLE-None-NO_USABLE_RETENTION_BRANCH]
tests/v4_08/test_r3_admission_and_ast.py::test_four_state_OR_retention_branch_truth_table[None-NOT_APPLICABLE-None-REQUIRED_VALUE_UNKNOWN]
tests/v4_08/test_r3_admission_and_ast.py::test_four_state_OR_retention_branch_truth_table[False-None-None-REQUIRED_VALUE_UNKNOWN]
tests/v4_08/test_r3_admission_and_ast.py::test_four_state_AND_branch_truth_table[False-NOT_APPLICABLE-False]
tests/v4_08/test_r3_admission_and_ast.py::test_four_state_AND_branch_truth_table[True-NOT_APPLICABLE-True]
tests/v4_08/test_r3_admission_and_ast.py::test_four_state_AND_branch_truth_table[NOT_APPLICABLE-True-True]
tests/v4_08/test_r3_admission_and_ast.py::test_four_state_AND_branch_truth_table[NOT_APPLICABLE-NOT_APPLICABLE-NOT_APPLICABLE]
tests/v4_08/test_r3_admission_and_ast.py::test_four_state_AND_branch_truth_table[None-NOT_APPLICABLE-None]
tests/v4_08/test_r3_admission_and_ast.py::test_four_state_AND_branch_truth_table[False-None-False]
tests/v4_08/test_r3_admission_and_ast.py::test_canonical_early_retention_OR_has_explicit_na_behavior[True-NOT_APPLICABLE-True]
tests/v4_08/test_r3_admission_and_ast.py::test_canonical_early_retention_OR_has_explicit_na_behavior[NOT_APPLICABLE-True-True]
tests/v4_08/test_r3_admission_and_ast.py::test_canonical_early_retention_OR_has_explicit_na_behavior[False-NOT_APPLICABLE-False]
tests/v4_08/test_r3_admission_and_ast.py::test_canonical_early_retention_OR_has_explicit_na_behavior[NOT_APPLICABLE-False-False]
tests/v4_08/test_r3_admission_and_ast.py::test_canonical_early_retention_OR_has_explicit_na_behavior[NOT_APPLICABLE-NOT_APPLICABLE-None]
tests/v4_08/test_r3_admission_and_ast.py::test_strong_prev_zero_is_na_for_mature_and_cannot_qualify_expanding_or_reacceleration
tests/v4_08/test_r5_1_accepted_adapter.py::test_raw_amount_adapter_concentration[amounts0-0.125-0.375-ACCEPTED-None]
tests/v4_08/test_r5_1_accepted_adapter.py::test_raw_amount_adapter_concentration[amounts1-0.14285714285714285-0.42857142857142855-ACCEPTED-None]
tests/v4_08/test_r5_1_accepted_adapter.py::test_raw_amount_adapter_concentration[amounts2-None-None-UNKNOWN-ZERO_OR_UNKNOWN_AMOUNT_DENOMINATOR]
tests/v4_08/test_r5_1_accepted_adapter.py::test_raw_amount_adapter_concentration[amounts3-0.14285714285714285-0.42857142857142855-ACCEPTED-None]
tests/v4_08/test_r5_1_accepted_adapter.py::test_raw_amount_adapter_concentration[amounts4-0.14285714285714285-0.42857142857142855-ACCEPTED-None]
tests/v4_08/test_r5_1_accepted_adapter.py::test_target_date_mismatch_unknown
tests/v4_08/test_r5_1_accepted_adapter.py::test_future_source_rejected
tests/v4_08/test_r5_1_accepted_adapter.py::test_digest_mismatch_rejected
tests/v4_08/test_r5_1_accepted_adapter.py::test_price_logical_digest_mismatch_rejected
tests/v4_08/test_r5_1_accepted_adapter.py::test_unaccepted_source_rejected
tests/v4_08/test_r5_1_accepted_adapter.py::test_missing_source_payload_degrades_unknown
tests/v4_08/test_r5_1_accepted_adapter.py::test_accepted_head_newline_identity_uses_existing_canonical_policy
tests/v4_08/test_r5_1_accepted_adapter.py::test_price_basis_pulse_adapter[sha256-fixture-adjustment-ROTATION_PULSE]
tests/v4_08/test_r5_1_accepted_adapter.py::test_price_basis_pulse_adapter[sha256-new-corporate-action-UNKNOWN]
tests/v4_08/test_r5_1_accepted_adapter.py::test_price_basis_pulse_adapter[None-UNKNOWN]
tests/v4_08/test_r5_1_accepted_adapter.py::test_future_adjustment_revision_rejected
tests/v4_08/test_r5_1_accepted_adapter.py::test_semantic_mapping_formal_producer_unavailable[False-True-None]
tests/v4_08/test_r5_1_accepted_adapter.py::test_semantic_mapping_formal_producer_unavailable[False-False-None]
tests/v4_08/test_r5_1_accepted_adapter.py::test_semantic_mapping_formal_producer_unavailable[True-True-None]
tests/v4_08/test_r5_1_accepted_adapter.py::test_actual_legacy_current_function_against_pit_adapter[4]
tests/v4_08/test_r5_1_accepted_adapter.py::test_actual_legacy_current_function_against_pit_adapter[5]
tests/v4_08/test_r5_2_context_authority.py::test_multi_context_without_source_or_fixed_heads_edits
tests/v4_08/test_r5_2_context_authority.py::test_frozen_t_result_and_digest_survive_t_plus_one_change
tests/v4_08/test_r5_2_context_authority.py::test_daily_moving_head_routes_both_sessions
tests/v4_08/test_r5_2_context_authority.py::test_daily_stale_head_no_static_fallback
tests/v4_08/test_r5_2_context_authority.py::test_context_negative_vectors[future_date-FUTURE_ACCEPTED_CONTEXT_DATE]
tests/v4_08/test_r5_2_context_authority.py::test_context_negative_vectors[sha-DIGEST]
tests/v4_08/test_r5_2_context_authority.py::test_context_negative_vectors[raw_logical-LOGICAL_DIGEST]
tests/v4_08/test_r5_2_context_authority.py::test_context_negative_vectors[price_logical-LOGICAL_DIGEST]
tests/v4_08/test_r5_2_context_authority.py::test_context_negative_vectors[future_revision-FUTURE_ACCEPTED_CONTEXT_REVISION]
tests/v4_08/test_r5_2_context_authority.py::test_blocked_component_preserves_independent_core[raw_daily-amount]
tests/v4_08/test_r5_2_context_authority.py::test_blocked_component_preserves_independent_core[adjusted_price-close]
tests/v4_08/test_r5_2_context_authority.py::test_daily_context_cannot_override_manifest_bindings
tests/v4_08/test_r5_2_context_authority.py::test_b05_capability_downgrade_ignores_final_boolean_injection
tests/v4_08/test_r5_runtime.py::test_common_member_does_not_count_membership_changes
tests/v4_08/test_r5_runtime.py::test_missing_history_not_current_membership_replay
tests/v4_08/test_r5_runtime.py::test_absent_target_publication_does_not_create_zero_quote_coverage
tests/v4_08/test_r5_runtime.py::test_native_midrank_is_section_10a0_not_legacy_display_percentile
tests/v4_08/test_r5_runtime.py::test_frozen_denominator[old0-now0-NOT_APPLICABLE]
tests/v4_08/test_r5_runtime.py::test_frozen_denominator[old1-now1-UNKNOWN]
tests/v4_08/test_r5_runtime.py::test_frozen_denominator[old2-now2-ACCEPTED]
tests/v4_08/test_r5_runtime.py::test_parameter_instance_digest_rejects_unbound_mutation
tests/v4_08/test_r5_runtime.py::test_all_five_parameters_change_runtime_predicates[V4_08_EARLY_SEED_RETENTION_MIN-base_seed_retention-early_retained]
tests/v4_08/test_r5_runtime.py::test_all_five_parameters_change_runtime_predicates[V4_08_EARLY_BREADTH_RETENTION_MIN-breadth_retention-early_retained]
tests/v4_08/test_r5_runtime.py::test_all_five_parameters_change_runtime_predicates[V4_08_EARLY_BREADTH_DELTA_MIN-breadth_delta1-early_retained]
tests/v4_08/test_r5_runtime.py::test_all_five_parameters_change_runtime_predicates[V4_08_EARLY_TOP1_CONCENTRATION_MAX-top1_concentration-early_retained]
tests/v4_08/test_r5_runtime.py::test_all_five_parameters_change_runtime_predicates[V4_08_MATURE_STRONG_RETENTION_MIN-strong_member_retention_1-mature_retained]
tests/v4_08/test_r5_runtime.py::test_b0_missing_seed_is_unknown_even_when_safety_false
tests/v4_08/test_r5_runtime.py::test_first_pit_rotation_unknown
tests/v4_08/test_r5_runtime.py::test_pulse_then_in_with_empty_prior_strong_cohort_and_degraded_seed
tests/v4_08/test_r5_runtime.py::test_independent_b2_golden_current[patch0-TRUE]
tests/v4_08/test_r5_runtime.py::test_independent_b2_golden_current[patch1-FALSE]
tests/v4_08/test_r5_runtime.py::test_independent_b2_golden_current[patch2-TRUE]
tests/v4_08/test_r5_runtime.py::test_independent_b2_golden_current[patch3-UNKNOWN]
tests/v4_08/test_r5_runtime.py::test_independent_b2_golden_current[patch4-FALSE]
tests/v4_08/test_r5_runtime.py::test_b2_unknown_not_false
tests/v4_08/test_r5_runtime.py::test_actual_legacy_homogeneous_current_baseline
tests/v4_08/test_r5_runtime.py::test_all_actual_legacy_potential_branches_keep_amount_a_diagnostic[1.1-TRUE]
tests/v4_08/test_r5_runtime.py::test_all_actual_legacy_potential_branches_keep_amount_a_diagnostic[None-UNKNOWN]
tests/v4_08/test_r5_runtime.py::test_all_actual_legacy_potential_branches_keep_amount_a_diagnostic[0.1-FALSE]
tests/v4_08/test_r5_runtime.py::test_b2_feedback_isolation[PREWATCH]
tests/v4_08/test_r5_runtime.py::test_b2_feedback_isolation[Focus]
tests/v4_08/test_r5_runtime.py::test_b2_feedback_isolation[Radar]
tests/v4_08/test_r5_runtime.py::test_b2_feedback_isolation[Support]
tests/v4_08/test_r5_runtime.py::test_b2_feedback_isolation[turnover]
tests/v4_08/test_r5_runtime.py::test_b2_feedback_isolation[future_confirmation]
tests/v4_08/test_r5_runtime.py::test_b2_feedback_isolation[future_outcome]
tests/v4_08/test_r5_runtime.py::test_full_market_exact_scoped_membership
tests/v4_09/test_r1_1_lineage_immutability.py::test_state_contract_and_parameter_identity_negative_vectors[compression_state_correct]
tests/v4_09/test_r1_1_lineage_immutability.py::test_state_contract_and_parameter_identity_negative_vectors[compression_state_wrong_contract]
tests/v4_09/test_r1_1_lineage_immutability.py::test_state_contract_and_parameter_identity_negative_vectors[compression_state_missing_contract]
tests/v4_09/test_r1_1_lineage_immutability.py::test_state_contract_and_parameter_identity_negative_vectors[compression_state_wrong_parameter]
tests/v4_09/test_r1_1_lineage_immutability.py::test_state_contract_and_parameter_identity_negative_vectors[compression_state_missing_parameter]
tests/v4_09/test_r1_1_lineage_immutability.py::test_state_contract_and_parameter_identity_negative_vectors[ma_structure_state_correct]
tests/v4_09/test_r1_1_lineage_immutability.py::test_state_contract_and_parameter_identity_negative_vectors[ma_structure_state_wrong_contract]
tests/v4_09/test_r1_1_lineage_immutability.py::test_state_contract_and_parameter_identity_negative_vectors[ma_structure_state_missing_contract]
tests/v4_09/test_r1_1_lineage_immutability.py::test_state_contract_and_parameter_identity_negative_vectors[ma_structure_state_wrong_parameter]
tests/v4_09/test_r1_1_lineage_immutability.py::test_state_contract_and_parameter_identity_negative_vectors[ma_structure_state_missing_parameter]
tests/v4_09/test_r1_1_lineage_immutability.py::test_state_contract_and_parameter_identity_negative_vectors[core_extension_risk_correct]
tests/v4_09/test_r1_1_lineage_immutability.py::test_state_contract_and_parameter_identity_negative_vectors[core_extension_risk_wrong_contract]
tests/v4_09/test_r1_1_lineage_immutability.py::test_state_contract_and_parameter_identity_negative_vectors[core_extension_risk_missing_contract]
tests/v4_09/test_r1_1_lineage_immutability.py::test_state_contract_and_parameter_identity_negative_vectors[core_extension_risk_wrong_parameter]
tests/v4_09/test_r1_1_lineage_immutability.py::test_state_contract_and_parameter_identity_negative_vectors[core_extension_risk_missing_parameter]
tests/v4_09/test_r1_1_lineage_immutability.py::test_priority_failures_never_change_false_or_unknown_raw
tests/v4_09/test_r1_1_lineage_immutability.py::test_b0_validator_rejects_self_consistent_wrong_producer_or_contract[b0_contract]
tests/v4_09/test_r1_1_lineage_immutability.py::test_b0_validator_rejects_self_consistent_wrong_producer_or_contract[b0_producer]
tests/v4_09/test_r1_1_lineage_immutability.py::test_immutable_writer_exclusive_create_retry_and_conflict
tests/v4_09/test_r1_1_lineage_immutability.py::test_concurrent_conflicting_creates_preserve_one_complete_payload
tests/v4_09/test_r1_1_lineage_immutability.py::test_materialized_t_next_day_and_same_day_revision_do_not_replace_t
tests/v4_09/test_r1_1_lineage_immutability.py::test_legacy_fixed_output_is_prohibited_before_loading_inputs
tests/v4_09/test_stock_prewatch.py::test_independent_frozen_vector[RAW_TRUE_TRUE]
tests/v4_09/test_stock_prewatch.py::test_independent_frozen_vector[RAW_TRUE_UNKNOWN]
tests/v4_09/test_stock_prewatch.py::test_independent_frozen_vector[RAW_FALSE_TRUE]
tests/v4_09/test_stock_prewatch.py::test_independent_frozen_vector[RAW_FALSE_UNKNOWN]
tests/v4_09/test_stock_prewatch.py::test_independent_frozen_vector[RAW_UNKNOWN_TRUE]
tests/v4_09/test_stock_prewatch.py::test_independent_frozen_vector[RAW_UNKNOWN_UNKNOWN]
tests/v4_09/test_stock_prewatch.py::test_independent_frozen_vector[AXES_6]
tests/v4_09/test_stock_prewatch.py::test_independent_frozen_vector[AXES_7]
tests/v4_09/test_stock_prewatch.py::test_independent_frozen_vector[AXES_8]
tests/v4_09/test_stock_prewatch.py::test_independent_frozen_vector[AXES_9]
tests/v4_09/test_stock_prewatch.py::test_independent_frozen_vector[AXES_10]
tests/v4_09/test_stock_prewatch.py::test_independent_frozen_vector[AXES_11]
tests/v4_09/test_stock_prewatch.py::test_independent_frozen_vector[AXES_12]
tests/v4_09/test_stock_prewatch.py::test_independent_frozen_vector[AXES_13]
tests/v4_09/test_stock_prewatch.py::test_independent_frozen_vector[AXES_14]
tests/v4_09/test_stock_prewatch.py::test_independent_frozen_vector[AXES_15]
tests/v4_09/test_stock_prewatch.py::test_independent_frozen_vector[AXES_16]
tests/v4_09/test_stock_prewatch.py::test_independent_frozen_vector[AXES_17]
tests/v4_09/test_stock_prewatch.py::test_independent_frozen_vector[AXES_18]
tests/v4_09/test_stock_prewatch.py::test_independent_frozen_vector[AXES_19]
tests/v4_09/test_stock_prewatch.py::test_independent_frozen_vector[AXES_20]
tests/v4_09/test_stock_prewatch.py::test_independent_frozen_vector[AXES_21]
tests/v4_09/test_stock_prewatch.py::test_independent_frozen_vector[AXES_22]
tests/v4_09/test_stock_prewatch.py::test_independent_frozen_vector[AXES_23]
tests/v4_09/test_stock_prewatch.py::test_independent_frozen_vector[AXES_24]
tests/v4_09/test_stock_prewatch.py::test_independent_frozen_vector[AXES_25]
tests/v4_09/test_stock_prewatch.py::test_independent_frozen_vector[AXES_26]
tests/v4_09/test_stock_prewatch.py::test_independent_frozen_vector[AXES_27]
tests/v4_09/test_stock_prewatch.py::test_independent_frozen_vector[AXES_28]
tests/v4_09/test_stock_prewatch.py::test_independent_frozen_vector[AXES_29]
tests/v4_09/test_stock_prewatch.py::test_independent_frozen_vector[AXES_30]
tests/v4_09/test_stock_prewatch.py::test_independent_frozen_vector[AXES_31]
tests/v4_09/test_stock_prewatch.py::test_independent_frozen_vector[AXES_32]
tests/v4_09/test_stock_prewatch.py::test_independent_frozen_vector[AXES_33]
tests/v4_09/test_stock_prewatch.py::test_independent_frozen_vector[AXES_34]
tests/v4_09/test_stock_prewatch.py::test_independent_frozen_vector[AXES_35]
tests/v4_09/test_stock_prewatch.py::test_independent_frozen_vector[AXES_36]
tests/v4_09/test_stock_prewatch.py::test_independent_frozen_vector[AXES_37]
tests/v4_09/test_stock_prewatch.py::test_independent_frozen_vector[AXES_38]
tests/v4_09/test_stock_prewatch.py::test_independent_frozen_vector[AXES_39]
tests/v4_09/test_stock_prewatch.py::test_independent_frozen_vector[AXES_40]
tests/v4_09/test_stock_prewatch.py::test_independent_frozen_vector[AXES_41]
tests/v4_09/test_stock_prewatch.py::test_independent_frozen_vector[AXES_42]
tests/v4_09/test_stock_prewatch.py::test_independent_frozen_vector[AXES_43]
tests/v4_09/test_stock_prewatch.py::test_independent_frozen_vector[AXES_44]
tests/v4_09/test_stock_prewatch.py::test_independent_frozen_vector[AXES_45]
tests/v4_09/test_stock_prewatch.py::test_independent_frozen_vector[AXES_46]
tests/v4_09/test_stock_prewatch.py::test_independent_frozen_vector[AXES_47]
tests/v4_09/test_stock_prewatch.py::test_independent_frozen_vector[AXES_48]
tests/v4_09/test_stock_prewatch.py::test_independent_frozen_vector[AXES_49]
tests/v4_09/test_stock_prewatch.py::test_independent_frozen_vector[AXES_50]
tests/v4_09/test_stock_prewatch.py::test_independent_frozen_vector[AXES_51]
tests/v4_09/test_stock_prewatch.py::test_independent_frozen_vector[AXES_52]
tests/v4_09/test_stock_prewatch.py::test_independent_frozen_vector[AXES_53]
tests/v4_09/test_stock_prewatch.py::test_independent_frozen_vector[AXES_54]
tests/v4_09/test_stock_prewatch.py::test_independent_frozen_vector[AXES_55]
tests/v4_09/test_stock_prewatch.py::test_independent_frozen_vector[AXES_56]
tests/v4_09/test_stock_prewatch.py::test_independent_frozen_vector[AXES_57]
tests/v4_09/test_stock_prewatch.py::test_independent_frozen_vector[AXES_58]
tests/v4_09/test_stock_prewatch.py::test_independent_frozen_vector[AXES_59]
tests/v4_09/test_stock_prewatch.py::test_independent_frozen_vector[AXES_60]
tests/v4_09/test_stock_prewatch.py::test_independent_frozen_vector[AXES_61]
tests/v4_09/test_stock_prewatch.py::test_independent_frozen_vector[AXES_62]
tests/v4_09/test_stock_prewatch.py::test_independent_frozen_vector[AXES_63]
tests/v4_09/test_stock_prewatch.py::test_independent_frozen_vector[AXES_64]
tests/v4_09/test_stock_prewatch.py::test_independent_frozen_vector[AXES_65]
tests/v4_09/test_stock_prewatch.py::test_independent_frozen_vector[AXES_66]
tests/v4_09/test_stock_prewatch.py::test_independent_frozen_vector[AXES_67]
tests/v4_09/test_stock_prewatch.py::test_independent_frozen_vector[AXES_68]
tests/v4_09/test_stock_prewatch.py::test_independent_frozen_vector[AXES_69]
tests/v4_09/test_stock_prewatch.py::test_independent_frozen_vector[AXES_70]
tests/v4_09/test_stock_prewatch.py::test_independent_frozen_vector[AXES_71]
tests/v4_09/test_stock_prewatch.py::test_independent_frozen_vector[AXES_72]
tests/v4_09/test_stock_prewatch.py::test_independent_frozen_vector[AXES_73]
tests/v4_09/test_stock_prewatch.py::test_independent_frozen_vector[AXES_74]
tests/v4_09/test_stock_prewatch.py::test_independent_frozen_vector[AXES_75]
tests/v4_09/test_stock_prewatch.py::test_independent_frozen_vector[AXES_76]
tests/v4_09/test_stock_prewatch.py::test_independent_frozen_vector[AXES_77]
tests/v4_09/test_stock_prewatch.py::test_independent_frozen_vector[AXES_78]
tests/v4_09/test_stock_prewatch.py::test_independent_frozen_vector[AXES_79]
tests/v4_09/test_stock_prewatch.py::test_independent_frozen_vector[AXES_80]
tests/v4_09/test_stock_prewatch.py::test_independent_frozen_vector[AXES_81]
tests/v4_09/test_stock_prewatch.py::test_independent_frozen_vector[AXES_82]
tests/v4_09/test_stock_prewatch.py::test_independent_frozen_vector[AXES_83]
tests/v4_09/test_stock_prewatch.py::test_independent_frozen_vector[AXES_84]
tests/v4_09/test_stock_prewatch.py::test_independent_frozen_vector[AXES_85]
tests/v4_09/test_stock_prewatch.py::test_independent_frozen_vector[AXES_86]
tests/v4_09/test_stock_prewatch.py::test_independent_frozen_vector[AXES_87]
tests/v4_09/test_stock_prewatch.py::test_independent_frozen_vector[AXES_88]
tests/v4_09/test_stock_prewatch.py::test_independent_frozen_vector[AXES_89]
tests/v4_09/test_stock_prewatch.py::test_independent_frozen_vector[AXES_90]
tests/v4_09/test_stock_prewatch.py::test_independent_frozen_vector[AXES_91]
tests/v4_09/test_stock_prewatch.py::test_independent_frozen_vector[AXES_92]
tests/v4_09/test_stock_prewatch.py::test_independent_frozen_vector[AXES_93]
tests/v4_09/test_stock_prewatch.py::test_independent_frozen_vector[AXES_94]
tests/v4_09/test_stock_prewatch.py::test_independent_frozen_vector[AXES_95]
tests/v4_09/test_stock_prewatch.py::test_independent_frozen_vector[AXES_96]
tests/v4_09/test_stock_prewatch.py::test_independent_frozen_vector[AXES_97]
tests/v4_09/test_stock_prewatch.py::test_independent_frozen_vector[AXES_98]
tests/v4_09/test_stock_prewatch.py::test_independent_frozen_vector[AXES_99]
tests/v4_09/test_stock_prewatch.py::test_independent_frozen_vector[AXES_100]
tests/v4_09/test_stock_prewatch.py::test_independent_frozen_vector[AXES_101]
tests/v4_09/test_stock_prewatch.py::test_independent_frozen_vector[AXES_102]
tests/v4_09/test_stock_prewatch.py::test_independent_frozen_vector[AXES_103]
tests/v4_09/test_stock_prewatch.py::test_independent_frozen_vector[AXES_104]
tests/v4_09/test_stock_prewatch.py::test_independent_frozen_vector[AXES_105]
tests/v4_09/test_stock_prewatch.py::test_independent_frozen_vector[AXES_106]
tests/v4_09/test_stock_prewatch.py::test_independent_frozen_vector[AXES_107]
tests/v4_09/test_stock_prewatch.py::test_independent_frozen_vector[AXES_108]
tests/v4_09/test_stock_prewatch.py::test_independent_frozen_vector[AXES_109]
tests/v4_09/test_stock_prewatch.py::test_independent_frozen_vector[AXES_110]
tests/v4_09/test_stock_prewatch.py::test_independent_frozen_vector[AXES_111]
tests/v4_09/test_stock_prewatch.py::test_independent_frozen_vector[AXES_112]
tests/v4_09/test_stock_prewatch.py::test_independent_frozen_vector[AXES_113]
tests/v4_09/test_stock_prewatch.py::test_independent_frozen_vector[AXES_114]
tests/v4_09/test_stock_prewatch.py::test_independent_frozen_vector[AXES_115]
tests/v4_09/test_stock_prewatch.py::test_independent_frozen_vector[AXES_116]
tests/v4_09/test_stock_prewatch.py::test_independent_frozen_vector[AXES_117]
tests/v4_09/test_stock_prewatch.py::test_independent_frozen_vector[AXES_118]
tests/v4_09/test_stock_prewatch.py::test_independent_frozen_vector[AXES_119]
tests/v4_09/test_stock_prewatch.py::test_independent_frozen_vector[AXES_120]
tests/v4_09/test_stock_prewatch.py::test_independent_frozen_vector[AXES_121]
tests/v4_09/test_stock_prewatch.py::test_independent_frozen_vector[AXES_122]
tests/v4_09/test_stock_prewatch.py::test_independent_frozen_vector[AXES_123]
tests/v4_09/test_stock_prewatch.py::test_independent_frozen_vector[AXES_124]
tests/v4_09/test_stock_prewatch.py::test_independent_frozen_vector[AXES_125]
tests/v4_09/test_stock_prewatch.py::test_independent_frozen_vector[AXES_126]
tests/v4_09/test_stock_prewatch.py::test_independent_frozen_vector[AXES_127]
tests/v4_09/test_stock_prewatch.py::test_independent_frozen_vector[AXES_128]
tests/v4_09/test_stock_prewatch.py::test_independent_frozen_vector[AXES_129]
tests/v4_09/test_stock_prewatch.py::test_independent_frozen_vector[AXES_130]
tests/v4_09/test_stock_prewatch.py::test_independent_frozen_vector[AXES_131]
tests/v4_09/test_stock_prewatch.py::test_independent_frozen_vector[AXES_132]
tests/v4_09/test_stock_prewatch.py::test_independent_frozen_vector[AXES_133]
tests/v4_09/test_stock_prewatch.py::test_independent_frozen_vector[AXES_134]
tests/v4_09/test_stock_prewatch.py::test_independent_frozen_vector[AXES_135]
tests/v4_09/test_stock_prewatch.py::test_independent_frozen_vector[AXES_136]
tests/v4_09/test_stock_prewatch.py::test_independent_frozen_vector[AXES_137]
tests/v4_09/test_stock_prewatch.py::test_independent_frozen_vector[AXES_138]
tests/v4_09/test_stock_prewatch.py::test_independent_frozen_vector[AXES_139]
tests/v4_09/test_stock_prewatch.py::test_independent_frozen_vector[AXES_140]
tests/v4_09/test_stock_prewatch.py::test_independent_frozen_vector[AXES_141]
tests/v4_09/test_stock_prewatch.py::test_independent_frozen_vector[AXES_142]
tests/v4_09/test_stock_prewatch.py::test_independent_frozen_vector[AXES_143]
tests/v4_09/test_stock_prewatch.py::test_independent_frozen_vector[AXES_144]
tests/v4_09/test_stock_prewatch.py::test_independent_frozen_vector[AXES_145]
tests/v4_09/test_stock_prewatch.py::test_independent_frozen_vector[UNKNOWN_146]
tests/v4_09/test_stock_prewatch.py::test_independent_frozen_vector[UNKNOWN_147]
tests/v4_09/test_stock_prewatch.py::test_independent_frozen_vector[UNKNOWN_148]
tests/v4_09/test_stock_prewatch.py::test_independent_frozen_vector[UNKNOWN_149]
tests/v4_09/test_stock_prewatch.py::test_required_unknown_dominates_false_seed[damage]
tests/v4_09/test_stock_prewatch.py::test_required_unknown_dominates_false_seed[seed]
tests/v4_09/test_stock_prewatch.py::test_required_unknown_dominates_false_seed[source_date]
tests/v4_09/test_stock_prewatch.py::test_required_unknown_dominates_false_seed[availability]
tests/v4_09/test_stock_prewatch.py::test_required_unknown_dominates_false_seed[basis]
tests/v4_09/test_stock_prewatch.py::test_required_unknown_dominates_false_seed[publication]
tests/v4_09/test_stock_prewatch.py::test_required_unknown_dominates_false_seed[identity]
tests/v4_09/test_stock_prewatch.py::test_priority_unknown_does_not_gate_true_seed
tests/v4_09/test_stock_prewatch.py::test_partial_seed_does_not_require_all_profile_fields
tests/v4_09/test_stock_prewatch.py::test_forbidden_fields_do_not_change_any_result_bytes[sector_prewatch]
tests/v4_09/test_stock_prewatch.py::test_forbidden_fields_do_not_change_any_result_bytes[rotation_core_state]
tests/v4_09/test_stock_prewatch.py::test_forbidden_fields_do_not_change_any_result_bytes[B2]
tests/v4_09/test_stock_prewatch.py::test_forbidden_fields_do_not_change_any_result_bytes[state_reducer]
tests/v4_09/test_stock_prewatch.py::test_forbidden_fields_do_not_change_any_result_bytes[final_eligibility]
tests/v4_09/test_stock_prewatch.py::test_forbidden_fields_do_not_change_any_result_bytes[confirmation]
tests/v4_09/test_stock_prewatch.py::test_forbidden_fields_do_not_change_any_result_bytes[anchor]
tests/v4_09/test_stock_prewatch.py::test_forbidden_fields_do_not_change_any_result_bytes[support]
tests/v4_09/test_stock_prewatch.py::test_forbidden_fields_do_not_change_any_result_bytes[radar]
tests/v4_09/test_stock_prewatch.py::test_forbidden_fields_do_not_change_any_result_bytes[focus]
tests/v4_09/test_stock_prewatch.py::test_forbidden_fields_do_not_change_any_result_bytes[ui]
tests/v4_09/test_stock_prewatch.py::test_forbidden_fields_do_not_change_any_result_bytes[future_outcome]
tests/v4_09/test_stock_prewatch.py::test_forbidden_fields_do_not_change_any_result_bytes[forward_return]
tests/v4_09/test_stock_prewatch.py::test_forbidden_fields_do_not_change_any_result_bytes[turnover]
tests/v4_09/test_stock_prewatch.py::test_parameter_instance_and_numeric_enum_order
tests/v4_09/test_stock_prewatch.py::test_context_drives_dates_publications_counts[2030-01-02-1]
tests/v4_09/test_stock_prewatch.py::test_context_drives_dates_publications_counts[2030-02-04-3]
tests/v4_09/test_stock_prewatch.py::test_context_drives_dates_publications_counts[2031-03-05-4]
tests/v4_09/test_stock_prewatch.py::test_duplicate_missing_and_board_scope_rejected
tests/v4_09/test_stock_prewatch.py::test_production_and_v4_09_acceptance_stay_disabled
tests/v4_10/test_accepted_head_r1.py::test_promotion_and_all_25_independent_checks
tests/v4_10/test_accepted_head_r1.py::test_changed_authority_or_overclaim_rejected[implementation_commit-wrong]
tests/v4_10/test_accepted_head_r1.py::test_changed_authority_or_overclaim_rejected[audited_sealed_head-wrong]
tests/v4_10/test_accepted_head_r1.py::test_changed_authority_or_overclaim_rejected[external_acceptance_decision-wrong]
tests/v4_10/test_accepted_head_r1.py::test_changed_authority_or_overclaim_rejected[production_permission-True]
tests/v4_10/test_accepted_head_r1.py::test_changed_authority_or_overclaim_rejected[parent_binding-value4]
tests/v4_10/test_accepted_head_r1.py::test_changed_authority_or_overclaim_rejected[capabilities-value5]
tests/v4_10/test_accepted_head_r1.py::test_changed_authority_or_overclaim_rejected[open_audit_registry-value6]
tests/v4_10/test_accepted_head_r1.py::test_changed_authority_or_overclaim_rejected[global_head_parent_archive-value7]
tests/v4_10/test_promotion.py::test_promoted_exact
tests/v4_10/test_promotion.py::test_overclaim_or_wrong_authority_rejected[capabilities-value0]
tests/v4_10/test_promotion.py::test_overclaim_or_wrong_authority_rejected[implementation_commit-wrong]
tests/v4_10/test_promotion.py::test_overclaim_or_wrong_authority_rejected[external_acceptance_decision-wrong]
tests/v4_10/test_promotion.py::test_overclaim_or_wrong_authority_rejected[production_permission-True]
tests/v4_10/test_promotion.py::test_overclaim_or_wrong_authority_rejected[upstream_binding-value4]
tests/v4_10/test_promotion.py::test_overclaim_or_wrong_authority_rejected[artifact-value5]
tests/v4_10/test_r1_1_lineage.py::test_r1_1_adversarial_api_vector[partial_prior_payload_rejected_in_accepted_mode]
tests/v4_10/test_r1_1_lineage.py::test_r1_1_adversarial_api_vector[self_consistent_fake_prior_digest_rejected]
tests/v4_10/test_r1_1_lineage.py::test_r1_1_adversarial_api_vector[prior_content_address_publication_id_mismatch_rejected]
tests/v4_10/test_r1_1_lineage.py::test_r1_1_adversarial_api_vector[prior_missing_calendar_publication_rejected]
tests/v4_10/test_r1_1_lineage.py::test_r1_1_adversarial_api_vector[prior_calendar_identity_mismatch_rejected]
tests/v4_10/test_r1_1_lineage.py::test_r1_1_adversarial_api_vector[prior_trade_date_session_index_inconsistent_rejected]
tests/v4_10/test_r1_1_lineage.py::test_r1_1_adversarial_api_vector[same_day_revision_exact_session_binding_pass]
tests/v4_10/test_r1_1_lineage.py::test_r1_1_adversarial_api_vector[prior_session_transition_bound_calendar_pass]
tests/v4_10/test_r1_1_lineage.py::test_r1_1_adversarial_api_vector[synthetic_prior_cannot_enter_accepted_mode]
tests/v4_10/test_r1_1_lineage.py::test_r1_1_adversarial_api_vector[wrong_prior_ledger_identity_rejected]
tests/v4_10/test_r1_1_lineage.py::test_r1_1_adversarial_api_vector[bare_true_model_boundary_rejected]
tests/v4_10/test_r1_1_lineage.py::test_r1_1_adversarial_api_vector[authorized_boundary_pass]
tests/v4_10/test_r1_1_lineage.py::test_r1_1_adversarial_api_vector[boundary_missing_manifest_rejected]
tests/v4_10/test_r1_1_lineage.py::test_r1_1_adversarial_api_vector[boundary_wrong_from_model_contract_id_rejected]
tests/v4_10/test_r1_1_lineage.py::test_r1_1_adversarial_api_vector[boundary_wrong_to_model_contract_id_rejected]
tests/v4_10/test_r1_1_lineage.py::test_r1_1_adversarial_api_vector[boundary_wrong_effective_trade_date_rejected]
tests/v4_10/test_r1_1_lineage.py::test_r1_1_adversarial_api_vector[boundary_manifest_digest_mismatch_rejected]
tests/v4_10/test_r1_1_lineage.py::test_r1_1_adversarial_api_vector[boundary_unpublished_manifest_rejected]
tests/v4_10/test_r1_1_lineage.py::test_r1_1_adversarial_api_vector[unbound_core_price_damage_cannot_change_state]
tests/v4_10/test_r1_1_lineage.py::test_r1_1_adversarial_api_vector[unbound_risk_cannot_change_state]
tests/v4_10/test_r1_1_lineage.py::test_r1_1_adversarial_api_vector[unbound_delta3_cannot_change_state]
tests/v4_10/test_r1_1_lineage.py::test_r1_1_adversarial_api_vector[unbound_suspended_cannot_change_state]
tests/v4_10/test_r1_1_lineage.py::test_r1_1_adversarial_api_vector[wrong_core_price_damage_producer_rejected]
tests/v4_10/test_r1_1_lineage.py::test_r1_1_adversarial_api_vector[frozen_invalidation_true_before_owner_producer_rejected]
tests/v4_10/test_r1_1_lineage.py::test_r1_1_adversarial_api_vector[episode_invalidation_contract_id_true_before_owner_producer_rejected]
tests/v4_10/test_r1_1_lineage.py::test_r1_1_adversarial_api_vector[followup_complete_true_before_owner_producer_rejected]
tests/v4_10/test_r1_1_lineage.py::test_r1_1_adversarial_api_vector[scenario_true_before_owner_producer_rejected]
tests/v4_10/test_r1_1_lineage.py::test_r1_1_adversarial_api_vector[invalidation_wrong_publication_rejected]
tests/v4_10/test_r1_1_lineage.py::test_r1_1_adversarial_api_vector[invalidation_contract_matches_but_unbound_rejected]
tests/v4_10/test_r1_1_lineage.py::test_r1_1_adversarial_api_vector[not_implemented_fact_never_coerced_false]
tests/v4_10/test_r1_1_lineage.py::test_r1_1_adversarial_api_vector[unbound_dq5_cannot_move_sector_health_or_expiry]
tests/v4_10/test_r1_1_lineage.py::test_r1_1_adversarial_api_vector[wrong_risk_parameter_rejected]
tests/v4_10/test_r1_1_lineage.py::test_r1_1_adversarial_api_vector[wrong_delta3_time_role_rejected]
tests/v4_10/test_r1_1_lineage.py::test_r1_1_adversarial_api_vector[future_available_fact_rejected]
tests/v4_10/test_r1_1_lineage.py::test_r1_1_adversarial_api_vector[published_future_timestamp_still_unavailable_at_T]
tests/v4_10/test_r1_1_lineage.py::test_r1_1_adversarial_api_vector[registered_stock_producer_relabelled_sector_rejected]
tests/v4_10/test_r1_1_lineage.py::test_r1_1_adversarial_api_vector[input_publication_ids_string_rejected]
tests/v4_10/test_r1_1_lineage.py::test_r1_1_adversarial_api_vector[input_publication_ids_empty_rejected]
tests/v4_10/test_r1_1_lineage.py::test_r1_1_adversarial_api_vector[input_publication_ids_empty_id_rejected]
tests/v4_10/test_r1_1_lineage.py::test_r1_1_adversarial_api_vector[input_publication_ids_duplicate_rejected]
tests/v4_10/test_r1_1_lineage.py::test_r1_1_adversarial_api_vector[input_publication_ids_nested_rejected]
tests/v4_10/test_r1_1_lineage.py::test_r1_1_adversarial_api_vector[input_publication_ids_nonstr_rejected]
tests/v4_10/test_r1_1_lineage.py::test_r1_1_adversarial_api_vector[exact_publication_membership_no_substring_match]
tests/v4_10/test_r1_1_lineage.py::test_r1_1_adversarial_api_vector[input_manifest_digest_wrong_rejected]
tests/v4_10/test_r1_1_lineage.py::test_r1_1_adversarial_api_vector[real_old_to_current_preserves_followup]
tests/v4_10/test_r1_1_lineage.py::test_r1_1_adversarial_api_vector[real_boundary_current_episode_namespace_separate]
tests/v4_10/test_r1_1_lineage.py::test_r1_1_adversarial_api_vector[old_model_prior_without_boundary_rejected]
tests/v4_10/test_r1_1_lineage.py::test_r1_1_adversarial_api_vector[wrong_real_from_model]
tests/v4_10/test_r1_1_lineage.py::test_r1_1_adversarial_api_vector[wrong_real_from_parameter]
tests/v4_10/test_r1_1_lineage.py::test_r1_1_adversarial_api_vector[wrong_real_to_model]
tests/v4_10/test_r1_1_lineage.py::test_r1_1_adversarial_api_vector[wrong_real_effective_date]
tests/v4_10/test_r1_1_lineage.py::test_r1_1_adversarial_api_vector[missing_old_source_publication]
tests/v4_10/test_r1_1_lineage.py::test_r1_1_adversarial_api_vector[old_payload_digest_mismatch]
tests/v4_10/test_r1_1_lineage.py::test_r1_1_adversarial_api_vector[old_source_authority_digest_mismatch]
tests/v4_10/test_r1_1_lineage.py::test_r1_1_adversarial_api_vector[noop_model_boundary_rejected]
tests/v4_10/test_r1_1_lineage.py::test_r1_1_adversarial_api_vector[SEED_cannot_suppress_trusted_fact]
tests/v4_10/test_r1_1_lineage.py::test_r1_1_adversarial_api_vector[PREWATCH_cannot_suppress_trusted_fact]
tests/v4_10/test_r1_1_lineage.py::test_r1_1_adversarial_api_vector[core_price_damage_cannot_suppress_trusted_fact]
tests/v4_10/test_r1_1_lineage.py::test_r1_1_adversarial_api_vector[suspended_cannot_suppress_trusted_fact]
tests/v4_10/test_r1_1_lineage.py::test_r1_1_adversarial_api_vector[risk_cannot_suppress_trusted_fact]
tests/v4_10/test_r1_1_lineage.py::test_r1_1_adversarial_api_vector[delta3_cannot_suppress_trusted_fact]
tests/v4_10/test_r1_1_lineage.py::test_r1_1_adversarial_api_vector[dq5_cannot_claim_not_implemented]
tests/v4_10/test_r1_1_lineage.py::test_r1_1_adversarial_api_vector[dq5_implemented_unknown_publication_pass]
tests/v4_10/test_r1_1_lineage.py::test_r1_1_adversarial_api_vector[delta3_implemented_unknown_publication_pass]
tests/v4_10/test_r1_1_lineage.py::test_r1_1_adversarial_api_vector[stock_core_cannot_use_not_applicable]
tests/v4_10/test_r1_1_lineage.py::test_r1_1_adversarial_api_vector[trusted_true_cannot_be_relabelled_implemented_unknown]
tests/v4_10/test_r1_1_lineage.py::test_r1_1_adversarial_api_vector[PREWATCH_owner_mismatch_cannot_hide_fact]
tests/v4_10/test_r1_1_lineage.py::test_r1_1_adversarial_api_vector[SEED_owner_mismatch_cannot_hide_fact]
tests/v4_10/test_r1_1_lineage.py::test_direct_sql_forgery_gate_has_exact_rejection_reasons
tests/v4_10/test_r1_1_lineage.py::test_publication_manifest_shape_both_modes[PUB-SYNTHETIC_CONTRACT_VECTOR]
tests/v4_10/test_r1_1_lineage.py::test_publication_manifest_shape_both_modes[PUB-ACCEPTED_FACT_INTERFACE]
tests/v4_10/test_r1_1_lineage.py::test_publication_manifest_shape_both_modes[bad1-SYNTHETIC_CONTRACT_VECTOR]
tests/v4_10/test_r1_1_lineage.py::test_publication_manifest_shape_both_modes[bad1-ACCEPTED_FACT_INTERFACE]
tests/v4_10/test_r1_1_lineage.py::test_publication_manifest_shape_both_modes[bad2-SYNTHETIC_CONTRACT_VECTOR]
tests/v4_10/test_r1_1_lineage.py::test_publication_manifest_shape_both_modes[bad2-ACCEPTED_FACT_INTERFACE]
tests/v4_10/test_r1_1_lineage.py::test_publication_manifest_shape_both_modes[bad3-SYNTHETIC_CONTRACT_VECTOR]
tests/v4_10/test_r1_1_lineage.py::test_publication_manifest_shape_both_modes[bad3-ACCEPTED_FACT_INTERFACE]
tests/v4_10/test_r1_1_lineage.py::test_publication_manifest_shape_both_modes[bad4-SYNTHETIC_CONTRACT_VECTOR]
tests/v4_10/test_r1_1_lineage.py::test_publication_manifest_shape_both_modes[bad4-ACCEPTED_FACT_INTERFACE]
tests/v4_10/test_r1_1_lineage.py::test_publication_manifest_shape_both_modes[bad5-SYNTHETIC_CONTRACT_VECTOR]
tests/v4_10/test_r1_1_lineage.py::test_publication_manifest_shape_both_modes[bad5-ACCEPTED_FACT_INTERFACE]
tests/v4_10/test_r1_1_lineage.py::test_publication_manifest_shape_both_modes[bad6-SYNTHETIC_CONTRACT_VECTOR]
tests/v4_10/test_r1_1_lineage.py::test_publication_manifest_shape_both_modes[bad6-ACCEPTED_FACT_INTERFACE]
tests/v4_10/test_r1_1_lineage.py::test_accepted_interface_never_accepts_a_caller_supplied_fake_resolver
tests/v4_10/test_r1_1_lineage.py::test_independent_python_and_sql_canonical_numeric_unicode_identity[0]
tests/v4_10/test_r1_1_lineage.py::test_independent_python_and_sql_canonical_numeric_unicode_identity[-0.0]
tests/v4_10/test_r1_1_lineage.py::test_independent_python_and_sql_canonical_numeric_unicode_identity[1.0]
tests/v4_10/test_r1_1_lineage.py::test_independent_python_and_sql_canonical_numeric_unicode_identity[1e-07]
tests/v4_10/test_r1_1_lineage.py::test_independent_python_and_sql_canonical_numeric_unicode_identity[1200000000000.0]
tests/v4_10/test_r1_1_lineage.py::test_independent_python_and_sql_canonical_numeric_unicode_identity[-3.01]
tests/v4_10/test_r1_1_lineage.py::test_independent_python_and_sql_canonical_numeric_unicode_identity[value6]
tests/v4_10/test_r1_1_lineage.py::test_future_published_fact_not_available_by_cutoff_is_rejected
tests/v4_10/test_r1_1_lineage.py::test_output_schema_rejects_complete_but_wrong_counter_type
tests/v4_10/test_r1_2_publisher.py::test_output_rows_are_not_a_controlled_publisher_input
tests/v4_10/test_r1_2_publisher.py::test_owner_connection_does_not_implicitly_become_reducer_publisher
tests/v4_10/test_research_state.py::test_independent_vector[STOCK_NONE]
tests/v4_10/test_research_state.py::test_independent_vector[STOCK_SEED]
tests/v4_10/test_research_state.py::test_independent_vector[STOCK_PREWATCH]
tests/v4_10/test_research_state.py::test_independent_vector[STOCK_CONFIRMED]
tests/v4_10/test_research_state.py::test_independent_vector[SECTOR_NONE]
tests/v4_10/test_research_state.py::test_independent_vector[SECTOR_SEED]
tests/v4_10/test_research_state.py::test_independent_vector[SECTOR_PREWATCH]
tests/v4_10/test_research_state.py::test_independent_vector[SECTOR_CONFIRMED]
tests/v4_10/test_research_state.py::test_independent_vector[SECTOR_WARM]
tests/v4_10/test_research_state.py::test_independent_vector[prewatch_over_seed]
tests/v4_10/test_research_state.py::test_independent_vector[confirmed_over_prewatch]
tests/v4_10/test_research_state.py::test_independent_vector[STOCK_health_-3.01]
tests/v4_10/test_research_state.py::test_independent_vector[STOCK_health_-3]
tests/v4_10/test_research_state.py::test_independent_vector[STOCK_health_-2.99]
tests/v4_10/test_research_state.py::test_independent_vector[STOCK_health_0]
tests/v4_10/test_research_state.py::test_independent_vector[STOCK_health_2.99]
tests/v4_10/test_research_state.py::test_independent_vector[STOCK_health_3]
tests/v4_10/test_research_state.py::test_independent_vector[STOCK_health_3.01]
tests/v4_10/test_research_state.py::test_independent_vector[STOCK_health_None]
tests/v4_10/test_research_state.py::test_independent_vector[STOCK_extreme]
tests/v4_10/test_research_state.py::test_independent_vector[SECTOR_health_-3.01]
tests/v4_10/test_research_state.py::test_independent_vector[SECTOR_health_-3]
tests/v4_10/test_research_state.py::test_independent_vector[SECTOR_health_-2.99]
tests/v4_10/test_research_state.py::test_independent_vector[SECTOR_health_0]
tests/v4_10/test_research_state.py::test_independent_vector[SECTOR_health_2.99]
tests/v4_10/test_research_state.py::test_independent_vector[SECTOR_health_3]
tests/v4_10/test_research_state.py::test_independent_vector[SECTOR_health_3.01]
tests/v4_10/test_research_state.py::test_independent_vector[SECTOR_health_None]
tests/v4_10/test_research_state.py::test_independent_vector[SECTOR_extreme]
tests/v4_10/test_research_state.py::test_independent_vector[unknown_SEED]
tests/v4_10/test_research_state.py::test_independent_vector[unknown_PREWATCH]
tests/v4_10/test_research_state.py::test_independent_vector[unknown_CONFIRMED]
tests/v4_10/test_research_state.py::test_independent_vector[unknown_core_price_damage]
tests/v4_10/test_research_state.py::test_independent_vector[unknown_frozen_invalidation]
tests/v4_10/test_research_state.py::test_independent_vector[hard_core_price_damage]
tests/v4_10/test_research_state.py::test_independent_vector[hard_frozen_invalidation]
tests/v4_10/test_research_state.py::test_independent_vector[unrelated_anchor_fail_closed]
tests/v4_10/test_research_state.py::test_independent_vector[downgrade_NONE_day1]
tests/v4_10/test_research_state.py::test_independent_vector[downgrade_NONE_day2]
tests/v4_10/test_research_state.py::test_independent_vector[downgrade_SEED_day1]
tests/v4_10/test_research_state.py::test_independent_vector[downgrade_SEED_day2]
tests/v4_10/test_research_state.py::test_independent_vector[upgrade_immediate]
tests/v4_10/test_research_state.py::test_independent_vector[break_UNKNOWN]
tests/v4_10/test_research_state.py::test_independent_vector[break_SUSPENSION]
tests/v4_10/test_research_state.py::test_independent_vector[break_SESSION_GAP]
tests/v4_10/test_research_state.py::test_independent_vector[expiry_9]
tests/v4_10/test_research_state.py::test_independent_vector[expiry_10]
tests/v4_10/test_research_state.py::test_independent_vector[expiry_improvement_2.99]
tests/v4_10/test_research_state.py::test_independent_vector[expiry_improvement_3]
tests/v4_10/test_research_state.py::test_independent_vector[expiry_improvement_3.01]
tests/v4_10/test_research_state.py::test_independent_vector[expiry_pause_UNKNOWN]
tests/v4_10/test_research_state.py::test_independent_vector[expiry_pause_SUSPENSION]
tests/v4_10/test_research_state.py::test_independent_vector[expiry_pause_HEALTH_HISTORY]
tests/v4_10/test_research_state.py::test_independent_vector[expiry_na_STOCKCONFIRMED]
tests/v4_10/test_research_state.py::test_independent_vector[expiry_na_SECTORCONFIRMED]
tests/v4_10/test_research_state.py::test_independent_vector[expiry_na_SECTORWARM]
tests/v4_10/test_research_state.py::test_independent_vector[reentry_session_20]
tests/v4_10/test_research_state.py::test_independent_vector[reentry_session_21]
tests/v4_10/test_research_state.py::test_independent_vector[reentry_session_22]
tests/v4_10/test_research_state.py::test_independent_vector[model_boundary]
tests/v4_10/test_research_state.py::test_independent_vector[tracking_complete_False]
tests/v4_10/test_research_state.py::test_independent_vector[tracking_complete_True]
tests/v4_10/test_research_state.py::test_independent_vector[STOCK_scenario_SETUP]
tests/v4_10/test_research_state.py::test_independent_vector[STOCK_scenario_LAUNCH_CONFIRM]
tests/v4_10/test_research_state.py::test_independent_vector[STOCK_scenario_RECOVERY_TURN]
tests/v4_10/test_research_state.py::test_independent_vector[STOCK_scenario_STRONG_PULLBACK]
tests/v4_10/test_research_state.py::test_independent_vector[STOCK_scenario_TREND_CONTINUE]
tests/v4_10/test_research_state.py::test_independent_vector[STOCK_scenario_NONE]
tests/v4_10/test_research_state.py::test_independent_vector[SECTOR_scenario_BASE_BUILD]
tests/v4_10/test_research_state.py::test_independent_vector[SECTOR_scenario_BREADTH_BUILD]
tests/v4_10/test_research_state.py::test_independent_vector[SECTOR_scenario_RECOVERY_BUILD]
tests/v4_10/test_research_state.py::test_independent_vector[SECTOR_scenario_BROADENING]
tests/v4_10/test_research_state.py::test_independent_vector[SECTOR_scenario_REACCELERATING]
tests/v4_10/test_research_state.py::test_independent_vector[SECTOR_scenario_SUSTAINED]
tests/v4_10/test_research_state.py::test_independent_vector[SECTOR_scenario_NONE]
tests/v4_10/test_research_state.py::test_independent_vector[scenario_unknown]
tests/v4_10/test_research_state.py::test_independent_vector[last_known_NONE]
tests/v4_10/test_research_state.py::test_independent_vector[last_known_SEED]
tests/v4_10/test_research_state.py::test_independent_vector[last_known_PREWATCH]
tests/v4_10/test_research_state.py::test_independent_vector[last_known_WARM]
tests/v4_10/test_research_state.py::test_independent_vector[last_known_CONFIRMED]
tests/v4_10/test_research_state.py::test_independent_vector[tracking_unknown_ACTIVE]
tests/v4_10/test_research_state.py::test_independent_vector[tracking_unknown_FOLLOWUP]
tests/v4_10/test_research_state.py::test_independent_vector[tracking_unknown_CLOSED]
tests/v4_10/test_research_state.py::test_independent_vector[missing_CONFIRMED]
tests/v4_10/test_research_state.py::test_independent_vector[missing_WARM]
tests/v4_10/test_research_state.py::test_independent_vector[stock_warm_illegal_TRUE]
tests/v4_10/test_research_state.py::test_independent_vector[stock_warm_illegal_FALSE]
tests/v4_10/test_research_state.py::test_independent_vector[synthetic_in_real_input_reject]
tests/v4_10/test_research_state.py::test_independent_vector[prior_digest_reject]
tests/v4_10/test_research_state.py::test_independent_vector[unmarked_boundary_reject]
tests/v4_10/test_research_state.py::test_independent_vector[unknown_false_coercion_reject]
tests/v4_10/test_research_state.py::test_independent_vector[stock_prior_warm_reject]
tests/v4_10/test_research_state.py::test_independent_vector[producer_wrong_contract_id]
tests/v4_10/test_research_state.py::test_independent_vector[producer_wrong_parameter_set_id]
tests/v4_10/test_research_state.py::test_independent_vector[producer_wrong_publication_id]
tests/v4_10/test_research_state.py::test_independent_vector[downgrade_same_session_revision]
tests/v4_10/test_research_state.py::test_independent_vector[expiry_same_session_revision]
tests/v4_10/test_research_state.py::test_independent_postcheck_has_complete_axis_and_transition_coverage
tests/v4_10/test_research_state.py::test_unknown_interrupts_actual_downgrade_sequence
tests/v4_10/test_research_state.py::test_expiry_baseline_accumulates_and_unknown_keeps_market_age
tests/v4_10/test_research_state.py::test_real_input_missing_confirmation_is_unknown
tests/v4_10/test_research_state.py::test_false_or_unknown_cannot_be_coerced_from_python_boolean
tests/v4_10/test_research_state.py::test_next_session_reentry_keeps_old_episode_work
tests/v4_10/test_research_state.py::test_same_session_revision_does_not_increment_counters
tests/v4_11/test_confirmation.py::test_stage_to_confirmed[NONE]
tests/v4_11/test_confirmation.py::test_stage_to_confirmed[SEED]
tests/v4_11/test_confirmation.py::test_stage_to_confirmed[PREWATCH]
tests/v4_11/test_confirmation.py::test_persistent
tests/v4_11/test_confirmation.py::test_same_day_r1_r2_r3
tests/v4_11/test_confirmation.py::test_reconfirmed
tests/v4_11/test_confirmation.py::test_reconfirmed_after_exit_keeps_confirmed_episode_history
tests/v4_11/test_confirmation.py::test_forged_frozen_calendar_rejected
tests/v4_11/test_confirmation.py::test_d2_parent_must_equal_event_prior
tests/v4_11/test_confirmation.py::test_scenario_events[TREND_CONTINUE-LAUNCH_CONFIRM-SCENARIO_UPGRADED]
tests/v4_11/test_confirmation.py::test_scenario_events[LAUNCH_CONFIRM-TREND_CONTINUE-SCENARIO_CHANGED]
tests/v4_11/test_confirmation.py::test_weakening
tests/v4_11/test_confirmation.py::test_hard_invalidation
tests/v4_11/test_confirmation.py::test_required_fact_unknown
tests/v4_11/test_confirmation.py::test_stock_amr20_and_multiscenario_dedup
tests/v4_11/test_confirmation.py::test_identity_rejected[producer_contract_id-wrong-PRODUCER_MISMATCH]
tests/v4_11/test_confirmation.py::test_identity_rejected[parameter_set_id-wrong-PARAMETER_MISMATCH]
tests/v4_11/test_confirmation.py::test_identity_rejected[source_publication_ids-value2-PUBLICATION_MISMATCH]
tests/v4_11/test_confirmation.py::test_provenance_rejected[future-FUTURE_TIMESTAMP_REJECTED]
tests/v4_11/test_confirmation.py::test_provenance_rejected[feedback-SAME_DAY_FEEDBACK_REJECTED]
tests/v4_11/test_confirmation.py::test_provenance_rejected[role-FACT_TIME_ROLE_MISMATCH]
tests/v4_11/test_confirmation.py::test_provenance_rejected[unit-INPUT_UNIT_MISMATCH]
tests/v4_11/test_confirmation.py::test_provenance_rejected[prior-PRIOR_WINDOW_MUST_END_BEFORE_TARGET]
tests/v4_11/test_confirmation.py::test_provenance_rejected[hash-EXACT_INPUT_BINDING_INVALID]
tests/v4_11/test_confirmation.py::test_provenance_rejected[head-UNACCEPTED_DATA_HEAD]
tests/v4_11/test_confirmation.py::test_full_market_and_false_acceptance
tests/v4_11/test_confirmation.py::test_d2_output_cannot_be_manufactured
tests/v4_11/test_confirmation.py::test_first_observed_and_none
tests/v4_11/test_confirmation.py::test_raw_source_oracle_each_scenario
tests/v4_11/test_confirmation.py::test_no_symbol
tests/v4_11/test_confirmation.py::test_expected_inventory_complete
tests/v4_11/test_confirmation.py::test_future_publication_cutoff_rejected
tests/v4_11/test_persistence.py::test_retry_consumer_and_append_only
tests/v4_11/test_persistence.py::test_event_publish_and_readback
tests/v4_11/test_persistence.py::test_atomic_failure
tests/v4_11/test_persistence.py::test_migration_rollback
tests/v4_11/test_persistence.py::test_semantic_migration_rollback_and_reapply
tests/v4_11/test_persistence.py::test_direct_ordinary_writer_and_consumer_bypass_rejected
tests/v4_11/test_persistence.py::test_incomplete_publication_cannot_commit
tests/v4_11/test_semantic_r2.py::test_source_formula_and_scenario_oracles
tests/v4_11/test_semantic_r2.py::test_real_target_amr20_unavailable_remains_unknown
tests/v4_11/test_semantic_r2.py::test_sector_payload_cannot_alias_stock_ratio
tests/v4_11_promotion_r6/test_promotion_boundaries_r6.py::test_promotion_rejects_unaccepted_expansion_read_only[change0-P22_permissions_false]
tests/v4_11_promotion_r6/test_promotion_boundaries_r6.py::test_promotion_rejects_unaccepted_expansion_read_only[change1-P24_historical_AS_RECORDED_not_overclaimed]
tests/v4_11_promotion_r6/test_promotion_boundaries_r6.py::test_promotion_rejects_unaccepted_expansion_read_only[change2-P03_implementation_commit_exact]
tests/v4_11_promotion_r6/test_promotion_boundaries_r6.py::test_promotion_rejects_unaccepted_expansion_read_only[change3-P23_capability_map_exact]
tests/v4_11_promotion_r6/test_promotion_boundaries_r6.py::test_stale_global_parent_cannot_promote
tests/v4_11_r3a/test_target_fact_oracle.py::test_price_ma_return_slope_and_damage_families_against_independent_arithmetic[positive]
tests/v4_11_r3a/test_target_fact_oracle.py::test_price_ma_return_slope_and_damage_families_against_independent_arithmetic[negative]
tests/v4_11_r3a/test_target_fact_oracle.py::test_price_ma_return_slope_and_damage_families_against_independent_arithmetic[boundary]
tests/v4_11_r3a/test_target_fact_oracle.py::test_price_ma_return_slope_and_damage_families_against_independent_arithmetic[missing]
tests/v4_11_r3a/test_target_fact_oracle.py::test_amr_amount_fraction_positive_negative_boundary_missing[24000000]
tests/v4_11_r3a/test_target_fact_oracle.py::test_amr_amount_fraction_positive_negative_boundary_missing[16000000]
tests/v4_11_r3a/test_target_fact_oracle.py::test_amr_amount_fraction_positive_negative_boundary_missing[20000000]
tests/v4_11_r3a/test_target_fact_oracle.py::test_amr_amount_fraction_positive_negative_boundary_missing[None]
tests/v4_11_r3a/test_target_fact_oracle.py::test_twenty_prior_master_sessions_and_target_exclusion_mean_vs_median
tests/v4_11_r3a/test_target_fact_oracle.py::test_liquidity_prior_median_threshold_and_missing_session[20000001-True]
tests/v4_11_r3a/test_target_fact_oracle.py::test_liquidity_prior_median_threshold_and_missing_session[19999999-False]
tests/v4_11_r3a/test_target_fact_oracle.py::test_liquidity_prior_median_threshold_and_missing_session[20000000-True]
tests/v4_11_r3a/test_target_fact_oracle.py::test_liquidity_prior_median_threshold_and_missing_session[None-None]
tests/v4_11_r3a/test_target_fact_oracle.py::test_clv_positive_negative_lower_upper_and_zero_denominator[10.8-11-10-0.8]
tests/v4_11_r3a/test_target_fact_oracle.py::test_clv_positive_negative_lower_upper_and_zero_denominator[10.2-11-10-0.2]
tests/v4_11_r3a/test_target_fact_oracle.py::test_clv_positive_negative_lower_upper_and_zero_denominator[10-11-10-0]
tests/v4_11_r3a/test_target_fact_oracle.py::test_clv_positive_negative_lower_upper_and_zero_denominator[11-11-10-1]
tests/v4_11_r3a/test_target_fact_oracle.py::test_clv_positive_negative_lower_upper_and_zero_denominator[10-10-10-None]
tests/v4_11_r3a/test_target_fact_oracle.py::test_missing_raw_master_slot_does_not_compress_window_or_become_false
tests/v4_11_r3a/test_target_fact_oracle.py::test_compressed_master_calendar_gap_is_rejected
tests/v4_11_r3a/test_target_fact_oracle.py::test_nonpositive_required_amount_is_unknown_not_numeric_zero[0]
tests/v4_11_r3a/test_target_fact_oracle.py::test_nonpositive_required_amount_is_unknown_not_numeric_zero[-1]
tests/v4_11_r3a/test_target_fact_oracle.py::test_first_candidate_decimal_coordinate_defect_is_preserved_as_fail_evidence
tests/v4_11_r3a/test_target_fact_oracle.py::test_heterogeneous_accepted_mean_execution_preserves_prior_count_boundary
tests/v4_11_r3a/test_target_fact_oracle.py::test_normal_universe_known_false_requires_accepted_eligibility_fact[ACTUAL_TRADED-True-True]
tests/v4_11_r3a/test_target_fact_oracle.py::test_normal_universe_known_false_requires_accepted_eligibility_fact[SUSPENDED-False-False]
tests/v4_11_r3a/test_target_fact_oracle.py::test_raw_absence_conflicting_with_accepted_actual_status_fails_closed
tests/v4_11_r3a/test_target_fact_oracle.py::test_rps_exact_prior_fraction_positive_negative_boundary_missing[80-70]
tests/v4_11_r3a/test_target_fact_oracle.py::test_rps_exact_prior_fraction_positive_negative_boundary_missing[60-70]
tests/v4_11_r3a/test_target_fact_oracle.py::test_rps_exact_prior_fraction_positive_negative_boundary_missing[70-70]
tests/v4_11_r3a/test_target_fact_oracle.py::test_rps_exact_prior_fraction_positive_negative_boundary_missing[None-70]
tests/v4_11_r3a/test_target_fact_oracle.py::test_rps_exact_prior_fraction_positive_negative_boundary_missing[70-None]
tests/v4_11_r3a/test_target_fact_oracle.py::test_admission_negative_vectors_begin_with_valid_oracle_only_candidate
tests/v4_11_r3a/test_target_fact_oracle.py::test_admission_rejects_wrong_source_future_feedback_and_missing_fabrication[wrong_source]
tests/v4_11_r3a/test_target_fact_oracle.py::test_admission_rejects_wrong_source_future_feedback_and_missing_fabrication[source_hash]
tests/v4_11_r3a/test_target_fact_oracle.py::test_admission_rejects_wrong_source_future_feedback_and_missing_fabrication[future_cutoff]
tests/v4_11_r3a/test_target_fact_oracle.py::test_admission_rejects_wrong_source_future_feedback_and_missing_fabrication[future_fact]
tests/v4_11_r3a/test_target_fact_oracle.py::test_admission_rejects_wrong_source_future_feedback_and_missing_fabrication[same_day_feedback]
tests/v4_11_r3a/test_target_fact_oracle.py::test_admission_rejects_wrong_source_future_feedback_and_missing_fabrication[focus]
tests/v4_11_r3a/test_target_fact_oracle.py::test_admission_rejects_wrong_source_future_feedback_and_missing_fabrication[final_state]
tests/v4_11_r3a/test_target_fact_oracle.py::test_admission_rejects_wrong_source_future_feedback_and_missing_fabrication[unknown_zero]
tests/v4_11_r3a/test_target_fact_oracle.py::test_admission_rejects_wrong_source_future_feedback_and_missing_fabrication[unknown_false]
tests/v4_11_r3a/test_target_fact_oracle.py::test_admission_rejects_wrong_source_future_feedback_and_missing_fabrication[no_reason]
tests/v4_11_r3a/test_target_fact_oracle.py::test_admission_rejects_wrong_source_future_feedback_and_missing_fabrication[diagnostic_true]
tests/v4_11_r3a/test_target_fact_oracle.py::test_real_source_oracle_report_has_exact_rps_prior_binding_and_full_market_readback
tests/v4_11_r3a/test_target_fact_oracle.py::test_new_oracle_and_producer_sources_have_no_literal_market_symbol
tests/v4_11_r3b/test_input_closure.py::test_valid_prior_episode_evidence_is_validated_without_promotion
tests/v4_11_r3b/test_input_closure.py::test_episode_downstream_and_focus_rejected[V4_10_D2]
tests/v4_11_r3b/test_input_closure.py::test_episode_downstream_and_focus_rejected[FINAL_STATE]
tests/v4_11_r3b/test_input_closure.py::test_episode_downstream_and_focus_rejected[FOCUS]
tests/v4_11_r3b/test_input_closure.py::test_episode_downstream_and_focus_rejected[V4_11_D0]
tests/v4_11_r3b/test_input_closure.py::test_episode_downstream_and_focus_rejected[SAME_DAY_DOWNSTREAM]
tests/v4_11_r3b/test_input_closure.py::test_episode_negative_identity_and_time[episode_start-2026-10-02-FUTURE_OR_SAME_DAY]
tests/v4_11_r3b/test_input_closure.py::test_episode_negative_identity_and_time[prior_session_trade_date-2026-09-30-FUTURE_OR_SAME_DAY]
tests/v4_11_r3b/test_input_closure.py::test_episode_negative_identity_and_time[system_available_at-2026-10-01T13:00:00+00:00-FUTURE_EPISODE]
tests/v4_11_r3b/test_input_closure.py::test_episode_negative_identity_and_time[episode_id-made-up-FAKE_EPISODE_ID]
tests/v4_11_r3b/test_input_closure.py::test_episode_negative_identity_and_time[producer_contract_id-wrong-WRONG_EPISODE_PRODUCER]
tests/v4_11_r3b/test_input_closure.py::test_episode_negative_identity_and_time[parameter_set_id-wrong-WRONG_EPISODE_PARAMETER_SET]
tests/v4_11_r3b/test_input_closure.py::test_same_day_revision_cannot_be_laundered_as_prior_session_episode
tests/v4_11_r3b/test_input_closure.py::test_older_episode_is_not_immediate_prior_master_session
tests/v4_11_r3b/test_input_closure.py::test_episode_publication_identity_and_cutoff_bound[publication_id-fake-publication-EPISODE_PUBLICATION_DIGEST_MISMATCH]
tests/v4_11_r3b/test_input_closure.py::test_episode_publication_identity_and_cutoff_bound[knowledge_cutoff-2026-10-01T11:00:00+00:00-EPISODE_KNOWLEDGE_CUTOFF_MISMATCH]
tests/v4_11_r3b/test_input_closure.py::test_canonical_episode_id_without_matching_upstream_row_is_not_evidence
tests/v4_11_r3b/test_input_closure.py::test_prior_episode_publication_contract_is_bound[producer_contract_id-wrong-WRONG_PRIOR_EPISODE_PRODUCER]
tests/v4_11_r3b/test_input_closure.py::test_prior_episode_publication_contract_is_bound[parameter_set_id-wrong-WRONG_PRIOR_EPISODE_PARAMETER_SET]
tests/v4_11_r3b/test_input_closure.py::test_prior_episode_publication_contract_is_bound[system_available_at-2026-10-01T13:00:00+00:00-FUTURE_EPISODE_SOURCE]
tests/v4_11_r3b/test_input_closure.py::test_same_day_d2_and_focus_loo_feedback_rejected[V4_10_D2]
tests/v4_11_r3b/test_input_closure.py::test_same_day_d2_and_focus_loo_feedback_rejected[FOCUS]
tests/v4_11_r3b/test_input_closure.py::test_same_day_d2_and_focus_loo_feedback_rejected[V4_11_D0]
tests/v4_11_r3b/test_input_closure.py::test_same_day_d2_and_focus_loo_feedback_rejected[FINAL_STATE]
tests/v4_11_r3b/test_input_closure.py::test_same_day_d2_and_focus_loo_feedback_rejected[SAME_DAY_DOWNSTREAM]
tests/v4_11_r3b/test_input_closure.py::test_loo_circular_dependency_detected
tests/v4_11_r3b/test_input_closure.py::test_loo_cutoff_and_producer_proof_fail_closed[trade_date-2026-10-01-LOO_FUTURE_INPUT_REJECTED]
tests/v4_11_r3b/test_input_closure.py::test_loo_cutoff_and_producer_proof_fail_closed[system_available_at-2026-10-01T13:00:00+00:00-LOO_FUTURE_INPUT_REJECTED]
tests/v4_11_r3b/test_input_closure.py::test_loo_cutoff_and_producer_proof_fail_closed[pure_upstream-False-LOO_PURE_UPSTREAM_PROOF_REQUIRED]
tests/v4_11_r3b/test_input_closure.py::test_loo_cutoff_and_producer_proof_fail_closed[publication_id-None-LOO_VERSIONED_PUBLICATION_REQUIRED]
tests/v4_11_r3b/test_input_closure.py::test_disconnected_feedback_node_is_not_hidden
tests/v4_11_r3b/test_input_closure.py::test_pure_graph_proof_does_not_silently_promote_frozen_loo_role
tests/v4_11_r3b/test_input_closure.py::test_diagnostic_only_cannot_enter_formal_d0[STRONG_PULLBACK]
tests/v4_11_r3b/test_input_closure.py::test_diagnostic_only_cannot_enter_formal_d0[TREND_CONTINUE]
tests/v4_11_r3b/test_input_closure.py::test_r3a_dependency_is_explicit_per_scenario
tests/v4_11_r3b/test_input_closure.py::test_common_safety_does_not_replace_exact_individual_facts
tests/v4_11_r3b/test_input_closure.py::test_diagnostic_facts_are_unknown_never_fake_false
tests/v4_11_r3c/test_d2_bridge.py::test_real_candidate_mode_uses_exact_rules_without_accepted_or_synthetic_namespace
tests/v4_11_r3c/test_d2_bridge.py::test_real_prior_d2_file_is_frozen_and_v4_12_missing_stays_unknown
tests/v4_11_r3c/test_d2_bridge.py::test_legacy_modes_cannot_enter_candidate_admission[SYNTHETIC_CONTRACT_VECTOR]
tests/v4_11_r3c/test_d2_bridge.py::test_legacy_modes_cannot_enter_candidate_admission[ACCEPTED_FACT_INTERFACE]
tests/v4_11_r3c/test_d2_bridge.py::test_self_attested_field_change_rejected_despite_new_input_digest
tests/v4_11_r3c/test_d2_bridge.py::test_producer_parameter_and_synthetic_envelope_rejected[producer_contract_id-WRONG-WRONG_FIELD_PRODUCER]
tests/v4_11_r3c/test_d2_bridge.py::test_producer_parameter_and_synthetic_envelope_rejected[producer_parameter_set_id-WRONG-WRONG_FIELD_PRODUCER]
tests/v4_11_r3c/test_d2_bridge.py::test_producer_parameter_and_synthetic_envelope_rejected[status-SYNTHETIC-SYNTHETIC_OR_INVALID_FIELD_STATUS]
tests/v4_11_r3c/test_d2_bridge.py::test_bare_model_boundary_rejected
tests/v4_11_r3c/test_d2_bridge.py::test_serialized_prior_is_not_trusted_without_byte_bound_real_publication
tests/v4_11_r3c/test_d2_bridge.py::test_candidate_d2_row_tampering_rejected_by_rule_reexecution
tests/v4_11_r3c/test_d2_bridge.py::test_byte_bound_source_tampering_rejected
tests/v4_11_r3c/test_d2_bridge.py::test_self_sealed_source_set_not_in_external_authority_is_rejected
tests/v4_11_r3c/test_d2_bridge.py::test_same_day_revision_cannot_become_prior_d2
tests/v4_11_r3c/test_d2_bridge.py::test_admission_rejects_future_and_focus_even_in_issuer_envelope[system_available_at-2026-10-01T13:00:00+00:00-FUTURE_FIELD]
tests/v4_11_r3c/test_d2_bridge.py::test_admission_rejects_future_and_focus_even_in_issuer_envelope[time_role-FOCUS-FIELD_POLICY]
tests/v4_11_r3c/test_d2_bridge.py::test_frozen_invalidation_cannot_be_fake_false_to_avoid_unknown
tests/v4_11_r3c/test_d2_bridge.py::test_adapter_ast_diff_is_limited_to_six_explicit_admission_identity_changes
tests/v4_11_r3c/test_event_publication_quality.py::test_unknown_prior_never_becomes_known_new_confirmed[change0]
tests/v4_11_r3c/test_event_publication_quality.py::test_unknown_prior_never_becomes_known_new_confirmed[change1]
tests/v4_11_r3c/test_event_publication_quality.py::test_unknown_prior_never_becomes_known_new_confirmed[change2]
tests/v4_11_r3c/test_event_publication_quality.py::test_fresh_known_unconfirmed_prior_allows_new_confirmed
tests/v4_11_r3c/test_event_publication_quality.py::test_new_entity_remains_first_observed_without_invented_prior
tests/v4_11_r3c/test_event_publication_quality.py::test_missing_current_required_facts_still_fail_closed
tests/v4_11_r3c/test_event_publication_quality.py::test_unknown_prior_scenario_cannot_publish_known_scenario_change
tests/v4_11_r3c/test_event_publication_quality.py::test_same_day_revision_does_not_replace_unknown_frozen_prior
tests/v4_11_r3c/test_scenario_oracle.py::test_independent_literal_oracle_all_formal_scenarios
tests/v4_11_r3c/test_upstream_source_admission.py::test_numerically_equal_coordinates_do_not_make_a_mixed_adjustment_window[multipliers0-additions0]
tests/v4_11_r3c/test_upstream_source_admission.py::test_numerically_equal_coordinates_do_not_make_a_mixed_adjustment_window[multipliers1-additions1]
tests/v4_11_r3c/test_upstream_source_admission.py::test_signed_zero_is_numerically_the_same_additive_coordinate
tests/v4_11_r3c/test_upstream_source_admission.py::test_distinct_high_precision_coordinates_must_not_be_rounded_into_one_identity
tests/v4_11_r3c/test_upstream_source_admission.py::test_only_explicit_accepted_suspension_can_bridge_an_actual_bar_window[SUSPENDED-CONFIRMED_SUSPENSION-True]
tests/v4_11_r3c/test_upstream_source_admission.py::test_only_explicit_accepted_suspension_can_bridge_an_actual_bar_window[None-UNKNOWN-False]
tests/v4_11_r3c/test_upstream_source_admission.py::test_only_explicit_accepted_suspension_can_bridge_an_actual_bar_window[UNKNOWN-UNKNOWN-False]
tests/v4_11_r3c/test_upstream_source_admission.py::test_only_explicit_accepted_suspension_can_bridge_an_actual_bar_window[MISSING-UNKNOWN-False]
tests/v4_11_r3c/test_upstream_source_admission.py::test_raw_bar_with_unavailable_adjustment_is_not_reclassified_as_suspension
tests/v4_11_r3c/test_upstream_source_admission.py::test_prior_close_and_ma20_exclude_the_target_session
tests/v4_11_r3c/test_upstream_source_admission.py::test_immediate_prior_session_gap_is_not_replaced_by_last_observed_close
tests/v4_11_r4/test_adjustment_basis.py::test_independent_admission[changes0-None]
tests/v4_11_r4/test_adjustment_basis.py::test_independent_admission[changes1-MIXED_ADJUSTMENT_IDENTITY]
tests/v4_11_r4/test_adjustment_basis.py::test_independent_admission[changes2-MIXED_ADJUSTMENT_IDENTITY]
tests/v4_11_r4/test_adjustment_basis.py::test_independent_admission[changes3-ADJUSTMENT_UNKNOWN]
tests/v4_11_r4/test_adjustment_basis.py::test_independent_admission[changes4-ADJUSTMENT_UNKNOWN]
tests/v4_11_r4/test_adjustment_basis.py::test_confirmed_suspension_crossing_accepted_rule
tests/v4_11_r4/test_adjustment_basis.py::test_unexplained_gap_fails_closed
tests/v4_11_r4/test_adjustment_basis.py::test_actual_basis_change_unknown
tests/v4_11_r4/test_adjustment_basis.py::test_affine_evidence_not_basis
tests/v4_11_r4/test_d2_bridge_r4.py::test_real_candidate_mode_uses_exact_rules_without_accepted_or_synthetic_namespace
tests/v4_11_r4/test_d2_bridge_r4.py::test_real_prior_d2_file_is_frozen_and_v4_12_missing_stays_unknown
tests/v4_11_r4/test_d2_bridge_r4.py::test_legacy_modes_cannot_enter_candidate_admission[SYNTHETIC_CONTRACT_VECTOR]
tests/v4_11_r4/test_d2_bridge_r4.py::test_legacy_modes_cannot_enter_candidate_admission[ACCEPTED_FACT_INTERFACE]
tests/v4_11_r4/test_d2_bridge_r4.py::test_self_attested_field_change_rejected_despite_new_input_digest
tests/v4_11_r4/test_d2_bridge_r4.py::test_producer_parameter_and_synthetic_envelope_rejected[producer_contract_id-WRONG-WRONG_FIELD_PRODUCER]
tests/v4_11_r4/test_d2_bridge_r4.py::test_producer_parameter_and_synthetic_envelope_rejected[producer_parameter_set_id-WRONG-WRONG_FIELD_PRODUCER]
tests/v4_11_r4/test_d2_bridge_r4.py::test_producer_parameter_and_synthetic_envelope_rejected[status-SYNTHETIC-SYNTHETIC_OR_INVALID_FIELD_STATUS]
tests/v4_11_r4/test_d2_bridge_r4.py::test_bare_model_boundary_rejected
tests/v4_11_r4/test_d2_bridge_r4.py::test_serialized_prior_is_not_trusted_without_byte_bound_real_publication
tests/v4_11_r4/test_d2_bridge_r4.py::test_candidate_d2_row_tampering_rejected_by_rule_reexecution
tests/v4_11_r4/test_d2_bridge_r4.py::test_byte_bound_source_tampering_rejected
tests/v4_11_r4/test_d2_bridge_r4.py::test_self_sealed_source_set_not_in_external_authority_is_rejected
tests/v4_11_r4/test_d2_bridge_r4.py::test_same_day_revision_cannot_become_prior_d2
tests/v4_11_r4/test_d2_bridge_r4.py::test_admission_rejects_future_and_focus_even_in_issuer_envelope[system_available_at-2026-10-01T13:00:00+00:00-FUTURE_FIELD]
tests/v4_11_r4/test_d2_bridge_r4.py::test_admission_rejects_future_and_focus_even_in_issuer_envelope[time_role-FOCUS-FIELD_POLICY]
tests/v4_11_r4/test_d2_bridge_r4.py::test_frozen_invalidation_cannot_be_fake_false_to_avoid_unknown
tests/v4_11_r4/test_d2_bridge_r4.py::test_adapter_ast_diff_is_limited_to_six_explicit_admission_identity_changes
tests/v4_11_r4/test_event_safety.py::test_unknown_prior_cannot_be_false[changes0]
tests/v4_11_r4/test_event_safety.py::test_unknown_prior_cannot_be_false[changes1]
tests/v4_11_r4/test_event_safety.py::test_unknown_prior_cannot_be_false[changes2]
tests/v4_11_r4/test_event_safety.py::test_unknown_prior_cannot_be_false[changes3]
tests/v4_11_r4/test_event_safety.py::test_unknown_current_not_deterministic[changes0]
tests/v4_11_r4/test_event_safety.py::test_unknown_current_not_deterministic[changes1]
tests/v4_11_r4/test_event_safety.py::test_unknown_current_not_deterministic[changes2]
tests/v4_11_r4/test_event_safety.py::test_unknown_prior_scenario_with_active_endpoints
tests/v4_11_r4/test_event_safety.py::test_true_prior_false_current_is_known_transition
tests/v4_11_r4/test_real_upstream_window.py::test_core_window_basis_not_coefficient_digest
tests/v4_11_r4/test_real_upstream_window.py::test_r4b_rejects_unpassed_parity_before_target_generation
tests/v4_11_r5/test_owner_authority_r5.py::test_actual_status_authority_independent_of_raw_presence[ACTUAL_TRADED-True]
tests/v4_11_r5/test_owner_authority_r5.py::test_actual_status_authority_independent_of_raw_presence[SUSPENDED-False]
tests/v4_11_r5/test_owner_authority_r5.py::test_actual_status_authority_independent_of_raw_presence[UNKNOWN-None]
tests/v4_11_r5/test_owner_authority_r5.py::test_actual_status_authority_independent_of_raw_presence[None-None]
tests/v4_11_r5/test_owner_authority_r5.py::test_actual_status_authority_independent_of_raw_presence[CONFLICT-None]
tests/v4_11_r5/test_owner_authority_r5.py::test_identity_requires_full_candidate_binding[change0]
tests/v4_11_r5/test_owner_authority_r5.py::test_identity_requires_full_candidate_binding[change1]
tests/v4_11_r5/test_owner_authority_r5.py::test_identity_requires_full_candidate_binding[change2]
tests/v4_11_r5/test_owner_authority_r5.py::test_identity_requires_full_candidate_binding[change3]
tests/v4_11_r5/test_owner_authority_r5.py::test_identity_requires_full_candidate_binding[change4]
tests/v4_11_r5/test_owner_authority_r5.py::test_identity_requires_full_candidate_binding[change5]
tests/v4_11_r5/test_owner_authority_r5.py::test_unknown_t_minus_1_even_when_reconstruction_computable
tests/v4_11_r5/test_owner_authority_r5.py::test_membership_is_not_unconditional_true
tests/v4_11_r5/test_owner_authority_r5.py::test_identity_not_bar_readiness
tests/v4_11_r5/test_sealed_d2_authority_r5.py::test_tampered_authority_rejected_even_with_new_payload_digest[value-TRUE]
tests/v4_11_r5/test_sealed_d2_authority_r5.py::test_tampered_authority_rejected_even_with_new_payload_digest[quality-KNOWN]
tests/v4_11_r5/test_sealed_d2_authority_r5.py::test_tampered_authority_rejected_even_with_new_payload_digest[publication_id-RAW_HELPER]
tests/v4_11_r5/test_sealed_d2_authority_r5.py::test_tampered_authority_rejected_even_with_new_payload_digest[source_output_digest-RECOMPUTED_SELF_ASSERTED]
tests/v4_11_r5/test_sealed_d2_authority_r5.py::test_tampered_authority_rejected_even_with_new_payload_digest[trade_date-2026-09-29]
tests/v4_11_r5/test_sealed_d2_authority_r5.py::test_tampered_authority_rejected_even_with_new_payload_digest[producer_contract_id-UNAUTHORIZED]
tests/v4_11_r5/test_sealed_d2_authority_r5.py::test_tampered_authority_rejected_even_with_new_payload_digest[parameter_set_id-MODIFIED]
tests/v4_11_r5/test_sealed_d2_authority_r5.py::test_reconstructed_known_cannot_replace_owner_unknown
tests/v4_11_r5/test_sealed_d2_authority_r5.py::test_missing_entity_not_silently_admitted
tests/v4_11_r5/test_sealed_d2_authority_r5.py::test_exact_reducer_ast_rule_order_parameters
tests/v4_a02_a05_formal_r1/test_formal_amendments.py::test_exact_actual_external_authority_pinned
tests/v4_a02_a05_formal_r1/test_formal_amendments.py::test_accepted_scores_are_only_scoped_producer_acceptance
tests/v4_a02_a05_formal_r1/test_formal_amendments.py::test_formal_reader_does_not_recalculate_rps
tests/v4_a02_a05_formal_r1/test_formal_amendments.py::test_A05_current_snapshot_observation_scope_is_exact
tests/v4_a02_a05_formal_r1/test_formal_amendments.py::test_A02_counterfeit_record_publications_rejected_before_loading
tests/v4_a02_a05_formal_r1/test_formal_amendments.py::test_B2_rejects_historical_scope_or_stale_current_snapshot
tests/v4_a02_a05_formal_r1/test_formal_amendments.py::test_A02_full_independent_replay_and_prior_big_diff
tests/v4_a02_a05_formal_r1/test_formal_amendments.py::test_A05_full_real_snapshot_independent_AST_readback
tests/v4_a02_a05_formal_r1/test_formal_amendments.py::test_old_head_and_rotation_context_immutable
tests/v4_a02_r2/test_rps_history.py::test_frozen_midrank_ties_and_single_evaluable_unknown
tests/v4_a02_r2/test_rps_history.py::test_strict_compatible_producer_reports_rank_warmup_and_rejects_boolean
tests/v4_a02_r2/test_rps_history.py::test_append_only_and_tampered_byte_binding
tests/v4_a02_r2/test_rps_history.py::test_calendar_schema_and_cutoff_fail_closed
tests/v4_a02_r2/test_rps_history.py::test_exact_prior_session_and_warmup
tests/v4_a02_r2/test_rps_history.py::test_revision_vectors[calendar_identity-CALENDAR_REVISION]
tests/v4_a02_r2/test_rps_history.py::test_revision_vectors[algorithm_identity-ALGORITHM_REVISION]
tests/v4_a02_r2/test_rps_history.py::test_revision_vectors[universe_identity-UNIVERSE_AUTHORITY_REVISION]
tests/v4_a02_r2/test_rps_history.py::test_date_effective_universe_new_member_remains_unknown
tests/v4_a02_r2/test_rps_history.py::test_reader_consumes_exact_artifacts_and_denies_formal_self_acceptance
tests/v4_a02_r2/test_rps_history.py::test_real_six_publication_source_rank_and_delta_oracle
tests/v4_a02_r2/test_rps_history.py::test_real_downstream_diff_is_amendment_only_and_parameters_frozen
tests/v4_a03_a04_a07_r2/test_candidate_boundaries.py::test_pit_no_backdate_duplicate_and_crash_recovery
tests/v4_a03_a04_a07_r2/test_candidate_boundaries.py::test_same_day_revision_immutable
tests/v4_a03_a04_a07_r2/test_candidate_boundaries.py::test_same_source_repeat_retains_original_first_availability
tests/v4_a03_a04_a07_r2/test_candidate_boundaries.py::test_partial_source_detectors[missing-MISSING_EXPECTED_SOURCE]
tests/v4_a03_a04_a07_r2/test_candidate_boundaries.py::test_partial_source_detectors[schema-SCHEMA_DRIFT]
tests/v4_a03_a04_a07_r2/test_candidate_boundaries.py::test_partial_source_detectors[target-TARGET_DATE_MISMATCH]
tests/v4_a03_a04_a07_r2/test_candidate_boundaries.py::test_partial_source_detectors[calendar-CALENDAR_GAP]
tests/v4_a03_a04_a07_r2/test_candidate_boundaries.py::test_partial_source_detectors[identity-IDENTITY_GAP]
tests/v4_a03_a04_a07_r2/test_candidate_boundaries.py::test_calendar_gap_between_observations
tests/v4_a03_a04_a07_r2/test_candidate_boundaries.py::test_binding_and_capture_id_fail_closed
tests/v4_a03_a04_a07_r2/test_candidate_boundaries.py::test_currency_is_explicit
tests/v4_a03_a04_a07_r2/test_candidate_boundaries.py::test_exact_twenty_and_concentration_no_threshold_grant
tests/v4_a03_a04_a07_r2/test_candidate_boundaries.py::test_listing_suspension_gap_and_zero_unknown
tests/v4_a03_a04_a07_r2/test_candidate_boundaries.py::test_amount_calendar_warmup_and_duplicate_calendar
tests/v4_a03_a04_a07_r2/test_candidate_boundaries.py::test_capture_knowledge_cannot_rewrite_past
tests/v4_a03_a04_a07_r2/test_candidate_boundaries.py::test_as_recorded_each_requirement[first_available_at]
tests/v4_a03_a04_a07_r2/test_candidate_boundaries.py::test_as_recorded_each_requirement[source_revision]
tests/v4_a03_a04_a07_r2/test_candidate_boundaries.py::test_as_recorded_each_requirement[knowledge_time]
tests/v4_a03_a04_a07_r2/test_candidate_boundaries.py::test_as_recorded_each_requirement[source_bytes]
tests/v4_a03_a04_a07_r2/test_candidate_boundaries.py::test_price_event_independent_arithmetic
tests/v4_a03_a04_a07_r2/test_candidate_boundaries.py::test_same_day_adjustment_revision_appends_immutable_sources
tests/v4_a03_a04_a07_r2/test_payload_governance_r2_1.py::test_declared_schema_and_target_cannot_hide_actual_payload[payload0-SCHEMA_DRIFT]
tests/v4_a03_a04_a07_r2/test_payload_governance_r2_1.py::test_declared_schema_and_target_cannot_hide_actual_payload[payload1-TARGET_DATE_MISMATCH]
tests/v4_a03_a04_a07_r2/test_payload_governance_r2_1.py::test_declared_schema_and_target_cannot_hide_actual_payload[payload2-SCHEMA_DRIFT]
tests/v4_a03_a04_a07_r2/test_payload_governance_r2_1.py::test_declared_schema_and_target_cannot_hide_actual_payload[payload3-SCHEMA_DRIFT]
tests/v4_a03_a04_a07_r2/test_payload_governance_r2_1.py::test_declared_schema_and_target_cannot_hide_actual_payload[payload4-SCHEMA_DRIFT]
tests/v4_a03_a04_a07_r2/test_payload_governance_r2_1.py::test_real_accepted_baseline_r2_1_replay_retains_original_identity
tests/v4_a03_a04_a07_r2/test_payload_governance_r2_1.py::test_undeclared_source_family_rejected
tests/v4_a03_a04_a07_r2/test_real_candidate_readback.py::test_real_accepted_baseline_immutable_pit_readback
tests/v4_a03_a04_a07_r2/test_real_candidate_readback.py::test_real_amount_raw_bytes_and_independent_exact_twenty_arithmetic
tests/v4_a03_a04_a07_r2/test_real_candidate_readback.py::test_real_gbbq_capture_and_historical_fail_closed_readback
tests/v4_a03_a04_a07_r2/test_real_candidate_readback.py::test_final_durable_inventory_byte_archives_and_runtime_handoffs
tests/v4_a04_r3/test_amount_a_go_forward.py::test_complete_h21_value_known_without_universal_threshold_or_consumer_permission
tests/v4_a04_r3/test_amount_a_go_forward.py::test_low_coverage_is_consumer_decision_not_null_arithmetic
tests/v4_a04_r3/test_amount_a_go_forward.py::test_actual_source_or_membership_gap_remains_unknown[membership_gap-ACCEPTED_PIT_MEMBERSHIP_OBSERVATION_GAP]
tests/v4_a04_r3/test_amount_a_go_forward.py::test_actual_source_or_membership_gap_remains_unknown[basis-PIT_MEMBERSHIP_NOT_PROVED]
tests/v4_a04_r3/test_amount_a_go_forward.py::test_actual_source_or_membership_gap_remains_unknown[amount_gap-COMMON_MEMBER_SOURCE_GAP_UNKNOWN]
tests/v4_a04_r3/test_amount_a_go_forward.py::test_actual_source_or_membership_gap_remains_unknown[unknown_zero-COMMON_MEMBER_SOURCE_GAP_UNKNOWN]
tests/v4_a04_r3/test_amount_a_go_forward.py::test_actual_source_or_membership_gap_remains_unknown[bad_unit-COMMON_MEMBER_SOURCE_GAP_UNKNOWN]
tests/v4_a04_r3/test_amount_a_go_forward.py::test_confirmed_suspension_zero_known_and_conflict_unknown
tests/v4_a04_r3/test_amount_a_go_forward.py::test_no_twenty_rows_backfill_for_missing_market_session
tests/v4_a04_r3/test_amount_a_go_forward.py::test_namespace_excludes_stock_amr_and_ordinary_amount
tests/v4_a04_r3/test_amount_a_go_forward.py::test_currency_and_order_strict
tests/v4_a04_r3/test_amount_a_go_forward.py::test_real_warmup_historical_block_no_head_move_and_exact_observation_readback
tests/v4_a04_r3/test_independent_arithmetic_and_evidence.py::test_fraction_oracle_without_producer_results_or_quality_defaults
tests/v4_a04_r3/test_independent_arithmetic_and_evidence.py::test_real_scope_archaeology_consumer_and_candidate_evidence_byte_readback
tests/v4_a04_r3/test_stock_confirmation_independence.py::test_a04_payload_and_status_file_changes_do_not_change_stock_confirmation[BLOCKED-amount_row0]
tests/v4_a04_r3/test_stock_confirmation_independence.py::test_a04_payload_and_status_file_changes_do_not_change_stock_confirmation[CANDIDATE_READY_FOR_EXTERNAL_REAUDIT-amount_row1]
tests/v4_a04_r3/test_stock_confirmation_independence.py::test_a04_payload_and_status_file_changes_do_not_change_stock_confirmation[FAKE_UNAUTHORIZED_ACCEPTED_STATUS-amount_row2]
tests/v4_a04_r3/test_stock_confirmation_independence.py::test_sector_amount_a_cannot_be_injected_as_stock_required_fact
tests/v4_a04_r3/test_stock_confirmation_independence.py::test_real_stock_amr20_limitation_is_target_producer_availability_not_a04
tests/v4_a04_r3/test_strict_source_admission.py::test_current_source_roots_are_verified_against_actual_accepted_scope
tests/v4_a04_r3/test_strict_source_admission.py::test_self_declared_accepted_membership_replica_not_admitted
tests/v4_a05_r2/test_legacy_exact.py::test_original_ast_golden_vectors[SH.600000-BAR-True]
tests/v4_a05_r2/test_legacy_exact.py::test_original_ast_golden_vectors[INVALID-BAR-False]
tests/v4_a05_r2/test_legacy_exact.py::test_original_ast_golden_vectors[SZ.000001-None-False]
tests/v4_a05_r2/test_legacy_exact.py::test_original_ast_golden_vectors[SZ.000001-SUSPENDED-True]
tests/v4_a05_r2/test_legacy_exact.py::test_original_ast_golden_vectors[BJ.920001-NOT_LISTED_YET-True]
tests/v4_a05_r2/test_legacy_exact.py::test_original_ast_golden_vectors[SH.600000-FILE_MISSING-False]
tests/v4_a05_r2/test_legacy_exact.py::test_original_ast_golden_vectors[SH.600000-DELISTED_OR_INACTIVE-False]
tests/v4_a05_r2/test_legacy_exact.py::test_original_ast_golden_vectors[SH.60000-BAR-False]
tests/v4_a05_r2/test_legacy_exact.py::test_original_ast_golden_vectors[SH.600000-nan-False]
tests/v4_a05_r2/test_legacy_exact.py::test_original_ast_golden_vectors[SH.600000-UNKNOWN-True]
tests/v4_a05_r2/test_legacy_exact.py::test_actual_ast_is_frozen_exactly
tests/v4_a05_r2/test_legacy_exact.py::test_exact_candidate_does_not_self_accept_legacy_authority
tests/v4_a05_r2/test_legacy_exact.py::test_real_541_original_byte_bound_outputs_match_exact_recovery
tests/v4_a05_r2/test_legacy_exact.py::test_old_v4_08_head_is_immutable_and_b2_formal_gate_stays_unknown
tests/v4_a06_r2/test_mechanism_policy.py::test_real_matrix_and_independent_arithmetic
tests/v4_a06_r2/test_mechanism_policy.py::test_conditional_ieee_bound_independent_known_bit_formula
tests/v4_a06_r2/test_mechanism_policy.py::test_any_empirical_percentage_or_absolute_tolerance_rejected[close]
tests/v4_a06_r2/test_mechanism_policy.py::test_any_empirical_percentage_or_absolute_tolerance_rejected[volume]
tests/v4_a06_r2/test_mechanism_policy.py::test_any_empirical_percentage_or_absolute_tolerance_rejected[amount]
tests/v4_a06_r2/test_mechanism_policy.py::test_any_empirical_percentage_or_absolute_tolerance_rejected[turn]
tests/v4_a06_r2/test_mechanism_policy.py::test_no_supplemental_self_promotion[change0]
tests/v4_a06_r2/test_mechanism_policy.py::test_no_supplemental_self_promotion[change1]
tests/v4_a06_r2/test_mechanism_policy.py::test_no_supplemental_self_promotion[change2]
tests/v4_a06_r2/test_mechanism_policy.py::test_no_supplemental_self_promotion[change3]
tests/v4_a06_r2/test_mechanism_policy.py::test_nonfinite_numbers_rejected[NaN]
tests/v4_a06_r2/test_mechanism_policy.py::test_nonfinite_numbers_rejected[Infinity]
tests/v4_a06_r2/test_mechanism_policy.py::test_nonfinite_numbers_rejected[-Infinity]
tests/v4_a06_r2/test_mechanism_policy.py::test_nonfinite_numbers_rejected[garbage]
tests/v4_a06_r2/test_mechanism_policy.py::test_nonfinite_numbers_rejected[None]
tests/v4_a06_r2/test_mechanism_policy.py::test_difference_causes_not_absorbed_by_tolerance
tests/v4_a08/test_repair_freeze_authority.py::test_self_consistent_wrong_repair_rejected[status]
tests/v4_a08/test_repair_freeze_authority.py::test_self_consistent_wrong_repair_rejected[identity]
tests/v4_a08/test_repair_freeze_authority.py::test_self_consistent_wrong_repair_rejected[authority]
tests/v4_a08/test_repair_freeze_authority.py::test_self_consistent_wrong_repair_rejected[missing]
tests/v4_a08/test_repair_freeze_authority.py::test_self_consistent_wrong_repair_rejected[extra]
tests/v4_a08/test_repair_freeze_authority.py::test_self_consistent_wrong_repair_rejected[wrong_file]
tests/v4_a08/test_repair_freeze_authority.py::test_self_consistent_wrong_repair_rejected[consumer]
tests/v4_a08/test_repair_freeze_authority.py::test_self_consistent_wrong_repair_rejected[original_parent]
tests/v4_a08/test_repair_freeze_authority.py::test_self_consistent_wrong_repair_rejected[receipt_extension]
tests/v4_a08/test_repair_freeze_authority.py::test_hash_valid_wrong_amended_parent_rejected
tests/v4_a08/test_repair_freeze_authority.py::test_accepted_full_market_replay_has_identical_bytes_and_logical_digest
tests/v4_a08/test_repair_freeze_authority.py::test_historical_archive_does_not_accept_current_runtime_for_new_promotion
tests/v4_a08/test_repair_freeze_authority.py::test_self_consistent_wrong_archive_cannot_replace_accepted_source
tests/v4_a09/test_consumer_identity_sql.py::test_real_postgres_legacy_rows_consumers_collisions_and_exact_rollback
tests/v4_a10/test_source_authority_governance_r1.py::test_supplemental_missing_never_blocks_or_changes_core[LOCAL_CAPTURE_MISSING]
tests/v4_a10/test_source_authority_governance_r1.py::test_supplemental_missing_never_blocks_or_changes_core[LOCAL_ACCEPTED_ARTIFACT_MISSING]
tests/v4_a10/test_source_authority_governance_r1.py::test_supplemental_missing_never_blocks_or_changes_core[PROVIDER_NOT_QUERIED]
tests/v4_a10/test_source_authority_governance_r1.py::test_supplemental_missing_never_blocks_or_changes_core[PROVIDER_RUNTIME_UNACCEPTED]
tests/v4_a10/test_source_authority_governance_r1.py::test_supplemental_missing_never_blocks_or_changes_core[SOURCE_NOT_YET_PUBLISHED]
tests/v4_a10/test_source_authority_governance_r1.py::test_supplemental_missing_never_blocks_or_changes_core[PIT_FIRST_AVAILABILITY_UNPROVEN]
tests/v4_a10/test_source_authority_governance_r1.py::test_supplemental_missing_never_blocks_or_changes_core[PIT_HISTORICAL_STATE_NOT_RECONSTRUCTABLE]
tests/v4_a10/test_source_authority_governance_r1.py::test_supplemental_missing_never_blocks_or_changes_core[CAPABILITY_DISABLED_BY_CONTRACT]
tests/v4_a10/test_source_authority_governance_r1.py::test_supplemental_conflict_retains_core_value_and_quality
tests/v4_a10/test_source_authority_governance_r1.py::test_supplemental_permission_escalation_rejected[may_block_core]
tests/v4_a10/test_source_authority_governance_r1.py::test_supplemental_permission_escalation_rejected[may_change_core_value]
tests/v4_a10/test_source_authority_governance_r1.py::test_supplemental_permission_escalation_rejected[may_change_core_quality]
tests/v4_a10/test_source_authority_governance_r1.py::test_supplemental_required_dependency_rejected
tests/v4_a10/test_source_authority_governance_r1.py::test_not_queried_cannot_support_provider_conclusion[PROVIDER_TARGET_DATE_EMPTY_CONFIRMED]
tests/v4_a10/test_source_authority_governance_r1.py::test_not_queried_cannot_support_provider_conclusion[PROVIDER_QUERY_ATTEMPTED_FAILED]
tests/v4_a10/test_source_authority_governance_r1.py::test_not_queried_cannot_support_provider_conclusion[PROVIDER_SCHEMA_MISMATCH]
tests/v4_a10/test_source_authority_governance_r1.py::test_empty_provider_response_requires_real_exact_target_receipt
tests/v4_a10/test_source_authority_governance_r1.py::test_catchup_preserves_late_actual_observation
tests/v4_a10/test_source_authority_governance_r1.py::test_delayed_catchup_cannot_mint_target_knowledge[mutation0]
tests/v4_a10/test_source_authority_governance_r1.py::test_delayed_catchup_cannot_mint_target_knowledge[mutation1]
tests/v4_a10/test_source_authority_governance_r1.py::test_delayed_catchup_cannot_mint_target_knowledge[mutation2]
tests/v4_a10/test_source_authority_governance_r1.py::test_delayed_catchup_cannot_mint_target_knowledge[mutation3]
tests/v4_a10/test_source_authority_governance_r1.py::test_mutable_snapshot_backdating_and_unproven_pit_rejected
tests/v4_a10/test_source_authority_governance_r1.py::test_field_authority_only_blocks_its_declared_capability
tests/v4_a10/test_source_authority_governance_r1.py::test_disabled_field_cannot_grant_authority_on_available_provider_data
tests/v4_a10/test_source_authority_governance_r1.py::test_structural_scan_detects_contract_escalation_and_no_request_claim
tests/v4_a10/test_source_authority_governance_r1.py::test_structural_scan_detects_runtime_time_and_source_gates
tests/v4_a10_a12_r3/test_producer_instances.py::test_real_sources_pass_global_and_dm01[2026-09-28]
tests/v4_a10_a12_r3/test_producer_instances.py::test_real_sources_pass_global_and_dm01[2026-09-30]
tests/v4_a10_a12_r3/test_producer_instances.py::test_missing_interior_day_global_gate_alone_blocks
tests/v4_a10_a12_r3/test_producer_instances.py::test_source_negative_vectors[provider_date]
tests/v4_a10_a12_r3/test_producer_instances.py::test_source_negative_vectors[target]
tests/v4_a10_a12_r3/test_producer_instances.py::test_source_negative_vectors[raw_sha]
tests/v4_a10_a12_r3/test_producer_instances.py::test_source_negative_vectors[schema]
tests/v4_a10_a12_r3/test_producer_instances.py::test_source_negative_vectors[received]
tests/v4_a10_a12_r3/test_producer_instances.py::test_source_negative_vectors[naive_time]
tests/v4_a10_a12_r3/test_producer_instances.py::test_source_negative_vectors[revision]
tests/v4_a10_a12_r3/test_producer_instances.py::test_source_negative_vectors[identity]
tests/v4_a10_a12_r3/test_producer_instances.py::test_source_negative_vectors[calendar]
tests/v4_a10_a12_r3/test_producer_instances.py::test_source_negative_vectors[empty]
tests/v4_a10_a12_r3/test_producer_instances.py::test_source_negative_vectors[ambiguous]
tests/v4_a10_a12_r3/test_producer_instances.py::test_source_negative_vectors[row_date]
tests/v4_a10_a12_r3/test_producer_instances.py::test_source_negative_vectors[unbounded]
tests/v4_a10_a12_r3/test_producer_instances.py::test_source_negative_vectors[malformed_bit]
tests/v4_a10_a12_r3/test_producer_instances.py::test_source_negative_vectors[as_recorded]
tests/v4_a10_a12_r3/test_producer_instances.py::test_source_negative_vectors[wrong_field]
tests/v4_a10_a12_r3/test_producer_instances.py::test_source_negative_vectors[partial_roster]
tests/v4_a10_a12_r3/test_producer_instances.py::test_accepted_input_revision_does_not_require_new_producer_acceptance
tests/v4_a10_a12_r3/test_producer_instances.py::test_producer_scope_fail_closed[consumer]
tests/v4_a10_a12_r3/test_producer_instances.py::test_producer_scope_fail_closed[AS_RECORDED]
tests/v4_a10_a12_r3/test_producer_instances.py::test_producer_scope_fail_closed[OHLC]
tests/v4_a10_a12_r3/test_producer_instances.py::test_producer_scope_fail_closed[owner_hash]
tests/v4_a10_a12_r3/test_producer_instances.py::test_producer_scope_fail_closed[role]
tests/v4_a10_a12_r3/test_producer_instances.py::test_real_registry_historical_only_and_old_namespace_preserved
tests/v4_a10_r2/test_owner_acceptance.py::test_exact_external_accepted_fixture_can_authorize
tests/v4_a10_r2/test_owner_acceptance.py::test_core_authority_also_requires_exact_registered_proof
tests/v4_a10_r2/test_owner_acceptance.py::test_promotion_requires_new_exact_accepted_contract_and_role
tests/v4_a10_r2/test_owner_acceptance.py::test_owner_proof_negative_vectors_fail_closed[no_registry]
tests/v4_a10_r2/test_owner_acceptance.py::test_owner_proof_negative_vectors_fail_closed[external_null]
tests/v4_a10_r2/test_owner_acceptance.py::test_owner_proof_negative_vectors_fail_closed[formal_false]
tests/v4_a10_r2/test_owner_acceptance.py::test_owner_proof_negative_vectors_fail_closed[other_field]
tests/v4_a10_r2/test_owner_acceptance.py::test_owner_proof_negative_vectors_fail_closed[other_consumer]
tests/v4_a10_r2/test_owner_acceptance.py::test_owner_proof_negative_vectors_fail_closed[bad_owner_hash]
tests/v4_a10_r2/test_owner_acceptance.py::test_owner_proof_negative_vectors_fail_closed[scope_excludes_target]
tests/v4_a10_r2/test_owner_acceptance.py::test_owner_proof_negative_vectors_fail_closed[registry_not_in_head]
tests/v4_a10_r2/test_owner_acceptance.py::test_owner_proof_negative_vectors_fail_closed[bad_registry_hash]
tests/v4_a10_r2/test_owner_acceptance.py::test_owner_proof_negative_vectors_fail_closed[wrong_contract_id]
tests/v4_a10_r2/test_owner_acceptance.py::test_owner_proof_negative_vectors_fail_closed[mode_mismatch]
tests/v4_a10_r2/test_owner_acceptance.py::test_owner_proof_negative_vectors_fail_closed[unaccepted_role_change]
tests/v4_a10_r2/test_owner_acceptance.py::test_owner_proof_negative_vectors_fail_closed[pending_rule]
tests/v4_a10_r2/test_owner_acceptance.py::test_owner_proof_negative_vectors_fail_closed[external_boolean]
tests/v4_a10_r2/test_owner_acceptance.py::test_owner_proof_negative_vectors_fail_closed[duplicate_owner]
tests/v4_a10_r2/test_owner_acceptance.py::test_owner_proof_negative_vectors_fail_closed[malformed_scope]
tests/v4_a10_r2/test_owner_acceptance.py::test_owner_proof_negative_vectors_fail_closed[owner_external_null_registry_accepted]
tests/v4_a10_r2/test_owner_acceptance.py::test_owner_proof_negative_vectors_fail_closed[registry_version]
tests/v4_a10_r2/test_owner_acceptance.py::test_owner_proof_negative_vectors_fail_closed[global_head_contract]
tests/v4_a10_r2/test_owner_acceptance.py::test_owner_proof_negative_vectors_fail_closed[missing_accepted_at]
tests/v4_a10_r2/test_owner_acceptance.py::test_owner_proof_negative_vectors_fail_closed[path_escape]
tests/v4_a10_r2/test_owner_acceptance.py::test_owner_proof_negative_vectors_fail_closed[wrong_field_artifact]
tests/v4_a10_r2/test_owner_acceptance.py::test_owner_proof_negative_vectors_fail_closed[non_boolean_formal]
tests/v4_a10_r2/test_owner_acceptance.py::test_owner_proof_negative_vectors_fail_closed[owner_formal_integer]
tests/v4_a10_r2/test_owner_acceptance.py::test_supplemental_cannot_self_promote_by_changing_consumer_rule
tests/v4_a10_r2/test_owner_acceptance.py::test_diagnostic_flag_cannot_grant_formal_authority
tests/v4_a10_r2/test_owner_acceptance.py::test_undeclared_consumer_cannot_receive_formal_pass_or_block_other_capabilities
tests/v4_a10_r2/test_owner_acceptance.py::test_dm01_and_generic_gate_share_exact_authorization[None]
tests/v4_a10_r2/test_owner_acceptance.py::test_dm01_and_generic_gate_share_exact_authorization[external_null]
tests/v4_a10_r2/test_owner_acceptance.py::test_dm01_and_generic_gate_share_exact_authorization[formal_false]
tests/v4_a10_r2/test_owner_acceptance.py::test_dm01_and_generic_gate_share_exact_authorization[binding_wrong]
tests/v4_a10_r2/test_owner_acceptance.py::test_dm01_and_generic_gate_share_exact_authorization[mode_wrong]
tests/v4_a10_r2/test_owner_acceptance.py::test_dm01_and_generic_gate_share_exact_authorization[date_wrong]
tests/v4_a10_r2/test_owner_acceptance.py::test_dm01_and_generic_gate_share_exact_authorization[head_missing]
tests/v4_a10_r2/test_owner_acceptance.py::test_actual_a12_pending_owner_rejected_by_generic_and_private
tests/v4_a10_r2/test_owner_acceptance.py::test_scanner_pending_owners_and_unaccepted_supplemental_promotion
tests/v4_a11/test_identity_authority_audit_r1.py::test_current_tnf_cannot_prove_historical_type_or_lifecycle
tests/v4_a11/test_identity_authority_audit_r1.py::test_current_catalogue_discrepancy_does_not_rekey
tests/v4_a11/test_identity_authority_audit_r1.py::test_matched_current_catalogue_does_not_prove_historical_delisting
tests/v4_a11/test_identity_authority_audit_r1.py::test_official_alias_and_independent_derivation_fail_closed
tests/v4_a12/test_cascade_candidate_boundary.py::test_reconstructed_revision_retains_input_time_and_uses_actual_new_time
tests/v4_a12/test_cascade_candidate_boundary.py::test_business_comparison_separates_provenance_from_changed_unknown_state
tests/v4_a12/test_status_st_authority_r1.py::test_actual_bar_owns_status_even_conflict[None]
tests/v4_a12/test_status_st_authority_r1.py::test_actual_bar_owns_status_even_conflict[0]
tests/v4_a12/test_status_st_authority_r1.py::test_actual_bar_owns_status_even_conflict[1]
tests/v4_a12/test_status_st_authority_r1.py::test_missing_bar_provider_never_mints_suspension[None]
tests/v4_a12/test_status_st_authority_r1.py::test_missing_bar_provider_never_mints_suspension[0]
tests/v4_a12/test_status_st_authority_r1.py::test_missing_bar_provider_never_mints_suspension[1]
tests/v4_a12/test_status_st_authority_r1.py::test_accepted_dated_owner_and_resumption[SUSPENDED-SUSPENDED]
tests/v4_a12/test_status_st_authority_r1.py::test_accepted_dated_owner_and_resumption[SHOULD_TRADE-DATA_GAP]
tests/v4_a12/test_status_st_authority_r1.py::test_conflicting_dated_sources_fail_closed
tests/v4_a12/test_status_st_authority_r1.py::test_dated_st_states_and_suspension[NORMAL-0]
tests/v4_a12/test_status_st_authority_r1.py::test_dated_st_states_and_suspension[ST-1]
tests/v4_a12/test_status_st_authority_r1.py::test_dated_st_states_and_suspension[STAR_ST-1]
tests/v4_a12/test_status_st_authority_r1.py::test_dated_st_states_and_suspension[RISK_WARNING-1]
tests/v4_a12/test_status_st_authority_r1.py::test_expired_st_is_not_filled_from_current_name_or_provider
tests/v4_a12/test_status_st_authority_r1.py::test_alias_requires_exact_dated_key
tests/v4_a12/test_status_st_authority_r1.py::test_boundary_absence_does_not_invent_state[NEW_LISTING]
tests/v4_a12/test_status_st_authority_r1.py::test_boundary_absence_does_not_invent_state[DELISTED]
tests/v4_a12/test_status_st_authority_r1.py::test_boundary_absence_does_not_invent_state[LONG_SUSPENSION]
tests/v4_a12/test_status_st_authority_r1.py::test_real_loader_rejects_provider_or_unaccepted_authority
tests/v4_a12_r2/test_real_candidate_boundary.py::test_unknown_never_means_suspended_or_normal[None]
tests/v4_a12_r2/test_real_candidate_boundary.py::test_unknown_never_means_suspended_or_normal[]
tests/v4_a12_r2/test_real_candidate_boundary.py::test_unknown_never_means_suspended_or_normal[UNKNOWN]
tests/v4_a12_r2/test_real_candidate_boundary.py::test_unknown_never_means_suspended_or_normal[2]
tests/v4_a12_r2/test_real_candidate_boundary.py::test_unknown_never_means_suspended_or_normal[True]
tests/v4_a12_r2/test_real_candidate_boundary.py::test_unknown_never_means_suspended_or_normal[False]
tests/v4_a12_r2/test_real_candidate_boundary.py::test_unknown_never_means_suspended_or_normal[0.5]
tests/v4_a12_r2/test_real_candidate_boundary.py::test_actual_survives_provider_zero_with_explicit_conflict
tests/v4_a12_r2/test_real_candidate_boundary.py::test_missing_should_trade_is_gap_not_suspension
tests/v4_a12_r2/test_real_candidate_boundary.py::test_candidate_cannot_cross_formal_or_dated_boundary[formal]
tests/v4_a12_r2/test_real_candidate_boundary.py::test_candidate_cannot_cross_formal_or_dated_boundary[scope]
tests/v4_a12_r2/test_real_candidate_boundary.py::test_candidate_cannot_cross_formal_or_dated_boundary[alias]
tests/v4_a12_r2/test_real_candidate_boundary.py::test_real_pending_owner_rejected_by_a10[TRADING_STATUS]
tests/v4_a12_r2/test_real_candidate_boundary.py::test_real_pending_owner_rejected_by_a10[ISST]
tests/v4_a12_r2/test_real_candidate_boundary.py::test_prospective_exact_acceptance_fixture_compatible[TRADING_STATUS]
tests/v4_a12_r2/test_real_candidate_boundary.py::test_prospective_exact_acceptance_fixture_compatible[ISST]
tests/v4_a12_r2/test_real_candidate_boundary.py::test_source_matrix_is_real_and_retains_scope_limit
tests/v4_a12_r2/test_real_candidate_boundary.py::test_observed_daily_scope_does_not_authorize_uncaptured_date
tests/v4_a13/test_event_semantics.py::test_misnamed_real_ipo_notices_are_never_trading_suspension[IPO_ISSUANCE_POSTPONEMENT]
tests/v4_a13/test_event_semantics.py::test_misnamed_real_ipo_notices_are_never_trading_suspension[IPO_LISTING_POSTPONEMENT]
tests/v4_a13/test_event_semantics.py::test_real_dated_trading_statements_are_explicit[LISTED_STOCK_TRADING_SUSPENSION]
tests/v4_a13/test_event_semantics.py::test_real_dated_trading_statements_are_explicit[LISTED_STOCK_RESUMPTION]
tests/v4_a13/test_event_semantics.py::test_ambiguous_wording_stays_unknown
tests/v4_a13/test_event_semantics.py::test_filename_only_inference_rejected[None]
tests/v4_a13/test_event_semantics.py::test_filename_only_inference_rejected[]
tests/v4_a13/test_event_semantics.py::test_filename_only_inference_rejected[  ]
tests/v4_a13/test_event_semantics.py::test_accepted_fixture_requires_real_raw_and_dated_document_statement[LISTED_STOCK_TRADING_SUSPENSION]
tests/v4_a13/test_event_semantics.py::test_accepted_fixture_requires_real_raw_and_dated_document_statement[LISTED_STOCK_RESUMPTION]
tests/v4_a13/test_event_semantics.py::test_formal_notice_negative_vectors[head_missing]
tests/v4_a13/test_event_semantics.py::test_formal_notice_negative_vectors[unknown]
tests/v4_a13/test_event_semantics.py::test_formal_notice_negative_vectors[unaccepted]
tests/v4_a13/test_event_semantics.py::test_formal_notice_negative_vectors[raw_hash]
tests/v4_a13/test_event_semantics.py::test_formal_notice_negative_vectors[wrong_date]
tests/v4_a13/test_event_semantics.py::test_formal_notice_negative_vectors[wrong_key]
tests/v4_a13/test_event_semantics.py::test_formal_notice_negative_vectors[permission]
tests/v4_a13/test_event_semantics.py::test_formal_notice_negative_vectors[text_sha]
tests/v4_a13/test_event_semantics.py::test_formal_notice_negative_vectors[semantic_phrase]
tests/v4_a13/test_event_semantics.py::test_formal_notice_negative_vectors[caller_accepted_sidecar_only]
tests/v4_a13/test_event_semantics.py::test_actual_candidate_sidecar_cannot_authorize_any_trading_truth
tests/v4_a13/test_event_semantics.py::test_inventory_and_full_counterfactual_proofs
tests/v4_a13/test_external_acceptance_formalization.py::test_real_accepted_sidecar_is_exact_candidate_semantics_with_external_audit
tests/v4_a13/test_external_acceptance_formalization.py::test_real_accepted_head_never_upgrades_non_trading_document[IPO_ISSUANCE_POSTPONEMENT]
tests/v4_a13/test_external_acceptance_formalization.py::test_real_accepted_head_never_upgrades_non_trading_document[IPO_LISTING_POSTPONEMENT]
tests/v4_a13/test_external_acceptance_formalization.py::test_real_accepted_head_never_upgrades_non_trading_document[UNKNOWN_EVENT_SEMANTICS]
tests/v4_a13/test_external_acceptance_formalization.py::test_external_acceptance_provenance_rejects_forged_or_out_of_scope_head[task_card_authority]
tests/v4_a13/test_external_acceptance_formalization.py::test_external_acceptance_provenance_rejects_forged_or_out_of_scope_head[wrong_audit_sha]
tests/v4_a13/test_external_acceptance_formalization.py::test_external_acceptance_provenance_rejects_forged_or_out_of_scope_head[wrong_audited_head]
tests/v4_a13/test_external_acceptance_formalization.py::test_external_acceptance_provenance_rejects_forged_or_out_of_scope_head[audit_role]
tests/v4_a13/test_external_acceptance_formalization.py::test_external_acceptance_provenance_rejects_forged_or_out_of_scope_head[wrong_runtime_sha]
tests/v4_a13/test_external_acceptance_formalization.py::test_external_acceptance_provenance_rejects_forged_or_out_of_scope_head[wrong_config_sha]
tests/v4_a13/test_external_acceptance_formalization.py::test_external_acceptance_provenance_rejects_forged_or_out_of_scope_head[wrong_candidate_sha]
tests/v4_a13/test_external_acceptance_formalization.py::test_external_acceptance_provenance_rejects_forged_or_out_of_scope_head[wrong_content_address]
tests/v4_a13/test_external_acceptance_formalization.py::test_external_acceptance_provenance_rejects_forged_or_out_of_scope_head[business_rebuild]
tests/v4_a13/test_external_acceptance_formalization.py::test_external_acceptance_provenance_rejects_forged_or_out_of_scope_head[production_permission]
tests/v4_a13/test_external_acceptance_formalization.py::test_external_acceptance_provenance_rejects_forged_or_out_of_scope_head[shadow_permission]
tests/v4_a13/test_external_acceptance_formalization.py::test_external_acceptance_provenance_rejects_forged_or_out_of_scope_head[focus_permission]
tests/v4_a13/test_external_acceptance_formalization.py::test_external_acceptance_provenance_rejects_forged_or_out_of_scope_head[unaccepted]
tests/v4_a13/test_external_acceptance_formalization.py::test_external_acceptance_provenance_rejects_forged_or_out_of_scope_head[sidecar_entries]
tests/v4_a13/test_external_acceptance_formalization.py::test_external_acceptance_provenance_rejects_forged_or_out_of_scope_head[sidecar_authority]
tests/v4_a13/test_external_acceptance_formalization.py::test_external_acceptance_provenance_rejects_forged_or_out_of_scope_head[candidate_authorized]
tests/v4_a13/test_external_acceptance_formalization.py::test_external_acceptance_provenance_rejects_forged_or_out_of_scope_head[wrong_scope]
tests/v4_a13/test_external_acceptance_formalization.py::test_fresh_counterfactual_equals_all_accepted_business_outputs
tests/v4_a13/test_external_acceptance_formalization.py::test_same_path_audit_replacement_cannot_self_declare_acceptance
tests/v4_dm01/test_a01_incremental_builders_r1.py::test_nine_actual_adapters_independent_candidate_and_idempotence
tests/v4_dm01/test_a01_incremental_builders_r1.py::test_atomic_fail_closed_negative_inputs[wrong_parent]
tests/v4_dm01/test_a01_incremental_builders_r1.py::test_atomic_fail_closed_negative_inputs[wrong_target]
tests/v4_dm01/test_a01_incremental_builders_r1.py::test_atomic_fail_closed_negative_inputs[skip_session]
tests/v4_dm01/test_a01_incremental_builders_r1.py::test_atomic_fail_closed_negative_inputs[raw_duplicate]
tests/v4_dm01/test_a01_incremental_builders_r1.py::test_atomic_fail_closed_negative_inputs[raw_identity_mismatch]
tests/v4_dm01/test_a01_incremental_builders_r1.py::test_atomic_fail_closed_negative_inputs[raw_source_digest]
tests/v4_dm01/test_a01_incremental_builders_r1.py::test_atomic_fail_closed_negative_inputs[calendar_mismatch]
tests/v4_dm01/test_a01_incremental_builders_r1.py::test_atomic_fail_closed_negative_inputs[identity_publication]
tests/v4_dm01/test_a01_incremental_builders_r1.py::test_atomic_fail_closed_negative_inputs[period_parent]
tests/v4_dm01/test_a01_incremental_builders_r1.py::test_atomic_fail_closed_negative_inputs[period_parent_date]
tests/v4_dm01/test_a01_incremental_builders_r1.py::test_atomic_fail_closed_negative_inputs[price_source]
tests/v4_dm01/test_a01_incremental_builders_r1.py::test_atomic_fail_closed_negative_inputs[malformed_special]
tests/v4_dm01/test_a01_incremental_builders_r1.py::test_atomic_fail_closed_negative_inputs[special_lifecycle]
tests/v4_dm01/test_a01_incremental_builders_r1.py::test_atomic_fail_closed_negative_inputs[freeze_tamper]
tests/v4_dm01/test_a01_incremental_builders_r1.py::test_atomic_fail_closed_negative_inputs[missing_family]
tests/v4_dm01/test_a01_incremental_builders_r1.py::test_status_ST_conflict_and_missing_semantics[0-0-True-ACTUAL_TRADED]
tests/v4_dm01/test_a01_incremental_builders_r1.py::test_status_ST_conflict_and_missing_semantics[0-1-False-SUSPENDED]
tests/v4_dm01/test_a01_incremental_builders_r1.py::test_status_ST_conflict_and_missing_semantics[1-0-False-DATA_GAP]
tests/v4_dm01/test_a01_incremental_builders_r1.py::test_status_ST_conflict_and_missing_semantics[--False-UNKNOWN]
tests/v4_dm01/test_a01_incremental_builders_r1.py::test_status_ST_conflict_and_missing_semantics[1--True-ACTUAL_TRADED]
tests/v4_dm01/test_a01_incremental_builders_r1.py::test_unsupported_adjustment_per_security_fail_closed
tests/v4_dm01/test_a01_incremental_builders_r1.py::test_independent_postcheck_rejects_raw_adjusted_or_period_or_price_tamper
tests/v4_dm01/test_a01_incremental_builders_r1.py::test_source_revision_is_new_candidate_not_overwrite
tests/v4_dm01/test_a01_incremental_builders_r1.py::test_calendar_next_completed_and_missing_intermediate
tests/v4_dm01/test_a01_incremental_builders_r1.py::test_configured_TDX_root_remains_completely_untouched_on_failure
tests/v4_dm01/test_a01_incremental_builders_r1.py::test_same_day_parent_is_frozen_and_candidate_digest_tamper_rejected
tests/v4_dm01/test_a01_incremental_builders_r1.py::test_partial_components_invisible_until_final_marker
tests/v4_dm01/test_a01_incremental_builders_r1.py::test_week_month_boundary_and_holiday_close_parent_periods
tests/v4_dm01/test_a01_incremental_builders_r1.py::test_closed_parent_period_exactly_preserved
tests/v4_dm01/test_a01_incremental_builders_r1.py::test_parent_roster_absence_remains_identity_unknown_not_delisting
tests/v4_dm01/test_a01_incremental_builders_r1.py::test_suspended_member_generates_no_synthetic_daily_and_null_no_actual_period
tests/v4_dm01/test_a01_incremental_builders_r1.py::test_new_listing_target_period_and_IPO_price_runtime
tests/v4_dm01/test_continuous_data_maintenance.py::test_no_new_session_is_noop
tests/v4_dm01/test_continuous_data_maintenance.py::test_one_session_increment
tests/v4_dm01/test_continuous_data_maintenance.py::test_multi_session_catchup_is_strictly_sequential
tests/v4_dm01/test_continuous_data_maintenance.py::test_weekend_holiday_not_inferred_from_missing_bars
tests/v4_dm01/test_continuous_data_maintenance.py::test_stale_tdx_blocks_required_raw_increment
tests/v4_dm01/test_continuous_data_maintenance.py::test_local_tdx_wins_overlap_conflict
tests/v4_dm01/test_continuous_data_maintenance.py::test_same_source_digest_is_idempotent
tests/v4_dm01/test_continuous_data_maintenance.py::test_source_revision_creates_new_revision
tests/v4_dm01/test_continuous_data_maintenance.py::test_crash_before_head_swap_keeps_old_head
tests/v4_dm01/test_continuous_data_maintenance.py::test_new_listing_identity_delta
tests/v4_dm01/test_continuous_data_maintenance.py::test_delisting_identity_delta
tests/v4_dm01/test_continuous_data_maintenance.py::test_nonoverlap_code_change_without_linkage_is_atomic_only
tests/v4_dm01/test_continuous_data_maintenance.py::test_single_exit_and_unrelated_ipo_roster_delta_does_not_cartesian_pair
tests/v4_dm01/test_continuous_data_maintenance.py::test_exact_name_boundary_emits_candidate_only
tests/v4_dm01/test_continuous_data_maintenance.py::test_official_event_links_daily_relation_candidate
tests/v4_dm01/test_continuous_data_maintenance.py::test_suspension_does_not_mean_data_gap
tests/v4_dm01/test_continuous_data_maintenance.py::test_resume_carries_previous_official_close
tests/v4_dm01/test_continuous_data_maintenance.py::test_isst_change
tests/v4_dm01/test_continuous_data_maintenance.py::test_gbbq_snapshot_frozen_before_adjustment_build
tests/v4_dm01/test_continuous_data_maintenance.py::test_corporate_action_recomputes_only_affected_adjusted_history
tests/v4_dm01/test_continuous_data_maintenance.py::test_unsupported_adjustment_fails_closed
tests/v4_dm01/test_continuous_data_maintenance.py::test_weekly_asof_partial
tests/v4_dm01/test_continuous_data_maintenance.py::test_weekly_closed_on_formal_period_last_session
tests/v4_dm01/test_continuous_data_maintenance.py::test_monthly_asof_partial
tests/v4_dm01/test_continuous_data_maintenance.py::test_monthly_closed_on_formal_period_last_session
tests/v4_dm01/test_continuous_data_maintenance.py::test_holiday_shortened_week_closes_on_official_last_session
tests/v4_dm01/test_continuous_data_maintenance.py::test_special_price_phase_increment
tests/v4_dm01/test_continuous_data_maintenance.py::test_bridge_date_not_claimed_pit_observed_without_snapshot
tests/v4_dm01/test_continuous_data_maintenance.py::test_pit_eligible_date_uses_frozen_source_set
tests/v4_dm01/test_continuous_data_maintenance.py::test_data_head_move_does_not_move_dev_baseline
tests/v4_dm01/test_continuous_data_maintenance.py::test_data_head_move_does_not_modify_stage_accepted_head
tests/v4_dm01/test_continuous_data_maintenance.py::test_cross_component_key_consistency
tests/v4_dm01/test_continuous_data_maintenance.py::test_atomic_publication_and_rollback
tests/v4_dm01/test_continuous_data_maintenance.py::test_daily_head_idempotent_noop
tests/v4_dm01/test_continuous_data_maintenance.py::test_source_freeze_has_all_required_lineage_fields
tests/v4_dm01/test_continuous_data_maintenance.py::test_source_freeze_requires_each_family_digest
tests/v4_dm01/test_continuous_data_maintenance.py::test_tdx_root_write_is_rejected_for_receipts
tests/v4_dm01/test_continuous_data_maintenance.py::test_closed_period_never_mutates
tests/v4_dm01/test_continuous_data_maintenance.py::test_promotion_rejects_blocked_component
tests/v4_dm01/test_continuous_data_maintenance.py::test_adjustment_revision_is_append_only
tests/v4_dm01/test_continuous_data_maintenance.py::test_actual_traded_requires_real_bar_not_synthetic_zero
tests/v4_dm01/test_official_daily_sources_v2.py::test_tdx_page_update_date_before_target_waits
tests/v4_dm01/test_official_daily_sources_v2.py::test_before_close_waits_before_any_source_capture
tests/v4_dm01/test_official_daily_sources_v2.py::test_tdx_page_update_date_target_enables_download
tests/v4_dm01/test_official_daily_sources_v2.py::test_tdx_download_url_is_discovered_not_hardcoded
tests/v4_dm01/test_official_daily_sources_v2.py::test_tdx_package_sha_is_frozen
tests/v4_dm01/test_official_daily_sources_v2.py::test_same_package_is_noop
tests/v4_dm01/test_official_daily_sources_v2.py::test_same_day_republished_package_creates_revision
tests/v4_dm01/test_official_daily_sources_v2.py::test_zip_crc_failure_blocks
tests/v4_dm01/test_official_daily_sources_v2.py::test_zip_path_traversal_blocks
tests/v4_dm01/test_official_daily_sources_v2.py::test_new_package_append_only_delta
tests/v4_dm01/test_official_daily_sources_v2.py::test_historical_correction_is_detected
tests/v4_dm01/test_official_daily_sources_v2.py::test_one_full_package_delta_supports_multiple_session_views
tests/v4_dm01/test_official_daily_sources_v2.py::test_truncation_blocks
tests/v4_dm01/test_official_daily_sources_v2.py::test_same_length_day_file_trade_date_rewrite_blocks
tests/v4_dm01/test_official_daily_sources_v2.py::test_package_never_writes_client_vipdoc
tests/v4_dm01/test_official_daily_sources_v2.py::test_dailyupdates_exact_trade_date
tests/v4_dm01/test_official_daily_sources_v2.py::test_dailyupdates_provider_date_matches_target
tests/v4_dm01/test_official_daily_sources_v2.py::test_dailyupdates_batch_semantics
tests/v4_dm01/test_official_daily_sources_v2.py::test_dailyupdates_adjustment_factor_frozen
tests/v4_dm01/test_official_daily_sources_v2.py::test_baostock_ohlc_never_substitutes_tdx
tests/v4_dm01/test_official_daily_sources_v2.py::test_baostock_tradestatus_crosscheck
tests/v4_dm01/test_official_daily_sources_v2.py::test_baostock_isst_crosscheck
tests/v4_dm01/test_official_daily_sources_v2.py::test_baostock_revision_append_only
tests/v4_dm01/test_official_daily_sources_v2.py::test_baostock_not_ready_waits
tests/v4_dm01/test_official_daily_sources_v2.py::test_request_budget_enforced
tests/v4_dm01/test_official_daily_sources_v2.py::test_public_sdk_runtime_fingerprint_mismatch_fails_before_query
tests/v4_dm01/test_official_daily_sources_v2.py::test_baostock_runtime_manifest_accepts_fingerprinted_runtime_for_any_auth_mode
tests/v4_dm01/test_official_daily_sources_v2.py::test_baostock_runtime_manifest_binds_auth_mode
tests/v4_dm01/test_official_daily_sources_v2.py::test_baostock_live_dailyupdates_smoke_receipt_can_activate_dm01
tests/v4_dm01/test_official_daily_sources_v2.py::test_tdx_ready_baostock_not_ready_does_not_promote
tests/v4_dm01/test_official_daily_sources_v2.py::test_baostock_ready_tdx_not_ready_does_not_promote
tests/v4_dm01/test_official_daily_sources_v2.py::test_local_tdx_tail_cannot_enable_official_source_readiness
tests/v4_dm01/test_official_daily_sources_v2.py::test_both_ready_builds_target_session
tests/v4_dm01/test_official_daily_sources_v2.py::test_tdx_baostock_price_conflict_keeps_tdx_authority
tests/v4_dm01/test_official_daily_sources_v2.py::test_suspended_stock_without_tdx_bar_is_valid_with_status_evidence
tests/v4_dm01/test_official_daily_sources_v2.py::test_missing_trading_stock_tdx_bar_is_source_gap
tests/v4_dm01/test_official_daily_sources_v2.py::test_source_revision_rebuilds_affected_scope_only
tests/v4_dm01/test_official_daily_sources_v2.py::test_stage_and_dev_heads_never_move
tests/v4_dm01/test_official_daily_sources_v2.py::test_atomic_failure_keeps_previous_data_head
tests/v4_dm01/test_official_daily_sources_v2.py::test_raw_increment_staging_never_uses_baostock
tests/v4_dm01/test_official_daily_sources_v2.py::test_gbbq_unchanged_revision_reuses_existing_snapshot
tests/v4_dm01/test_official_daily_sources_v2.py::test_gbbq_changed_revision_freezes_new_snapshot
tests/v4_dm01/test_official_daily_sources_v2.py::test_gbbq_missing_local_source_does_not_claim_reuse
tests/v4_dm01/test_official_daily_sources_v2.py::test_no_special_event_still_produces_valid_source_manifest
tests/v4_dm01/test_official_daily_sources_v2.py::test_no_identity_event_still_produces_valid_lifecycle_snapshot
tests/v4_dm01/test_official_daily_sources_v2.py::test_unmapped_new_lifecycle_candidate_only_degrades_affected_security
tests/v4_dm01/test_official_daily_sources_v2.py::test_real_independent_postcheck_reads_artifacts
tests/v4_dm01/test_official_daily_sources_v2.py::test_fake_artifact_builders_do_not_pass_real_postcheck
tests/v4_dm01_promotion/test_accepted_chain.py::test_exact_real_chain_and_final_permissions
tests/v4_dm01_promotion/test_accepted_chain.py::test_only_actual_independent_audit_is_authority[task_card]
tests/v4_dm01_promotion/test_accepted_chain.py::test_only_actual_independent_audit_is_authority[hash]
tests/v4_dm01_promotion/test_accepted_chain.py::test_only_actual_independent_audit_is_authority[audited_commit]
tests/v4_dm01_promotion/test_accepted_chain.py::test_production_permissions_stay_closed[production]
tests/v4_dm01_promotion/test_accepted_chain.py::test_production_permissions_stay_closed[shadow]
tests/v4_dm01_promotion/test_accepted_chain.py::test_production_permissions_stay_closed[focus]
tests/v4_dm01_promotion/test_accepted_chain.py::test_reconstruction_does_not_grant_temporal_claims[AS_RECORDED]
tests/v4_dm01_promotion/test_accepted_chain.py::test_reconstruction_does_not_grant_temporal_claims[first_available_at_target_proven]
tests/v4_dm01_promotion/test_accepted_chain.py::test_unknown_head_schema_field_rejected
tests/v4_dm01_promotion/test_accepted_chain.py::test_chain_cannot_skip_or_substitute_accepted_nodes[omit_session]
tests/v4_dm01_promotion/test_accepted_chain.py::test_chain_cannot_skip_or_substitute_accepted_nodes[wrong_parent]
tests/v4_dm01_promotion/test_accepted_chain.py::test_chain_cannot_skip_or_substitute_accepted_nodes[wrong_session]
tests/v4_dm01_promotion/test_accepted_chain.py::test_chain_cannot_skip_or_substitute_accepted_nodes[omit_component]
tests/v4_dm01_promotion/test_accepted_chain.py::test_chain_cannot_skip_or_substitute_accepted_nodes[wrong_source_instance]
tests/v4_dm01_promotion/test_accepted_chain.py::test_registry_rejects_stale_a12_current_fields[observed_daily_producer_acceptance]
tests/v4_dm01_promotion/test_accepted_chain.py::test_registry_rejects_stale_a12_current_fields[capability_limitations]
tests/v4_dm01_promotion/test_accepted_chain.py::test_registry_rejects_stale_a12_current_fields[transition]
tests/v4_dm01_promotion/test_accepted_chain.py::test_registry_keeps_bootstrap_open_and_history
tests/v4_dm01_promotion/test_accepted_chain.py::test_anchor_is_exact_bytes_and_wrong_hash_never_redirects
tests/v4_dm01_promotion/test_accepted_chain.py::test_ready_rows_cannot_upgrade_degraded_capability[ADJUSTED_DAILY]
tests/v4_dm01_promotion/test_accepted_chain.py::test_ready_rows_cannot_upgrade_degraded_capability[PERIOD_ADJUSTED]
tests/v4_dm01_promotion/test_accepted_chain.py::test_ready_rows_cannot_upgrade_degraded_capability[PRICE_LIMIT]
tests/v4_dm01_promotion/test_accepted_chain.py::test_current_pointer_is_audited_anchor_or_exact_promoted_v2
tests/v4_dm01_promotion/test_accepted_chain.py::test_business_publication_history_has_explicit_archive_scope
tests/v4_dm01_r2/test_runtime_capture_and_supplemental_gate.py::test_smoke_and_target_nested_response_files_are_distinct_and_exact
tests/v4_dm01_r2/test_runtime_capture_and_supplemental_gate.py::test_runtime_smoke_date_a_supports_older_target_date_b
tests/v4_dm01_r2/test_runtime_capture_and_supplemental_gate.py::test_real_target_capture_keeps_later_observation_and_exact_provider_date[query_daily_history_k_AStock-required0]
tests/v4_dm01_r2/test_runtime_capture_and_supplemental_gate.py::test_real_target_capture_keeps_later_observation_and_exact_provider_date[query_daily_adjust_factor-required1]
tests/v4_dm01_r2/test_runtime_capture_and_supplemental_gate.py::test_actual_response_taxonomy[empty-PROVIDER_TARGET_DATE_EMPTY]
tests/v4_dm01_r2/test_runtime_capture_and_supplemental_gate.py::test_actual_response_taxonomy[failure-HISTORICAL_CATCHUP_QUERY_FAILED]
tests/v4_dm01_r2/test_runtime_capture_and_supplemental_gate.py::test_actual_response_taxonomy[schema-PROVIDER_SCHEMA_MISMATCH]
tests/v4_dm01_r2/test_runtime_capture_and_supplemental_gate.py::test_actual_response_taxonomy[date-PROVIDER_SCHEMA_MISMATCH]
tests/v4_dm01_r2/test_runtime_capture_and_supplemental_gate.py::test_unqueried_or_backdated_capture_rejected[request_count-0]
tests/v4_dm01_r2/test_runtime_capture_and_supplemental_gate.py::test_unqueried_or_backdated_capture_rejected[observed_at-2026-09-27T00:00:00+00:00]
tests/v4_dm01_r2/test_runtime_capture_and_supplemental_gate.py::test_unqueried_or_backdated_capture_rejected[received_at-2026-09-28T00:00:00]
tests/v4_dm01_r2/test_runtime_capture_and_supplemental_gate.py::test_unqueried_or_backdated_capture_rejected[received_at-2026-10-01T00:00:00+00:00]
tests/v4_dm01_r2/test_runtime_capture_and_supplemental_gate.py::test_receipt_order_compares_instants_across_timezones
tests/v4_dm01_r2/test_runtime_capture_and_supplemental_gate.py::test_only_declared_hash_pinned_factor_header_can_be_normalized
tests/v4_dm01_r2/test_runtime_capture_and_supplemental_gate.py::test_empty_factor_request_echo_does_not_prove_fact_date
tests/v4_dm01_r2/test_runtime_capture_and_supplemental_gate.py::test_supplemental_absence_preserves_required_core_preflight[True]
tests/v4_dm01_r2/test_runtime_capture_and_supplemental_gate.py::test_supplemental_absence_preserves_required_core_preflight[False]
tests/v4_dm01_r2/test_runtime_capture_and_supplemental_gate.py::test_missing_required_bytes_are_distinct_from_missing_provider
tests/v4_dm01_r2/test_runtime_capture_and_supplemental_gate.py::test_final_candidate_cannot_self_accept_a12_engineering_contract
tests/v4_dm01_r2/test_runtime_capture_and_supplemental_gate.py::test_provider_revision_identity_changes_without_moving_data_head
tests/v4_dm01_r3/test_metadata_durability.py::test_original_byte_archive_exact_with_declared_Git_plane
tests/v4_dm01_r3/test_metadata_durability.py::test_original_tdx_capture_receipt_is_an_exact_archived_input
tests/v4_dm01_r3/test_metadata_durability.py::test_actual_final_contract_context_has_no_checkout_binding_failure[RAW_DAILY]
tests/v4_dm01_r3/test_metadata_durability.py::test_actual_final_contract_context_has_no_checkout_binding_failure[TRADING_STATUS]
tests/v4_dm01_r3/test_metadata_durability.py::test_actual_final_contract_context_has_no_checkout_binding_failure[ISST]
tests/v4_dm01_r3/test_metadata_durability.py::test_archive_does_not_authorize_changed_business_head_namespace
tests/v4_dm01_r3/test_metadata_durability.py::test_final_durable_continuous_chain_preserves_initial_candidates
tests/v4_dm01_r3/test_real_authority_and_chain.py::test_four_actual_authorities_bind_real_audit
tests/v4_dm01_r3/test_real_authority_and_chain.py::test_real_three_date_field_instance_readback[TRADING_STATUS-2026-09-28]
tests/v4_dm01_r3/test_real_authority_and_chain.py::test_real_three_date_field_instance_readback[TRADING_STATUS-2026-09-29]
tests/v4_dm01_r3/test_real_authority_and_chain.py::test_real_three_date_field_instance_readback[TRADING_STATUS-2026-09-30]
tests/v4_dm01_r3/test_real_authority_and_chain.py::test_real_three_date_field_instance_readback[ISST-2026-09-28]
tests/v4_dm01_r3/test_real_authority_and_chain.py::test_real_three_date_field_instance_readback[ISST-2026-09-29]
tests/v4_dm01_r3/test_real_authority_and_chain.py::test_real_three_date_field_instance_readback[ISST-2026-09-30]
tests/v4_dm01_r3/test_real_authority_and_chain.py::test_producer_acceptance_does_not_fill_missing_instance[rule0]
tests/v4_dm01_r3/test_real_authority_and_chain.py::test_producer_acceptance_does_not_fill_missing_instance[rule1]
tests/v4_dm01_r3/test_real_authority_and_chain.py::test_task_card_or_replaced_audit_cannot_accept
tests/v4_dm01_r3/test_real_authority_and_chain.py::test_R2_cannot_be_selected_as_active_trust_root
tests/v4_dm01_r3/test_real_authority_and_chain.py::test_reconstructed_producer_never_accepts_other_knowledge_mode[AS_RECORDED_PIT_FACT]
tests/v4_dm01_r3/test_real_authority_and_chain.py::test_reconstructed_producer_never_accepts_other_knowledge_mode[FIRST_AVAILABLE_AT_TARGET]
tests/v4_dm01_r3/test_real_authority_and_chain.py::test_field_authority_cannot_escalate_to_OHLC_or_QFQ[RAW_DAILY]
tests/v4_dm01_r3/test_real_authority_and_chain.py::test_field_authority_cannot_escalate_to_OHLC_or_QFQ[ADJUSTED_DAILY]
tests/v4_dm01_r3/test_real_authority_and_chain.py::test_field_authority_cannot_escalate_to_OHLC_or_QFQ[UNDECLARED_CONSUMER]
tests/v4_dm01_r3/test_real_authority_and_chain.py::test_actual_phase_A_pre_capture_missing_day_vector_retained
tests/v4_dm01_r3/test_real_authority_and_chain.py::test_calendar_resolver_cannot_skip_middle_session
tests/v4_dm01_r3/test_real_authority_and_chain.py::test_actual_all_nine_chain_and_source_dates_exact
tests/v4_dm01_r3/test_real_authority_and_chain.py::test_unmarked_partial_parent_rejected
tests/v4_dm01_r3/test_real_authority_and_chain.py::test_actual_dispatcher_stops_on_first_incomplete_day
tests/v4_dm01_r3/test_real_authority_and_chain.py::test_atomic_failure_determinism_and_heads_preserved
tests/v4_dm01_r4/test_runtime.py::test_actual_all_nine_and_identical_rerun
tests/v4_dm01_r4/test_runtime.py::test_bad_inputs_before_marker[DM01R4-05-<lambda>-V1_PARENT]
tests/v4_dm01_r4/test_runtime.py::test_bad_inputs_before_marker[DM01R4-06-<lambda>-PARENT_DIGEST]
tests/v4_dm01_r4/test_runtime.py::test_bad_inputs_before_marker[DM01R4-13-<lambda>-RECONSTRUCTED]
tests/v4_dm01_r4/test_runtime.py::test_bad_inputs_before_marker[DM01R4-14-<lambda>-FUTURE_OR_RECONSTRUCTED]
tests/v4_dm01_r4/test_runtime.py::test_bad_inputs_before_marker[DM01R4-15-<lambda>-TARGET_SOURCE_DATE]
tests/v4_dm01_r4/test_runtime.py::test_missing_builder
tests/v4_dm01_r4/test_runtime.py::test_component_oracle_failure
tests/v4_dm01_r4/test_runtime.py::test_cross_oracle_failure
tests/v4_dm01_r4/test_runtime.py::test_revised_source_immutable_candidate
tests/v4_dm01_r4/test_runtime.py::test_component_tamper_rerun
tests/v4_dm01_r4/test_runtime.py::test_stage_change_rejected
tests/v4_dm01_r4/test_runtime.py::test_current_real_v2_parent_and_future_wait
tests/v4_dm01_r4/test_runtime.py::test_actual_entrypoint_no_capture
tests/v4_dm01_r4/test_runtime.py::test_simulation_cannot_promote_even_with_fake_envelope
tests/v4_dm01_r4/test_runtime.py::test_promotion_negative[DM01R4-07]
tests/v4_dm01_r4/test_runtime.py::test_promotion_negative[DM01R4-09]
tests/v4_dm01_r4/test_runtime.py::test_promotion_negative[DM01R4-10]
tests/v4_dm01_r4/test_runtime.py::test_promotion_negative[DM01R4-17]
tests/v4_dm01_r4/test_runtime.py::test_promotion_negative[DM01R4-19]
tests/v4_dm01_r4/test_runtime.py::test_promotion_state_machine_no_stage_r25_or_counter_grant
tests/v4_dm01_r4/test_runtime.py::test_calendar_unaccepted
tests/v4_dm01_r4/test_runtime.py::test_forged_external_acceptance_rejected
tests/v4_dm01_r4/test_runtime.py::test_real_native_completion_stamp_cannot_be_invented
tests/v4_dm01_r4/test_runtime.py::test_current_parent_package_is_exact_accepted_chain
tests/v4_dm01_r4r1/test_lineage.py::test_R4R1_01_parent_and_target_composition
tests/v4_dm01_r4r1/test_lineage.py::test_R4R1_02_false_forward_marker_cannot_promote
tests/v4_dm01_r4r1/test_lineage.py::test_no_first_availability_without_proof[R4R1-03-2026-09-28T08:00:00+00:00]
tests/v4_dm01_r4r1/test_lineage.py::test_no_first_availability_without_proof[R4R1-04-None]
tests/v4_dm01_r4r1/test_lineage.py::test_R4R1_05_simulation_cannot_claim_real_forward
tests/v4_dm01_r4r1/test_lineage.py::test_R4R1_05_simulation_flag_requires_boolean[1]
tests/v4_dm01_r4r1/test_lineage.py::test_R4R1_05_simulation_flag_requires_boolean[None]
tests/v4_dm01_r4r1/test_lineage.py::test_R4R1_05_simulation_flag_requires_boolean[false]
tests/v4_dm01_r4r1/test_lineage.py::test_R4R1_06_before_close_rejected
tests/v4_dm01_r4r1/test_lineage.py::test_R4R1_07_synthetic_explicit_proof_remains_engineering
tests/v4_dm01_r4r1/test_lineage.py::test_R4R1_08_promoted_whole_head_keeps_mixed_lineage
tests/v4_dm01_r4r1/test_lineage.py::test_R4R1_09_whole_head_overclaim_rejected
tests/v4_dm01_r4r1/test_lineage.py::test_R4R1_10_whole_head_only_not_R25_authority
tests/v4_dm01_r4r1/test_lineage.py::test_R4R1_11_exact_engineering_target_bridge_no_grant
tests/v4_dm01_r4r1/test_lineage.py::test_R4R1_12_unknown_identity_rows_are_retained
tests/v4_dm01_r4r2/test_acceptance_seal.py::test_real_external_envelope_and_extension_bytes
tests/v4_dm01_r4r2/test_acceptance_seal.py::test_sealed_future_wait_has_no_source_or_publication
tests/v4_dm01_r4r2/test_acceptance_seal.py::test_acceptance_does_not_grant_shadow_or_move_heads
tests/v4_dm01_r4r2/test_bridge.py::test_negative[1]
tests/v4_dm01_r4r2/test_bridge.py::test_negative[2]
tests/v4_dm01_r4r2/test_bridge.py::test_negative[3]
tests/v4_dm01_r4r2/test_bridge.py::test_negative[4]
tests/v4_dm01_r4r2/test_bridge.py::test_negative[5]
tests/v4_dm01_r4r2/test_bridge.py::test_negative[6]
tests/v4_dm01_r4r2/test_bridge.py::test_negative[7]
tests/v4_dm01_r4r2/test_bridge.py::test_negative[8]
tests/v4_dm01_r4r2/test_bridge.py::test_negative[9]
tests/v4_dm01_r4r2/test_bridge.py::test_negative[10]
tests/v4_dm01_r4r2/test_bridge.py::test_negative[13]
tests/v4_dm01_r4r2/test_bridge.py::test_R4R2_11_engineering_producer
tests/v4_dm01_r4r2/test_bridge.py::test_R4R2_12_real_shaped_parity
tests/v4_dm01_r4r2/test_bridge.py::test_R4R2_14_old_V1_historical_only
tests/v4_dm01_r4r2/test_bridge.py::test_R4R2_15_contract_parity
tests/v4_dm01_r4r2/test_bridge.py::test_R4R2_16_future_wait[2026-10-08-2026-10-05T00:00:00Z]
tests/v4_dm01_r4r2/test_bridge.py::test_R4R2_16_future_wait[2026-09-28-2026-09-28T06:00:00Z]
tests/v4_dm01_r4r2/test_bridge.py::test_output_cannot_target_heads
tests/v4_joint/test_execution_scope_coverage.py::test_v4_uppercase_contract_governance_is_in_execution_scope
tests/v4_joint/test_joint_final_receipt_gate.py::test_joint_receipt_gate_requires_every_stage_and_external_v4_02_acceptance
tests/v4_joint/test_joint_final_receipt_gate.py::test_joint_receipt_blocks_phase0_owner_stage_degradation
tests/v4_joint/test_joint_final_receipt_gate.py::test_joint_receipt_accepts_final_phase0_stage_map_shape
tests/v4_joint/test_joint_final_receipt_gate.py::test_cross_stage_key_set_comparison_detects_missing_extra_and_duplicates
tests/v4_joint/test_joint_final_receipt_gate.py::test_downstream_period_identities_must_be_a_subset_of_r8_universe
tests/v4_owner_bootstrap_r1/test_scoped_candidate.py::test_all_seven_fields_independent_candidates
tests/v4_owner_bootstrap_r1/test_scoped_candidate.py::test_each_field_fail_closed[scope-OHLC]
tests/v4_owner_bootstrap_r1/test_scoped_candidate.py::test_each_field_fail_closed[scope-VOLUME]
tests/v4_owner_bootstrap_r1/test_scoped_candidate.py::test_each_field_fail_closed[scope-AMOUNT]
tests/v4_owner_bootstrap_r1/test_scoped_candidate.py::test_each_field_fail_closed[scope-QFQ]
tests/v4_owner_bootstrap_r1/test_scoped_candidate.py::test_each_field_fail_closed[scope-SECURITY_IDENTITY]
tests/v4_owner_bootstrap_r1/test_scoped_candidate.py::test_each_field_fail_closed[scope-SPECIAL_PHASE]
tests/v4_owner_bootstrap_r1/test_scoped_candidate.py::test_each_field_fail_closed[scope-SECTOR_MEMBERSHIP]
tests/v4_owner_bootstrap_r1/test_scoped_candidate.py::test_each_field_fail_closed[consumer-OHLC]
tests/v4_owner_bootstrap_r1/test_scoped_candidate.py::test_each_field_fail_closed[consumer-VOLUME]
tests/v4_owner_bootstrap_r1/test_scoped_candidate.py::test_each_field_fail_closed[consumer-AMOUNT]
tests/v4_owner_bootstrap_r1/test_scoped_candidate.py::test_each_field_fail_closed[consumer-QFQ]
tests/v4_owner_bootstrap_r1/test_scoped_candidate.py::test_each_field_fail_closed[consumer-SECURITY_IDENTITY]
tests/v4_owner_bootstrap_r1/test_scoped_candidate.py::test_each_field_fail_closed[consumer-SPECIAL_PHASE]
tests/v4_owner_bootstrap_r1/test_scoped_candidate.py::test_each_field_fail_closed[consumer-SECTOR_MEMBERSHIP]
tests/v4_owner_bootstrap_r1/test_scoped_candidate.py::test_each_field_fail_closed[hash-OHLC]
tests/v4_owner_bootstrap_r1/test_scoped_candidate.py::test_each_field_fail_closed[hash-VOLUME]
tests/v4_owner_bootstrap_r1/test_scoped_candidate.py::test_each_field_fail_closed[hash-AMOUNT]
tests/v4_owner_bootstrap_r1/test_scoped_candidate.py::test_each_field_fail_closed[hash-QFQ]
tests/v4_owner_bootstrap_r1/test_scoped_candidate.py::test_each_field_fail_closed[hash-SECURITY_IDENTITY]
tests/v4_owner_bootstrap_r1/test_scoped_candidate.py::test_each_field_fail_closed[hash-SPECIAL_PHASE]
tests/v4_owner_bootstrap_r1/test_scoped_candidate.py::test_each_field_fail_closed[hash-SECTOR_MEMBERSHIP]
tests/v4_owner_bootstrap_r1/test_scoped_candidate.py::test_each_field_fail_closed[historical-OHLC]
tests/v4_owner_bootstrap_r1/test_scoped_candidate.py::test_each_field_fail_closed[historical-VOLUME]
tests/v4_owner_bootstrap_r1/test_scoped_candidate.py::test_each_field_fail_closed[historical-AMOUNT]
tests/v4_owner_bootstrap_r1/test_scoped_candidate.py::test_each_field_fail_closed[historical-QFQ]
tests/v4_owner_bootstrap_r1/test_scoped_candidate.py::test_each_field_fail_closed[historical-SECURITY_IDENTITY]
tests/v4_owner_bootstrap_r1/test_scoped_candidate.py::test_each_field_fail_closed[historical-SPECIAL_PHASE]
tests/v4_owner_bootstrap_r1/test_scoped_candidate.py::test_each_field_fail_closed[historical-SECTOR_MEMBERSHIP]
tests/v4_owner_bootstrap_r1/test_scoped_candidate.py::test_each_field_fail_closed[external-OHLC]
tests/v4_owner_bootstrap_r1/test_scoped_candidate.py::test_each_field_fail_closed[external-VOLUME]
tests/v4_owner_bootstrap_r1/test_scoped_candidate.py::test_each_field_fail_closed[external-AMOUNT]
tests/v4_owner_bootstrap_r1/test_scoped_candidate.py::test_each_field_fail_closed[external-QFQ]
tests/v4_owner_bootstrap_r1/test_scoped_candidate.py::test_each_field_fail_closed[external-SECURITY_IDENTITY]
tests/v4_owner_bootstrap_r1/test_scoped_candidate.py::test_each_field_fail_closed[external-SPECIAL_PHASE]
tests/v4_owner_bootstrap_r1/test_scoped_candidate.py::test_each_field_fail_closed[external-SECTOR_MEMBERSHIP]
tests/v4_owner_bootstrap_r1/test_scoped_candidate.py::test_each_field_fail_closed[promotion-OHLC]
tests/v4_owner_bootstrap_r1/test_scoped_candidate.py::test_each_field_fail_closed[promotion-VOLUME]
tests/v4_owner_bootstrap_r1/test_scoped_candidate.py::test_each_field_fail_closed[promotion-AMOUNT]
tests/v4_owner_bootstrap_r1/test_scoped_candidate.py::test_each_field_fail_closed[promotion-QFQ]
tests/v4_owner_bootstrap_r1/test_scoped_candidate.py::test_each_field_fail_closed[promotion-SECURITY_IDENTITY]
tests/v4_owner_bootstrap_r1/test_scoped_candidate.py::test_each_field_fail_closed[promotion-SPECIAL_PHASE]
tests/v4_owner_bootstrap_r1/test_scoped_candidate.py::test_each_field_fail_closed[promotion-SECTOR_MEMBERSHIP]
tests/v4_owner_bootstrap_r1/test_scoped_candidate.py::test_each_field_fail_closed[supplemental-OHLC]
tests/v4_owner_bootstrap_r1/test_scoped_candidate.py::test_each_field_fail_closed[supplemental-VOLUME]
tests/v4_owner_bootstrap_r1/test_scoped_candidate.py::test_each_field_fail_closed[supplemental-AMOUNT]
tests/v4_owner_bootstrap_r1/test_scoped_candidate.py::test_each_field_fail_closed[supplemental-QFQ]
tests/v4_owner_bootstrap_r1/test_scoped_candidate.py::test_each_field_fail_closed[supplemental-SECURITY_IDENTITY]
tests/v4_owner_bootstrap_r1/test_scoped_candidate.py::test_each_field_fail_closed[supplemental-SPECIAL_PHASE]
tests/v4_owner_bootstrap_r1/test_scoped_candidate.py::test_each_field_fail_closed[supplemental-SECTOR_MEMBERSHIP]
tests/v4_owner_bootstrap_r1/test_scoped_candidate.py::test_explicit_limits_and_inactive_global_root
tests/v4_owner_bootstrap_r1/test_scoped_candidate.py::test_no_hidden_scope_upgrade[AMOUNT-change0]
tests/v4_owner_bootstrap_r1/test_scoped_candidate.py::test_no_hidden_scope_upgrade[QFQ-change1]
tests/v4_owner_bootstrap_r1/test_scoped_candidate.py::test_no_hidden_scope_upgrade[SECURITY_IDENTITY-change2]
tests/v4_owner_bootstrap_r1/test_scoped_candidate.py::test_no_hidden_scope_upgrade[SECTOR_MEMBERSHIP-change3]
tests/v4_parallel_scoped_consolidation_r3/test_clean_protected_representations.py::test_scoped_proof_reopens_exact_pinned_original_bytes_in_git_lf_checkout[0]
tests/v4_parallel_scoped_consolidation_r3/test_clean_protected_representations.py::test_scoped_proof_reopens_exact_pinned_original_bytes_in_git_lf_checkout[1]
tests/v4_parallel_scoped_consolidation_r3/test_clean_protected_representations.py::test_actual_drift_and_unapproved_mapping_remain_fail_closed[actual_content-0]
tests/v4_parallel_scoped_consolidation_r3/test_clean_protected_representations.py::test_actual_drift_and_unapproved_mapping_remain_fail_closed[actual_content-1]
tests/v4_parallel_scoped_consolidation_r3/test_clean_protected_representations.py::test_actual_drift_and_unapproved_mapping_remain_fail_closed[archive_content-0]
tests/v4_parallel_scoped_consolidation_r3/test_clean_protected_representations.py::test_actual_drift_and_unapproved_mapping_remain_fail_closed[archive_content-1]
tests/v4_parallel_scoped_consolidation_r3/test_clean_protected_representations.py::test_actual_drift_and_unapproved_mapping_remain_fail_closed[map_content-0]
tests/v4_parallel_scoped_consolidation_r3/test_clean_protected_representations.py::test_actual_drift_and_unapproved_mapping_remain_fail_closed[map_content-1]
tests/v4_parallel_scoped_consolidation_r3/test_clean_protected_representations.py::test_actual_drift_and_unapproved_mapping_remain_fail_closed[unregistered_hash-0]
tests/v4_parallel_scoped_consolidation_r3/test_clean_protected_representations.py::test_actual_drift_and_unapproved_mapping_remain_fail_closed[unregistered_hash-1]
tests/v4_parallel_scoped_consolidation_r3/test_clean_protected_representations.py::test_actual_drift_and_unapproved_mapping_remain_fail_closed[unregistered_size-0]
tests/v4_parallel_scoped_consolidation_r3/test_clean_protected_representations.py::test_actual_drift_and_unapproved_mapping_remain_fail_closed[unregistered_size-1]
tests/v4_parallel_scoped_consolidation_r3/test_clean_protected_representations.py::test_actual_drift_and_unapproved_mapping_remain_fail_closed[unapproved_map-0]
tests/v4_parallel_scoped_consolidation_r3/test_clean_protected_representations.py::test_actual_drift_and_unapproved_mapping_remain_fail_closed[unapproved_map-1]
tests/v4_parallel_scoped_consolidation_r3/test_clean_protected_representations.py::test_real_consolidation_retains_batch_refs_and_passes_only_exact_clean_representations
tests/v4_parallel_scoped_consolidation_r3/test_consolidation.py::test_serialized_latest_registry_retains_external_scopes_and_prior_unscoped_entries
tests/v4_parallel_scoped_consolidation_r3/test_consolidation.py::test_registry_rejects_authority_or_scope_escalation[production]
tests/v4_parallel_scoped_consolidation_r3/test_consolidation.py::test_registry_rejects_authority_or_scope_escalation[shadow]
tests/v4_parallel_scoped_consolidation_r3/test_consolidation.py::test_registry_rejects_authority_or_scope_escalation[focus]
tests/v4_parallel_scoped_consolidation_r3/test_consolidation.py::test_registry_rejects_authority_or_scope_escalation[global_mandatory_adoption]
tests/v4_parallel_scoped_consolidation_r3/test_consolidation.py::test_registry_rejects_authority_or_scope_escalation[formal_consumer_cutover]
tests/v4_parallel_scoped_consolidation_r3/test_consolidation.py::test_registry_rejects_authority_or_scope_escalation[task_authority]
tests/v4_parallel_scoped_consolidation_r3/test_consolidation.py::test_registry_rejects_authority_or_scope_escalation[wrong_audit_head]
tests/v4_parallel_scoped_consolidation_r3/test_consolidation.py::test_registry_rejects_authority_or_scope_escalation[missing_protection]
tests/v4_parallel_scoped_consolidation_r3/test_consolidation.py::test_registry_rejects_authority_or_scope_escalation[reduced_protection]
tests/v4_parallel_scoped_consolidation_r3/test_consolidation.py::test_registry_rejects_authority_or_scope_escalation[stage_promotion]
tests/v4_parallel_scoped_consolidation_r3/test_consolidation.py::test_registry_rejects_authority_or_scope_escalation[data_promotion]
tests/v4_parallel_scoped_consolidation_r3/test_consolidation.py::test_registry_rejects_authority_or_scope_escalation[v4_12]
tests/v4_parallel_scoped_consolidation_r3/test_consolidation.py::test_registry_rejects_authority_or_scope_escalation[v4_11_head]
tests/v4_parallel_scoped_consolidation_r3/test_consolidation.py::test_registry_rejects_authority_or_scope_escalation[unscoped_a04]
tests/v4_parallel_scoped_consolidation_r3/test_consolidation.py::test_registry_rejects_authority_or_scope_escalation[a07_limitation_erased]
tests/v4_parallel_scoped_consolidation_r3/test_consolidation.py::test_registry_rejects_authority_or_scope_escalation[a03_future_blocker]
tests/v4_parallel_scoped_consolidation_r3/test_consolidation.py::test_registry_rejects_authority_or_scope_escalation[reader_current_fallback]
tests/v4_parallel_scoped_consolidation_r3/test_consolidation.py::test_authority_remains_inactive_with_exact_owner_and_reader_scope[active]
tests/v4_parallel_scoped_consolidation_r3/test_consolidation.py::test_authority_remains_inactive_with_exact_owner_and_reader_scope[runtime]
tests/v4_parallel_scoped_consolidation_r3/test_consolidation.py::test_authority_remains_inactive_with_exact_owner_and_reader_scope[owner_hash]
tests/v4_parallel_scoped_consolidation_r3/test_consolidation.py::test_authority_remains_inactive_with_exact_owner_and_reader_scope[global]
tests/v4_parallel_scoped_consolidation_r3/test_consolidation.py::test_authority_remains_inactive_with_exact_owner_and_reader_scope[reader_business]
tests/v4_parallel_scoped_consolidation_r3/test_consolidation.py::test_scoped_summary_cannot_masquerade_as_stage_or_business_authority[stage_kind]
tests/v4_parallel_scoped_consolidation_r3/test_consolidation.py::test_scoped_summary_cannot_masquerade_as_stage_or_business_authority[business]
tests/v4_parallel_scoped_consolidation_r3/test_consolidation.py::test_scoped_summary_cannot_masquerade_as_stage_or_business_authority[v4_11]
tests/v4_parallel_scoped_consolidation_r3/test_consolidation.py::test_scoped_summary_cannot_masquerade_as_stage_or_business_authority[head_promotion]
tests/v4_parallel_scoped_consolidation_r3/test_consolidation.py::test_scoped_summary_cannot_masquerade_as_stage_or_business_authority[permission]
tests/v4_parallel_scoped_consolidation_r3/test_consolidation.py::test_scoped_summary_cannot_masquerade_as_stage_or_business_authority[wrong_binding]
tests/v4_parallel_scoped_consolidation_r3/test_consolidation.py::test_real_independent_readback_preserves_permanent_capability_and_current_fail_closed_gate
tests/v4_parallel_scoped_consolidation_r3/test_protected_portability.py::test_exact_registered_git_bytes_are_metadata_only[0]
tests/v4_parallel_scoped_consolidation_r3/test_protected_portability.py::test_exact_registered_git_bytes_are_metadata_only[1]
tests/v4_parallel_scoped_consolidation_r3/test_protected_portability.py::test_real_content_drift_fails_protection
tests/v4_parallel_scoped_consolidation_r3/test_protected_portability.py::test_representation_map_cannot_be_reissued_by_caller
tests/v4_parallel_scoped_formalization_r1/test_clean_representations.py::test_actual_pinned_lf_clean_checkout_representation[0]
tests/v4_parallel_scoped_formalization_r1/test_clean_representations.py::test_actual_pinned_lf_clean_checkout_representation[1]
tests/v4_parallel_scoped_formalization_r1/test_clean_representations.py::test_no_unregistered_or_rewritten_representation[current_bytes-0]
tests/v4_parallel_scoped_formalization_r1/test_clean_representations.py::test_no_unregistered_or_rewritten_representation[current_bytes-1]
tests/v4_parallel_scoped_formalization_r1/test_clean_representations.py::test_no_unregistered_or_rewritten_representation[archive_bytes-0]
tests/v4_parallel_scoped_formalization_r1/test_clean_representations.py::test_no_unregistered_or_rewritten_representation[archive_bytes-1]
tests/v4_parallel_scoped_formalization_r1/test_clean_representations.py::test_no_unregistered_or_rewritten_representation[metadata_bytes-0]
tests/v4_parallel_scoped_formalization_r1/test_clean_representations.py::test_no_unregistered_or_rewritten_representation[metadata_bytes-1]
tests/v4_parallel_scoped_formalization_r1/test_clean_representations.py::test_no_unregistered_or_rewritten_representation[caller_hash-0]
tests/v4_parallel_scoped_formalization_r1/test_clean_representations.py::test_no_unregistered_or_rewritten_representation[caller_hash-1]
tests/v4_parallel_scoped_formalization_r1/test_clean_representations.py::test_no_unregistered_or_rewritten_representation[caller_size-0]
tests/v4_parallel_scoped_formalization_r1/test_clean_representations.py::test_no_unregistered_or_rewritten_representation[caller_size-1]
tests/v4_parallel_scoped_formalization_r1/test_clean_representations.py::test_no_unregistered_or_rewritten_representation[caller_path-0]
tests/v4_parallel_scoped_formalization_r1/test_clean_representations.py::test_no_unregistered_or_rewritten_representation[caller_path-1]
tests/v4_parallel_scoped_formalization_r1/test_clean_representations.py::test_no_unregistered_or_rewritten_representation[archive_removed-0]
tests/v4_parallel_scoped_formalization_r1/test_clean_representations.py::test_no_unregistered_or_rewritten_representation[archive_removed-1]
tests/v4_parallel_scoped_formalization_r1/test_clean_representations.py::test_other_modified_protected_file_has_no_fallback
tests/v4_parallel_scoped_formalization_r1/test_clean_representations.py::test_runtime_and_evidence_do_not_use_protected_representation_resolver
tests/v4_parallel_scoped_formalization_r1/test_clean_representations.py::test_real_validate_record_in_lf_checkout_and_strict_nonprotected_refs
tests/v4_parallel_scoped_formalization_r1/test_scoped_acceptance.py::test_generic_vector_repair_preserves_exact_original_source_and_scope
tests/v4_parallel_scoped_formalization_r1/test_scoped_acceptance.py::test_exact_external_scope_record[A03]
tests/v4_parallel_scoped_formalization_r1/test_scoped_acceptance.py::test_exact_external_scope_record[A06]
tests/v4_parallel_scoped_formalization_r1/test_scoped_acceptance.py::test_exact_external_scope_record[A07]
tests/v4_parallel_scoped_formalization_r1/test_scoped_acceptance.py::test_exact_external_scope_record[OWNER]
tests/v4_parallel_scoped_formalization_r1/test_scoped_acceptance.py::test_exact_external_scope_record[READER]
tests/v4_parallel_scoped_formalization_r1/test_scoped_acceptance.py::test_each_acceptance_fail_closed[task_authority-A03]
tests/v4_parallel_scoped_formalization_r1/test_scoped_acceptance.py::test_each_acceptance_fail_closed[task_authority-A06]
tests/v4_parallel_scoped_formalization_r1/test_scoped_acceptance.py::test_each_acceptance_fail_closed[task_authority-A07]
tests/v4_parallel_scoped_formalization_r1/test_scoped_acceptance.py::test_each_acceptance_fail_closed[task_authority-OWNER]
tests/v4_parallel_scoped_formalization_r1/test_scoped_acceptance.py::test_each_acceptance_fail_closed[task_authority-READER]
tests/v4_parallel_scoped_formalization_r1/test_scoped_acceptance.py::test_each_acceptance_fail_closed[audited_head-A03]
tests/v4_parallel_scoped_formalization_r1/test_scoped_acceptance.py::test_each_acceptance_fail_closed[audited_head-A06]
tests/v4_parallel_scoped_formalization_r1/test_scoped_acceptance.py::test_each_acceptance_fail_closed[audited_head-A07]
tests/v4_parallel_scoped_formalization_r1/test_scoped_acceptance.py::test_each_acceptance_fail_closed[audited_head-OWNER]
tests/v4_parallel_scoped_formalization_r1/test_scoped_acceptance.py::test_each_acceptance_fail_closed[audited_head-READER]
tests/v4_parallel_scoped_formalization_r1/test_scoped_acceptance.py::test_each_acceptance_fail_closed[permission-A03]
tests/v4_parallel_scoped_formalization_r1/test_scoped_acceptance.py::test_each_acceptance_fail_closed[permission-A06]
tests/v4_parallel_scoped_formalization_r1/test_scoped_acceptance.py::test_each_acceptance_fail_closed[permission-A07]
tests/v4_parallel_scoped_formalization_r1/test_scoped_acceptance.py::test_each_acceptance_fail_closed[permission-OWNER]
tests/v4_parallel_scoped_formalization_r1/test_scoped_acceptance.py::test_each_acceptance_fail_closed[permission-READER]
tests/v4_parallel_scoped_formalization_r1/test_scoped_acceptance.py::test_each_acceptance_fail_closed[disposition-A03]
tests/v4_parallel_scoped_formalization_r1/test_scoped_acceptance.py::test_each_acceptance_fail_closed[disposition-A06]
tests/v4_parallel_scoped_formalization_r1/test_scoped_acceptance.py::test_each_acceptance_fail_closed[disposition-A07]
tests/v4_parallel_scoped_formalization_r1/test_scoped_acceptance.py::test_each_acceptance_fail_closed[disposition-OWNER]
tests/v4_parallel_scoped_formalization_r1/test_scoped_acceptance.py::test_each_acceptance_fail_closed[disposition-READER]
tests/v4_parallel_scoped_formalization_r1/test_scoped_acceptance.py::test_each_acceptance_fail_closed[hash-A03]
tests/v4_parallel_scoped_formalization_r1/test_scoped_acceptance.py::test_each_acceptance_fail_closed[hash-A06]
tests/v4_parallel_scoped_formalization_r1/test_scoped_acceptance.py::test_each_acceptance_fail_closed[hash-A07]
tests/v4_parallel_scoped_formalization_r1/test_scoped_acceptance.py::test_each_acceptance_fail_closed[hash-OWNER]
tests/v4_parallel_scoped_formalization_r1/test_scoped_acceptance.py::test_each_acceptance_fail_closed[hash-READER]
tests/v4_parallel_scoped_formalization_r1/test_scoped_acceptance.py::test_each_acceptance_fail_closed[evidence_missing-A03]
tests/v4_parallel_scoped_formalization_r1/test_scoped_acceptance.py::test_each_acceptance_fail_closed[evidence_missing-A06]
tests/v4_parallel_scoped_formalization_r1/test_scoped_acceptance.py::test_each_acceptance_fail_closed[evidence_missing-A07]
tests/v4_parallel_scoped_formalization_r1/test_scoped_acceptance.py::test_each_acceptance_fail_closed[evidence_missing-OWNER]
tests/v4_parallel_scoped_formalization_r1/test_scoped_acceptance.py::test_each_acceptance_fail_closed[evidence_missing-READER]
tests/v4_parallel_scoped_formalization_r1/test_scoped_acceptance.py::test_each_acceptance_fail_closed[current_state-A03]
tests/v4_parallel_scoped_formalization_r1/test_scoped_acceptance.py::test_each_acceptance_fail_closed[current_state-A06]
tests/v4_parallel_scoped_formalization_r1/test_scoped_acceptance.py::test_each_acceptance_fail_closed[current_state-A07]
tests/v4_parallel_scoped_formalization_r1/test_scoped_acceptance.py::test_each_acceptance_fail_closed[current_state-OWNER]
tests/v4_parallel_scoped_formalization_r1/test_scoped_acceptance.py::test_each_acceptance_fail_closed[current_state-READER]
tests/v4_parallel_scoped_formalization_r1/test_scoped_acceptance.py::test_a03_real_immutable_append_and_no_natural_future_engineering_blocker
tests/v4_parallel_scoped_formalization_r1/test_scoped_acceptance.py::test_a06_accepted_fail_closed_no_threshold_tuning
tests/v4_parallel_scoped_formalization_r1/test_scoped_acceptance.py::test_a07_exact_capture_time_boundary_and_no_formal_adjusted_consumer
tests/v4_parallel_scoped_formalization_r1/test_scoped_acceptance.py::test_seven_owner_fields_exact_unchanged_inactive_metadata
tests/v4_parallel_scoped_formalization_r1/test_scoped_acceptance.py::test_accepted_owner_still_rejects_scope_and_activation_changes[limitation]
tests/v4_parallel_scoped_formalization_r1/test_scoped_acceptance.py::test_accepted_owner_still_rejects_scope_and_activation_changes[consumer]
tests/v4_parallel_scoped_formalization_r1/test_scoped_acceptance.py::test_accepted_owner_still_rejects_scope_and_activation_changes[scope]
tests/v4_parallel_scoped_formalization_r1/test_scoped_acceptance.py::test_accepted_owner_still_rejects_scope_and_activation_changes[active_root]
tests/v4_parallel_scoped_formalization_r1/test_scoped_acceptance.py::test_accepted_owner_still_rejects_scope_and_activation_changes[formal_cutover]
tests/v4_parallel_scoped_formalization_r1/test_scoped_acceptance.py::test_accepted_owner_still_rejects_scope_and_activation_changes[wrong_active_registry]
tests/v4_parallel_scoped_formalization_r1/test_scoped_acceptance.py::test_accepted_owner_still_rejects_scope_and_activation_changes[wrong_candidate_hash]
tests/v4_parallel_scoped_formalization_r1/test_scoped_acceptance.py::test_accepted_reader_v2_history_only_and_actual_three_thread_parity
tests/v4_parallel_scoped_formalization_r1/test_scoped_acceptance.py::test_accepted_reader_manifest_never_grants_business_reacceptance[v1_select]
tests/v4_parallel_scoped_formalization_r1/test_scoped_acceptance.py::test_accepted_reader_manifest_never_grants_business_reacceptance[business_scope]
tests/v4_parallel_scoped_formalization_r1/test_scoped_acceptance.py::test_accepted_reader_manifest_never_grants_business_reacceptance[production]
tests/v4_parallel_scoped_formalization_r1/test_scoped_acceptance.py::test_accepted_reader_manifest_never_grants_business_reacceptance[business_reacceptance]
tests/v4_parallel_scoped_formalization_r1/test_scoped_acceptance.py::test_accepted_reader_manifest_never_grants_business_reacceptance[runtime_hash]
tests/v4_phase0/test_adjustment_contract_vectors.py::test_cash_dividend_stock_split_rights_combo_and_control_vectors
tests/v4_phase0/test_adjustment_contract_vectors.py::test_future_ex_date_is_excluded_and_unknown_category_fails_closed
tests/v4_phase0/test_adjustment_contract_vectors.py::test_suspension_resume_recent_listing_anchor_and_forward_coordinates
tests/v4_phase0/test_algorithm_contracts.py::test_frozen_framework_and_full_parameter_registry_are_executable
tests/v4_phase0/test_algorithm_contracts.py::test_kleene_binary_truth[AND-TRUE-UNKNOWN-UNKNOWN]
tests/v4_phase0/test_algorithm_contracts.py::test_kleene_binary_truth[AND-FALSE-UNKNOWN-FALSE]
tests/v4_phase0/test_algorithm_contracts.py::test_kleene_binary_truth[OR-TRUE-UNKNOWN-TRUE]
tests/v4_phase0/test_algorithm_contracts.py::test_kleene_binary_truth[OR-FALSE-UNKNOWN-UNKNOWN]
tests/v4_phase0/test_algorithm_contracts.py::test_not_unknown_and_zero_denominator_remain_unknown
tests/v4_phase0/test_algorithm_contracts.py::test_parameter_required_fields_and_framework_status_enum_match
tests/v4_phase0/test_algorithm_contracts.py::test_unknown_and_retired_parameters_fail_closed
tests/v4_phase0/test_algorithm_contracts.py::test_candidate_parameter_and_numeric_literal_bypass_fail
tests/v4_phase0/test_algorithm_contracts.py::test_compare_operator_and_arity_are_fully_validated
tests/v4_phase0/test_algorithm_contracts.py::test_arithmetic_operator_and_arity_are_fully_validated
tests/v4_phase0/test_algorithm_contracts.py::test_enum_literal_identity_and_version_are_checked
tests/v4_phase0/test_algorithm_contracts.py::test_output_metadata_uses_framework_requiredness_schema
tests/v4_phase0/test_algorithm_contracts.py::test_full_contract_sections_and_malformed_sections_are_validated
tests/v4_phase0/test_algorithm_contracts.py::test_framework_schema_conflicts_are_rejected
tests/v4_phase0/test_algorithm_contracts.py::test_non_numeric_policy_values_are_deferred_to_separate_versioned_contract
tests/v4_phase0/test_algorithm_contracts.py::test_framework_cannot_claim_non_numeric_parameter_typing_is_complete
tests/v4_phase0/test_baostock_supplemental.py::test_turn_is_percent_points_and_fraction_conversion_is_explicit
tests/v4_phase0/test_baostock_supplemental.py::test_suspended_blank_volume_and_amount_remain_unknown_not_zero
tests/v4_phase0/test_baostock_supplemental.py::test_blank_volume_and_amount_for_trading_row_fail_closed
tests/v4_phase0/test_baostock_supplemental.py::test_normalized_receipt_digest_is_deterministic_and_contains_no_credentials
tests/v4_phase0/test_baostock_supplemental.py::test_strict_binding_requires_exact_identity_and_date_and_all_fingerprint_fields
tests/v4_phase0/test_baostock_supplemental.py::test_binding_stays_soft_without_independently_accepted_tolerance_and_status
tests/v4_phase0/test_baostock_supplemental.py::test_budget_counts_retries_and_stops_before_daily_hard_limit
tests/v4_phase0/test_baostock_supplemental.py::test_budget_rolls_over_using_the_current_shanghai_date
tests/v4_phase0/test_baostock_supplemental.py::test_bad_or_unreadable_ledger_fails_closed
tests/v4_phase0/test_baostock_supplemental.py::test_vip_client_refuses_to_start_without_vip_environment_secrets
tests/v4_phase0/test_baostock_supplemental.py::test_client_fake_sdk_routes_api_key_and_keeps_session_serial
tests/v4_phase0/test_baostock_supplemental.py::test_public_anonymous_mode_uses_no_credentials_or_api_key
tests/v4_phase0/test_baostock_supplemental.py::test_public_runtime_fails_closed_on_unverified_sdk_version
tests/v4_phase0/test_baostock_supplemental.py::test_package_metadata_is_pinned_and_secret_free
tests/v4_phase0/test_baostock_supplemental.py::test_history_worker_sorts_checkpoints_and_resumes_idempotently
tests/v4_phase0/test_baostock_supplemental.py::test_history_worker_rejects_checkpoint_for_different_query
tests/v4_phase0/test_canonical_source_selection.py::test_local_overlap_priority_and_package_gap_fill_keep_dual_provenance
tests/v4_phase0/test_canonical_source_selection.py::test_identical_market_rows_with_reserved_difference_are_audited_separately
tests/v4_phase0/test_canonical_source_selection.py::test_selection_manifest_digest_is_deterministic
tests/v4_phase0/test_phase0_final_gate.py::test_all_full_stages_without_limits_yield_full_pass
tests/v4_phase0/test_phase0_final_gate.py::test_independent_degraded_scope_yields_degraded_pass_and_authorizes_raw
tests/v4_phase0/test_phase0_final_gate.py::test_any_degraded_stage_cannot_aggregate_to_full_pass
tests/v4_phase0/test_phase0_final_gate.py::test_v4_01_required_blocked_scope_blocks_entry
tests/v4_phase0/test_phase0_final_gate.py::test_core_blocker_blocks_entry_but_scanner_remains_stage_scoped
tests/v4_phase0/test_phase0_final_gate.py::test_missing_or_invalid_stage_is_blocked
tests/v4_phase0/test_phase0_final_gate.py::test_full_labels_without_explicit_scope_acceptance_do_not_authorize_entry
tests/v4_phase0/test_phase0_final_gate.py::test_required_scope_cannot_be_satisfied_by_unrelated_stage[V4-00F-PUBLICATION_IDENTITY]
tests/v4_phase0/test_phase0_final_gate.py::test_required_scope_cannot_be_satisfied_by_unrelated_stage[V4-00F-LIFECYCLE_SCHEMA]
tests/v4_phase0/test_phase0_final_gate.py::test_required_scope_cannot_be_satisfied_by_unrelated_stage[V4-00F-A_STOCK_TDX_SOURCE]
tests/v4_phase0/test_phase0_final_gate.py::test_raw_bootstrap_is_derived_and_unowned_claim_does_not_authorize
tests/v4_phase0/test_phase0_final_gate.py::test_blocked_stage_never_counts_as_accepted_even_when_blocks_flag_is_false
tests/v4_phase0/test_phase0_final_gate.py::test_non_entry_blocked_capability_requires_degraded_stage
tests/v4_phase0/test_phase0_final_gate.py::test_cutover_and_benchmark_contract_does_not_promote_unset_thresholds
tests/v4_phase0/test_postgres_schema.py::test_fresh_v4_schema_has_revisionable_pit_and_publication_relations
tests/v4_phase0/test_postgres_schema.py::test_reset_leaves_no_legacy_heads_or_runtime_publications
tests/v4_phase0/test_postgres_schema.py::test_each_revision_has_unique_publication_id_and_same_day_parent_identity
tests/v4_phase0/test_postgres_schema.py::test_same_day_parent_must_match_namespace_and_trade_date
tests/v4_phase0/test_postgres_schema.py::test_revision_lineage_no_fork_and_core_revision_unique_per_date_namespace
tests/v4_phase0/test_postgres_schema.py::test_prior_session_publication_namespace_and_digest_are_validated
tests/v4_phase0/test_postgres_schema.py::test_prior_publication_must_be_accepted_and_equal_previous_session_head
tests/v4_phase0/test_postgres_schema.py::test_prior_state_head_must_belong_to_prior_publication
tests/v4_phase0/test_postgres_schema.py::test_prior_publication_must_be_accepted
tests/v4_phase0/test_postgres_schema.py::test_prior_publication_must_equal_previous_session_publication_head
tests/v4_phase0/test_postgres_schema.py::test_prior_session_logical_digest_must_match_state_head
tests/v4_phase0/test_postgres_schema.py::test_same_day_revision_cannot_change_prior_publication_id
tests/v4_phase0/test_postgres_schema.py::test_same_day_revision_cannot_change_prior_state_head
tests/v4_phase0/test_postgres_schema.py::test_same_day_revision_cannot_change_prior_logical_digest
tests/v4_phase0/test_postgres_schema.py::test_same_day_revision_cannot_switch_prior_publication_to_gap
tests/v4_phase0/test_postgres_schema.py::test_same_day_revision_cannot_change_frozen_prior_identity
tests/v4_phase0/test_postgres_schema.py::test_gap_rejected_when_previous_session_accepted_head_exists_and_head_is_frozen
tests/v4_phase0/test_postgres_schema.py::test_gap_is_allowed_when_previous_session_has_no_accepted_head
tests/v4_phase0/test_postgres_schema.py::test_new_earlier_calendar_session_cannot_invalidate_initial_boundary
tests/v4_phase0/test_postgres_schema.py::test_lifecycle_machine_contract_matches_schema
tests/v4_phase0/test_postgres_schema.py::test_r5_security_lifecycle_history_contract_matches_formal_schema
tests/v4_phase0/test_postgres_schema.py::test_r6_2_provider_facts_and_normalized_intervals_are_separate_append_only_contracts
tests/v4_phase0/test_postgres_schema.py::test_lifecycle_history_late_correction_is_append_only_and_cutoff_selectable
tests/v4_phase0/test_postgres_schema.py::test_membership_machine_contract_matches_schema
tests/v4_phase0/test_postgres_schema.py::test_lifecycle_fact_revision_and_knowledge_timestamps_match_source_revision
tests/v4_phase0/test_postgres_schema.py::test_pit_fact_revision_chain_and_late_correction_are_append_only
tests/v4_phase0/test_postgres_schema.py::test_current_universe_member_is_not_historical_membership_proof
tests/v4_phase0/test_postgres_schema.py::test_source_revision_fork_is_rejected
tests/v4_phase0/test_postgres_schema.py::test_failed_schema_migration_rolls_back_all_ddl
tests/v4_phase0/test_security_entity_identity.py::test_source_symbol_is_not_security_id_and_identity_is_deterministic
tests/v4_phase0/test_security_entity_identity.py::test_same_symbol_reused_on_new_listing_lifecycle_gets_new_identity
tests/v4_phase0/test_security_entity_identity.py::test_official_bse_old_new_aliases_share_one_entity_identity
tests/v4_phase0/test_security_entity_identity.py::test_missing_listing_date_fails_closed
tests/v4_phase0/test_source_bundle_identity.py::test_source_bundle_id_is_recomputed_from_canonical_unsigned_payload
tests/v4_phase0/test_source_bundle_identity.py::test_source_bundle_id_expected_path_binding_is_enforced
tests/v4_phase0/test_source_overlap_classifier.py::test_asset_types_and_non_a_stock_differences_do_not_block_core
tests/v4_phase0/test_source_overlap_classifier.py::test_identity_mismatch_or_unexplained_a_stock_difference_blocks_core
tests/v4_phase0/test_source_overlap_classifier.py::test_overlap_comparator_requires_field_specific_explanation
tests/v4_phase0/test_tdx_local_snapshot.py::test_local_tdx_snapshot_is_content_addressed_outside_input_and_repeatable
tests/v4_phase0/test_tdx_local_snapshot.py::test_snapshot_fails_if_existing_content_addressed_copy_was_mutated
tests/v4_phase0/test_tdx_local_snapshot.py::test_symlink_input_is_rejected
tests/v4_phase0/test_tdx_snapshot.py::test_zip_and_extracted_snapshot_are_matched_by_every_member_hash
tests/v4_phase0/test_tdx_snapshot.py::test_mutated_snapshot_fails_closed[extract]
tests/v4_phase0/test_tdx_snapshot.py::test_mutated_snapshot_fails_closed[inventory]
tests/v4_phase0/test_tdx_snapshot.py::test_mutated_snapshot_fails_closed[digest]
tests/v4_phase0/test_tdx_snapshot.py::test_archive_inventory_name_mismatch_fails_closed
tests/v4_phase0/test_tdx_snapshot.py::test_unsafe_zip_member_path_is_rejected_before_resolution
tests/v4_phase0/test_tdx_snapshot.py::test_windows_and_posix_path_escape_members_are_rejected[C:/outside.day]
tests/v4_phase0/test_tdx_snapshot.py::test_windows_and_posix_path_escape_members_are_rejected[SH/../escape.day]
tests/v4_phase0/test_tdx_snapshot.py::test_windows_and_posix_path_escape_members_are_rejected[/rooted.day]
tests/v4_phase0/test_tdx_snapshot.py::test_zip_symlink_member_is_rejected
tests/v4_phase0/test_tdx_snapshot.py::test_extracted_symlink_is_rejected
tests/v4_phase0/test_v4_01_lineage_policy.py::test_v4_01_lineage_policy_never_fabricates_pre_v4_as_recorded_history
tests/v4_phase0/test_v4_01_required_scope_r6.py::test_roster_exact_page_multiple_requires_revalidation
tests/v4_phase0/test_v4_01_required_scope_r6.py::test_roster_large_day_over_day_drop_requires_revalidation
tests/v4_phase0/test_v4_01_required_scope_r6.py::test_roster_lifecycle_scale_gap_requires_revalidation
tests/v4_phase0/test_v4_01_required_scope_r6.py::test_fresh_session_repeat_digest_must_match
tests/v4_phase0/test_v4_01_required_scope_r6.py::test_roster_traded_required_scope_subset_must_be_present
tests/v4_phase0/test_v4_01_required_scope_r6.py::test_bse_degraded_does_not_block_required_scope
tests/v4_phase0/test_v4_01_required_scope_r6.py::test_required_scope_identity_uses_type_exchange_and_board
tests/v4_phase0/test_v4_01_required_scope_r6.py::test_main_board_unresolved_blocks
tests/v4_phase0/test_v4_01_required_scope_r6.py::test_sz_main_unresolved_blocks
tests/v4_phase0/test_v4_01_required_scope_r6.py::test_chinext_unresolved_blocks
tests/v4_phase0/test_v4_01_required_scope_r6.py::test_star_unresolved_blocks
tests/v4_phase0/test_v4_01_required_scope_r6.py::test_noncore_unresolved_does_not_block_required_a_scope
tests/v4_phase0/test_v4_01_required_scope_r6.py::test_unknown_all_stock_security_not_auto_promoted_to_a_stock
tests/v4_phase0/test_v4_01_required_scope_r6.py::test_required_universe_uses_accepted_a_stock_identity
tests/v4_phase0/test_v4_01_required_scope_r6.py::test_normalized_membership_effective_to_is_inclusive
tests/v4_phase0/test_v4_01_required_scope_r6.py::test_provider_outdate_not_assumed_inclusive
tests/v4_phase0/test_v4_01_required_scope_r6.py::test_outdate_present_in_roster_resolves_inclusive
tests/v4_phase0/test_v4_01_required_scope_r6.py::test_outdate_absent_in_roster_resolves_to_prior_membership_day
tests/v4_phase0/test_v4_01_required_scope_r6.py::test_mixed_outdate_semantics_supported_per_security
tests/v4_phase0/test_v4_01_required_scope_r6.py::test_outdate_absence_with_later_roster_reappearance_is_unresolved
tests/v4_phase0/test_v4_01_required_scope_r6.py::test_bse_rows_isolated_from_required_universe_digest
tests/v4_phase0/test_v4_01_required_scope_r6.py::test_roster_incomplete_day_blocks_final_gate
tests/v4_phase0/test_v4_01_required_scope_r6.py::test_scope_split_keeps_unknown_out_of_required_universe
tests/v4_phase0/test_v4_01_required_scope_r6.py::test_required_scope_digest_excludes_bse_rows
tests/v4_phase0/test_v4_01_required_scope_r6.py::test_lifecycle_expected_set_rejects_missing_required_code
tests/v4_phase0/test_v4_01_required_scope_r6.py::test_all_day_required_lifecycle_coverage_zero
tests/v4_phase0/test_v4_01_required_scope_r6.py::test_non_trigger_partial_roster_is_detected_by_all_day_coverage
tests/v4_phase0/test_v4_01_required_scope_r6.py::test_final_gate_requires_all_day_required_roster_coverage
tests/v4_publication_reader_di_r1/test_explicit_views.py::test_exact_outputs_and_two_history_plus_current_concurrency
tests/v4_publication_reader_di_r1/test_explicit_views.py::test_wrong_candidate_hash_behavior_exact
tests/v4_publication_reader_di_r1/test_explicit_views.py::test_exact_view_cannot_arbitrarily_remap_or_wrong_sha
tests/v4_publication_reader_di_r1/test_explicit_views.py::test_candidate_cannot_masquerade_as_accepted_archive
tests/v4_registry_r3/test_formalization.py::test_external_dispositions_and_protected_bytes
tests/v4_registry_r3/test_formalization.py::test_accepted_sidecar_scopes_and_identity_equivalence
tests/v4_registry_r3/test_formalization.py::test_accepted_historical_prewatch_replay_is_exact
tests/v4_registry_r4/test_entry.py::test_r4_exact_dispositions_and_empty_owners
tests/v4_registry_r4/test_entry.py::test_independent_acceptance_exact_evidence
tests/v4_scoped_promotions_r3/test_scoped_readers.py::test_approved_git_lf_is_protection_only_and_business_bound_stays_strict[0]
tests/v4_scoped_promotions_r3/test_scoped_readers.py::test_approved_git_lf_is_protection_only_and_business_bound_stays_strict[1]
tests/v4_scoped_promotions_r3/test_scoped_readers.py::test_even_semantically_equivalent_head_whitespace_drift_is_rejected
tests/v4_scoped_promotions_r3/test_scoped_readers.py::test_rehashed_drift_cannot_expand_approved_representation
tests/v4_scoped_promotions_r3/test_scoped_readers.py::test_unapproved_original_binding_has_no_normalization_fallback
tests/v4_scoped_promotions_r3/test_scoped_readers.py::test_missing_scoped_pointer_has_no_silent_fallback[V4_05]
tests/v4_scoped_promotions_r3/test_scoped_readers.py::test_missing_scoped_pointer_has_no_silent_fallback[V4_07]
tests/v4_scoped_promotions_r3/test_scoped_readers.py::test_missing_scoped_pointer_has_no_silent_fallback[V4_09]
tests/v4_scoped_promotions_r3/test_scoped_readers.py::test_missing_scoped_pointer_has_no_silent_fallback[A05]
tests/v4_scoped_promotions_r3/test_scoped_readers.py::test_missing_scoped_pointer_has_no_silent_fallback[A04]
tests/v4_scoped_promotions_r3/test_scoped_readers.py::test_a02_requires_explicit_history_choice[AUTO]
tests/v4_scoped_promotions_r3/test_scoped_readers.py::test_a02_requires_explicit_history_choice[]
tests/v4_scoped_promotions_r3/test_scoped_readers.py::test_a02_requires_explicit_history_choice[PIT_AS_RECORDED]
tests/v4_scoped_promotions_r3/test_scoped_readers.py::test_a02_cannot_expand_reconstructed_lineage[V4_05]
tests/v4_scoped_promotions_r3/test_scoped_readers.py::test_a02_cannot_expand_reconstructed_lineage[V4_07]
tests/v4_scoped_promotions_r3/test_scoped_readers.py::test_a02_cannot_expand_reconstructed_lineage[V4_09]
tests/v4_scoped_promotions_r3/test_scoped_readers.py::test_a05_rejects_every_other_target[2026-09-30]
tests/v4_scoped_promotions_r3/test_scoped_readers.py::test_a05_rejects_every_other_target[2026-09-23]
tests/v4_scoped_promotions_r3/test_scoped_readers.py::test_a05_rejects_every_other_target[2026-10-02]
tests/v4_scoped_promotions_r3/test_scoped_readers.py::test_a05_amount_a_warm_branch_stays_closed
tests/v4_scoped_promotions_r3/test_scoped_readers.py::test_a04_engineering_acceptance_never_opens_consumer[formal_consumer_enabled-True]
tests/v4_scoped_promotions_r3/test_scoped_readers.py::test_a04_engineering_acceptance_never_opens_consumer[historical_reconstruction_accepted-True]
tests/v4_scoped_promotions_r3/test_scoped_readers.py::test_a04_engineering_acceptance_never_opens_consumer[H21_warmup_required-False]
tests/v4_scoped_promotions_r3/test_scoped_readers.py::test_a04_engineering_acceptance_never_opens_consumer[stock_amr20_dependency-True]
tests/v4_scoped_promotions_r3/test_scoped_readers.py::test_scoped_reader_rejects_rehashed_unaudited_candidate
tests/v4_scoped_promotions_r3/test_scoped_readers.py::test_scoped_acceptance_cannot_escalate_permissions[production]
tests/v4_scoped_promotions_r3/test_scoped_readers.py::test_scoped_acceptance_cannot_escalate_permissions[shadow]
tests/v4_scoped_promotions_r3/test_scoped_readers.py::test_scoped_acceptance_cannot_escalate_permissions[focus]
tests/v4_scoped_promotions_r3/test_scoped_readers.py::test_scoped_acceptance_cannot_escalate_permissions[global_mandatory_adoption]
tests/v4_scoped_promotions_r3/test_scoped_readers.py::test_publication_is_idempotent_and_conflicting_revision_is_append_only
tests/v4_scoped_promotions_r3/test_scoped_readers.py::test_rollback_removes_only_exact_allowlisted_pointer
tests/v4_scoped_promotions_r3/test_scoped_readers.py::test_main_stage_head_and_v4_11_are_never_publishable

4773 tests collected in 3.01s
